ISO-10303-21;
HEADER;
FILE_DESCRIPTION (( 'STEP AP214' ),
    '1' );
FILE_NAME ('Back Case.STEP',
    '2025-02-16T12:37:18',
    ( '' ),
    ( '' ),
    'SwSTEP 2.0',
    'SolidWorks 2025',
    '' );
FILE_SCHEMA (( 'AUTOMOTIVE_DESIGN' ));
ENDSEC;

DATA;
#1 = TOROIDAL_SURFACE ( 'NONE', #1290, 1.900000000000001021, 0.5000000000000000000 ) ;
#2 = AXIS2_PLACEMENT_3D ( 'NONE', #1790, #989, #1646 ) ;
#3 = DIRECTION ( 'NONE',  ( -0.000000000000000000, 0.000000000000000000, -1.000000000000000000 ) ) ;
#4 = DIRECTION ( 'NONE',  ( 1.000000000000000000, 0.000000000000000000, 0.000000000000000000 ) ) ;
#5 = CARTESIAN_POINT ( 'NONE',  ( -2.969313137048012585, -11.68047140392108041, 1.000000000000000000 ) ) ;
#6 = DIRECTION ( 'NONE',  ( 0.000000000000000000, -1.000000000000000000, 0.000000000000000000 ) ) ;
#7 = EDGE_LOOP ( 'NONE', ( #1268, #2041, #380, #1820 ) ) ;
#8 = ORIENTED_EDGE ( 'NONE', *, *, #800, .F. ) ;
#9 = DIRECTION ( 'NONE',  ( -1.000000000000000000, -1.005636797667714040E-16, 0.000000000000000000 ) ) ;
#10 = DIRECTION ( 'NONE',  ( 1.000000000000000000, -0.000000000000000000, -0.000000000000000000 ) ) ;
#11 = CIRCLE ( 'NONE', #1504, 0.5000000000000004441 ) ;
#12 = ADVANCED_FACE ( 'NONE', ( #914 ), #1743, .F. ) ;
#13 = DIRECTION ( 'NONE',  ( 8.783410004945858675E-17, -1.000000000000000000, 0.000000000000000000 ) ) ;
#14 = CARTESIAN_POINT ( 'NONE',  ( 19.24999999999999645, -19.75000000000000000, 1.000000000000000000 ) ) ;
#15 = DIRECTION ( 'NONE',  ( 0.000000000000000000, 1.000000000000000000, 0.000000000000000000 ) ) ;
#16 = VERTEX_POINT ( 'NONE', #542 ) ;
#17 = VERTEX_POINT ( 'NONE', #69 ) ;
#18 = CARTESIAN_POINT ( 'NONE',  ( 16.74999999999999645, -16.75000000000000000, 1.500000000000000000 ) ) ;
#19 = CARTESIAN_POINT ( 'NONE',  ( 14.13460834179751480, 14.01980590141022631, 1.000000000000000000 ) ) ;
#20 = DIRECTION ( 'NONE',  ( 1.000000000000000000, 0.000000000000000000, 0.000000000000000000 ) ) ;
#21 = EDGE_LOOP ( 'NONE', ( #1679, #1553, #1997, #1477 ) ) ;
#22 = ORIENTED_EDGE ( 'NONE', *, *, #138, .T. ) ;
#23 = DIRECTION ( 'NONE',  ( 1.000000000000000000, 0.000000000000000000, 0.000000000000000000 ) ) ;
#24 = EDGE_CURVE ( 'NONE', #774, #183, #1702, .T. ) ;
#25 = TOROIDAL_SURFACE ( 'NONE', #1396, 1.900000000000001021, 0.5000000000000000000 ) ;
#26 = ADVANCED_FACE ( 'NONE', ( #2030 ), #1681, .T. ) ;
#27 = DIRECTION ( 'NONE',  ( 1.000000000000000000, 0.000000000000000000, -0.000000000000000000 ) ) ;
#28 = DIRECTION ( 'NONE',  ( -0.000000000000000000, -1.000000000000000000, 0.000000000000000000 ) ) ;
#29 = APPLICATION_PROTOCOL_DEFINITION ( 'draft international standard', 'automotive_design', 1998, #1264 ) ;
#30 = DIRECTION ( 'NONE',  ( -0.000000000000000000, 0.000000000000000000, 1.000000000000000000 ) ) ;
#31 = EDGE_CURVE ( 'NONE', #1574, #1067, #702, .T. ) ;
#32 = DIRECTION ( 'NONE',  ( -1.000000000000000000, 0.000000000000000000, 0.000000000000000000 ) ) ;
#33 = AXIS2_PLACEMENT_3D ( 'NONE', #160, #649, #1645 ) ;
#34 = EDGE_LOOP ( 'NONE', ( #111, #584, #615, #228 ) ) ;
#35 = CARTESIAN_POINT ( 'NONE',  ( 0.000000000000000000, 19.25000000000000000, 1.500000000000000000 ) ) ;
#36 = ORIENTED_EDGE ( 'NONE', *, *, #533, .T. ) ;
#37 = CARTESIAN_POINT ( 'NONE',  ( 19.25000000000000000, -19.25000000000000000, 1.500000000000000000 ) ) ;
#38 = CARTESIAN_POINT ( 'NONE',  ( -13.86539165820277653, -13.98019409858977546, 0.5000000000000000000 ) ) ;
#39 = AXIS2_PLACEMENT_3D ( 'NONE', #1099, #1758, #113 ) ;
#40 = EDGE_CURVE ( 'NONE', #985, #1971, #1378, .T. ) ;
#41 = CARTESIAN_POINT ( 'NONE',  ( -19.25000000000000000, 19.75000000000000000, 0.5000000000000000000 ) ) ;
#42 = EDGE_CURVE ( 'NONE', #2067, #1100, #148, .T. ) ;
#43 = AXIS2_PLACEMENT_3D ( 'NONE', #1865, #1549, #105 ) ;
#44 = DIRECTION ( 'NONE',  ( 1.000000000000000000, 0.000000000000000000, 0.000000000000000000 ) ) ;
#45 = AXIS2_PLACEMENT_3D ( 'NONE', #1297, #1936, #1946 ) ;
#46 = ORIENTED_EDGE ( 'NONE', *, *, #1795, .F. ) ;
#47 = DIRECTION ( 'NONE',  ( -1.000000000000000000, 0.000000000000000000, 0.000000000000000000 ) ) ;
#48 = VERTEX_POINT ( 'NONE', #381 ) ;
#49 = EDGE_CURVE ( 'NONE', #2057, #1436, #1133, .T. ) ;
#50 = AXIS2_PLACEMENT_3D ( 'NONE', #1546, #1385, #1709 ) ;
#51 = FACE_OUTER_BOUND ( 'NONE', #1068, .T. ) ;
#52 = CARTESIAN_POINT ( 'NONE',  ( -16.74999999999999645, -17.75000000000000355, 1.500000000000000000 ) ) ;
#53 = CARTESIAN_POINT ( 'NONE',  ( 0.000000000000000000, 19.25000000000000000, 0.000000000000000000 ) ) ;
#54 = CYLINDRICAL_SURFACE ( 'NONE', #806, 0.5000000000000000000 ) ;
#55 = EDGE_CURVE ( 'NONE', #1244, #433, #1243, .T. ) ;
#56 = VERTEX_POINT ( 'NONE', #749 ) ;
#57 = CARTESIAN_POINT ( 'NONE',  ( 14.13460834179722347, -13.98019409858977546, 1.000000000000000000 ) ) ;
#58 = EDGE_LOOP ( 'NONE', ( #636, #927, #1742, #901 ) ) ;
#59 = ORIENTED_EDGE ( 'NONE', *, *, #1863, .F. ) ;
#60 = AXIS2_PLACEMENT_3D ( 'NONE', #1226, #2049, #780 ) ;
#61 = DIRECTION ( 'NONE',  ( 0.000000000000000000, 0.000000000000000000, 1.000000000000000000 ) ) ;
#62 = FACE_OUTER_BOUND ( 'NONE', #253, .T. ) ;
#63 = DIRECTION ( 'NONE',  ( 0.000000000000000000, -1.000000000000000000, 0.000000000000000000 ) ) ;
#64 = ORIENTED_EDGE ( 'NONE', *, *, #1315, .T. ) ;
#65 = AXIS2_PLACEMENT_3D ( 'NONE', #1010, #1661, #201 ) ;
#66 = EDGE_CURVE ( 'NONE', #1907, #48, #1726, .T. ) ;
#67 = DIRECTION ( 'NONE',  ( 1.000000000000000000, 0.000000000000000000, 0.000000000000000000 ) ) ;
#68 = ORIENTED_EDGE ( 'NONE', *, *, #1786, .T. ) ;
#69 = CARTESIAN_POINT ( 'NONE',  ( -10.76101507387955358, -11.18047140392108041, 0.5000000000000000000 ) ) ;
#70 = ORIENTED_EDGE ( 'NONE', *, *, #2093, .T. ) ;
#71 = CARTESIAN_POINT ( 'NONE',  ( -10.76101507387955358, -15.54518584311808560, 0.5000000000000000000 ) ) ;
#72 = FACE_OUTER_BOUND ( 'NONE', #1883, .T. ) ;
#73 = DIRECTION ( 'NONE',  ( -1.000000000000000000, 0.000000000000000000, 0.000000000000000000 ) ) ;
#74 = AXIS2_PLACEMENT_3D ( 'NONE', #1603, #1780, #1596 ) ;
#75 = FACE_OUTER_BOUND ( 'NONE', #897, .T. ) ;
#76 = EDGE_LOOP ( 'NONE', ( #1036, #407, #452, #2056 ) ) ;
#77 = ORIENTED_EDGE ( 'NONE', *, *, #635, .F. ) ;
#78 = ORIENTED_EDGE ( 'NONE', *, *, #1752, .T. ) ;
#79 = ORIENTED_EDGE ( 'NONE', *, *, #1384, .T. ) ;
#80 = VERTEX_POINT ( 'NONE', #912 ) ;
#81 = LINE ( 'NONE', #1735, #1822 ) ;
#82 = STYLED_ITEM ( 'NONE', ( #2101 ), #662 ) ;
#83 = DIRECTION ( 'NONE',  ( 6.938893903907222067E-15, 1.000000000000000000, 0.000000000000000000 ) ) ;
#84 = CARTESIAN_POINT ( 'NONE',  ( -2.969313137048013473, -15.54518584311808560, 0.5000000000000000000 ) ) ;
#85 = TOROIDAL_SURFACE ( 'NONE', #1072, 1.000000000000000000, 0.5000000000000000000 ) ;
#86 = AXIS2_PLACEMENT_3D ( 'NONE', #1803, #660, #1313 ) ;
#87 = FACE_OUTER_BOUND ( 'NONE', #1314, .T. ) ;
#88 = AXIS2_PLACEMENT_3D ( 'NONE', #1442, #1146, #1270 ) ;
#89 = CARTESIAN_POINT ( 'NONE',  ( -2.969313137048013473, -16.54518584311808738, 1.000000000000000000 ) ) ;
#90 = CYLINDRICAL_SURFACE ( 'NONE', #1117, 0.5000000000000000000 ) ;
#91 = ORIENTED_EDGE ( 'NONE', *, *, #1303, .T. ) ;
#92 = TOROIDAL_SURFACE ( 'NONE', #1658, 1.000000000000000000, 0.5000000000000000000 ) ;
#93 = ORIENTED_EDGE ( 'NONE', *, *, #429, .F. ) ;
#94 = ORIENTED_EDGE ( 'NONE', *, *, #123, .F. ) ;
#95 = ORIENTED_EDGE ( 'NONE', *, *, #1510, .T. ) ;
#96 = SPHERICAL_SURFACE ( 'NONE', #423, 0.5000000000000000000 ) ;
#97 = EDGE_CURVE ( 'NONE', #511, #17, #1719, .T. ) ;
#98 = CARTESIAN_POINT ( 'NONE',  ( 19.75000000000000000, -19.75000000000000000, 1.500000000000000000 ) ) ;
#99 = AXIS2_PLACEMENT_3D ( 'NONE', #618, #1414, #286 ) ;
#100 = FACE_OUTER_BOUND ( 'NONE', #794, .T. ) ;
#101 = ADVANCED_FACE ( 'NONE', ( #75 ), #265, .T. ) ;
#102 = ORIENTED_EDGE ( 'NONE', *, *, #965, .T. ) ;
#103 = DIRECTION ( 'NONE',  ( -8.783410004945858675E-17, 1.000000000000000000, 0.000000000000000000 ) ) ;
#104 = CARTESIAN_POINT ( 'NONE',  ( -19.25000000000000000, 19.25000000000000000, 0.000000000000000000 ) ) ;
#105 = DIRECTION ( 'NONE',  ( 0.000000000000000000, 0.000000000000000000, -1.000000000000000000 ) ) ;
#106 = VECTOR ( 'NONE', #498, 1000.000000000000000 ) ;
#107 = ORIENTED_EDGE ( 'NONE', *, *, #399, .T. ) ;
#108 = ADVANCED_FACE ( 'NONE', ( #1533 ), #1751, .F. ) ;
#109 = DIRECTION ( 'NONE',  ( 1.000000000000000000, 0.000000000000000000, 0.000000000000000000 ) ) ;
#110 = ORIENTED_EDGE ( 'NONE', *, *, #533, .F. ) ;
#111 = ORIENTED_EDGE ( 'NONE', *, *, #303, .F. ) ;
#112 = DIRECTION ( 'NONE',  ( 0.000000000000000000, 0.000000000000000000, -1.000000000000000000 ) ) ;
#113 = DIRECTION ( 'NONE',  ( 1.000000000000000000, 0.000000000000000000, 0.000000000000000000 ) ) ;
#114 = DIRECTION ( 'NONE',  ( -0.000000000000000000, 0.000000000000000000, 1.000000000000000000 ) ) ;
#115 = CARTESIAN_POINT ( 'NONE',  ( -11.96539165820277617, -13.98019409858977546, 0.5000000000000000000 ) ) ;
#116 = FACE_OUTER_BOUND ( 'NONE', #400, .T. ) ;
#117 = VERTEX_POINT ( 'NONE', #2064 ) ;
#118 = ORIENTED_EDGE ( 'NONE', *, *, #625, .F. ) ;
#119 = VERTEX_POINT ( 'NONE', #245 ) ;
#120 = ORIENTED_EDGE ( 'NONE', *, *, #42, .T. ) ;
#121 = DIRECTION ( 'NONE',  ( -0.000000000000000000, -1.000000000000000000, -0.000000000000000000 ) ) ;
#122 = CARTESIAN_POINT ( 'NONE',  ( 19.25000000000000000, 19.25000000000000000, 1.500000000000000000 ) ) ;
#123 = EDGE_CURVE ( 'NONE', #985, #1100, #1884, .T. ) ;
#124 = ORIENTED_EDGE ( 'NONE', *, *, #1727, .T. ) ;
#125 = DIRECTION ( 'NONE',  ( 1.000000000000000000, 0.000000000000000000, 0.000000000000000000 ) ) ;
#126 = DIRECTION ( 'NONE',  ( 1.000000000000000000, 0.000000000000000000, 0.000000000000000000 ) ) ;
#127 = DIRECTION ( 'NONE',  ( -1.000000000000000000, 0.000000000000000000, 0.000000000000000000 ) ) ;
#128 = ADVANCED_FACE ( 'NONE', ( #718 ), #736, .T. ) ;
#129 = ORIENTED_EDGE ( 'NONE', *, *, #1020, .F. ) ;
#130 = ORIENTED_EDGE ( 'NONE', *, *, #1837, .T. ) ;
#131 = FACE_OUTER_BOUND ( 'NONE', #164, .T. ) ;
#132 = FACE_OUTER_BOUND ( 'NONE', #886, .T. ) ;
#133 = CARTESIAN_POINT ( 'NONE',  ( 19.75000000000000000, 19.75000000000000000, 1.500000000000000000 ) ) ;
#134 = DIRECTION ( 'NONE',  ( 0.000000000000000000, 0.000000000000000000, -1.000000000000000000 ) ) ;
#135 = CARTESIAN_POINT ( 'NONE',  ( -19.24999999999999645, -19.25000000000000000, 1.500000000000000000 ) ) ;
#136 = VERTEX_POINT ( 'NONE', #89 ) ;
#137 = AXIS2_PLACEMENT_3D ( 'NONE', #1771, #601, #1092 ) ;
#138 = EDGE_CURVE ( 'NONE', #1244, #246, #797, .T. ) ;
#139 = CARTESIAN_POINT ( 'NONE',  ( 19.75000000000000000, 19.75000000000000000, 1.000000000000000000 ) ) ;
#140 = VECTOR ( 'NONE', #995, 1000.000000000000000 ) ;
#141 = DIRECTION ( 'NONE',  ( -0.000000000000000000, -1.000000000000000000, -0.000000000000000000 ) ) ;
#142 = UNCERTAINTY_MEASURE_WITH_UNIT (LENGTH_MEASURE( 1.000000000000000082E-05 ), #1466, 'distance_accuracy_value', 'NONE');
#143 = CARTESIAN_POINT ( 'NONE',  ( -2.469313137048012585, -10.68047140392107863, 1.000000000000000000 ) ) ;
#144 = DIRECTION ( 'NONE',  ( 1.000000000000000000, 0.000000000000000000, 0.000000000000000000 ) ) ;
#145 = EDGE_CURVE ( 'NONE', #1643, #530, #417, .T. ) ;
#146 = ORIENTED_EDGE ( 'NONE', *, *, #145, .F. ) ;
#147 = LINE ( 'NONE', #786, #694 ) ;
#148 = CIRCLE ( 'NONE', #485, 0.5000000000000004441 ) ;
#149 = CARTESIAN_POINT ( 'NONE',  ( 19.25000000000000000, -19.25000000000000000, 0.000000000000000000 ) ) ;
#150 = AXIS2_PLACEMENT_3D ( 'NONE', #924, #1054, #1582 ) ;
#151 = DIRECTION ( 'NONE',  ( 1.000000000000000000, 0.000000000000000000, 0.000000000000000000 ) ) ;
#152 = CARTESIAN_POINT ( 'NONE',  ( -10.76101507387955358, -15.54518584311808560, 0.000000000000000000 ) ) ;
#153 = EDGE_LOOP ( 'NONE', ( #680, #1929, #654, #1055 ) ) ;
#154 = AXIS2_PLACEMENT_3D ( 'NONE', #766, #891, #1422 ) ;
#155 = CIRCLE ( 'NONE', #1625, 0.5000000000000004441 ) ;
#156 = CARTESIAN_POINT ( 'NONE',  ( 16.74999999999999645, -17.25000000000000000, 1.500000000000000000 ) ) ;
#157 = AXIS2_PLACEMENT_3D ( 'NONE', #1831, #1017, #1506 ) ;
#158 = FACE_OUTER_BOUND ( 'NONE', #822, .T. ) ;
#159 = ADVANCED_FACE ( 'NONE', ( #1373 ), #578, .F. ) ;
#160 = CARTESIAN_POINT ( 'NONE',  ( -19.24999999999999645, -19.25000000000000000, 0.5000000000000000000 ) ) ;
#161 = LINE ( 'NONE', #1140, #781 ) ;
#162 = ADVANCED_FACE ( 'NONE', ( #1711, #2051, #773, #1739, #602, #278 ), #2026, .T. ) ;
#163 = DIRECTION ( 'NONE',  ( 1.000000000000000000, 0.000000000000000000, 0.000000000000000000 ) ) ;
#164 = EDGE_LOOP ( 'NONE', ( #107, #1205, #234, #1016 ) ) ;
#165 = AXIS2_PLACEMENT_3D ( 'NONE', #1855, #528, #883 ) ;
#166 = EDGE_LOOP ( 'NONE', ( #581, #1118, #1557, #754 ) ) ;
#167 = LINE ( 'NONE', #817, #2102 ) ;
#168 = EDGE_CURVE ( 'NONE', #1714, #1298, #319, .T. ) ;
#169 = AXIS2_PLACEMENT_3D ( 'NONE', #640, #479, #1130 ) ;
#170 = DIRECTION ( 'NONE',  ( -0.000000000000000000, 1.000000000000000000, 0.000000000000000000 ) ) ;
#171 = AXIS2_PLACEMENT_3D ( 'NONE', #1129, #639, #497 ) ;
#172 = DIRECTION ( 'NONE',  ( 1.000000000000000000, 0.000000000000000000, 0.000000000000000000 ) ) ;
#173 = DIRECTION ( 'NONE',  ( 1.000000000000000000, 0.000000000000000000, 0.000000000000000000 ) ) ;
#174 = PRODUCT_CONTEXT ( 'NONE', #978, 'mechanical' ) ;
#175 = EDGE_LOOP ( 'NONE', ( #270, #1671, #59 ) ) ;
#176 = ORIENTED_EDGE ( 'NONE', *, *, #1489, .T. ) ;
#177 = CYLINDRICAL_SURFACE ( 'NONE', #256, 0.5000000000000004441 ) ;
#178 = AXIS2_PLACEMENT_3D ( 'NONE', #1251, #1900, #1577 ) ;
#179 = CARTESIAN_POINT ( 'NONE',  ( -19.75000000000000000, 19.75000000000000000, 0.5000000000000000000 ) ) ;
#180 = CARTESIAN_POINT ( 'NONE',  ( 16.74999999999999645, 16.75000000000000000, 1.000000000000000000 ) ) ;
#181 = ADVANCED_FACE ( 'NONE', ( #116 ), #1417, .F. ) ;
#182 = DIRECTION ( 'NONE',  ( 0.000000000000000000, -0.000000000000000000, -1.000000000000000000 ) ) ;
#183 = VERTEX_POINT ( 'NONE', #1428 ) ;
#184 = COLOUR_RGB ( '',0.7921568627450980005, 0.8196078431372548767, 0.9333333333333333481 ) ;
#185 = VERTEX_POINT ( 'NONE', #499 ) ;
#186 = EDGE_CURVE ( 'NONE', #1755, #220, #1621, .T. ) ;
#187 = DIRECTION ( 'NONE',  ( -0.000000000000000000, 0.000000000000000000, 1.000000000000000000 ) ) ;
#188 = ADVANCED_FACE ( 'NONE', ( #793 ), #1064, .T. ) ;
#189 = AXIS2_PLACEMENT_3D ( 'NONE', #2001, #1192, #1990 ) ;
#190 = EDGE_CURVE ( 'NONE', #388, #1429, #1415, .T. ) ;
#191 = LINE ( 'NONE', #179, #1912 ) ;
#192 = FACE_OUTER_BOUND ( 'NONE', #1326, .T. ) ;
#193 = CIRCLE ( 'NONE', #931, 0.5000000000000000000 ) ;
#194 = CARTESIAN_POINT ( 'NONE',  ( 14.13460834179722347, -13.98019409858977546, 0.5000000000000000000 ) ) ;
#195 = ORIENTED_EDGE ( 'NONE', *, *, #1318, .T. ) ;
#196 = DIRECTION ( 'NONE',  ( 1.000000000000000000, 0.000000000000000000, 0.000000000000000000 ) ) ;
#197 = AXIS2_PLACEMENT_3D ( 'NONE', #437, #1580, #932 ) ;
#198 = ADVANCED_FACE ( 'NONE', ( #943, #1629, #332, #1446, #305, #1125 ), #1276, .F. ) ;
#199 = ADVANCED_FACE ( 'NONE', ( #1608 ), #490, .T. ) ;
#200 = AXIS2_PLACEMENT_3D ( 'NONE', #425, #909, #1760 ) ;
#201 = DIRECTION ( 'NONE',  ( 1.000000000000000000, 0.000000000000000000, 0.000000000000000000 ) ) ;
#202 = DIRECTION ( 'NONE',  ( -1.000000000000000000, 0.000000000000000000, -0.000000000000000000 ) ) ;
#203 = CARTESIAN_POINT ( 'NONE',  ( -10.76101507387955358, -11.68047140392108041, 0.5000000000000000000 ) ) ;
#204 = CARTESIAN_POINT ( 'NONE',  ( -19.24999999999999645, -19.25000000000000000, 1.500000000000000000 ) ) ;
#205 = CIRCLE ( 'NONE', #33, 0.5000000000000000000 ) ;
#206 = ORIENTED_EDGE ( 'NONE', *, *, #799, .F. ) ;
#207 = DIRECTION ( 'NONE',  ( 0.000000000000000000, 0.000000000000000000, -1.000000000000000000 ) ) ;
#208 = PRODUCT_DEFINITION ( 'UNKNOWN', '', #983, #412 ) ;
#209 = VERTEX_POINT ( 'NONE', #480 ) ;
#210 = CARTESIAN_POINT ( 'NONE',  ( -19.75000000000000000, 19.25000000000000000, 1.500000000000000000 ) ) ;
#211 = DIRECTION ( 'NONE',  ( 0.000000000000000000, 0.000000000000000000, 1.000000000000000000 ) ) ;
#212 = AXIS2_PLACEMENT_3D ( 'NONE', #949, #284, #920 ) ;
#213 = ADVANCED_FACE ( 'NONE', ( #1619 ), #861, .T. ) ;
#214 = DIRECTION ( 'NONE',  ( -0.000000000000000000, 0.000000000000000000, 1.000000000000000000 ) ) ;
#215 = CLOSED_SHELL ( 'NONE', ( #529, #1545, #1430, #1776, #1640, #1031, #1617, #343, #1164, #181, #1478, #1669, #198, #1579, #162, #1403, #1143, #323, #188, #1096, #1400, #1138, #1995, #970, #559, #846, #921, #398, #1979, #1703, #1005, #551, #26, #213, #537, #575, #1928, #1717, #1490, #1228, #869, #108, #1073, #492, #446, #159, #1334, #946, #1159, #12, #1066, #1876, #791, #787, #665, #1543, #2103, #508, #496, #128, #101, #862, #948, #959, #957, #1189, #558, #1634, #1009, #844, #1937, #1296, #853, #199, #1612 ) ) ;
#216 = LINE ( 'NONE', #1362, #1633 ) ;
#217 = CIRCLE ( 'NONE', #1722, 0.5000000000000004441 ) ;
#218 = ORIENTED_EDGE ( 'NONE', *, *, #1199, .T. ) ;
#219 = CARTESIAN_POINT ( 'NONE',  ( -1.969313137048012585, -11.68047140392108041, 0.5000000000000000000 ) ) ;
#220 = VERTEX_POINT ( 'NONE', #2086 ) ;
#221 = AXIS2_PLACEMENT_3D ( 'NONE', #1723, #243, #1877 ) ;
#222 = DIRECTION ( 'NONE',  ( 0.000000000000000000, 0.000000000000000000, -1.000000000000000000 ) ) ;
#223 = DIRECTION ( 'NONE',  ( -1.000000000000000000, 0.000000000000000000, -0.000000000000000000 ) ) ;
#224 = CARTESIAN_POINT ( 'NONE',  ( -11.26101507387955536, -16.04518584311808738, 0.5000000000000000000 ) ) ;
#225 = ORIENTED_EDGE ( 'NONE', *, *, #190, .T. ) ;
#226 = CARTESIAN_POINT ( 'NONE',  ( -11.76101507387955536, -11.18047140392108041, 0.5000000000000000000 ) ) ;
#227 = EDGE_LOOP ( 'NONE', ( #1288, #1485 ) ) ;
#228 = ORIENTED_EDGE ( 'NONE', *, *, #1498, .F. ) ;
#229 = ORIENTED_EDGE ( 'NONE', *, *, #1102, .F. ) ;
#230 = VECTOR ( 'NONE', #772, 1000.000000000000000 ) ;
#231 = FACE_OUTER_BOUND ( 'NONE', #1259, .T. ) ;
#232 = VECTOR ( 'NONE', #820, 1000.000000000000000 ) ;
#233 = FACE_OUTER_BOUND ( 'NONE', #671, .T. ) ;
#234 = ORIENTED_EDGE ( 'NONE', *, *, #1615, .F. ) ;
#235 = VECTOR ( 'NONE', #808, 1000.000000000000000 ) ;
#236 = DIRECTION ( 'NONE',  ( 0.000000000000000000, 1.000000000000000000, 0.000000000000000000 ) ) ;
#237 = ORIENTED_EDGE ( 'NONE', *, *, #851, .F. ) ;
#238 = DIRECTION ( 'NONE',  ( -0.000000000000000000, 0.000000000000000000, 1.000000000000000000 ) ) ;
#239 = VERTEX_POINT ( 'NONE', #2096 ) ;
#240 = EDGE_LOOP ( 'NONE', ( #95, #992, #784 ) ) ;
#241 = DIRECTION ( 'NONE',  ( 1.000000000000000000, 0.000000000000000000, 0.000000000000000000 ) ) ;
#242 = DIRECTION ( 'NONE',  ( 0.000000000000000000, 0.000000000000000000, 1.000000000000000000 ) ) ;
#243 = DIRECTION ( 'NONE',  ( 1.224646799147353207E-16, 1.000000000000000000, 0.000000000000000000 ) ) ;
#244 = DIRECTION ( 'NONE',  ( -0.000000000000000000, 0.000000000000000000, 1.000000000000000000 ) ) ;
#245 = CARTESIAN_POINT ( 'NONE',  ( 16.03460834179722383, -13.98019409858977546, 0.000000000000000000 ) ) ;
#246 = VERTEX_POINT ( 'NONE', #803 ) ;
#247 = EDGE_CURVE ( 'NONE', #1574, #593, #217, .T. ) ;
#248 = CARTESIAN_POINT ( 'NONE',  ( 17.24999999999999645, -16.75000000000000000, 1.500000000000000000 ) ) ;
#249 = VERTEX_POINT ( 'NONE', #1599 ) ;
#250 = VERTEX_POINT ( 'NONE', #975 ) ;
#251 = EDGE_CURVE ( 'NONE', #2006, #1496, #968, .T. ) ;
#252 = ORIENTED_EDGE ( 'NONE', *, *, #1324, .T. ) ;
#253 = EDGE_LOOP ( 'NONE', ( #1034, #1590, #1162, #816 ) ) ;
#254 = CARTESIAN_POINT ( 'NONE',  ( 14.13460834179751480, 14.01980590141022631, 0.5000000000000000000 ) ) ;
#255 = EDGE_CURVE ( 'NONE', #950, #1699, #1467, .T. ) ;
#256 = AXIS2_PLACEMENT_3D ( 'NONE', #308, #986, #9 ) ;
#257 = DIRECTION ( 'NONE',  ( 0.000000000000000000, -1.000000000000000000, 0.000000000000000000 ) ) ;
#258 = EDGE_CURVE ( 'NONE', #282, #1714, #857, .T. ) ;
#259 = FACE_OUTER_BOUND ( 'NONE', #814, .T. ) ;
#260 = CIRCLE ( 'NONE', #1450, 0.5000000000000000000 ) ;
#261 = AXIS2_PLACEMENT_3D ( 'NONE', #194, #516, #1685 ) ;
#262 = FACE_OUTER_BOUND ( 'NONE', #1391, .T. ) ;
#263 = AXIS2_PLACEMENT_3D ( 'NONE', #35, #681, #207 ) ;
#264 = CARTESIAN_POINT ( 'NONE',  ( -1.969313137048013473, -16.04518584311808738, 1.000000000000000000 ) ) ;
#265 = CYLINDRICAL_SURFACE ( 'NONE', #1338, 0.5000000000000000000 ) ;
#266 = ORIENTED_EDGE ( 'NONE', *, *, #2003, .T. ) ;
#267 = TOROIDAL_SURFACE ( 'NONE', #1456, 1.000000000000000000, 0.5000000000000000000 ) ;
#268 = ORIENTED_EDGE ( 'NONE', *, *, #1626, .T. ) ;
#269 = AXIS2_PLACEMENT_3D ( 'NONE', #1724, #103, #1923 ) ;
#270 = ORIENTED_EDGE ( 'NONE', *, *, #1233, .T. ) ;
#271 = ORIENTED_EDGE ( 'NONE', *, *, #1224, .F. ) ;
#272 = DIRECTION ( 'NONE',  ( 1.000000000000000000, 0.000000000000000000, 0.000000000000000000 ) ) ;
#273 = FACE_OUTER_BOUND ( 'NONE', #1520, .T. ) ;
#274 = EDGE_CURVE ( 'NONE', #185, #1833, #1452, .T. ) ;
#275 = VECTOR ( 'NONE', #2037, 1000.000000000000000 ) ;
#276 = DIRECTION ( 'NONE',  ( 1.000000000000000000, -0.000000000000000000, -0.000000000000000000 ) ) ;
#277 = CARTESIAN_POINT ( 'NONE',  ( -15.26539165820248556, 14.01980590141022631, 0.5000000000000000000 ) ) ;
#278 = FACE_BOUND ( 'NONE', #1354, .T. ) ;
#279 = ORIENTED_EDGE ( 'NONE', *, *, #2084, .F. ) ;
#280 = ORIENTED_EDGE ( 'NONE', *, *, #1229, .T. ) ;
#281 = ORIENTED_EDGE ( 'NONE', *, *, #1837, .F. ) ;
#282 = VERTEX_POINT ( 'NONE', #1455 ) ;
#283 = CARTESIAN_POINT ( 'NONE',  ( -11.96539165820248485, 14.01980590141022631, 1.000000000000000000 ) ) ;
#284 = DIRECTION ( 'NONE',  ( -0.000000000000000000, 0.000000000000000000, 1.000000000000000000 ) ) ;
#285 = EDGE_CURVE ( 'NONE', #239, #1394, #1171, .T. ) ;
#286 = DIRECTION ( 'NONE',  ( 0.000000000000000000, -0.000000000000000000, 1.000000000000000000 ) ) ;
#287 = CARTESIAN_POINT ( 'NONE',  ( -1.969313137048012585, -11.68047140392108041, 1.000000000000000000 ) ) ;
#288 = DIRECTION ( 'NONE',  ( 0.000000000000000000, -1.000000000000000000, 0.000000000000000000 ) ) ;
#289 = TOROIDAL_SURFACE ( 'NONE', #1677, 1.000000000000000000, 0.5000000000000000000 ) ;
#290 = ORIENTED_EDGE ( 'NONE', *, *, #592, .F. ) ;
#291 = ORIENTED_EDGE ( 'NONE', *, *, #186, .F. ) ;
#292 = CARTESIAN_POINT ( 'NONE',  ( -16.75000000000000000, 16.75000000000000000, 1.500000000000000000 ) ) ;
#293 = DIRECTION ( 'NONE',  ( 1.000000000000000000, 0.000000000000000000, 0.000000000000000000 ) ) ;
#294 = ORIENTED_EDGE ( 'NONE', *, *, #1319, .T. ) ;
#295 = CARTESIAN_POINT ( 'NONE',  ( -11.76101507387955536, -15.54518584311808560, 0.000000000000000000 ) ) ;
#296 = LINE ( 'NONE', #264, #230 ) ;
#297 = DIRECTION ( 'NONE',  ( 0.000000000000000000, 0.000000000000000000, -1.000000000000000000 ) ) ;
#298 = ORIENTED_EDGE ( 'NONE', *, *, #1360, .F. ) ;
#299 = SURFACE_SIDE_STYLE ('',( #1949 ) ) ;
#300 = CIRCLE ( 'NONE', #359, 1.900000000000000577 ) ;
#301 = DIRECTION ( 'NONE',  ( 0.000000000000000000, -1.000000000000000000, 0.000000000000000000 ) ) ;
#302 = CARTESIAN_POINT ( 'NONE',  ( 16.74999999999999645, -16.75000000000000000, 1.000000000000000000 ) ) ;
#303 = EDGE_CURVE ( 'NONE', #1734, #564, #633, .T. ) ;
#304 = CARTESIAN_POINT ( 'NONE',  ( 19.75000000000000000, -19.25000000000000000, 2.000000000000000000 ) ) ;
#305 = FACE_BOUND ( 'NONE', #1194, .T. ) ;
#306 = EDGE_LOOP ( 'NONE', ( #917, #890, #928, #1744 ) ) ;
#307 = CIRCLE ( 'NONE', #2, 0.5000000000000000000 ) ;
#308 = CARTESIAN_POINT ( 'NONE',  ( -16.75000000000000000, -1.684441636093421281E-15, 1.500000000000000000 ) ) ;
#309 = DIRECTION ( 'NONE',  ( 0.000000000000000000, 0.000000000000000000, -1.000000000000000000 ) ) ;
#310 = CIRCLE ( 'NONE', #750, 1.000000000000000000 ) ;
#311 = DIRECTION ( 'NONE',  ( -1.000000000000000000, -0.000000000000000000, 0.000000000000000000 ) ) ;
#312 = DIRECTION ( 'NONE',  ( 0.000000000000000000, -0.000000000000000000, -1.000000000000000000 ) ) ;
#313 = ORIENTED_EDGE ( 'NONE', *, *, #683, .T. ) ;
#314 = EDGE_CURVE ( 'NONE', #1059, #1971, #831, .T. ) ;
#315 = AXIS2_PLACEMENT_3D ( 'NONE', #1435, #598, #2081 ) ;
#316 = VECTOR ( 'NONE', #567, 1000.000000000000000 ) ;
#317 = CARTESIAN_POINT ( 'NONE',  ( 14.13460834179751480, 14.01980590141022631, 0.5000000000000000000 ) ) ;
#318 = EDGE_CURVE ( 'NONE', #1861, #372, #905, .T. ) ;
#319 = CIRCLE ( 'NONE', #150, 0.5000000000000000000 ) ;
#320 = DIRECTION ( 'NONE',  ( 0.000000000000000000, 0.000000000000000000, 1.000000000000000000 ) ) ;
#321 = CARTESIAN_POINT ( 'NONE',  ( 16.74999999999999645, -16.75000000000000000, 2.000000000000000000 ) ) ;
#322 = DIRECTION ( 'NONE',  ( -1.000000000000000000, 0.000000000000000000, 0.000000000000000000 ) ) ;
#323 = ADVANCED_FACE ( 'NONE', ( #1522 ), #1656, .T. ) ;
#324 = ORIENTED_EDGE ( 'NONE', *, *, #1384, .F. ) ;
#325 = AXIS2_PLACEMENT_3D ( 'NONE', #1657, #1352, #668 ) ;
#326 = ORIENTED_EDGE ( 'NONE', *, *, #629, .F. ) ;
#327 = LINE ( 'NONE', #1632, #997 ) ;
#328 = LINE ( 'NONE', #1462, #1642 ) ;
#329 = FACE_OUTER_BOUND ( 'NONE', #494, .T. ) ;
#330 = LINE ( 'NONE', #1482, #1866 ) ;
#331 = APPLICATION_PROTOCOL_DEFINITION ( 'draft international standard', 'automotive_design', 1998, #978 ) ;
#332 = FACE_BOUND ( 'NONE', #604, .T. ) ;
#333 = EDGE_LOOP ( 'NONE', ( #1516, #740 ) ) ;
#334 = AXIS2_PLACEMENT_3D ( 'NONE', #1212, #1827, #1864 ) ;
#335 = VECTOR ( 'NONE', #942, 1000.000000000000000 ) ;
#336 = ORIENTED_EDGE ( 'NONE', *, *, #1175, .F. ) ;
#337 = FACE_OUTER_BOUND ( 'NONE', #1534, .T. ) ;
#338 = EDGE_CURVE ( 'NONE', #406, #1551, #729, .T. ) ;
#339 = AXIS2_PLACEMENT_3D ( 'NONE', #19, #1463, #1147 ) ;
#340 = CARTESIAN_POINT ( 'NONE',  ( -16.75000000000000000, 17.25000000000000000, 1.500000000000000000 ) ) ;
#341 = DIRECTION ( 'NONE',  ( -0.000000000000000000, 0.000000000000000000, 1.000000000000000000 ) ) ;
#342 = DIRECTION ( 'NONE',  ( 1.000000000000000000, 0.000000000000000000, 0.000000000000000000 ) ) ;
#343 = ADVANCED_FACE ( 'NONE', ( #62 ), #1825, .T. ) ;
#344 = EDGE_LOOP ( 'NONE', ( #751, #1954 ) ) ;
#345 = ORIENTED_EDGE ( 'NONE', *, *, #1902, .F. ) ;
#346 = CARTESIAN_POINT ( 'NONE',  ( -2.469313137048013473, -16.04518584311808738, 0.5000000000000000000 ) ) ;
#347 = CARTESIAN_POINT ( 'NONE',  ( 16.74999999999999645, 16.75000000000000000, 2.000000000000000000 ) ) ;
#348 = DIRECTION ( 'NONE',  ( 1.000000000000000000, 0.000000000000000000, 0.000000000000000000 ) ) ;
#349 = DIRECTION ( 'NONE',  ( -0.000000000000000000, 1.000000000000000000, 0.000000000000000000 ) ) ;
#350 = ORIENTED_EDGE ( 'NONE', *, *, #318, .F. ) ;
#351 = EDGE_CURVE ( 'NONE', #1699, #1764, #521, .T. ) ;
#352 = PRESENTATION_LAYER_ASSIGNMENT (  '', '', ( #82 ) ) ;
#353 = ORIENTED_EDGE ( 'NONE', *, *, #2079, .T. ) ;
#354 = EDGE_CURVE ( 'NONE', #868, #877, #1483, .T. ) ;
#355 = CARTESIAN_POINT ( 'NONE',  ( 19.25000000000000000, -19.25000000000000000, 1.000000000000000000 ) ) ;
#356 = AXIS2_PLACEMENT_3D ( 'NONE', #135, #783, #620 ) ;
#357 = AXIS2_PLACEMENT_3D ( 'NONE', #219, #1972, #841 ) ;
#358 = CARTESIAN_POINT ( 'NONE',  ( 19.25000000000000000, 0.000000000000000000, 0.000000000000000000 ) ) ;
#359 = AXIS2_PLACEMENT_3D ( 'NONE', #387, #1043, #402 ) ;
#360 = DIRECTION ( 'NONE',  ( -0.000000000000000000, -0.000000000000000000, 1.000000000000000000 ) ) ;
#361 = DIRECTION ( 'NONE',  ( 0.000000000000000000, 0.000000000000000000, -1.000000000000000000 ) ) ;
#362 = ORIENTED_EDGE ( 'NONE', *, *, #1489, .F. ) ;
#363 = DIRECTION ( 'NONE',  ( 0.000000000000000000, 0.000000000000000000, -1.000000000000000000 ) ) ;
#364 = VECTOR ( 'NONE', #1695, 1000.000000000000000 ) ;
#365 = TOROIDAL_SURFACE ( 'NONE', #1663, 1.900000000000001021, 0.5000000000000000000 ) ;
#366 = ORIENTED_EDGE ( 'NONE', *, *, #1078, .T. ) ;
#367 = AXIS2_PLACEMENT_3D ( 'NONE', #1989, #525, #1330 ) ;
#368 = CARTESIAN_POINT ( 'NONE',  ( -2.969313137048012585, -10.68047140392107863, 1.000000000000000000 ) ) ;
#369 = CARTESIAN_POINT ( 'NONE',  ( -11.76101507387955536, -11.18047140392108041, 1.000000000000000000 ) ) ;
#370 = CARTESIAN_POINT ( 'NONE',  ( 19.25000000000000000, -19.25000000000000000, 0.5000000000000000000 ) ) ;
#371 = AXIS2_PLACEMENT_3D ( 'NONE', #1311, #1627, #506 ) ;
#372 = VERTEX_POINT ( 'NONE', #705 ) ;
#373 = ORIENTED_EDGE ( 'NONE', *, *, #1116, .T. ) ;
#374 = EDGE_CURVE ( 'NONE', #2032, #16, #1182, .T. ) ;
#375 = CARTESIAN_POINT ( 'NONE',  ( -1.969313137048013473, -15.54518584311808560, 0.5000000000000000000 ) ) ;
#376 = CIRCLE ( 'NONE', #212, 1.000000000000000888 ) ;
#377 = CARTESIAN_POINT ( 'NONE',  ( -15.76539165820277688, -13.98019409858977546, 0.000000000000000000 ) ) ;
#378 = CARTESIAN_POINT ( 'NONE',  ( 19.25000000000000000, -19.75000000000000000, 1.500000000000000000 ) ) ;
#379 = EDGE_CURVE ( 'NONE', #117, #249, #1377, .T. ) ;
#380 = ORIENTED_EDGE ( 'NONE', *, *, #354, .F. ) ;
#381 = CARTESIAN_POINT ( 'NONE',  ( -2.469313137048012585, -11.68047140392108041, 0.5000000000000000000 ) ) ;
#382 = ORIENTED_EDGE ( 'NONE', *, *, #168, .F. ) ;
#383 = FACE_OUTER_BOUND ( 'NONE', #76, .T. ) ;
#384 = SPHERICAL_SURFACE ( 'NONE', #1550, 0.5000000000000000000 ) ;
#385 = DIRECTION ( 'NONE',  ( 0.000000000000000000, 1.000000000000000000, 0.000000000000000000 ) ) ;
#386 = ORIENTED_EDGE ( 'NONE', *, *, #1626, .F. ) ;
#387 = CARTESIAN_POINT ( 'NONE',  ( 14.13460834179722347, -13.98019409858977546, 1.000000000000000000 ) ) ;
#388 = VERTEX_POINT ( 'NONE', #377 ) ;
#389 = ORIENTED_EDGE ( 'NONE', *, *, #2079, .F. ) ;
#390 = ORIENTED_EDGE ( 'NONE', *, *, #1591, .F. ) ;
#391 = ORIENTED_EDGE ( 'NONE', *, *, #1573, .T. ) ;
#392 = DIRECTION ( 'NONE',  ( 0.000000000000000000, 0.000000000000000000, -1.000000000000000000 ) ) ;
#393 = DIRECTION ( 'NONE',  ( 8.783410004945858675E-17, -1.000000000000000000, 0.000000000000000000 ) ) ;
#394 = CIRCLE ( 'NONE', #470, 0.5000000000000000000 ) ;
#395 = DIRECTION ( 'NONE',  ( 0.000000000000000000, 0.000000000000000000, -1.000000000000000000 ) ) ;
#396 = DIRECTION ( 'NONE',  ( 0.000000000000000000, 1.000000000000000000, -0.000000000000000000 ) ) ;
#397 = CARTESIAN_POINT ( 'NONE',  ( 0.000000000000000000, 0.000000000000000000, 1.000000000000000000 ) ) ;
#398 = ADVANCED_FACE ( 'NONE', ( #509 ), #1282, .T. ) ;
#399 = EDGE_CURVE ( 'NONE', #282, #1086, #1141, .T. ) ;
#400 = EDGE_LOOP ( 'NONE', ( #1407, #36, #268, #1308 ) ) ;
#401 = AXIS2_PLACEMENT_3D ( 'NONE', #798, #1614, #969 ) ;
#402 = DIRECTION ( 'NONE',  ( 1.000000000000000000, 0.000000000000000000, 0.000000000000000000 ) ) ;
#403 = VERTEX_POINT ( 'NONE', #1675 ) ;
#404 = ORIENTED_EDGE ( 'NONE', *, *, #285, .T. ) ;
#405 = EDGE_CURVE ( 'NONE', #2057, #1058, #1838, .T. ) ;
#406 = VERTEX_POINT ( 'NONE', #41 ) ;
#407 = ORIENTED_EDGE ( 'NONE', *, *, #1752, .F. ) ;
#408 = DIRECTION ( 'NONE',  ( 0.000000000000000000, 0.000000000000000000, -1.000000000000000000 ) ) ;
#409 = CYLINDRICAL_SURFACE ( 'NONE', #463, 0.5000000000000004441 ) ;
#410 = DIRECTION ( 'NONE',  ( -0.000000000000000000, 0.000000000000000000, 1.000000000000000000 ) ) ;
#411 = DIRECTION ( 'NONE',  ( -1.000000000000000000, 0.000000000000000000, 0.000000000000000000 ) ) ;
#412 = PRODUCT_DEFINITION_CONTEXT ( 'detailed design', #1264, 'design' ) ;
#413 = AXIS2_PLACEMENT_3D ( 'NONE', #2018, #238, #1083 ) ;
#414 = ORIENTED_EDGE ( 'NONE', *, *, #24, .F. ) ;
#415 = EDGE_CURVE ( 'NONE', #249, #1256, #1893, .T. ) ;
#416 = ORIENTED_EDGE ( 'NONE', *, *, #1246, .F. ) ;
#417 = CIRCLE ( 'NONE', #2061, 1.000000000000000000 ) ;
#418 = EDGE_CURVE ( 'NONE', #593, #16, #1987, .T. ) ;
#419 = ORIENTED_EDGE ( 'NONE', *, *, #1613, .F. ) ;
#420 = ORIENTED_EDGE ( 'NONE', *, *, #1261, .T. ) ;
#421 = DIRECTION ( 'NONE',  ( -0.000000000000000000, 0.000000000000000000, 1.000000000000000000 ) ) ;
#422 = DIRECTION ( 'NONE',  ( -0.000000000000000000, 0.000000000000000000, 1.000000000000000000 ) ) ;
#423 = AXIS2_PLACEMENT_3D ( 'NONE', #1746, #918, #408 ) ;
#424 = CIRCLE ( 'NONE', #769, 0.5000000000000000000 ) ;
#425 = CARTESIAN_POINT ( 'NONE',  ( -2.469313137048013473, -16.54518584311808738, 0.5000000000000000000 ) ) ;
#426 = CIRCLE ( 'NONE', #1283, 1.900000000000000577 ) ;
#427 = DIRECTION ( 'NONE',  ( 1.000000000000000000, 0.000000000000000000, 0.000000000000000000 ) ) ;
#428 = CARTESIAN_POINT ( 'NONE',  ( 0.000000000000000000, -19.25000000000000000, 0.000000000000000000 ) ) ;
#429 = EDGE_CURVE ( 'NONE', #119, #1759, #1423, .T. ) ;
#430 = ORIENTED_EDGE ( 'NONE', *, *, #1451, .F. ) ;
#431 = CARTESIAN_POINT ( 'NONE',  ( 19.75000000000000000, 19.25000000000000000, 1.000000000000000000 ) ) ;
#432 = ORIENTED_EDGE ( 'NONE', *, *, #1172, .T. ) ;
#433 = VERTEX_POINT ( 'NONE', #1647 ) ;
#434 = CYLINDRICAL_SURFACE ( 'NONE', #1653, 0.5000000000000000000 ) ;
#435 = EDGE_CURVE ( 'NONE', #564, #1734, #1687, .T. ) ;
#436 = CIRCLE ( 'NONE', #165, 0.5000000000000000000 ) ;
#437 = CARTESIAN_POINT ( 'NONE',  ( 12.23460834179722312, -13.98019409858977546, 0.5000000000000000000 ) ) ;
#438 = CARTESIAN_POINT ( 'NONE',  ( -11.76101507387955536, -15.54518584311808560, 1.000000000000000000 ) ) ;
#439 = CARTESIAN_POINT ( 'NONE',  ( -19.75000000000000000, 19.75000000000000000, 1.000000000000000000 ) ) ;
#440 = ORIENTED_EDGE ( 'NONE', *, *, #926, .T. ) ;
#441 = CIRCLE ( 'NONE', #1874, 0.5000000000000004441 ) ;
#442 = EDGE_LOOP ( 'NONE', ( #1186, #491, #130, #1620 ) ) ;
#443 = ORIENTED_EDGE ( 'NONE', *, *, #2047, .T. ) ;
#444 = CARTESIAN_POINT ( 'NONE',  ( -19.25000000000000000, 19.75000000000000000, 1.000000000000000000 ) ) ;
#445 = DIRECTION ( 'NONE',  ( 1.000000000000000000, 0.000000000000000000, 0.000000000000000000 ) ) ;
#446 = ADVANCED_FACE ( 'NONE', ( #1024 ), #1968, .F. ) ;
#447 = EDGE_LOOP ( 'NONE', ( #1733, #596, #1896 ) ) ;
#448 = DIRECTION ( 'NONE',  ( -0.000000000000000000, 0.000000000000000000, 1.000000000000000000 ) ) ;
#449 = LINE ( 'NONE', #1285, #1217 ) ;
#450 = DIRECTION ( 'NONE',  ( 1.000000000000000000, 0.000000000000000000, 0.000000000000000000 ) ) ;
#451 = AXIS2_PLACEMENT_3D ( 'NONE', #1280, #1562, #938 ) ;
#452 = ORIENTED_EDGE ( 'NONE', *, *, #807, .F. ) ;
#453 = ORIENTED_EDGE ( 'NONE', *, *, #788, .F. ) ;
#454 = DIRECTION ( 'NONE',  ( -1.000000000000000000, 0.000000000000000000, 0.000000000000000000 ) ) ;
#455 = AXIS2_PLACEMENT_3D ( 'NONE', #1098, #1381, #1756 ) ;
#456 = ORIENTED_EDGE ( 'NONE', *, *, #1980, .F. ) ;
#457 = LINE ( 'NONE', #133, #1740 ) ;
#458 = CARTESIAN_POINT ( 'NONE',  ( -15.76539165820277688, -13.98019409858977546, 0.5000000000000000000 ) ) ;
#459 = DIRECTION ( 'NONE',  ( 0.000000000000000000, 0.000000000000000000, -1.000000000000000000 ) ) ;
#460 = AXIS2_PLACEMENT_3D ( 'NONE', #152, #312, #163 ) ;
#461 = EDGE_LOOP ( 'NONE', ( #669, #1600, #1775 ) ) ;
#462 = DIRECTION ( 'NONE',  ( 0.000000000000000000, 0.000000000000000000, -1.000000000000000000 ) ) ;
#463 = AXIS2_PLACEMENT_3D ( 'NONE', #1038, #393, #1050 ) ;
#464 = FACE_OUTER_BOUND ( 'NONE', #1994, .T. ) ;
#465 = CARTESIAN_POINT ( 'NONE',  ( -11.26101507387955536, -11.68047140392108041, 0.5000000000000000000 ) ) ;
#466 = TOROIDAL_SURFACE ( 'NONE', #1939, 1.900000000000001021, 0.5000000000000000000 ) ;
#467 = DIRECTION ( 'NONE',  ( 1.000000000000000000, 0.000000000000000000, 0.000000000000000000 ) ) ;
#468 = EDGE_CURVE ( 'NONE', #1298, #1086, #155, .T. ) ;
#469 = CARTESIAN_POINT ( 'NONE',  ( -13.86539165820277653, -13.98019409858977546, 0.5000000000000000000 ) ) ;
#470 = AXIS2_PLACEMENT_3D ( 'NONE', #1123, #311, #961 ) ;
#471 = EDGE_CURVE ( 'NONE', #2015, #1379, #599, .T. ) ;
#472 = EDGE_CURVE ( 'NONE', #2006, #1833, #1346, .T. ) ;
#473 = DIRECTION ( 'NONE',  ( 0.000000000000000000, 0.000000000000000000, 1.000000000000000000 ) ) ;
#474 = EDGE_CURVE ( 'NONE', #510, #1907, #424, .T. ) ;
#475 = DIRECTION ( 'NONE',  ( 1.000000000000000000, 0.000000000000000000, 0.000000000000000000 ) ) ;
#476 = AXIS2_PLACEMENT_3D ( 'NONE', #1109, #1767, #1443 ) ;
#477 = EDGE_CURVE ( 'NONE', #2068, #2015, #1250, .T. ) ;
#478 = DIRECTION ( 'NONE',  ( 1.000000000000000000, -0.000000000000000000, -0.000000000000000000 ) ) ;
#479 = DIRECTION ( 'NONE',  ( 1.005636797667714163E-16, -1.000000000000000000, 0.000000000000000000 ) ) ;
#480 = CARTESIAN_POINT ( 'NONE',  ( 12.23460834179751444, 14.01980590141022631, 1.000000000000000000 ) ) ;
#481 = ORIENTED_EDGE ( 'NONE', *, *, #1078, .F. ) ;
#482 = EDGE_LOOP ( 'NONE', ( #102, #1392, #1208, #1848 ) ) ;
#483 = AXIS2_PLACEMENT_3D ( 'NONE', #624, #1589, #293 ) ;
#484 = LINE ( 'NONE', #1127, #1480 ) ;
#485 = AXIS2_PLACEMENT_3D ( 'NONE', #1218, #2008, #1716 ) ;
#486 = CARTESIAN_POINT ( 'NONE',  ( 19.25000000000000000, 19.25000000000000000, 2.000000000000000000 ) ) ;
#487 = AXIS2_PLACEMENT_3D ( 'NONE', #397, #1904, #1093 ) ;
#488 = DIRECTION ( 'NONE',  ( 1.000000000000000000, -0.000000000000000000, 0.000000000000000000 ) ) ;
#489 = DIRECTION ( 'NONE',  ( -1.000000000000000000, 0.000000000000000000, 0.000000000000000000 ) ) ;
#490 = SPHERICAL_SURFACE ( 'NONE', #1888, 0.5000000000000000000 ) ;
#491 = ORIENTED_EDGE ( 'NONE', *, *, #1853, .T. ) ;
#492 = ADVANCED_FACE ( 'NONE', ( #259 ), #1223, .T. ) ;
#493 = AXIS2_PLACEMENT_3D ( 'NONE', #2012, #546, #342 ) ;
#494 = EDGE_LOOP ( 'NONE', ( #390, #1431, #404, #336 ) ) ;
#495 = DIRECTION ( 'NONE',  ( -0.000000000000000000, 1.000000000000000000, -0.000000000000000000 ) ) ;
#496 = ADVANCED_FACE ( 'NONE', ( #100 ), #1370, .T. ) ;
#497 = DIRECTION ( 'NONE',  ( 1.000000000000000000, 0.000000000000000000, 0.000000000000000000 ) ) ;
#498 = DIRECTION ( 'NONE',  ( 0.000000000000000000, 1.000000000000000000, 0.000000000000000000 ) ) ;
#499 = CARTESIAN_POINT ( 'NONE',  ( -15.26539165820277688, -13.98019409858977546, 0.5000000000000000000 ) ) ;
#500 = VERTEX_POINT ( 'NONE', #560 ) ;
#501 = CIRCLE ( 'NONE', #1741, 0.5000000000000004441 ) ;
#502 = ORIENTED_EDGE ( 'NONE', *, *, #645, .T. ) ;
#503 = DIRECTION ( 'NONE',  ( -1.000000000000000000, 0.000000000000000000, 0.000000000000000000 ) ) ;
#504 = VECTOR ( 'NONE', #2095, 1000.000000000000000 ) ;
#505 = CIRCLE ( 'NONE', #614, 0.5000000000000000000 ) ;
#506 = DIRECTION ( 'NONE',  ( 0.000000000000000000, 0.000000000000000000, -1.000000000000000000 ) ) ;
#507 = CARTESIAN_POINT ( 'NONE',  ( -16.75000000000000000, 16.75000000000000000, 1.500000000000000000 ) ) ;
#508 = ADVANCED_FACE ( 'NONE', ( #72 ), #384, .T. ) ;
#509 = FACE_OUTER_BOUND ( 'NONE', #1649, .T. ) ;
#510 = VERTEX_POINT ( 'NONE', #1531 ) ;
#511 = VERTEX_POINT ( 'NONE', #1051 ) ;
#512 = DIRECTION ( 'NONE',  ( 1.224646799147353207E-16, 1.000000000000000000, 0.000000000000000000 ) ) ;
#513 = VECTOR ( 'NONE', #1518, 1000.000000000000000 ) ;
#514 = CARTESIAN_POINT ( 'NONE',  ( -11.96539165820277617, -13.98019409858977546, 0.000000000000000000 ) ) ;
#515 = DIRECTION ( 'NONE',  ( 0.000000000000000000, 0.000000000000000000, 1.000000000000000000 ) ) ;
#516 = DIRECTION ( 'NONE',  ( -0.000000000000000000, 0.000000000000000000, 1.000000000000000000 ) ) ;
#517 = DIRECTION ( 'NONE',  ( 0.000000000000000000, -1.000000000000000000, 0.000000000000000000 ) ) ;
#518 = ORIENTED_EDGE ( 'NONE', *, *, #761, .T. ) ;
#519 = DIRECTION ( 'NONE',  ( 1.000000000000000000, 0.000000000000000000, 0.000000000000000000 ) ) ;
#520 = CIRCLE ( 'NONE', #154, 1.400000000000000133 ) ;
#521 = CIRCLE ( 'NONE', #189, 0.5000000000000000000 ) ;
#522 = ORIENTED_EDGE ( 'NONE', *, *, #1892, .T. ) ;
#523 = CIRCLE ( 'NONE', #1453, 0.5000000000000000000 ) ;
#524 = DIRECTION ( 'NONE',  ( 1.000000000000000000, 0.000000000000000000, 0.000000000000000000 ) ) ;
#525 = DIRECTION ( 'NONE',  ( 0.000000000000000000, -0.000000000000000000, -1.000000000000000000 ) ) ;
#526 = AXIS2_PLACEMENT_3D ( 'NONE', #758, #1426, #1565 ) ;
#527 = CARTESIAN_POINT ( 'NONE',  ( -16.74999999999999645, -16.75000000000000000, 1.500000000000000000 ) ) ;
#528 = DIRECTION ( 'NONE',  ( 0.000000000000000000, 1.000000000000000000, 0.000000000000000000 ) ) ;
#529 = ADVANCED_FACE ( 'NONE', ( #2023 ), #630, .T. ) ;
#530 = VERTEX_POINT ( 'NONE', #1873 ) ;
#531 = DIRECTION ( 'NONE',  ( 1.000000000000000000, 0.000000000000000000, 0.000000000000000000 ) ) ;
#532 = CIRCLE ( 'NONE', #1122, 1.900000000000000577 ) ;
#533 = EDGE_CURVE ( 'NONE', #406, #2067, #2033, .T. ) ;
#534 = ORIENTED_EDGE ( 'NONE', *, *, #145, .T. ) ;
#535 = AXIS2_PLACEMENT_3D ( 'NONE', #507, #827, #20 ) ;
#536 = DIRECTION ( 'NONE',  ( -1.000000000000000000, 0.000000000000000000, 0.000000000000000000 ) ) ;
#537 = ADVANCED_FACE ( 'NONE', ( #131 ), #1910, .T. ) ;
#538 = DIRECTION ( 'NONE',  ( -0.000000000000000000, 1.000000000000000000, 0.000000000000000000 ) ) ;
#539 = CARTESIAN_POINT ( 'NONE',  ( -19.75000000000000000, 19.75000000000000000, 1.000000000000000000 ) ) ;
#540 = ORIENTED_EDGE ( 'NONE', *, *, #477, .T. ) ;
#541 = DIRECTION ( 'NONE',  ( 0.000000000000000000, -0.000000000000000000, -1.000000000000000000 ) ) ;
#542 = CARTESIAN_POINT ( 'NONE',  ( 19.25000000000000000, 19.25000000000000000, 0.000000000000000000 ) ) ;
#543 = ORIENTED_EDGE ( 'NONE', *, *, #1388, .T. ) ;
#544 = CYLINDRICAL_SURFACE ( 'NONE', #1951, 0.5000000000000004441 ) ;
#545 = AXIS2_PLACEMENT_3D ( 'NONE', #1673, #1708, #1222 ) ;
#546 = DIRECTION ( 'NONE',  ( -0.000000000000000000, 0.000000000000000000, 1.000000000000000000 ) ) ;
#547 = LINE ( 'NONE', #224, #1707 ) ;
#548 = ORIENTED_EDGE ( 'NONE', *, *, #251, .T. ) ;
#549 = SPHERICAL_SURFACE ( 'NONE', #1486, 0.5000000000000000000 ) ;
#550 = ORIENTED_EDGE ( 'NONE', *, *, #645, .F. ) ;
#551 = ADVANCED_FACE ( 'NONE', ( #937 ), #434, .T. ) ;
#552 = ORIENTED_EDGE ( 'NONE', *, *, #712, .F. ) ;
#553 = EDGE_LOOP ( 'NONE', ( #1940, #120, #94 ) ) ;
#554 = ORIENTED_EDGE ( 'NONE', *, *, #1539, .F. ) ;
#555 = CARTESIAN_POINT ( 'NONE',  ( -2.469313137048013473, -16.54518584311808738, 0.5000000000000000000 ) ) ;
#556 = AXIS2_PLACEMENT_3D ( 'NONE', #527, #1502, #1168 ) ;
#557 = CARTESIAN_POINT ( 'NONE',  ( -19.25000000000000000, 19.25000000000000000, 2.000000000000000000 ) ) ;
#558 = ADVANCED_FACE ( 'NONE', ( #903 ), #96, .T. ) ;
#559 = ADVANCED_FACE ( 'NONE', ( #1575 ), #85, .T. ) ;
#560 = CARTESIAN_POINT ( 'NONE',  ( 19.25000000000000000, -19.25000000000000000, 2.000000000000000000 ) ) ;
#561 = CARTESIAN_POINT ( 'NONE',  ( 0.000000000000000000, 17.75000000000000355, 2.000000000000000000 ) ) ;
#562 = CARTESIAN_POINT ( 'NONE',  ( 16.74999999999999645, -16.75000000000000000, 1.500000000000000000 ) ) ;
#563 = EDGE_CURVE ( 'NONE', #510, #136, #1986, .T. ) ;
#564 = VERTEX_POINT ( 'NONE', #283 ) ;
#565 = DIRECTION ( 'NONE',  ( 0.000000000000000000, 1.000000000000000000, 0.000000000000000000 ) ) ;
#566 = ORIENTED_EDGE ( 'NONE', *, *, #807, .T. ) ;
#567 = DIRECTION ( 'NONE',  ( 8.783410004945858675E-17, -1.000000000000000000, 0.000000000000000000 ) ) ;
#568 = ORIENTED_EDGE ( 'NONE', *, *, #2059, .T. ) ;
#569 = ORIENTED_EDGE ( 'NONE', *, *, #939, .F. ) ;
#570 = DIRECTION ( 'NONE',  ( -0.000000000000000000, 0.000000000000000000, 1.000000000000000000 ) ) ;
#571 = VECTOR ( 'NONE', #631, 1000.000000000000000 ) ;
#572 = DIRECTION ( 'NONE',  ( -1.000000000000000000, 0.000000000000000000, -0.000000000000000000 ) ) ;
#573 = AXIS2_PLACEMENT_3D ( 'NONE', #5, #810, #173 ) ;
#574 = CARTESIAN_POINT ( 'NONE',  ( -13.86539165820248520, 14.01980590141022631, 0.5000000000000000000 ) ) ;
#575 = ADVANCED_FACE ( 'NONE', ( #1395 ), #1281, .T. ) ;
#576 = DIRECTION ( 'NONE',  ( 1.000000000000000000, 0.000000000000000000, 0.000000000000000000 ) ) ;
#577 = EDGE_CURVE ( 'NONE', #690, #1830, #260, .T. ) ;
#578 = SPHERICAL_SURFACE ( 'NONE', #1981, 0.5000000000000000000 ) ;
#579 = TOROIDAL_SURFACE ( 'NONE', #1945, 1.900000000000001021, 0.5000000000000000000 ) ;
#580 = DIRECTION ( 'NONE',  ( 0.000000000000000000, 0.000000000000000000, 1.000000000000000000 ) ) ;
#581 = ORIENTED_EDGE ( 'NONE', *, *, #1412, .F. ) ;
#582 = ORIENTED_EDGE ( 'NONE', *, *, #1832, .F. ) ;
#583 = ORIENTED_EDGE ( 'NONE', *, *, #1902, .T. ) ;
#584 = ORIENTED_EDGE ( 'NONE', *, *, #1698, .T. ) ;
#585 = CARTESIAN_POINT ( 'NONE',  ( -16.75000000000000000, 16.75000000000000000, 2.000000000000000000 ) ) ;
#586 = EDGE_CURVE ( 'NONE', #1764, #1458, #81, .T. ) ;
#587 = CIRCLE ( 'NONE', #1788, 0.5000000000000000000 ) ;
#588 = DIRECTION ( 'NONE',  ( -1.000000000000000000, 0.000000000000000000, 0.000000000000000000 ) ) ;
#589 = DIRECTION ( 'NONE',  ( 1.782965369970564202E-16, 1.000000000000000000, -0.000000000000000000 ) ) ;
#590 = AXIS2_PLACEMENT_3D ( 'NONE', #1081, #1404, #612 ) ;
#591 = VERTEX_POINT ( 'NONE', #2069 ) ;
#592 = EDGE_CURVE ( 'NONE', #1309, #183, #1624, .T. ) ;
#593 = VERTEX_POINT ( 'NONE', #1048 ) ;
#594 = AXIS2_PLACEMENT_3D ( 'NONE', #896, #1254, #1267 ) ;
#595 = ORIENTED_EDGE ( 'NONE', *, *, #1498, .T. ) ;
#596 = ORIENTED_EDGE ( 'NONE', *, *, #1299, .T. ) ;
#597 = DIRECTION ( 'NONE',  ( -0.000000000000000000, 0.000000000000000000, 1.000000000000000000 ) ) ;
#598 = DIRECTION ( 'NONE',  ( -0.000000000000000000, 1.000000000000000000, 0.000000000000000000 ) ) ;
#599 = CIRCLE ( 'NONE', #221, 0.5000000000000004441 ) ;
#600 = CARTESIAN_POINT ( 'NONE',  ( 14.13460834179722347, -13.98019409858977546, 0.5000000000000000000 ) ) ;
#601 = DIRECTION ( 'NONE',  ( 0.000000000000000000, 1.000000000000000000, 0.000000000000000000 ) ) ;
#602 = FACE_OUTER_BOUND ( 'NONE', #1425, .T. ) ;
#603 = ORIENTED_EDGE ( 'NONE', *, *, #1331, .F. ) ;
#604 = EDGE_LOOP ( 'NONE', ( #1257, #1859 ) ) ;
#605 = VERTEX_POINT ( 'NONE', #1249 ) ;
#606 = CARTESIAN_POINT ( 'NONE',  ( -17.75000000000000355, 16.75000000000000000, 1.500000000000000000 ) ) ;
#607 = DIRECTION ( 'NONE',  ( -1.000000000000000000, 0.000000000000000000, 0.000000000000000000 ) ) ;
#608 = AXIS2_PLACEMENT_3D ( 'NONE', #734, #1386, #1889 ) ;
#609 = ORIENTED_EDGE ( 'NONE', *, *, #1696, .T. ) ;
#610 = DIRECTION ( 'NONE',  ( 1.224646799147353207E-16, 1.000000000000000000, 0.000000000000000000 ) ) ;
#611 = DIRECTION ( 'NONE',  ( -1.000000000000000000, 0.000000000000000000, 0.000000000000000000 ) ) ;
#612 = DIRECTION ( 'NONE',  ( 0.000000000000000000, 0.000000000000000000, 1.000000000000000000 ) ) ;
#613 = ORIENTED_EDGE ( 'NONE', *, *, #767, .T. ) ;
#614 = AXIS2_PLACEMENT_3D ( 'NONE', #1137, #10, #1798 ) ;
#615 = ORIENTED_EDGE ( 'NONE', *, *, #477, .F. ) ;
#616 = DIRECTION ( 'NONE',  ( 0.000000000000000000, 0.000000000000000000, -1.000000000000000000 ) ) ;
#617 = CARTESIAN_POINT ( 'NONE',  ( -2.969313137048013473, -16.54518584311808738, 0.000000000000000000 ) ) ;
#618 = CARTESIAN_POINT ( 'NONE',  ( -19.74999999999999645, -19.75000000000000000, 1.000000000000000000 ) ) ;
#619 = DIRECTION ( 'NONE',  ( -0.000000000000000000, 0.000000000000000000, 1.000000000000000000 ) ) ;
#620 = DIRECTION ( 'NONE',  ( 0.000000000000000000, 0.000000000000000000, -1.000000000000000000 ) ) ;
#621 = TOROIDAL_SURFACE ( 'NONE', #1367, 1.900000000000001021, 0.5000000000000000000 ) ;
#622 = ORIENTED_EDGE ( 'NONE', *, *, #683, .F. ) ;
#623 = CARTESIAN_POINT ( 'NONE',  ( -16.74999999999999645, -16.75000000000000000, 1.500000000000000000 ) ) ;
#624 = CARTESIAN_POINT ( 'NONE',  ( -13.86539165820248520, 14.01980590141022631, 0.5000000000000000000 ) ) ;
#625 = EDGE_CURVE ( 'NONE', #742, #117, #520, .T. ) ;
#626 = CIRCLE ( 'NONE', #1108, 0.5000000000000004441 ) ;
#627 = EDGE_CURVE ( 'NONE', #1190, #183, #2065, .T. ) ;
#628 = CARTESIAN_POINT ( 'NONE',  ( -17.25000000000000000, 17.25000000000000000, 1.500000000000000000 ) ) ;
#629 = EDGE_CURVE ( 'NONE', #403, #1207, #2097, .T. ) ;
#630 = TOROIDAL_SURFACE ( 'NONE', #1728, 1.900000000000001021, 0.5000000000000000000 ) ;
#631 = DIRECTION ( 'NONE',  ( -1.000000000000000000, 0.000000000000000000, 0.000000000000000000 ) ) ;
#632 = DIRECTION ( 'NONE',  ( -0.000000000000000000, -0.000000000000000000, 1.000000000000000000 ) ) ;
#633 = CIRCLE ( 'NONE', #86, 1.900000000000000577 ) ;
#634 = TOROIDAL_SURFACE ( 'NONE', #1826, 1.000000000000000000, 0.5000000000000000000 ) ;
#635 = EDGE_CURVE ( 'NONE', #711, #1190, #1927, .T. ) ;
#636 = ORIENTED_EDGE ( 'NONE', *, *, #1116, .F. ) ;
#637 = CIRCLE ( 'NONE', #1829, 1.900000000000000577 ) ;
#638 = CARTESIAN_POINT ( 'NONE',  ( -11.96539165820248485, 14.01980590141022631, 0.5000000000000000000 ) ) ;
#639 = DIRECTION ( 'NONE',  ( -0.000000000000000000, 0.000000000000000000, 1.000000000000000000 ) ) ;
#640 = CARTESIAN_POINT ( 'NONE',  ( -17.75000000000000355, 17.25000000000000000, 1.500000000000000000 ) ) ;
#641 = CIRCLE ( 'NONE', #197, 0.5000000000000004441 ) ;
#642 = DIRECTION ( 'NONE',  ( -1.000000000000000000, -0.000000000000000000, 0.000000000000000000 ) ) ;
#643 = AXIS2_PLACEMENT_3D ( 'NONE', #953, #782, #134 ) ;
#644 = ORIENTED_EDGE ( 'NONE', *, *, #730, .T. ) ;
#645 = EDGE_CURVE ( 'NONE', #48, #874, #1167, .T. ) ;
#646 = VECTOR ( 'NONE', #1011, 1000.000000000000000 ) ;
#647 = DIRECTION ( 'NONE',  ( -0.000000000000000000, -1.000000000000000000, -0.000000000000000000 ) ) ;
#648 = CARTESIAN_POINT ( 'NONE',  ( -11.26101507387955536, -15.54518584311808560, 0.5000000000000000000 ) ) ;
#649 = DIRECTION ( 'NONE',  ( -1.000000000000000000, -0.000000000000000000, -0.000000000000000000 ) ) ;
#650 = CARTESIAN_POINT ( 'NONE',  ( -2.969313137048013473, -15.54518584311808560, 0.5000000000000000000 ) ) ;
#651 =( NAMED_UNIT ( * ) PLANE_ANGLE_UNIT ( ) SI_UNIT ( $, .RADIAN. ) );
#652 = DIRECTION ( 'NONE',  ( -0.000000000000000000, 0.000000000000000000, 1.000000000000000000 ) ) ;
#653 = ORIENTED_EDGE ( 'NONE', *, *, #627, .F. ) ;
#654 = ORIENTED_EDGE ( 'NONE', *, *, #66, .F. ) ;
#655 = TOROIDAL_SURFACE ( 'NONE', #451, 1.000000000000000000, 0.5000000000000000000 ) ;
#656 = EDGE_CURVE ( 'NONE', #372, #1714, #1459, .T. ) ;
#657 = CARTESIAN_POINT ( 'NONE',  ( -19.24999999999999645, -19.25000000000000000, 1.500000000000000000 ) ) ;
#658 = DIRECTION ( 'NONE',  ( -0.000000000000000000, 0.000000000000000000, 1.000000000000000000 ) ) ;
#659 = DIRECTION ( 'NONE',  ( 0.000000000000000000, 0.000000000000000000, -1.000000000000000000 ) ) ;
#660 = DIRECTION ( 'NONE',  ( 0.000000000000000000, -0.000000000000000000, -1.000000000000000000 ) ) ;
#661 = ORIENTED_EDGE ( 'NONE', *, *, #247, .T. ) ;
#662 = MANIFOLD_SOLID_BREP ( 'Fillet1', #215 ) ;
#663 = EDGE_LOOP ( 'NONE', ( #1441, #582, #1569, #984 ) ) ;
#664 = FACE_OUTER_BOUND ( 'NONE', #1528, .T. ) ;
#665 = ADVANCED_FACE ( 'NONE', ( #1301 ), #177, .F. ) ;
#666 = DIRECTION ( 'NONE',  ( 0.000000000000000000, -1.000000000000000000, 0.000000000000000000 ) ) ;
#667 = DIRECTION ( 'NONE',  ( -0.000000000000000000, 0.000000000000000000, 1.000000000000000000 ) ) ;
#668 = DIRECTION ( 'NONE',  ( 0.000000000000000000, 0.000000000000000000, 1.000000000000000000 ) ) ;
#669 = ORIENTED_EDGE ( 'NONE', *, *, #247, .F. ) ;
#670 =( GEOMETRIC_REPRESENTATION_CONTEXT ( 3 ) GLOBAL_UNCERTAINTY_ASSIGNED_CONTEXT ( ( #142 ) ) GLOBAL_UNIT_ASSIGNED_CONTEXT ( ( #1466, #651, #1638 ) ) REPRESENTATION_CONTEXT ( 'NONE', 'WORKASPACE' ) );
#671 = EDGE_LOOP ( 'NONE', ( #294, #713, #1366, #353 ) ) ;
#672 = DIRECTION ( 'NONE',  ( -0.000000000000000000, 0.000000000000000000, 1.000000000000000000 ) ) ;
#673 = AXIS2_PLACEMENT_3D ( 'NONE', #1781, #667, #1321 ) ;
#674 = AXIS2_PLACEMENT_3D ( 'NONE', #2090, #960, #979 ) ;
#675 = DIRECTION ( 'NONE',  ( 0.000000000000000000, 0.000000000000000000, -1.000000000000000000 ) ) ;
#676 = DIRECTION ( 'NONE',  ( -0.000000000000000000, 0.000000000000000000, 1.000000000000000000 ) ) ;
#677 = CARTESIAN_POINT ( 'NONE',  ( 0.000000000000000000, 0.000000000000000000, 0.000000000000000000 ) ) ;
#678 = CARTESIAN_POINT ( 'NONE',  ( -13.86539165820248520, 14.01980590141022631, 1.000000000000000000 ) ) ;
#679 = DIRECTION ( 'NONE',  ( 1.000000000000000000, 8.783410004945858675E-17, -0.000000000000000000 ) ) ;
#680 = ORIENTED_EDGE ( 'NONE', *, *, #2003, .F. ) ;
#681 = DIRECTION ( 'NONE',  ( 1.000000000000000000, 0.000000000000000000, 0.000000000000000000 ) ) ;
#682 = ORIENTED_EDGE ( 'NONE', *, *, #1412, .T. ) ;
#683 = EDGE_CURVE ( 'NONE', #1985, #1759, #626, .T. ) ;
#684 = DIRECTION ( 'NONE',  ( 0.000000000000000000, 0.000000000000000000, -1.000000000000000000 ) ) ;
#685 = DIRECTION ( 'NONE',  ( 1.000000000000000000, 0.000000000000000000, 0.000000000000000000 ) ) ;
#686 = CARTESIAN_POINT ( 'NONE',  ( -10.76101507387955358, -15.54518584311808560, 0.5000000000000000000 ) ) ;
#687 = AXIS2_PLACEMENT_3D ( 'NONE', #2108, #642, #1810 ) ;
#688 = DIRECTION ( 'NONE',  ( 0.000000000000000000, 1.000000000000000000, 0.000000000000000000 ) ) ;
#689 = EDGE_CURVE ( 'NONE', #1247, #1971, #1652, .T. ) ;
#690 = VERTEX_POINT ( 'NONE', #156 ) ;
#691 = VECTOR ( 'NONE', #850, 1000.000000000000000 ) ;
#692 = EDGE_CURVE ( 'NONE', #80, #591, #484, .T. ) ;
#693 = ORIENTED_EDGE ( 'NONE', *, *, #472, .T. ) ;
#694 = VECTOR ( 'NONE', #1349, 1000.000000000000000 ) ;
#695 = DIRECTION ( 'NONE',  ( -0.000000000000000000, 0.000000000000000000, 1.000000000000000000 ) ) ;
#696 = CARTESIAN_POINT ( 'NONE',  ( 16.03460834179751515, 14.01980590141022631, 0.5000000000000000000 ) ) ;
#697 = DIRECTION ( 'NONE',  ( 0.000000000000000000, 0.000000000000000000, 1.000000000000000000 ) ) ;
#698 = ORIENTED_EDGE ( 'NONE', *, *, #656, .T. ) ;
#699 = CYLINDRICAL_SURFACE ( 'NONE', #263, 0.5000000000000000000 ) ;
#700 = CIRCLE ( 'NONE', #1998, 1.400000000000000133 ) ;
#701 = AXIS2_PLACEMENT_3D ( 'NONE', #1242, #1890, #759 ) ;
#702 = LINE ( 'NONE', #431, #513 ) ;
#703 = EDGE_LOOP ( 'NONE', ( #929, #389, #2020, #110 ) ) ;
#704 = CARTESIAN_POINT ( 'NONE',  ( 19.75000000000000000, 19.25000000000000000, 1.500000000000000000 ) ) ;
#705 = CARTESIAN_POINT ( 'NONE',  ( -11.76101507387955536, -11.68047140392108041, 0.000000000000000000 ) ) ;
#706 = EDGE_CURVE ( 'NONE', #282, #1207, #967, .T. ) ;
#707 = LINE ( 'NONE', #1169, #838 ) ;
#708 = ORIENTED_EDGE ( 'NONE', *, *, #1563, .T. ) ;
#709 = FACE_OUTER_BOUND ( 'NONE', #1019, .T. ) ;
#710 = ORIENTED_EDGE ( 'NONE', *, *, #1360, .T. ) ;
#711 = VERTEX_POINT ( 'NONE', #1797 ) ;
#712 = EDGE_CURVE ( 'NONE', #500, #1269, #327, .T. ) ;
#713 = ORIENTED_EDGE ( 'NONE', *, *, #851, .T. ) ;
#714 = CARTESIAN_POINT ( 'NONE',  ( 12.23460834179722312, -13.98019409858977546, 1.000000000000000000 ) ) ;
#715 = CIRCLE ( 'NONE', #74, 1.400000000000000133 ) ;
#716 = CARTESIAN_POINT ( 'NONE',  ( 19.25000000000000000, -19.25000000000000000, 0.5000000000000000000 ) ) ;
#717 = FACE_OUTER_BOUND ( 'NONE', #1376, .T. ) ;
#718 = FACE_OUTER_BOUND ( 'NONE', #770, .T. ) ;
#719 = ADVANCED_BREP_SHAPE_REPRESENTATION ( 'Back Case', ( #662, #1999 ), #670 ) ;
#720 = ORIENTED_EDGE ( 'NONE', *, *, #66, .T. ) ;
#721 = DIRECTION ( 'NONE',  ( -0.000000000000000000, 0.000000000000000000, 1.000000000000000000 ) ) ;
#722 = ORIENTED_EDGE ( 'NONE', *, *, #2080, .F. ) ;
#723 = ORIENTED_EDGE ( 'NONE', *, *, #1515, .F. ) ;
#724 = VECTOR ( 'NONE', #1785, 1000.000000000000000 ) ;
#725 = VERTEX_POINT ( 'NONE', #1119 ) ;
#726 = ORIENTED_EDGE ( 'NONE', *, *, #405, .F. ) ;
#727 = DIRECTION ( 'NONE',  ( -0.000000000000000000, 0.000000000000000000, 1.000000000000000000 ) ) ;
#728 = VECTOR ( 'NONE', #1088, 1000.000000000000000 ) ;
#729 = CIRCLE ( 'NONE', #1931, 0.5000000000000004441 ) ;
#730 = EDGE_CURVE ( 'NONE', #250, #246, #167, .T. ) ;
#731 = LINE ( 'NONE', #870, #1028 ) ;
#732 = AXIS2_PLACEMENT_3D ( 'NONE', #1611, #495, #616 ) ;
#733 = DIRECTION ( 'NONE',  ( 1.000000000000000000, 0.000000000000000000, 0.000000000000000000 ) ) ;
#734 = CARTESIAN_POINT ( 'NONE',  ( -13.86539165820248520, 14.01980590141022631, 0.5000000000000000000 ) ) ;
#735 = AXIS2_PLACEMENT_3D ( 'NONE', #1375, #67, #1700 ) ;
#736 = CYLINDRICAL_SURFACE ( 'NONE', #1683, 0.5000000000000004441 ) ;
#737 = CARTESIAN_POINT ( 'NONE',  ( 16.74999999999999645, 16.75000000000000000, 1.500000000000000000 ) ) ;
#738 = ORIENTED_EDGE ( 'NONE', *, *, #706, .T. ) ;
#739 = ORIENTED_EDGE ( 'NONE', *, *, #1784, .T. ) ;
#740 = ORIENTED_EDGE ( 'NONE', *, *, #303, .T. ) ;
#741 = AXIS2_PLACEMENT_3D ( 'NONE', #863, #32, #1025 ) ;
#742 = VERTEX_POINT ( 'NONE', #1433 ) ;
#743 = DIRECTION ( 'NONE',  ( 1.000000000000000000, 0.000000000000000000, 0.000000000000000000 ) ) ;
#744 = DIRECTION ( 'NONE',  ( 0.000000000000000000, 0.000000000000000000, 1.000000000000000000 ) ) ;
#745 = CIRCLE ( 'NONE', #673, 0.5000000000000004441 ) ;
#746 = VERTEX_POINT ( 'NONE', #1932 ) ;
#747 = CYLINDRICAL_SURFACE ( 'NONE', #269, 0.5000000000000004441 ) ;
#748 = CARTESIAN_POINT ( 'NONE',  ( 19.25000000000000000, 19.25000000000000000, 1.500000000000000000 ) ) ;
#749 = CARTESIAN_POINT ( 'NONE',  ( -19.74999999999999645, -19.25000000000000000, 0.5000000000000000000 ) ) ;
#750 = AXIS2_PLACEMENT_3D ( 'NONE', #1155, #1654, #172 ) ;
#751 = ORIENTED_EDGE ( 'NONE', *, *, #429, .T. ) ;
#752 = EDGE_LOOP ( 'NONE', ( #1537, #1897, #595, #1106 ) ) ;
#753 = ORIENTED_EDGE ( 'NONE', *, *, #656, .F. ) ;
#754 = ORIENTED_EDGE ( 'NONE', *, *, #255, .F. ) ;
#755 = DIRECTION ( 'NONE',  ( -1.000000000000000000, 0.000000000000000000, 0.000000000000000000 ) ) ;
#756 = CARTESIAN_POINT ( 'NONE',  ( 14.13460834179751480, 14.01980590141022631, 0.5000000000000000000 ) ) ;
#757 = CIRCLE ( 'NONE', #2014, 0.5000000000000000000 ) ;
#758 = CARTESIAN_POINT ( 'NONE',  ( -2.969313137048013473, -16.54518584311808738, 0.5000000000000000000 ) ) ;
#759 = DIRECTION ( 'NONE',  ( 0.000000000000000000, 0.000000000000000000, 1.000000000000000000 ) ) ;
#760 = DIRECTION ( 'NONE',  ( -0.000000000000000000, 1.000000000000000000, 0.000000000000000000 ) ) ;
#761 = EDGE_CURVE ( 'NONE', #774, #746, #805, .T. ) ;
#762 = ORIENTED_EDGE ( 'NONE', *, *, #1863, .T. ) ;
#763 = AXIS2_PLACEMENT_3D ( 'NONE', #1926, #1131, #1286 ) ;
#764 = EDGE_LOOP ( 'NONE', ( #2053, #1277, #1730, #1232 ) ) ;
#765 = ORIENTED_EDGE ( 'NONE', *, *, #1784, .F. ) ;
#766 = CARTESIAN_POINT ( 'NONE',  ( 14.13460834179751480, 14.01980590141022631, 0.5000000000000000000 ) ) ;
#767 = EDGE_CURVE ( 'NONE', #774, #591, #1347, .T. ) ;
#768 = FACE_OUTER_BOUND ( 'NONE', #166, .T. ) ;
#769 = AXIS2_PLACEMENT_3D ( 'NONE', #84, #894, #2036 ) ;
#770 = EDGE_LOOP ( 'NONE', ( #661, #8, #1487, #1421 ) ) ;
#771 = CARTESIAN_POINT ( 'NONE',  ( -1.969313137048010365, 3.511217125984698202E-16, 0.000000000000000000 ) ) ;
#772 = DIRECTION ( 'NONE',  ( -1.782965369970564202E-16, -1.000000000000000000, -0.000000000000000000 ) ) ;
#773 = FACE_BOUND ( 'NONE', #955, .T. ) ;
#774 = VERTEX_POINT ( 'NONE', #1806 ) ;
#775 = ORIENTED_EDGE ( 'NONE', *, *, #1040, .F. ) ;
#776 = DIRECTION ( 'NONE',  ( -6.938893903907228378E-15, 0.000000000000000000, -1.000000000000000000 ) ) ;
#777 = SPHERICAL_SURFACE ( 'NONE', #315, 0.5000000000000000000 ) ;
#778 = CIRCLE ( 'NONE', #1432, 0.5000000000000004441 ) ;
#779 = ORIENTED_EDGE ( 'NONE', *, *, #1924, .F. ) ;
#780 = DIRECTION ( 'NONE',  ( -1.000000000000000000, 0.000000000000000000, 0.000000000000000000 ) ) ;
#781 = VECTOR ( 'NONE', #489, 1000.000000000000000 ) ;
#782 = DIRECTION ( 'NONE',  ( 1.000000000000000000, 0.000000000000000000, 0.000000000000000000 ) ) ;
#783 = DIRECTION ( 'NONE',  ( -0.000000000000000000, 1.000000000000000000, -0.000000000000000000 ) ) ;
#784 = ORIENTED_EDGE ( 'NONE', *, *, #314, .F. ) ;
#785 = CIRCLE ( 'NONE', #674, 0.5000000000000000000 ) ;
#786 = CARTESIAN_POINT ( 'NONE',  ( -19.75000000000000000, 19.25000000000000000, 2.000000000000000000 ) ) ;
#787 = ADVANCED_FACE ( 'NONE', ( #337 ), #2088, .F. ) ;
#788 = EDGE_CURVE ( 'NONE', #1269, #985, #147, .T. ) ;
#789 = CARTESIAN_POINT ( 'NONE',  ( -17.25000000000000000, 16.75000000000000000, 1.500000000000000000 ) ) ;
#790 = DIRECTION ( 'NONE',  ( -0.000000000000000000, -0.000000000000000000, 1.000000000000000000 ) ) ;
#791 = ADVANCED_FACE ( 'NONE', ( #664 ), #1983, .F. ) ;
#792 = DIRECTION ( 'NONE',  ( 1.000000000000000000, -0.000000000000000000, -0.000000000000000000 ) ) ;
#793 = FACE_OUTER_BOUND ( 'NONE', #1586, .T. ) ;
#794 = EDGE_LOOP ( 'NONE', ( #1529, #1339, #1688, #722 ) ) ;
#795 = AXIS2_PLACEMENT_3D ( 'NONE', #1762, #1592, #2073 ) ;
#796 =( LENGTH_UNIT ( ) NAMED_UNIT ( * ) SI_UNIT ( .MILLI., .METRE. ) );
#797 = CIRCLE ( 'NONE', #594, 0.5000000000000000000 ) ;
#798 = CARTESIAN_POINT ( 'NONE',  ( 19.25000000000000000, -19.25000000000000000, 1.500000000000000000 ) ) ;
#799 = EDGE_CURVE ( 'NONE', #1759, #119, #426, .T. ) ;
#800 = EDGE_CURVE ( 'NONE', #1245, #593, #1176, .T. ) ;
#801 = CARTESIAN_POINT ( 'NONE',  ( -13.86539165820248520, 14.01980590141022631, 0.5000000000000000000 ) ) ;
#802 = AXIS2_PLACEMENT_3D ( 'NONE', #1158, #349, #1493 ) ;
#803 = CARTESIAN_POINT ( 'NONE',  ( 19.75000000000000000, -19.25000000000000000, 0.5000000000000000000 ) ) ;
#804 = ORIENTED_EDGE ( 'NONE', *, *, #767, .F. ) ;
#805 = CIRCLE ( 'NONE', #732, 0.5000000000000000000 ) ;
#806 = AXIS2_PLACEMENT_3D ( 'NONE', #1371, #1665, #44 ) ;
#807 = EDGE_CURVE ( 'NONE', #56, #433, #523, .T. ) ;
#808 = DIRECTION ( 'NONE',  ( -1.000000000000000000, 0.000000000000000000, 0.000000000000000000 ) ) ;
#809 = CARTESIAN_POINT ( 'NONE',  ( -15.76539165820248556, 14.01980590141022631, 0.000000000000000000 ) ) ;
#810 = DIRECTION ( 'NONE',  ( -0.000000000000000000, 0.000000000000000000, 1.000000000000000000 ) ) ;
#811 = CIRCLE ( 'NONE', #1905, 0.5000000000000004441 ) ;
#812 = DIRECTION ( 'NONE',  ( -0.000000000000000000, 0.000000000000000000, 1.000000000000000000 ) ) ;
#813 = EDGE_CURVE ( 'NONE', #690, #950, #1003, .T. ) ;
#814 = EDGE_LOOP ( 'NONE', ( #864, #554, #1325, #1045 ) ) ;
#815 = AXIS2_PLACEMENT_3D ( 'NONE', #650, #1628, #1148 ) ;
#816 = ORIENTED_EDGE ( 'NONE', *, *, #285, .F. ) ;
#817 = CARTESIAN_POINT ( 'NONE',  ( 19.75000000000000000, -19.25000000000000000, 1.000000000000000000 ) ) ;
#818 = CYLINDRICAL_SURFACE ( 'NONE', #1439, 0.5000000000000004441 ) ;
#819 = CARTESIAN_POINT ( 'NONE',  ( -2.969313137048012585, -10.68047140392107863, 0.5000000000000000000 ) ) ;
#820 = DIRECTION ( 'NONE',  ( -8.783410004945858675E-17, 1.000000000000000000, -0.000000000000000000 ) ) ;
#821 = DIRECTION ( 'NONE',  ( 1.000000000000000000, 0.000000000000000000, 0.000000000000000000 ) ) ;
#822 = EDGE_LOOP ( 'NONE', ( #1894, #1393, #1870, #237 ) ) ;
#823 = VERTEX_POINT ( 'NONE', #1327 ) ;
#824 = CIRCLE ( 'NONE', #1881, 1.900000000000000577 ) ;
#825 = DIRECTION ( 'NONE',  ( -0.000000000000000000, 0.000000000000000000, 1.000000000000000000 ) ) ;
#826 = CYLINDRICAL_SURFACE ( 'NONE', #1607, 0.5000000000000000000 ) ;
#827 = DIRECTION ( 'NONE',  ( -0.000000000000000000, 0.000000000000000000, 1.000000000000000000 ) ) ;
#828 = VECTOR ( 'NONE', #647, 1000.000000000000000 ) ;
#829 = DIRECTION ( 'NONE',  ( 1.000000000000000000, 0.000000000000000000, 0.000000000000000000 ) ) ;
#830 = EDGE_LOOP ( 'NONE', ( #1029, #609, #420, #1505 ) ) ;
#831 = CIRCLE ( 'NONE', #356, 0.5000000000000000000 ) ;
#832 = ORIENTED_EDGE ( 'NONE', *, *, #1539, .T. ) ;
#833 = DIRECTION ( 'NONE',  ( 0.000000000000000000, -0.000000000000000000, 1.000000000000000000 ) ) ;
#834 = AXIS2_PLACEMENT_3D ( 'NONE', #875, #2016, #1868 ) ;
#835 = CARTESIAN_POINT ( 'NONE',  ( -16.75000000000000000, -17.25000000000000000, 1.000000000000000000 ) ) ;
#836 = CARTESIAN_POINT ( 'NONE',  ( -1.969313137048012585, -11.68047140392108041, 0.5000000000000000000 ) ) ;
#837 = SHAPE_DEFINITION_REPRESENTATION ( #840, #719 ) ;
#838 = VECTOR ( 'NONE', #396, 1000.000000000000000 ) ;
#839 = ORIENTED_EDGE ( 'NONE', *, *, #1922, .F. ) ;
#840 = PRODUCT_DEFINITION_SHAPE ( 'NONE', 'NONE',  #208 ) ;
#841 = DIRECTION ( 'NONE',  ( 0.000000000000000000, 0.000000000000000000, 1.000000000000000000 ) ) ;
#842 = CIRCLE ( 'NONE', #367, 1.000000000000000888 ) ;
#843 = EDGE_CURVE ( 'NONE', #48, #530, #1895, .T. ) ;
#844 = ADVANCED_FACE ( 'NONE', ( #1842 ), #699, .T. ) ;
#845 = EDGE_CURVE ( 'NONE', #209, #742, #1076, .T. ) ;
#846 = ADVANCED_FACE ( 'NONE', ( #1355 ), #634, .T. ) ;
#847 = CIRCLE ( 'NONE', #339, 1.900000000000000577 ) ;
#848 = CARTESIAN_POINT ( 'NONE',  ( -10.76101507387955358, -16.54518584311808738, 1.000000000000000000 ) ) ;
#849 = CARTESIAN_POINT ( 'NONE',  ( -1.969313137048012585, -11.18047140392108041, 0.5000000000000000000 ) ) ;
#850 = DIRECTION ( 'NONE',  ( -0.000000000000000000, 1.000000000000000000, -0.000000000000000000 ) ) ;
#851 = EDGE_CURVE ( 'NONE', #56, #1059, #1317, .T. ) ;
#852 = CYLINDRICAL_SURFACE ( 'NONE', #1179, 0.5000000000000000000 ) ;
#853 = ADVANCED_FACE ( 'NONE', ( #1680 ), #2007, .T. ) ;
#854 = EDGE_LOOP ( 'NONE', ( #1219, #1667, #1754, #78 ) ) ;
#855 = CIRCLE ( 'NONE', #2054, 0.5000000000000004441 ) ;
#856 = EDGE_LOOP ( 'NONE', ( #481, #124, #1630, #419 ) ) ;
#857 = CIRCLE ( 'NONE', #460, 1.000000000000000888 ) ;
#858 = CARTESIAN_POINT ( 'NONE',  ( 16.74999999999999645, -16.75000000000000000, 1.500000000000000000 ) ) ;
#859 = CYLINDRICAL_SURFACE ( 'NONE', #1747, 0.5000000000000000000 ) ;
#860 = DIRECTION ( 'NONE',  ( 1.000000000000000000, 0.000000000000000000, 0.000000000000000000 ) ) ;
#861 = TOROIDAL_SURFACE ( 'NONE', #1136, 1.000000000000000000, 0.5000000000000000000 ) ;
#862 = ADVANCED_FACE ( 'NONE', ( #1488 ), #1821, .T. ) ;
#863 = CARTESIAN_POINT ( 'NONE',  ( -16.75000000000000000, 17.75000000000000355, 1.500000000000000000 ) ) ;
#864 = ORIENTED_EDGE ( 'NONE', *, *, #186, .T. ) ;
#865 = CARTESIAN_POINT ( 'NONE',  ( -16.74999999999999645, -17.25000000000000000, 1.500000000000000000 ) ) ;
#866 = EDGE_LOOP ( 'NONE', ( #1593, #568, #1132 ) ) ;
#867 = AXIS2_PLACEMENT_3D ( 'NONE', #1817, #223, #1361 ) ;
#868 = VERTEX_POINT ( 'NONE', #865 ) ;
#869 = ADVANCED_FACE ( 'NONE', ( #1517 ), #92, .T. ) ;
#870 = CARTESIAN_POINT ( 'NONE',  ( -19.75000000000000000, 19.75000000000000000, 1.500000000000000000 ) ) ;
#871 = DIRECTION ( 'NONE',  ( 0.000000000000000000, 0.000000000000000000, -1.000000000000000000 ) ) ;
#872 = CARTESIAN_POINT ( 'NONE',  ( -19.24999999999999645, -19.75000000000000000, 0.5000000000000000000 ) ) ;
#873 = EDGE_CURVE ( 'NONE', #239, #1026, #1287, .T. ) ;
#874 = VERTEX_POINT ( 'NONE', #1035 ) ;
#875 = CARTESIAN_POINT ( 'NONE',  ( -19.74999999999999645, -19.25000000000000000, 0.5000000000000000000 ) ) ;
#876 = ORIENTED_EDGE ( 'NONE', *, *, #1899, .T. ) ;
#877 = VERTEX_POINT ( 'NONE', #1006 ) ;
#878 = ORIENTED_EDGE ( 'NONE', *, *, #1715, .T. ) ;
#879 = VECTOR ( 'NONE', #972, 1000.000000000000000 ) ;
#880 = DIRECTION ( 'NONE',  ( -8.783410004945858675E-17, 1.000000000000000000, -0.000000000000000000 ) ) ;
#881 = CARTESIAN_POINT ( 'NONE',  ( -19.75000000000000000, 19.25000000000000000, 0.5000000000000000000 ) ) ;
#882 = AXIS2_PLACEMENT_3D ( 'NONE', #2106, #478, #320 ) ;
#883 = DIRECTION ( 'NONE',  ( 0.000000000000000000, 0.000000000000000000, 1.000000000000000000 ) ) ;
#884 = ORIENTED_EDGE ( 'NONE', *, *, #843, .F. ) ;
#885 = CARTESIAN_POINT ( 'NONE',  ( -16.74999999999999645, -16.75000000000000000, 1.500000000000000000 ) ) ;
#886 = EDGE_LOOP ( 'NONE', ( #622, #1916, #710, #206 ) ) ;
#887 = EDGE_CURVE ( 'NONE', #1086, #510, #1689, .T. ) ;
#888 = ORIENTED_EDGE ( 'NONE', *, *, #1800, .T. ) ;
#889 = ORIENTED_EDGE ( 'NONE', *, *, #692, .F. ) ;
#890 = ORIENTED_EDGE ( 'NONE', *, *, #1672, .T. ) ;
#891 = DIRECTION ( 'NONE',  ( -0.000000000000000000, 0.000000000000000000, 1.000000000000000000 ) ) ;
#892 = DIRECTION ( 'NONE',  ( -1.000000000000000000, -0.000000000000000000, -0.000000000000000000 ) ) ;
#893 = CIRCLE ( 'NONE', #1237, 0.5000000000000000000 ) ;
#894 = DIRECTION ( 'NONE',  ( -0.000000000000000000, 0.000000000000000000, 1.000000000000000000 ) ) ;
#895 = FACE_OUTER_BOUND ( 'NONE', #1525, .T. ) ;
#896 = CARTESIAN_POINT ( 'NONE',  ( 19.25000000000000000, -19.25000000000000000, 0.5000000000000000000 ) ) ;
#897 = EDGE_LOOP ( 'NONE', ( #1921, #229, #1214, #552 ) ) ;
#898 = ORIENTED_EDGE ( 'NONE', *, *, #468, .T. ) ;
#899 = CARTESIAN_POINT ( 'NONE',  ( -17.75000000000000355, -1.785005315860192710E-15, 2.000000000000000000 ) ) ;
#900 = AXIS2_PLACEMENT_3D ( 'NONE', #606, #1260, #1542 ) ;
#901 = ORIENTED_EDGE ( 'NONE', *, *, #1172, .F. ) ;
#902 = ORIENTED_EDGE ( 'NONE', *, *, #939, .T. ) ;
#903 = FACE_OUTER_BOUND ( 'NONE', #175, .T. ) ;
#904 = AXIS2_PLACEMENT_3D ( 'NONE', #585, #421, #1071 ) ;
#905 = CIRCLE ( 'NONE', #2024, 0.5000000000000000000 ) ;
#906 = PLANE ( 'NONE',  #1588 ) ;
#907 = AXIS2_PLACEMENT_3D ( 'NONE', #1849, #531, #1668 ) ;
#908 = CARTESIAN_POINT ( 'NONE',  ( -17.25000000000000000, 17.75000000000000355, 1.500000000000000000 ) ) ;
#909 = DIRECTION ( 'NONE',  ( -1.000000000000000000, 0.000000000000000000, 0.000000000000000000 ) ) ;
#910 = CIRCLE ( 'NONE', #735, 0.5000000000000000000 ) ;
#911 = DIRECTION ( 'NONE',  ( 1.224646799147353207E-16, 1.000000000000000000, 0.000000000000000000 ) ) ;
#912 = CARTESIAN_POINT ( 'NONE',  ( 16.74999999999999645, -17.75000000000000355, 2.000000000000000000 ) ) ;
#913 = ORIENTED_EDGE ( 'NONE', *, *, #1948, .F. ) ;
#914 = FACE_OUTER_BOUND ( 'NONE', #1558, .T. ) ;
#915 = ORIENTED_EDGE ( 'NONE', *, *, #1786, .F. ) ;
#916 = CIRCLE ( 'NONE', #741, 0.5000000000000000000 ) ;
#917 = ORIENTED_EDGE ( 'NONE', *, *, #1255, .T. ) ;
#918 = DIRECTION ( 'NONE',  ( -0.000000000000000000, 1.000000000000000000, 0.000000000000000000 ) ) ;
#919 = EDGE_CURVE ( 'NONE', #1026, #239, #300, .T. ) ;
#920 = DIRECTION ( 'NONE',  ( 1.000000000000000000, 0.000000000000000000, 0.000000000000000000 ) ) ;
#921 = ADVANCED_FACE ( 'NONE', ( #709 ), #90, .T. ) ;
#922 = CARTESIAN_POINT ( 'NONE',  ( -13.86539165820277653, -13.98019409858977546, 0.5000000000000000000 ) ) ;
#923 = CARTESIAN_POINT ( 'NONE',  ( -13.86539165820248520, 14.01980590141022631, 0.000000000000000000 ) ) ;
#924 = CARTESIAN_POINT ( 'NONE',  ( -11.76101507387955536, -15.54518584311808560, 0.5000000000000000000 ) ) ;
#925 = ORIENTED_EDGE ( 'NONE', *, *, #1299, .F. ) ;
#926 = EDGE_CURVE ( 'NONE', #1429, #388, #637, .T. ) ;
#927 = ORIENTED_EDGE ( 'NONE', *, *, #845, .T. ) ;
#928 = ORIENTED_EDGE ( 'NONE', *, *, #415, .F. ) ;
#929 = ORIENTED_EDGE ( 'NONE', *, *, #338, .T. ) ;
#930 = DIRECTION ( 'NONE',  ( 1.000000000000000000, 0.000000000000000000, 0.000000000000000000 ) ) ;
#931 = AXIS2_PLACEMENT_3D ( 'NONE', #2000, #892, #1351 ) ;
#932 = DIRECTION ( 'NONE',  ( -1.000000000000000000, 0.000000000000000000, 0.000000000000000000 ) ) ;
#933 = LINE ( 'NONE', #304, #504 ) ;
#934 = DIRECTION ( 'NONE',  ( 0.000000000000000000, -0.000000000000000000, -1.000000000000000000 ) ) ;
#935 = ORIENTED_EDGE ( 'NONE', *, *, #563, .F. ) ;
#936 = ORIENTED_EDGE ( 'NONE', *, *, #1678, .T. ) ;
#937 = FACE_OUTER_BOUND ( 'NONE', #856, .T. ) ;
#938 = DIRECTION ( 'NONE',  ( 1.000000000000000000, 0.000000000000000000, 0.000000000000000000 ) ) ;
#939 = EDGE_CURVE ( 'NONE', #1699, #1755, #1768, .T. ) ;
#940 = ORIENTED_EDGE ( 'NONE', *, *, #1778, .F. ) ;
#941 = CARTESIAN_POINT ( 'NONE',  ( -19.74999999999999645, -19.75000000000000000, 0.5000000000000000000 ) ) ;
#942 = DIRECTION ( 'NONE',  ( 0.000000000000000000, 0.000000000000000000, -1.000000000000000000 ) ) ;
#943 = FACE_BOUND ( 'NONE', #344, .T. ) ;
#944 = EDGE_CURVE ( 'NONE', #17, #605, #910, .T. ) ;
#945 = ORIENTED_EDGE ( 'NONE', *, *, #1922, .T. ) ;
#946 = ADVANCED_FACE ( 'NONE', ( #2040 ), #267, .T. ) ;
#947 = CARTESIAN_POINT ( 'NONE',  ( 12.23460834179722312, -13.98019409858977546, 0.5000000000000000000 ) ) ;
#948 = ADVANCED_FACE ( 'NONE', ( #1215 ), #1552, .T. ) ;
#949 = CARTESIAN_POINT ( 'NONE',  ( -10.76101507387955358, -11.68047140392108041, 1.000000000000000000 ) ) ;
#950 = VERTEX_POINT ( 'NONE', #248 ) ;
#951 = CARTESIAN_POINT ( 'NONE',  ( -12.46539165820277617, -13.98019409858977546, 0.5000000000000000000 ) ) ;
#952 = CIRCLE ( 'NONE', #1018, 0.5000000000000000000 ) ;
#953 = CARTESIAN_POINT ( 'NONE',  ( -2.469313137048012585, -10.68047140392107863, 0.5000000000000000000 ) ) ;
#954 = DIRECTION ( 'NONE',  ( -0.000000000000000000, 0.000000000000000000, 1.000000000000000000 ) ) ;
#955 = EDGE_LOOP ( 'NONE', ( #548, #1420 ) ) ;
#956 = CIRCLE ( 'NONE', #1052, 0.5000000000000000000 ) ;
#957 = ADVANCED_FACE ( 'NONE', ( #1204 ), #549, .T. ) ;
#958 = CARTESIAN_POINT ( 'NONE',  ( -0.000000000000000000, -16.54518584311808738, 0.000000000000000000 ) ) ;
#959 = ADVANCED_FACE ( 'NONE', ( #383 ), #409, .T. ) ;
#960 = DIRECTION ( 'NONE',  ( -1.000000000000000000, -0.000000000000000000, -0.000000000000000000 ) ) ;
#961 = DIRECTION ( 'NONE',  ( 0.000000000000000000, 0.000000000000000000, -1.000000000000000000 ) ) ;
#962 = DIRECTION ( 'NONE',  ( 1.000000000000000000, 0.000000000000000000, 0.000000000000000000 ) ) ;
#963 = CIRCLE ( 'NONE', #1273, 0.5000000000000000000 ) ;
#964 = ORIENTED_EDGE ( 'NONE', *, *, #1184, .T. ) ;
#965 = EDGE_CURVE ( 'NONE', #1244, #1955, #193, .T. ) ;
#966 = VECTOR ( 'NONE', #2055, 1000.000000000000000 ) ;
#967 = LINE ( 'NONE', #958, #724 ) ;
#968 = CIRCLE ( 'NONE', #45, 1.900000000000000577 ) ;
#969 = DIRECTION ( 'NONE',  ( 1.000000000000000000, 0.000000000000000000, 0.000000000000000000 ) ) ;
#970 = ADVANCED_FACE ( 'NONE', ( #1692 ), #1191, .T. ) ;
#971 = CARTESIAN_POINT ( 'NONE',  ( -19.25000000000000000, 19.25000000000000000, 1.500000000000000000 ) ) ;
#972 = DIRECTION ( 'NONE',  ( 1.000000000000000000, -0.000000000000000000, 0.000000000000000000 ) ) ;
#973 = UNCERTAINTY_MEASURE_WITH_UNIT (LENGTH_MEASURE( 1.000000000000000082E-05 ), #796, 'distance_accuracy_value', 'NONE');
#974 = AXIS2_PLACEMENT_3D ( 'NONE', #574, #410, #733 ) ;
#975 = CARTESIAN_POINT ( 'NONE',  ( 19.75000000000000000, -19.25000000000000000, 1.500000000000000000 ) ) ;
#976 = EDGE_LOOP ( 'NONE', ( #2048, #902, #430 ) ) ;
#977 = ORIENTED_EDGE ( 'NONE', *, *, #712, .T. ) ;
#978 = APPLICATION_CONTEXT ( 'automotive_design' ) ;
#979 = DIRECTION ( 'NONE',  ( 0.000000000000000000, 0.000000000000000000, -1.000000000000000000 ) ) ;
#980 = CARTESIAN_POINT ( 'NONE',  ( 15.53460834179722383, -13.98019409858977546, 0.5000000000000000000 ) ) ;
#981 = DIRECTION ( 'NONE',  ( 1.000000000000000000, -0.000000000000000000, 0.000000000000000000 ) ) ;
#982 = AXIS2_PLACEMENT_3D ( 'NONE', #1494, #688, #361 ) ;
#983 = PRODUCT_DEFINITION_FORMATION_WITH_SPECIFIED_SOURCE ( 'ANY', '', #2002, .NOT_KNOWN. ) ;
#984 = ORIENTED_EDGE ( 'NONE', *, *, #1114, .T. ) ;
#985 = VERTEX_POINT ( 'NONE', #557 ) ;
#986 = DIRECTION ( 'NONE',  ( -1.005636797667714163E-16, 1.000000000000000000, 0.000000000000000000 ) ) ;
#987 = TOROIDAL_SURFACE ( 'NONE', #1499, 1.900000000000001021, 0.5000000000000000000 ) ;
#988 = LINE ( 'NONE', #835, #140 ) ;
#989 = DIRECTION ( 'NONE',  ( 0.000000000000000000, 1.000000000000000000, 0.000000000000000000 ) ) ;
#990 = DIRECTION ( 'NONE',  ( 1.000000000000000000, 0.000000000000000000, 0.000000000000000000 ) ) ;
#991 = EDGE_LOOP ( 'NONE', ( #682, #1869, #2017, #522 ) ) ;
#992 = ORIENTED_EDGE ( 'NONE', *, *, #689, .T. ) ;
#993 = VECTOR ( 'NONE', #1121, 1000.000000000000000 ) ;
#994 = DIRECTION ( 'NONE',  ( 1.000000000000000000, 0.000000000000000000, -0.000000000000000000 ) ) ;
#995 = DIRECTION ( 'NONE',  ( 1.005636797667714163E-16, -1.000000000000000000, 0.000000000000000000 ) ) ;
#996 = DIRECTION ( 'NONE',  ( 1.000000000000000000, 0.000000000000000000, 0.000000000000000000 ) ) ;
#997 = VECTOR ( 'NONE', #1601, 1000.000000000000000 ) ;
#998 = DIRECTION ( 'NONE',  ( -1.000000000000000000, 0.000000000000000000, 0.000000000000000000 ) ) ;
#999 = ORIENTED_EDGE ( 'NONE', *, *, #843, .T. ) ;
#1000 = AXIS2_PLACEMENT_3D ( 'NONE', #2058, #743, #112 ) ;
#1001 = EDGE_CURVE ( 'NONE', #250, #500, #963, .T. ) ;
#1002 = AXIS2_PLACEMENT_3D ( 'NONE', #696, #1333, #871 ) ;
#1003 = CIRCLE ( 'NONE', #1991, 0.5000000000000004441 ) ;
#1004 = ORIENTED_EDGE ( 'NONE', *, *, #405, .T. ) ;
#1005 = ADVANCED_FACE ( 'NONE', ( #51 ), #289, .T. ) ;
#1006 = CARTESIAN_POINT ( 'NONE',  ( -16.75000000000000000, -16.75000000000000000, 1.000000000000000000 ) ) ;
#1007 = EDGE_CURVE ( 'NONE', #1907, #1069, #757, .T. ) ;
#1008 = AXIS2_PLACEMENT_3D ( 'NONE', #737, #2028, #1535 ) ;
#1009 = ADVANCED_FACE ( 'NONE', ( #1180 ), #544, .T. ) ;
#1010 = CARTESIAN_POINT ( 'NONE',  ( -13.86539165820248520, 14.01980590141022631, 0.5000000000000000000 ) ) ;
#1011 = DIRECTION ( 'NONE',  ( -0.000000000000000000, -1.000000000000000000, -0.000000000000000000 ) ) ;
#1012 = CARTESIAN_POINT ( 'NONE',  ( -13.86539165820277653, -13.98019409858977546, 0.5000000000000000000 ) ) ;
#1013 = AXIS2_PLACEMENT_3D ( 'NONE', #204, #1846, #1201 ) ;
#1014 = FACE_BOUND ( 'NONE', #1650, .T. ) ;
#1015 = AXIS2_PLACEMENT_3D ( 'NONE', #115, #1761, #1416 ) ;
#1016 = ORIENTED_EDGE ( 'NONE', *, *, #706, .F. ) ;
#1017 = DIRECTION ( 'NONE',  ( 1.000000000000000000, 0.000000000000000000, 0.000000000000000000 ) ) ;
#1018 = AXIS2_PLACEMENT_3D ( 'NONE', #1605, #141, #1944 ) ;
#1019 = EDGE_LOOP ( 'NONE', ( #382, #753, #350, #1380 ) ) ;
#1020 = EDGE_CURVE ( 'NONE', #711, #1365, #11, .T. ) ;
#1021 = CIRCLE ( 'NONE', #1300, 1.000000000000000888 ) ;
#1022 = CARTESIAN_POINT ( 'NONE',  ( 0.000000000000000000, -16.75000000000000000, 1.500000000000000000 ) ) ;
#1023 = LINE ( 'NONE', #358, #646 ) ;
#1024 = FACE_OUTER_BOUND ( 'NONE', #976, .T. ) ;
#1025 = DIRECTION ( 'NONE',  ( 0.000000000000000000, 0.000000000000000000, 1.000000000000000000 ) ) ;
#1026 = VERTEX_POINT ( 'NONE', #714 ) ;
#1027 = CARTESIAN_POINT ( 'NONE',  ( -19.74999999999999645, -19.25000000000000000, 1.000000000000000000 ) ) ;
#1028 = VECTOR ( 'NONE', #880, 1000.000000000000000 ) ;
#1029 = ORIENTED_EDGE ( 'NONE', *, *, #471, .F. ) ;
#1030 = DIRECTION ( 'NONE',  ( -0.000000000000000000, 1.000000000000000000, -0.000000000000000000 ) ) ;
#1031 = ADVANCED_FACE ( 'NONE', ( #231 ), #621, .T. ) ;
#1032 = DIRECTION ( 'NONE',  ( -0.000000000000000000, 0.000000000000000000, 1.000000000000000000 ) ) ;
#1033 = CARTESIAN_POINT ( 'NONE',  ( 17.75000000000000000, -16.75000000000000000, 2.000000000000000000 ) ) ;
#1034 = ORIENTED_EDGE ( 'NONE', *, *, #919, .F. ) ;
#1035 = CARTESIAN_POINT ( 'NONE',  ( -2.969313137048012585, -11.18047140392108041, 0.5000000000000000000 ) ) ;
#1036 = ORIENTED_EDGE ( 'NONE', *, *, #1800, .F. ) ;
#1037 = ORIENTED_EDGE ( 'NONE', *, *, #2093, .F. ) ;
#1038 = CARTESIAN_POINT ( 'NONE',  ( -19.25000000000000000, 19.75000000000000000, 0.5000000000000000000 ) ) ;
#1039 = DIRECTION ( 'NONE',  ( -1.000000000000000000, 0.000000000000000000, 0.000000000000000000 ) ) ;
#1040 = EDGE_CURVE ( 'NONE', #1059, #1100, #731, .T. ) ;
#1041 = CARTESIAN_POINT ( 'NONE',  ( 14.13460834179751480, 14.01980590141022631, 0.5000000000000000000 ) ) ;
#1042 = ORIENTED_EDGE ( 'NONE', *, *, #31, .T. ) ;
#1043 = DIRECTION ( 'NONE',  ( 0.000000000000000000, -0.000000000000000000, -1.000000000000000000 ) ) ;
#1044 = ORIENTED_EDGE ( 'NONE', *, *, #468, .F. ) ;
#1045 = ORIENTED_EDGE ( 'NONE', *, *, #1230, .F. ) ;
#1046 = ORIENTED_EDGE ( 'NONE', *, *, #2009, .T. ) ;
#1047 = ORIENTED_EDGE ( 'NONE', *, *, #1613, .T. ) ;
#1048 = CARTESIAN_POINT ( 'NONE',  ( 19.25000000000000000, 19.75000000000000000, 0.5000000000000000000 ) ) ;
#1049 = VECTOR ( 'NONE', #1284, 1000.000000000000000 ) ;
#1050 = DIRECTION ( 'NONE',  ( 1.000000000000000000, 0.000000000000000000, 0.000000000000000000 ) ) ;
#1051 = CARTESIAN_POINT ( 'NONE',  ( -10.76101507387955358, -10.68047140392107863, 1.000000000000000000 ) ) ;
#1052 = AXIS2_PLACEMENT_3D ( 'NONE', #638, #1291, #309 ) ;
#1053 = FACE_OUTER_BOUND ( 'NONE', #2010, .T. ) ;
#1054 = DIRECTION ( 'NONE',  ( 0.000000000000000000, -1.000000000000000000, 0.000000000000000000 ) ) ;
#1055 = ORIENTED_EDGE ( 'NONE', *, *, #1007, .T. ) ;
#1056 = CARTESIAN_POINT ( 'NONE',  ( -13.86539165820277653, -13.98019409858977546, 0.000000000000000000 ) ) ;
#1057 = ORIENTED_EDGE ( 'NONE', *, *, #1224, .T. ) ;
#1058 = VERTEX_POINT ( 'NONE', #2022 ) ;
#1059 = VERTEX_POINT ( 'NONE', #1521 ) ;
#1060 = ORIENTED_EDGE ( 'NONE', *, *, #1938, .F. ) ;
#1061 = FACE_OUTER_BOUND ( 'NONE', #752, .T. ) ;
#1062 = DIRECTION ( 'NONE',  ( 1.000000000000000000, 0.000000000000000000, 0.000000000000000000 ) ) ;
#1063 = CARTESIAN_POINT ( 'NONE',  ( 17.24999999999999645, 16.75000000000000000, 1.500000000000000000 ) ) ;
#1064 = TOROIDAL_SURFACE ( 'NONE', #1509, 1.900000000000001021, 0.5000000000000000000 ) ;
#1065 = DIRECTION ( 'NONE',  ( 0.000000000000000000, 0.000000000000000000, -1.000000000000000000 ) ) ;
#1066 = ADVANCED_FACE ( 'NONE', ( #2011 ), #1382, .F. ) ;
#1067 = VERTEX_POINT ( 'NONE', #704 ) ;
#1068 = EDGE_LOOP ( 'NONE', ( #2092, #898, #1541, #1196 ) ) ;
#1069 = VERTEX_POINT ( 'NONE', #1511 ) ;
#1070 = EDGE_LOOP ( 'NONE', ( #925, #1084, #46, #1203 ) ) ;
#1071 = DIRECTION ( 'NONE',  ( 1.000000000000000000, 0.000000000000000000, 0.000000000000000000 ) ) ;
#1072 = AXIS2_PLACEMENT_3D ( 'NONE', #1559, #727, #1409 ) ;
#1073 = ADVANCED_FACE ( 'NONE', ( #1210 ), #1475, .T. ) ;
#1074 = AXIS2_PLACEMENT_3D ( 'NONE', #678, #182, #829 ) ;
#1075 = DIRECTION ( 'NONE',  ( -1.000000000000000000, -0.000000000000000000, -0.000000000000000000 ) ) ;
#1076 = CIRCLE ( 'NONE', #1556, 0.5000000000000004441 ) ;
#1077 = LINE ( 'NONE', #941, #879 ) ;
#1078 = EDGE_CURVE ( 'NONE', #874, #1643, #1410, .T. ) ;
#1079 = TOROIDAL_SURFACE ( 'NONE', #1461, 1.900000000000001021, 0.5000000000000000000 ) ;
#1080 = FACE_OUTER_BOUND ( 'NONE', #2087, .T. ) ;
#1081 = CARTESIAN_POINT ( 'NONE',  ( -19.25000000000000000, 19.25000000000000000, 1.500000000000000000 ) ) ;
#1082 = ORIENTED_EDGE ( 'NONE', *, *, #1980, .T. ) ;
#1083 = DIRECTION ( 'NONE',  ( 1.000000000000000000, 0.000000000000000000, 0.000000000000000000 ) ) ;
#1084 = ORIENTED_EDGE ( 'NONE', *, *, #255, .T. ) ;
#1085 = CIRCLE ( 'NONE', #608, 1.400000000000000133 ) ;
#1086 = VERTEX_POINT ( 'NONE', #1875 ) ;
#1087 = CIRCLE ( 'NONE', #1694, 1.900000000000000577 ) ;
#1088 = DIRECTION ( 'NONE',  ( -0.000000000000000000, -0.000000000000000000, 1.000000000000000000 ) ) ;
#1089 = DIRECTION ( 'NONE',  ( 1.000000000000000000, 0.000000000000000000, 0.000000000000000000 ) ) ;
#1090 = AXIS2_PLACEMENT_3D ( 'NONE', #836, #28, #211 ) ;
#1091 = SPHERICAL_SURFACE ( 'NONE', #60, 0.5000000000000000000 ) ;
#1092 = DIRECTION ( 'NONE',  ( 0.000000000000000000, 0.000000000000000000, 1.000000000000000000 ) ) ;
#1093 = DIRECTION ( 'NONE',  ( 1.000000000000000000, 0.000000000000000000, 0.000000000000000000 ) ) ;
#1094 = ORIENTED_EDGE ( 'NONE', *, *, #1773, .F. ) ;
#1095 = EDGE_LOOP ( 'NONE', ( #271, #2029, #693, #1856 ) ) ;
#1096 = ADVANCED_FACE ( 'NONE', ( #1061 ), #1757, .T. ) ;
#1097 = ORIENTED_EDGE ( 'NONE', *, *, #1560, .T. ) ;
#1098 = CARTESIAN_POINT ( 'NONE',  ( -2.969313137048013473, -15.54518584311808560, 0.000000000000000000 ) ) ;
#1099 = CARTESIAN_POINT ( 'NONE',  ( 14.13460834179751480, 14.01980590141022631, 0.000000000000000000 ) ) ;
#1100 = VERTEX_POINT ( 'NONE', #210 ) ;
#1101 = TOROIDAL_SURFACE ( 'NONE', #178, 1.900000000000001021, 0.5000000000000000000 ) ;
#1102 = EDGE_CURVE ( 'NONE', #1067, #250, #1262, .T. ) ;
#1103 = CYLINDRICAL_SURFACE ( 'NONE', #200, 0.5000000000000000000 ) ;
#1104 = DIRECTION ( 'NONE',  ( 0.000000000000000000, -0.000000000000000000, -1.000000000000000000 ) ) ;
#1105 = CARTESIAN_POINT ( 'NONE',  ( -2.469313137048012585, -11.18047140392108041, 0.5000000000000000000 ) ) ;
#1106 = ORIENTED_EDGE ( 'NONE', *, *, #1696, .F. ) ;
#1107 = ORIENTED_EDGE ( 'NONE', *, *, #2009, .F. ) ;
#1108 = AXIS2_PLACEMENT_3D ( 'NONE', #947, #1644, #1289 ) ;
#1109 = CARTESIAN_POINT ( 'NONE',  ( 17.75000000000000000, 17.25000000000000000, 1.500000000000000000 ) ) ;
#1110 = VECTOR ( 'NONE', #1664, 1000.000000000000000 ) ;
#1111 = ORIENTED_EDGE ( 'NONE', *, *, #1892, .F. ) ;
#1112 = LINE ( 'NONE', #771, #1389 ) ;
#1113 = CARTESIAN_POINT ( 'NONE',  ( 17.24999999999999645, -16.75000000000000000, 1.000000000000000000 ) ) ;
#1114 = EDGE_CURVE ( 'NONE', #511, #1058, #376, .T. ) ;
#1115 = CARTESIAN_POINT ( 'NONE',  ( -2.969313137048013473, -15.54518584311808560, 0.5000000000000000000 ) ) ;
#1116 = EDGE_CURVE ( 'NONE', #209, #725, #824, .T. ) ;
#1117 = AXIS2_PLACEMENT_3D ( 'NONE', #226, #565, #1364 ) ;
#1118 = ORIENTED_EDGE ( 'NONE', *, *, #586, .F. ) ;
#1119 = CARTESIAN_POINT ( 'NONE',  ( 16.03460834179751515, 14.01980590141022631, 1.000000000000000000 ) ) ;
#1120 = AXIS2_PLACEMENT_3D ( 'NONE', #1710, #244, #125 ) ;
#1121 = DIRECTION ( 'NONE',  ( -0.000000000000000000, -1.000000000000000000, -0.000000000000000000 ) ) ;
#1122 = AXIS2_PLACEMENT_3D ( 'NONE', #1275, #1104, #467 ) ;
#1123 = CARTESIAN_POINT ( 'NONE',  ( 19.25000000000000000, -19.25000000000000000, 1.500000000000000000 ) ) ;
#1124 = AXIS2_PLACEMENT_3D ( 'NONE', #38, #1816, #685 ) ;
#1125 = FACE_OUTER_BOUND ( 'NONE', #854, .T. ) ;
#1126 = CIRCLE ( 'NONE', #1670, 0.5000000000000000000 ) ;
#1127 = CARTESIAN_POINT ( 'NONE',  ( 0.000000000000000000, -17.75000000000000355, 2.000000000000000000 ) ) ;
#1128 = CARTESIAN_POINT ( 'NONE',  ( -17.25000000000000000, 17.25000000000000000, 1.500000000000000000 ) ) ;
#1129 = CARTESIAN_POINT ( 'NONE',  ( -16.74999999999999645, -16.75000000000000000, 1.500000000000000000 ) ) ;
#1130 = DIRECTION ( 'NONE',  ( 1.000000000000000000, 0.000000000000000000, 0.000000000000000000 ) ) ;
#1131 = DIRECTION ( 'NONE',  ( -0.000000000000000000, 0.000000000000000000, 1.000000000000000000 ) ) ;
#1132 = ORIENTED_EDGE ( 'NONE', *, *, #1199, .F. ) ;
#1133 = CIRCLE ( 'NONE', #1507, 1.000000000000000888 ) ;
#1134 = ORIENTED_EDGE ( 'NONE', *, *, #1778, .T. ) ;
#1135 = FILL_AREA_STYLE_COLOUR ( '', #184 ) ;
#1136 = AXIS2_PLACEMENT_3D ( 'NONE', #1115, #1142, #144 ) ;
#1137 = CARTESIAN_POINT ( 'NONE',  ( -10.76101507387955358, -16.54518584311808738, 0.5000000000000000000 ) ) ;
#1138 = ADVANCED_FACE ( 'NONE', ( #2070 ), #1818, .T. ) ;
#1139 = FACE_OUTER_BOUND ( 'NONE', #830, .T. ) ;
#1140 = CARTESIAN_POINT ( 'NONE',  ( -11.26101507387955536, -11.18047140392108041, 0.5000000000000000000 ) ) ;
#1141 = CIRCLE ( 'NONE', #325, 0.5000000000000000000 ) ;
#1142 = DIRECTION ( 'NONE',  ( -0.000000000000000000, 0.000000000000000000, 1.000000000000000000 ) ) ;
#1143 = ADVANCED_FACE ( 'NONE', ( #132 ), #1101, .T. ) ;
#1144 = EDGE_LOOP ( 'NONE', ( #176, #1348, #1947, #940 ) ) ;
#1145 = EDGE_LOOP ( 'NONE', ( #79, #373 ) ) ;
#1146 = DIRECTION ( 'NONE',  ( -0.000000000000000000, 0.000000000000000000, 1.000000000000000000 ) ) ;
#1147 = DIRECTION ( 'NONE',  ( 1.000000000000000000, 0.000000000000000000, 0.000000000000000000 ) ) ;
#1148 = DIRECTION ( 'NONE',  ( 1.000000000000000000, 0.000000000000000000, 0.000000000000000000 ) ) ;
#1149 = CARTESIAN_POINT ( 'NONE',  ( -13.86539165820277653, -13.98019409858977546, 0.5000000000000000000 ) ) ;
#1150 = AXIS2_PLACEMENT_3D ( 'NONE', #1674, #676, #1501 ) ;
#1151 = ORIENTED_EDGE ( 'NONE', *, *, #1966, .T. ) ;
#1152 = EDGE_LOOP ( 'NONE', ( #1811, #775, #1536, #1216 ) ) ;
#1153 = DIRECTION ( 'NONE',  ( 0.000000000000000000, 0.000000000000000000, -1.000000000000000000 ) ) ;
#1154 = AXIS2_PLACEMENT_3D ( 'NONE', #971, #1304, #580 ) ;
#1155 = CARTESIAN_POINT ( 'NONE',  ( -2.969313137048013473, -15.54518584311808560, 1.000000000000000000 ) ) ;
#1156 = CARTESIAN_POINT ( 'NONE',  ( -15.76539165820248556, 14.01980590141022631, 1.000000000000000000 ) ) ;
#1157 = DIRECTION ( 'NONE',  ( 0.000000000000000000, 0.000000000000000000, 1.000000000000000000 ) ) ;
#1158 = CARTESIAN_POINT ( 'NONE',  ( 16.74999999999999645, 16.75000000000000000, 1.500000000000000000 ) ) ;
#1159 = ADVANCED_FACE ( 'NONE', ( #273 ), #655, .T. ) ;
#1160 = EDGE_CURVE ( 'NONE', #1256, #249, #1648, .T. ) ;
#1161 = ORIENTED_EDGE ( 'NONE', *, *, #351, .T. ) ;
#1162 = ORIENTED_EDGE ( 'NONE', *, *, #1678, .F. ) ;
#1163 = CARTESIAN_POINT ( 'NONE',  ( -10.76101507387955358, -15.54518584311808560, 0.5000000000000000000 ) ) ;
#1164 = ADVANCED_FACE ( 'NONE', ( #464 ), #906, .F. ) ;
#1165 = FACE_OUTER_BOUND ( 'NONE', #1231, .T. ) ;
#1166 = DIRECTION ( 'NONE',  ( -0.000000000000000000, 0.000000000000000000, 1.000000000000000000 ) ) ;
#1167 = CIRCLE ( 'NONE', #1548, 0.5000000000000000000 ) ;
#1168 = DIRECTION ( 'NONE',  ( -6.938893903907228378E-15, 0.000000000000000000, -1.000000000000000000 ) ) ;
#1169 = CARTESIAN_POINT ( 'NONE',  ( 16.74999999999999645, 17.25000000000000000, 1.000000000000000000 ) ) ;
#1170 = AXIS2_PLACEMENT_3D ( 'NONE', #1209, #597, #930 ) ;
#1171 = CIRCLE ( 'NONE', #1765, 0.5000000000000000000 ) ;
#1172 = EDGE_CURVE ( 'NONE', #725, #117, #893, .T. ) ;
#1173 = VECTOR ( 'NONE', #833, 1000.000000000000000 ) ;
#1174 = ORIENTED_EDGE ( 'NONE', *, *, #1184, .F. ) ;
#1175 = EDGE_CURVE ( 'NONE', #1985, #1394, #715, .T. ) ;
#1176 = LINE ( 'NONE', #1479, #1933 ) ;
#1177 = ORIENTED_EDGE ( 'NONE', *, *, #49, .F. ) ;
#1178 = AXIS2_PLACEMENT_3D ( 'NONE', #355, #1153, #47 ) ;
#1179 = AXIS2_PLACEMENT_3D ( 'NONE', #1524, #385, #697 ) ;
#1180 = FACE_OUTER_BOUND ( 'NONE', #703, .T. ) ;
#1181 = LINE ( 'NONE', #1113, #1434 ) ;
#1182 = LINE ( 'NONE', #53, #1110 ) ;
#1183 = CIRCLE ( 'NONE', #1013, 0.5000000000000004441 ) ;
#1184 = EDGE_CURVE ( 'NONE', #1298, #2057, #1919, .T. ) ;
#1185 = CARTESIAN_POINT ( 'NONE',  ( -19.75000000000000000, 19.25000000000000000, 0.5000000000000000000 ) ) ;
#1186 = ORIENTED_EDGE ( 'NONE', *, *, #635, .T. ) ;
#1187 = DIRECTION ( 'NONE',  ( -0.000000000000000000, -1.000000000000000000, -0.000000000000000000 ) ) ;
#1188 = AXIS2_PLACEMENT_3D ( 'NONE', #321, #1166, #996 ) ;
#1189 = ADVANCED_FACE ( 'NONE', ( #1887 ), #777, .T. ) ;
#1190 = VERTEX_POINT ( 'NONE', #789 ) ;
#1191 = CYLINDRICAL_SURFACE ( 'NONE', #1538, 0.5000000000000000000 ) ;
#1192 = DIRECTION ( 'NONE',  ( 0.000000000000000000, 1.000000000000000000, -0.000000000000000000 ) ) ;
#1193 = DIRECTION ( 'NONE',  ( 0.000000000000000000, 0.000000000000000000, -1.000000000000000000 ) ) ;
#1194 = EDGE_LOOP ( 'NONE', ( #1408, #738, #326, #1248, #146, #1047, #1468, #698 ) ) ;
#1195 = DIRECTION ( 'NONE',  ( 1.000000000000000000, 0.000000000000000000, 0.000000000000000000 ) ) ;
#1196 = ORIENTED_EDGE ( 'NONE', *, *, #258, .T. ) ;
#1197 = AXIS2_PLACEMENT_3D ( 'NONE', #1022, #572, #61 ) ;
#1198 = EDGE_LOOP ( 'NONE', ( #1097, #888, #1804 ) ) ;
#1199 = EDGE_CURVE ( 'NONE', #1269, #1245, #587, .T. ) ;
#1200 = CARTESIAN_POINT ( 'NONE',  ( -16.75000000000000355, 16.75000000000000000, 1.500000000000000000 ) ) ;
#1201 = DIRECTION ( 'NONE',  ( 1.000000000000000000, 0.000000000000000000, 0.000000000000000000 ) ) ;
#1202 = AXIS2_PLACEMENT_3D ( 'NONE', #657, #2078, #473 ) ;
#1203 = ORIENTED_EDGE ( 'NONE', *, *, #1563, .F. ) ;
#1204 = FACE_OUTER_BOUND ( 'NONE', #1198, .T. ) ;
#1205 = ORIENTED_EDGE ( 'NONE', *, *, #887, .T. ) ;
#1206 = ORIENTED_EDGE ( 'NONE', *, *, #1230, .T. ) ;
#1207 = VERTEX_POINT ( 'NONE', #617 ) ;
#1208 = ORIENTED_EDGE ( 'NONE', *, *, #1318, .F. ) ;
#1209 = CARTESIAN_POINT ( 'NONE',  ( -2.969313137048012585, -11.68047140392108041, 0.5000000000000000000 ) ) ;
#1210 = FACE_OUTER_BOUND ( 'NONE', #991, .T. ) ;
#1211 = DIRECTION ( 'NONE',  ( -0.000000000000000000, 1.000000000000000000, 0.000000000000000000 ) ) ;
#1212 = CARTESIAN_POINT ( 'NONE',  ( -19.25000000000000000, 19.25000000000000000, 0.5000000000000000000 ) ) ;
#1213 = DIRECTION ( 'NONE',  ( -1.000000000000000000, -0.000000000000000000, -0.000000000000000000 ) ) ;
#1214 = ORIENTED_EDGE ( 'NONE', *, *, #1977, .F. ) ;
#1215 = FACE_OUTER_BOUND ( 'NONE', #482, .T. ) ;
#1216 = ORIENTED_EDGE ( 'NONE', *, *, #40, .F. ) ;
#1217 = VECTOR ( 'NONE', #1725, 1000.000000000000000 ) ;
#1218 = CARTESIAN_POINT ( 'NONE',  ( -19.25000000000000000, 19.25000000000000000, 1.500000000000000000 ) ) ;
#1219 = ORIENTED_EDGE ( 'NONE', *, *, #374, .T. ) ;
#1220 = ORIENTED_EDGE ( 'NONE', *, *, #1454, .F. ) ;
#1221 = CIRCLE ( 'NONE', #573, 1.000000000000000000 ) ;
#1222 = DIRECTION ( 'NONE',  ( 0.000000000000000000, 0.000000000000000000, -1.000000000000000000 ) ) ;
#1223 = CYLINDRICAL_SURFACE ( 'NONE', #2099, 0.5000000000000000000 ) ;
#1224 = EDGE_CURVE ( 'NONE', #1496, #185, #855, .T. ) ;
#1225 = CIRCLE ( 'NONE', #1530, 0.5000000000000000000 ) ;
#1226 = CARTESIAN_POINT ( 'NONE',  ( -19.24999999999999645, -19.25000000000000000, 0.5000000000000000000 ) ) ;
#1227 = DIRECTION ( 'NONE',  ( 0.000000000000000000, 0.000000000000000000, -1.000000000000000000 ) ) ;
#1228 = ADVANCED_FACE ( 'NONE', ( #768 ), #1424, .T. ) ;
#1229 = EDGE_CURVE ( 'NONE', #80, #690, #785, .T. ) ;
#1230 = EDGE_CURVE ( 'NONE', #1755, #1365, #1449, .T. ) ;
#1231 = EDGE_LOOP ( 'NONE', ( #540, #1399, #913, #1871 ) ) ;
#1232 = ORIENTED_EDGE ( 'NONE', *, *, #629, .T. ) ;
#1233 = EDGE_CURVE ( 'NONE', #1540, #250, #1970, .T. ) ;
#1234 = EDGE_LOOP ( 'NONE', ( #566, #195, #1880 ) ) ;
#1235 = ORIENTED_EDGE ( 'NONE', *, *, #586, .T. ) ;
#1236 = CARTESIAN_POINT ( 'NONE',  ( 16.74999999999999645, -16.75000000000000000, 1.500000000000000000 ) ) ;
#1237 = AXIS2_PLACEMENT_3D ( 'NONE', #1748, #301, #1397 ) ;
#1238 = CARTESIAN_POINT ( 'NONE',  ( -11.76101507387955536, -15.54518584311808560, 0.5000000000000000000 ) ) ;
#1239 = VECTOR ( 'NONE', #1213, 1000.000000000000000 ) ;
#1240 = DIRECTION ( 'NONE',  ( -1.000000000000000000, 0.000000000000000000, 0.000000000000000000 ) ) ;
#1241 = VECTOR ( 'NONE', #15, 1000.000000000000000 ) ;
#1242 = CARTESIAN_POINT ( 'NONE',  ( 19.25000000000000000, 19.25000000000000000, 0.5000000000000000000 ) ) ;
#1243 = LINE ( 'NONE', #428, #1239 ) ;
#1244 = VERTEX_POINT ( 'NONE', #149 ) ;
#1245 = VERTEX_POINT ( 'NONE', #2104 ) ;
#1246 = EDGE_CURVE ( 'NONE', #1540, #1247, #328, .T. ) ;
#1247 = VERTEX_POINT ( 'NONE', #1787 ) ;
#1248 = ORIENTED_EDGE ( 'NONE', *, *, #1610, .T. ) ;
#1249 = CARTESIAN_POINT ( 'NONE',  ( -10.76101507387955358, -10.68047140392107863, 0.000000000000000000 ) ) ;
#1250 = CIRCLE ( 'NONE', #974, 1.400000000000000133 ) ;
#1251 = CARTESIAN_POINT ( 'NONE',  ( 14.13460834179722347, -13.98019409858977546, 0.5000000000000000000 ) ) ;
#1252 = CARTESIAN_POINT ( 'NONE',  ( 0.000000000000000000, -10.68047140392107863, 0.000000000000000000 ) ) ;
#1253 = DIRECTION ( 'NONE',  ( 0.000000000000000000, 0.000000000000000000, 1.000000000000000000 ) ) ;
#1254 = DIRECTION ( 'NONE',  ( 0.000000000000000000, -1.000000000000000000, 0.000000000000000000 ) ) ;
#1255 = EDGE_CURVE ( 'NONE', #117, #742, #1782, .T. ) ;
#1256 = VERTEX_POINT ( 'NONE', #1635 ) ;
#1257 = ORIENTED_EDGE ( 'NONE', *, *, #1948, .T. ) ;
#1258 = CIRCLE ( 'NONE', #1523, 0.5000000000000004441 ) ;
#1259 = EDGE_LOOP ( 'NONE', ( #1527, #1057, #839, #1961 ) ) ;
#1260 = DIRECTION ( 'NONE',  ( -0.000000000000000000, -1.000000000000000000, -0.000000000000000000 ) ) ;
#1261 = EDGE_CURVE ( 'NONE', #2068, #823, #956, .T. ) ;
#1262 = LINE ( 'NONE', #98, #993 ) ;
#1263 = CARTESIAN_POINT ( 'NONE',  ( -15.76539165820248556, 14.01980590141022631, 0.5000000000000000000 ) ) ;
#1264 = APPLICATION_CONTEXT ( 'automotive_design' ) ;
#1265 = FACE_OUTER_BOUND ( 'NONE', #21, .T. ) ;
#1266 = AXIS2_PLACEMENT_3D ( 'NONE', #317, #658, #475 ) ;
#1267 = DIRECTION ( 'NONE',  ( 0.000000000000000000, 0.000000000000000000, -1.000000000000000000 ) ) ;
#1268 = ORIENTED_EDGE ( 'NONE', *, *, #577, .T. ) ;
#1269 = VERTEX_POINT ( 'NONE', #486 ) ;
#1270 = DIRECTION ( 'NONE',  ( 1.000000000000000000, 0.000000000000000000, 0.000000000000000000 ) ) ;
#1271 = CARTESIAN_POINT ( 'NONE',  ( -15.76539165820277688, -13.98019409858977546, 0.5000000000000000000 ) ) ;
#1272 = EDGE_LOOP ( 'NONE', ( #366, #534, #884, #502 ) ) ;
#1273 = AXIS2_PLACEMENT_3D ( 'NONE', #37, #257, #684 ) ;
#1274 = DIRECTION ( 'NONE',  ( 1.000000000000000000, 0.000000000000000000, 0.000000000000000000 ) ) ;
#1275 = CARTESIAN_POINT ( 'NONE',  ( -13.86539165820277653, -13.98019409858977546, 1.000000000000000000 ) ) ;
#1276 = PLANE ( 'NONE',  #1794 ) ;
#1277 = ORIENTED_EDGE ( 'NONE', *, *, #474, .T. ) ;
#1278 = DIRECTION ( 'NONE',  ( 1.000000000000000000, 0.000000000000000000, 0.000000000000000000 ) ) ;
#1279 = MECHANICAL_DESIGN_GEOMETRIC_PRESENTATION_REPRESENTATION (  '', ( #82 ), #1372 ) ;
#1280 = CARTESIAN_POINT ( 'NONE',  ( -16.75000000000000000, 16.75000000000000000, 1.500000000000000000 ) ) ;
#1281 = TOROIDAL_SURFACE ( 'NONE', #1170, 1.000000000000000000, 0.5000000000000000000 ) ;
#1282 = TOROIDAL_SURFACE ( 'NONE', #1799, 1.000000000000000000, 0.5000000000000000000 ) ;
#1283 = AXIS2_PLACEMENT_3D ( 'NONE', #1337, #672, #1651 ) ;
#1284 = DIRECTION ( 'NONE',  ( 1.005636797667714163E-16, -1.000000000000000000, 0.000000000000000000 ) ) ;
#1285 = CARTESIAN_POINT ( 'NONE',  ( -19.24999999999999645, -19.75000000000000000, 1.000000000000000000 ) ) ;
#1286 = DIRECTION ( 'NONE',  ( 1.000000000000000000, 0.000000000000000000, 0.000000000000000000 ) ) ;
#1287 = CIRCLE ( 'NONE', #2105, 1.900000000000000577 ) ;
#1288 = ORIENTED_EDGE ( 'NONE', *, *, #873, .T. ) ;
#1289 = DIRECTION ( 'NONE',  ( -1.000000000000000000, 0.000000000000000000, 0.000000000000000000 ) ) ;
#1290 = AXIS2_PLACEMENT_3D ( 'NONE', #1041, #1503, #1978 ) ;
#1291 = DIRECTION ( 'NONE',  ( 0.000000000000000000, -1.000000000000000000, 0.000000000000000000 ) ) ;
#1292 = AXIS2_PLACEMENT_3D ( 'NONE', #1967, #1295, #1791 ) ;
#1293 = DIRECTION ( 'NONE',  ( 1.000000000000000000, 0.000000000000000000, 0.000000000000000000 ) ) ;
#1294 = FACE_OUTER_BOUND ( 'NONE', #764, .T. ) ;
#1295 = DIRECTION ( 'NONE',  ( 0.000000000000000000, 1.000000000000000000, 0.000000000000000000 ) ) ;
#1296 = ADVANCED_FACE ( 'NONE', ( #158 ), #818, .T. ) ;
#1297 = CARTESIAN_POINT ( 'NONE',  ( -13.86539165820277653, -13.98019409858977546, 1.000000000000000000 ) ) ;
#1298 = VERTEX_POINT ( 'NONE', #648 ) ;
#1299 = EDGE_CURVE ( 'NONE', #950, #1830, #1358, .T. ) ;
#1300 = AXIS2_PLACEMENT_3D ( 'NONE', #347, #1974, #4 ) ;
#1301 = FACE_OUTER_BOUND ( 'NONE', #442, .T. ) ;
#1302 = CARTESIAN_POINT ( 'NONE',  ( 16.74999999999999645, -16.75000000000000000, 1.500000000000000000 ) ) ;
#1303 = EDGE_CURVE ( 'NONE', #1086, #1436, #505, .T. ) ;
#1304 = DIRECTION ( 'NONE',  ( -1.000000000000000000, 0.000000000000000000, 0.000000000000000000 ) ) ;
#1305 = CARTESIAN_POINT ( 'NONE',  ( 16.74999999999999645, 17.25000000000000000, 1.500000000000000000 ) ) ;
#1306 = DIRECTION ( 'NONE',  ( 1.000000000000000000, 0.000000000000000000, 0.000000000000000000 ) ) ;
#1307 = AXIS2_PLACEMENT_3D ( 'NONE', #858, #2034, #1359 ) ;
#1308 = ORIENTED_EDGE ( 'NONE', *, *, #800, .T. ) ;
#1309 = VERTEX_POINT ( 'NONE', #1471 ) ;
#1310 = DIRECTION ( 'NONE',  ( 0.000000000000000000, 0.000000000000000000, -1.000000000000000000 ) ) ;
#1311 = CARTESIAN_POINT ( 'NONE',  ( 16.03460834179722383, -13.98019409858977546, 0.5000000000000000000 ) ) ;
#1312 = LINE ( 'NONE', #1934, #232 ) ;
#1313 = DIRECTION ( 'NONE',  ( 1.000000000000000000, 0.000000000000000000, 0.000000000000000000 ) ) ;
#1314 = EDGE_LOOP ( 'NONE', ( #936, #313, #93, #298 ) ) ;
#1315 = EDGE_CURVE ( 'NONE', #711, #877, #988, .T. ) ;
#1316 = EDGE_LOOP ( 'NONE', ( #569, #1161, #1885, #291 ) ) ;
#1317 = LINE ( 'NONE', #1027, #1173 ) ;
#1318 = EDGE_CURVE ( 'NONE', #433, #1469, #205, .T. ) ;
#1319 = EDGE_CURVE ( 'NONE', #1551, #56, #191, .T. ) ;
#1320 = DIRECTION ( 'NONE',  ( 1.000000000000000000, 0.000000000000000000, 0.000000000000000000 ) ) ;
#1321 = DIRECTION ( 'NONE',  ( 1.000000000000000000, 0.000000000000000000, 0.000000000000000000 ) ) ;
#1322 = CIRCLE ( 'NONE', #701, 0.5000000000000000000 ) ;
#1323 = DIRECTION ( 'NONE',  ( -0.000000000000000000, 0.000000000000000000, 1.000000000000000000 ) ) ;
#1324 = EDGE_CURVE ( 'NONE', #746, #868, #1328, .T. ) ;
#1325 = ORIENTED_EDGE ( 'NONE', *, *, #1519, .F. ) ;
#1326 = EDGE_LOOP ( 'NONE', ( #762, #1960, #2066, #416 ) ) ;
#1327 = CARTESIAN_POINT ( 'NONE',  ( -11.96539165820248485, 14.01980590141022631, 0.000000000000000000 ) ) ;
#1328 = CIRCLE ( 'NONE', #171, 0.5000000000000004441 ) ;
#1329 = CARTESIAN_POINT ( 'NONE',  ( -13.86539165820248520, 14.01980590141022631, 0.5000000000000000000 ) ) ;
#1330 = DIRECTION ( 'NONE',  ( 1.000000000000000000, 0.000000000000000000, 0.000000000000000000 ) ) ;
#1331 = EDGE_CURVE ( 'NONE', #1917, #874, #1225, .T. ) ;
#1332 = DIRECTION ( 'NONE',  ( 1.000000000000000000, 0.000000000000000000, 0.000000000000000000 ) ) ;
#1333 = DIRECTION ( 'NONE',  ( 0.000000000000000000, -1.000000000000000000, 0.000000000000000000 ) ) ;
#1334 = ADVANCED_FACE ( 'NONE', ( #1789 ), #826, .T. ) ;
#1335 = FACE_OUTER_BOUND ( 'NONE', #58, .T. ) ;
#1336 = ORIENTED_EDGE ( 'NONE', *, *, #944, .F. ) ;
#1337 = CARTESIAN_POINT ( 'NONE',  ( 14.13460834179722347, -13.98019409858977546, 0.000000000000000000 ) ) ;
#1338 = AXIS2_PLACEMENT_3D ( 'NONE', #1387, #1891, #1227 ) ;
#1339 = ORIENTED_EDGE ( 'NONE', *, *, #374, .F. ) ;
#1340 = AXIS2_PLACEMENT_3D ( 'NONE', #439, #288, #934 ) ;
#1341 = CARTESIAN_POINT ( 'NONE',  ( -19.25000000000000000, 19.25000000000000000, 1.000000000000000000 ) ) ;
#1342 = CARTESIAN_POINT ( 'NONE',  ( 19.25000000000000000, -19.75000000000000000, 0.5000000000000000000 ) ) ;
#1343 = CARTESIAN_POINT ( 'NONE',  ( -11.76101507387955536, -11.68047140392108041, 0.5000000000000000000 ) ) ;
#1344 = PLANE ( 'NONE',  #1120 ) ;
#1345 = AXIS2_PLACEMENT_3D ( 'NONE', #881, #1693, #1854 ) ;
#1346 = CIRCLE ( 'NONE', #50, 0.5000000000000000000 ) ;
#1347 = CIRCLE ( 'NONE', #88, 1.000000000000000888 ) ;
#1348 = ORIENTED_EDGE ( 'NONE', *, *, #730, .F. ) ;
#1349 = DIRECTION ( 'NONE',  ( -1.000000000000000000, 0.000000000000000000, 0.000000000000000000 ) ) ;
#1350 = ORIENTED_EDGE ( 'NONE', *, *, #1007, .F. ) ;
#1351 = DIRECTION ( 'NONE',  ( 0.000000000000000000, 0.000000000000000000, -1.000000000000000000 ) ) ;
#1352 = DIRECTION ( 'NONE',  ( 1.000000000000000000, -0.000000000000000000, -0.000000000000000000 ) ) ;
#1353 = AXIS2_PLACEMENT_3D ( 'NONE', #539, #679, #1532 ) ;
#1354 = EDGE_LOOP ( 'NONE', ( #2019, #1583, #1177, #1004, #2109, #1363, #765, #266 ) ) ;
#1355 = FACE_OUTER_BOUND ( 'NONE', #1860, .T. ) ;
#1356 = CARTESIAN_POINT ( 'NONE',  ( -19.24999999999999645, -19.75000000000000000, 2.000000000000000000 ) ) ;
#1357 = ORIENTED_EDGE ( 'NONE', *, *, #926, .F. ) ;
#1358 = CIRCLE ( 'NONE', #2045, 0.5000000000000000000 ) ;
#1359 = DIRECTION ( 'NONE',  ( 1.000000000000000000, 0.000000000000000000, 0.000000000000000000 ) ) ;
#1360 = EDGE_CURVE ( 'NONE', #1394, #119, #1398, .T. ) ;
#1361 = DIRECTION ( 'NONE',  ( 0.000000000000000000, 0.000000000000000000, -1.000000000000000000 ) ) ;
#1362 = CARTESIAN_POINT ( 'NONE',  ( -11.26101507387955536, -16.54518584311808738, 1.000000000000000000 ) ) ;
#1363 = ORIENTED_EDGE ( 'NONE', *, *, #2052, .T. ) ;
#1364 = DIRECTION ( 'NONE',  ( 0.000000000000000000, 0.000000000000000000, 1.000000000000000000 ) ) ;
#1365 = VERTEX_POINT ( 'NONE', #340 ) ;
#1366 = ORIENTED_EDGE ( 'NONE', *, *, #1040, .T. ) ;
#1367 = AXIS2_PLACEMENT_3D ( 'NONE', #1852, #1369, #524 ) ;
#1368 = ORIENTED_EDGE ( 'NONE', *, *, #138, .F. ) ;
#1369 = DIRECTION ( 'NONE',  ( -0.000000000000000000, 0.000000000000000000, 1.000000000000000000 ) ) ;
#1370 = CYLINDRICAL_SURFACE ( 'NONE', #1345, 0.5000000000000000000 ) ;
#1371 = CARTESIAN_POINT ( 'NONE',  ( -1.969313137048012585, -11.18047140392108041, 0.5000000000000000000 ) ) ;
#1372 =( GEOMETRIC_REPRESENTATION_CONTEXT ( 3 ) GLOBAL_UNCERTAINTY_ASSIGNED_CONTEXT ( ( #973 ) ) GLOBAL_UNIT_ASSIGNED_CONTEXT ( ( #796, #1956, #1766 ) ) REPRESENTATION_CONTEXT ( 'NONE', 'WORKASPACE' ) );
#1373 = FACE_OUTER_BOUND ( 'NONE', #447, .T. ) ;
#1374 = ORIENTED_EDGE ( 'NONE', *, *, #1473, .F. ) ;
#1375 = CARTESIAN_POINT ( 'NONE',  ( -10.76101507387955358, -10.68047140392107863, 0.5000000000000000000 ) ) ;
#1376 = EDGE_LOOP ( 'NONE', ( #999, #1872, #391, #720 ) ) ;
#1377 = CIRCLE ( 'NONE', #1002, 0.5000000000000000000 ) ;
#1378 = LINE ( 'NONE', #1356, #316 ) ;
#1379 = VERTEX_POINT ( 'NONE', #809 ) ;
#1380 = ORIENTED_EDGE ( 'NONE', *, *, #1460, .T. ) ;
#1381 = DIRECTION ( 'NONE',  ( 0.000000000000000000, -0.000000000000000000, -1.000000000000000000 ) ) ;
#1382 = CYLINDRICAL_SURFACE ( 'NONE', #1197, 0.5000000000000000000 ) ;
#1383 = EDGE_CURVE ( 'NONE', #56, #1469, #441, .T. ) ;
#1384 = EDGE_CURVE ( 'NONE', #725, #209, #847, .T. ) ;
#1385 = DIRECTION ( 'NONE',  ( 0.000000000000000000, -1.000000000000000000, 0.000000000000000000 ) ) ;
#1386 = DIRECTION ( 'NONE',  ( -0.000000000000000000, 0.000000000000000000, 1.000000000000000000 ) ) ;
#1387 = CARTESIAN_POINT ( 'NONE',  ( 19.25000000000000000, 0.000000000000000000, 1.500000000000000000 ) ) ;
#1388 = EDGE_CURVE ( 'NONE', #136, #1069, #310, .T. ) ;
#1389 = VECTOR ( 'NONE', #1737, 1000.000000000000000 ) ;
#1390 = DIRECTION ( 'NONE',  ( -0.000000000000000000, 0.000000000000000000, 1.000000000000000000 ) ) ;
#1391 = EDGE_LOOP ( 'NONE', ( #945, #1082, #1357, #1037 ) ) ;
#1392 = ORIENTED_EDGE ( 'NONE', *, *, #1715, .F. ) ;
#1393 = ORIENTED_EDGE ( 'NONE', *, *, #2047, .F. ) ;
#1394 = VERTEX_POINT ( 'NONE', #980 ) ;
#1395 = FACE_OUTER_BOUND ( 'NONE', #1272, .T. ) ;
#1396 = AXIS2_PLACEMENT_3D ( 'NONE', #801, #341, #151 ) ;
#1397 = DIRECTION ( 'NONE',  ( 0.000000000000000000, 0.000000000000000000, -1.000000000000000000 ) ) ;
#1398 = CIRCLE ( 'NONE', #371, 0.5000000000000000000 ) ;
#1399 = ORIENTED_EDGE ( 'NONE', *, *, #471, .T. ) ;
#1400 = ADVANCED_FACE ( 'NONE', ( #1139 ), #987, .T. ) ;
#1401 = LINE ( 'NONE', #1252, #275 ) ;
#1402 = LINE ( 'NONE', #2050, #1570 ) ;
#1403 = ADVANCED_FACE ( 'NONE', ( #329 ), #579, .T. ) ;
#1404 = DIRECTION ( 'NONE',  ( -0.000000000000000000, -1.000000000000000000, 0.000000000000000000 ) ) ;
#1405 = ORIENTED_EDGE ( 'NONE', *, *, #788, .T. ) ;
#1406 = DIRECTION ( 'NONE',  ( 0.000000000000000000, 0.000000000000000000, -1.000000000000000000 ) ) ;
#1407 = ORIENTED_EDGE ( 'NONE', *, *, #2080, .T. ) ;
#1408 = ORIENTED_EDGE ( 'NONE', *, *, #258, .F. ) ;
#1409 = DIRECTION ( 'NONE',  ( 1.000000000000000000, 0.000000000000000000, 0.000000000000000000 ) ) ;
#1410 = CIRCLE ( 'NONE', #545, 0.5000000000000000000 ) ;
#1411 = DIRECTION ( 'NONE',  ( 0.000000000000000000, 0.000000000000000000, -1.000000000000000000 ) ) ;
#1412 = EDGE_CURVE ( 'NONE', #1458, #950, #1126, .T. ) ;
#1413 = AXIS2_PLACEMENT_3D ( 'NONE', #1571, #109, #1406 ) ;
#1414 = DIRECTION ( 'NONE',  ( 0.000000000000000000, 1.000000000000000000, 0.000000000000000000 ) ) ;
#1415 = CIRCLE ( 'NONE', #763, 1.900000000000000577 ) ;
#1416 = DIRECTION ( 'NONE',  ( 0.000000000000000000, 0.000000000000000000, -1.000000000000000000 ) ) ;
#1417 = PLANE ( 'NONE',  #1340 ) ;
#1418 = EDGE_CURVE ( 'NONE', #1764, #220, #1021, .T. ) ;
#1419 = ORIENTED_EDGE ( 'NONE', *, *, #49, .T. ) ;
#1420 = ORIENTED_EDGE ( 'NONE', *, *, #1984, .T. ) ;
#1421 = ORIENTED_EDGE ( 'NONE', *, *, #31, .F. ) ;
#1422 = DIRECTION ( 'NONE',  ( 1.000000000000000000, 0.000000000000000000, 0.000000000000000000 ) ) ;
#1423 = CIRCLE ( 'NONE', #493, 1.900000000000000577 ) ;
#1424 = CYLINDRICAL_SURFACE ( 'NONE', #476, 0.5000000000000000000 ) ;
#1425 = EDGE_LOOP ( 'NONE', ( #1046, #64, #1151, #708 ) ) ;
#1426 = DIRECTION ( 'NONE',  ( 1.000000000000000000, -0.000000000000000000, 0.000000000000000000 ) ) ;
#1427 = CARTESIAN_POINT ( 'NONE',  ( -19.25000000000000000, 19.75000000000000000, 1.500000000000000000 ) ) ;
#1428 = CARTESIAN_POINT ( 'NONE',  ( -17.75000000000000355, 16.75000000000000000, 2.000000000000000000 ) ) ;
#1429 = VERTEX_POINT ( 'NONE', #514 ) ;
#1430 = ADVANCED_FACE ( 'NONE', ( #1165 ), #1578, .T. ) ;
#1431 = ORIENTED_EDGE ( 'NONE', *, *, #873, .F. ) ;
#1432 = AXIS2_PLACEMENT_3D ( 'NONE', #458, #911, #611 ) ;
#1433 = CARTESIAN_POINT ( 'NONE',  ( 12.73460834179751444, 14.01980590141022631, 0.5000000000000000000 ) ) ;
#1434 = VECTOR ( 'NONE', #1598, 1000.000000000000000 ) ;
#1435 = CARTESIAN_POINT ( 'NONE',  ( 19.25000000000000000, 19.25000000000000000, 1.500000000000000000 ) ) ;
#1436 = VERTEX_POINT ( 'NONE', #848 ) ;
#1437 = CARTESIAN_POINT ( 'NONE',  ( 14.13460834179722347, -13.98019409858977546, 0.5000000000000000000 ) ) ;
#1438 = LINE ( 'NONE', #143, #1777 ) ;
#1439 = AXIS2_PLACEMENT_3D ( 'NONE', #1943, #3, #1470 ) ;
#1440 = CARTESIAN_POINT ( 'NONE',  ( 0.000000000000000000, 0.000000000000000000, 0.000000000000000000 ) ) ;
#1441 = ORIENTED_EDGE ( 'NONE', *, *, #1473, .T. ) ;
#1442 = CARTESIAN_POINT ( 'NONE',  ( -16.74999999999999645, -16.75000000000000000, 2.000000000000000000 ) ) ;
#1443 = DIRECTION ( 'NONE',  ( 0.000000000000000000, 0.000000000000000000, 1.000000000000000000 ) ) ;
#1444 = LINE ( 'NONE', #628, #1049 ) ;
#1445 = LINE ( 'NONE', #2072, #335 ) ;
#1446 = FACE_BOUND ( 'NONE', #1718, .T. ) ;
#1447 = ORIENTED_EDGE ( 'NONE', *, *, #692, .T. ) ;
#1448 = DIRECTION ( 'NONE',  ( -1.000000000000000000, -0.000000000000000000, -0.000000000000000000 ) ) ;
#1449 = LINE ( 'NONE', #1128, #235 ) ;
#1450 = AXIS2_PLACEMENT_3D ( 'NONE', #1236, #1587, #1886 ) ;
#1451 = EDGE_CURVE ( 'NONE', #1819, #1755, #1812, .T. ) ;
#1452 = CIRCLE ( 'NONE', #2100, 1.400000000000000133 ) ;
#1453 = AXIS2_PLACEMENT_3D ( 'NONE', #1497, #1187, #363 ) ;
#1454 = EDGE_CURVE ( 'NONE', #985, #2067, #2082, .T. ) ;
#1455 = CARTESIAN_POINT ( 'NONE',  ( -10.76101507387955358, -16.54518584311808738, 0.000000000000000000 ) ) ;
#1456 = AXIS2_PLACEMENT_3D ( 'NONE', #885, #1390, #1713 ) ;
#1457 = CIRCLE ( 'NONE', #526, 0.5000000000000000000 ) ;
#1458 = VERTEX_POINT ( 'NONE', #1033 ) ;
#1459 = LINE ( 'NONE', #1918, #828 ) ;
#1460 = EDGE_CURVE ( 'NONE', #1861, #1298, #547, .T. ) ;
#1461 = AXIS2_PLACEMENT_3D ( 'NONE', #1437, #114, #576 ) ;
#1462 = CARTESIAN_POINT ( 'NONE',  ( -19.75000000000000000, -19.75000000000000000, 1.500000000000000000 ) ) ;
#1463 = DIRECTION ( 'NONE',  ( 0.000000000000000000, -0.000000000000000000, -1.000000000000000000 ) ) ;
#1464 = DIRECTION ( 'NONE',  ( 0.000000000000000000, -1.000000000000000000, 0.000000000000000000 ) ) ;
#1465 = AXIS2_PLACEMENT_3D ( 'NONE', #849, #1492, #348 ) ;
#1466 =( LENGTH_UNIT ( ) NAMED_UNIT ( * ) SI_UNIT ( .MILLI., .METRE. ) );
#1467 = LINE ( 'NONE', #1783, #1241 ) ;
#1468 = ORIENTED_EDGE ( 'NONE', *, *, #1899, .F. ) ;
#1469 = VERTEX_POINT ( 'NONE', #872 ) ;
#1470 = DIRECTION ( 'NONE',  ( -1.000000000000000000, 0.000000000000000000, 0.000000000000000000 ) ) ;
#1471 = CARTESIAN_POINT ( 'NONE',  ( -16.75000000000000000, 17.75000000000000355, 2.000000000000000000 ) ) ;
#1472 = LINE ( 'NONE', #1965, #106 ) ;
#1473 = EDGE_CURVE ( 'NONE', #1058, #1861, #436, .T. ) ;
#1474 = CARTESIAN_POINT ( 'NONE',  ( 19.25000000000000000, 19.25000000000000000, 0.5000000000000000000 ) ) ;
#1475 = TOROIDAL_SURFACE ( 'NONE', #1307, 1.000000000000000000, 0.5000000000000000000 ) ;
#1476 = EDGE_LOOP ( 'NONE', ( #279, #915, #1368, #779 ) ) ;
#1477 = ORIENTED_EDGE ( 'NONE', *, *, #1160, .F. ) ;
#1478 = ADVANCED_FACE ( 'NONE', ( #233 ), #1514, .F. ) ;
#1479 = CARTESIAN_POINT ( 'NONE',  ( 19.25000000000000000, 19.75000000000000000, 1.000000000000000000 ) ) ;
#1480 = VECTOR ( 'NONE', #1448, 1000.000000000000000 ) ;
#1481 = CARTESIAN_POINT ( 'NONE',  ( -19.24999999999999645, -19.25000000000000000, 0.5000000000000000000 ) ) ;
#1482 = CARTESIAN_POINT ( 'NONE',  ( -17.24999999999999645, -17.25000000000000000, 1.500000000000000000 ) ) ;
#1483 = CIRCLE ( 'NONE', #556, 0.5000000000000000000 ) ;
#1484 = DIRECTION ( 'NONE',  ( 1.000000000000000000, 0.000000000000000000, 0.000000000000000000 ) ) ;
#1485 = ORIENTED_EDGE ( 'NONE', *, *, #919, .T. ) ;
#1486 = AXIS2_PLACEMENT_3D ( 'NONE', #1857, #236, #536 ) ;
#1487 = ORIENTED_EDGE ( 'NONE', *, *, #2059, .F. ) ;
#1488 = FACE_OUTER_BOUND ( 'NONE', #1144, .T. ) ;
#1489 = EDGE_CURVE ( 'NONE', #1955, #246, #1834, .T. ) ;
#1490 = ADVANCED_FACE ( 'NONE', ( #717 ), #54, .T. ) ;
#1491 = DIRECTION ( 'NONE',  ( -0.000000000000000000, 0.000000000000000000, 1.000000000000000000 ) ) ;
#1492 = DIRECTION ( 'NONE',  ( -1.782965369970564202E-16, -1.000000000000000000, 0.000000000000000000 ) ) ;
#1493 = DIRECTION ( 'NONE',  ( 0.000000000000000000, 0.000000000000000000, -1.000000000000000000 ) ) ;
#1494 = CARTESIAN_POINT ( 'NONE',  ( -1.969313137048013473, -15.54518584311808560, 0.5000000000000000000 ) ) ;
#1495 = AXIS2_PLACEMENT_3D ( 'NONE', #2094, #1464, #1958 ) ;
#1496 = VERTEX_POINT ( 'NONE', #2025 ) ;
#1497 = CARTESIAN_POINT ( 'NONE',  ( -19.24999999999999645, -19.25000000000000000, 0.5000000000000000000 ) ) ;
#1498 = EDGE_CURVE ( 'NONE', #564, #2068, #2035, .T. ) ;
#1499 = AXIS2_PLACEMENT_3D ( 'NONE', #1329, #1808, #1293 ) ;
#1500 = DIRECTION ( 'NONE',  ( 0.000000000000000000, 0.000000000000000000, -1.000000000000000000 ) ) ;
#1501 = DIRECTION ( 'NONE',  ( 1.000000000000000000, 0.000000000000000000, 0.000000000000000000 ) ) ;
#1502 = DIRECTION ( 'NONE',  ( 1.000000000000000000, 0.000000000000000000, -6.938893903907227589E-15 ) ) ;
#1503 = DIRECTION ( 'NONE',  ( -0.000000000000000000, 0.000000000000000000, 1.000000000000000000 ) ) ;
#1504 = AXIS2_PLACEMENT_3D ( 'NONE', #1200, #1988, #83 ) ;
#1505 = ORIENTED_EDGE ( 'NONE', *, *, #2091, .F. ) ;
#1506 = DIRECTION ( 'NONE',  ( 0.000000000000000000, 0.000000000000000000, 1.000000000000000000 ) ) ;
#1507 = AXIS2_PLACEMENT_3D ( 'NONE', #1690, #1555, #1915 ) ;
#1508 = EDGE_LOOP ( 'NONE', ( #440, #225 ) ) ;
#1509 = AXIS2_PLACEMENT_3D ( 'NONE', #469, #652, #1772 ) ;
#1510 = EDGE_CURVE ( 'NONE', #1059, #1247, #1183, .T. ) ;
#1511 = CARTESIAN_POINT ( 'NONE',  ( -1.969313137048013473, -15.54518584311808560, 1.000000000000000000 ) ) ;
#1512 = CYLINDRICAL_SURFACE ( 'NONE', #1465, 0.5000000000000000000 ) ;
#1513 = CARTESIAN_POINT ( 'NONE',  ( -19.25000000000000000, 19.25000000000000000, 0.5000000000000000000 ) ) ;
#1514 = PLANE ( 'NONE',  #1353 ) ;
#1515 = EDGE_CURVE ( 'NONE', #136, #1436, #216, .T. ) ;
#1516 = ORIENTED_EDGE ( 'NONE', *, *, #435, .T. ) ;
#1517 = FACE_OUTER_BOUND ( 'NONE', #1316, .T. ) ;
#1518 = DIRECTION ( 'NONE',  ( -0.000000000000000000, -0.000000000000000000, 1.000000000000000000 ) ) ;
#1519 = EDGE_CURVE ( 'NONE', #1365, #1309, #916, .T. ) ;
#1520 = EDGE_LOOP ( 'NONE', ( #2077, #1908, #1843, #653 ) ) ;
#1521 = CARTESIAN_POINT ( 'NONE',  ( -19.74999999999999645, -19.25000000000000000, 1.500000000000000000 ) ) ;
#1522 = FACE_OUTER_BOUND ( 'NONE', #1095, .T. ) ;
#1523 = AXIS2_PLACEMENT_3D ( 'NONE', #1263, #1878, #411 ) ;
#1524 = CARTESIAN_POINT ( 'NONE',  ( 19.25000000000000000, 19.75000000000000000, 0.5000000000000000000 ) ) ;
#1525 = EDGE_LOOP ( 'NONE', ( #878, #1134, #1597, #443 ) ) ;
#1526 = DIRECTION ( 'NONE',  ( 1.000000000000000000, 0.000000000000000000, 0.000000000000000000 ) ) ;
#1527 = ORIENTED_EDGE ( 'NONE', *, *, #1984, .F. ) ;
#1528 = EDGE_LOOP ( 'NONE', ( #1609, #1851, #77 ) ) ;
#1529 = ORIENTED_EDGE ( 'NONE', *, *, #418, .T. ) ;
#1530 = AXIS2_PLACEMENT_3D ( 'NONE', #819, #27, #659 ) ;
#1531 = CARTESIAN_POINT ( 'NONE',  ( -2.969313137048013473, -16.04518584311808738, 0.5000000000000000000 ) ) ;
#1532 = DIRECTION ( 'NONE',  ( -8.783410004945858675E-17, 1.000000000000000000, 0.000000000000000000 ) ) ;
#1533 = FACE_OUTER_BOUND ( 'NONE', #1070, .T. ) ;
#1534 = EDGE_LOOP ( 'NONE', ( #252, #1705, #281 ) ) ;
#1535 = DIRECTION ( 'NONE',  ( 1.000000000000000000, 0.000000000000000000, 0.000000000000000000 ) ) ;
#1536 = ORIENTED_EDGE ( 'NONE', *, *, #314, .T. ) ;
#1537 = ORIENTED_EDGE ( 'NONE', *, *, #1698, .F. ) ;
#1538 = AXIS2_PLACEMENT_3D ( 'NONE', #1684, #1844, #242 ) ;
#1539 = EDGE_CURVE ( 'NONE', #1309, #220, #2004, .T. ) ;
#1540 = VERTEX_POINT ( 'NONE', #378 ) ;
#1541 = ORIENTED_EDGE ( 'NONE', *, *, #399, .F. ) ;
#1542 = DIRECTION ( 'NONE',  ( 0.000000000000000000, 0.000000000000000000, 1.000000000000000000 ) ) ;
#1543 = ADVANCED_FACE ( 'NONE', ( #1676 ), #852, .T. ) ;
#1544 = DIRECTION ( 'NONE',  ( 1.000000000000000000, 0.000000000000000000, 0.000000000000000000 ) ) ;
#1545 = ADVANCED_FACE ( 'NONE', ( #1335 ), #1, .T. ) ;
#1546 = CARTESIAN_POINT ( 'NONE',  ( -11.96539165820277617, -13.98019409858977546, 0.5000000000000000000 ) ) ;
#1547 = CARTESIAN_POINT ( 'NONE',  ( 12.23460834179751444, 14.01980590141022631, 0.5000000000000000000 ) ) ;
#1548 = AXIS2_PLACEMENT_3D ( 'NONE', #1862, #1706, #241 ) ;
#1549 = DIRECTION ( 'NONE',  ( 0.000000000000000000, -1.000000000000000000, 0.000000000000000000 ) ) ;
#1550 = AXIS2_PLACEMENT_3D ( 'NONE', #716, #1211, #395 ) ;
#1551 = VERTEX_POINT ( 'NONE', #1185 ) ;
#1552 = CYLINDRICAL_SURFACE ( 'NONE', #834, 0.5000000000000000000 ) ;
#1553 = ORIENTED_EDGE ( 'NONE', *, *, #625, .T. ) ;
#1554 = AXIS2_PLACEMENT_3D ( 'NONE', #1012, #214, #860 ) ;
#1555 = DIRECTION ( 'NONE',  ( -0.000000000000000000, 0.000000000000000000, 1.000000000000000000 ) ) ;
#1556 = AXIS2_PLACEMENT_3D ( 'NONE', #1962, #512, #503 ) ;
#1557 = ORIENTED_EDGE ( 'NONE', *, *, #351, .F. ) ;
#1558 = EDGE_LOOP ( 'NONE', ( #2027, #1206, #129, #1107 ) ) ;
#1559 = CARTESIAN_POINT ( 'NONE',  ( -10.76101507387955358, -11.68047140392108041, 0.5000000000000000000 ) ) ;
#1560 = EDGE_CURVE ( 'NONE', #406, #2032, #1568, .T. ) ;
#1561 = VECTOR ( 'NONE', #994, 1000.000000000000000 ) ;
#1562 = DIRECTION ( 'NONE',  ( -0.000000000000000000, 0.000000000000000000, 1.000000000000000000 ) ) ;
#1563 = EDGE_CURVE ( 'NONE', #1830, #1819, #707, .T. ) ;
#1564 = DIRECTION ( 'NONE',  ( 0.000000000000000000, 0.000000000000000000, 1.000000000000000000 ) ) ;
#1565 = DIRECTION ( 'NONE',  ( 0.000000000000000000, 0.000000000000000000, -1.000000000000000000 ) ) ;
#1566 = CARTESIAN_POINT ( 'NONE',  ( 12.73460834179722312, -13.98019409858977546, 0.5000000000000000000 ) ) ;
#1567 = DIRECTION ( 'NONE',  ( 0.000000000000000000, -0.000000000000000000, -1.000000000000000000 ) ) ;
#1568 = CIRCLE ( 'NONE', #334, 0.5000000000000000000 ) ;
#1569 = ORIENTED_EDGE ( 'NONE', *, *, #97, .F. ) ;
#1570 = VECTOR ( 'NONE', #588, 1000.000000000000000 ) ;
#1571 = CARTESIAN_POINT ( 'NONE',  ( 0.000000000000000000, 16.75000000000000000, 1.500000000000000000 ) ) ;
#1572 = ORIENTED_EDGE ( 'NONE', *, *, #1303, .F. ) ;
#1573 = EDGE_CURVE ( 'NONE', #403, #1907, #1993, .T. ) ;
#1574 = VERTEX_POINT ( 'NONE', #2013 ) ;
#1575 = FACE_OUTER_BOUND ( 'NONE', #663, .T. ) ;
#1576 = VECTOR ( 'NONE', #790, 1000.000000000000000 ) ;
#1577 = DIRECTION ( 'NONE',  ( 1.000000000000000000, 0.000000000000000000, 0.000000000000000000 ) ) ;
#1578 = TOROIDAL_SURFACE ( 'NONE', #65, 1.900000000000001021, 0.5000000000000000000 ) ;
#1579 = ADVANCED_FACE ( 'NONE', ( #1014, #1053 ), #1344, .T. ) ;
#1580 = DIRECTION ( 'NONE',  ( 1.224646799147353207E-16, 1.000000000000000000, 0.000000000000000000 ) ) ;
#1581 = CARTESIAN_POINT ( 'NONE',  ( 14.13460834179751480, 14.01980590141022631, 0.5000000000000000000 ) ) ;
#1582 = DIRECTION ( 'NONE',  ( 0.000000000000000000, 0.000000000000000000, -1.000000000000000000 ) ) ;
#1583 = ORIENTED_EDGE ( 'NONE', *, *, #1515, .T. ) ;
#1584 = EDGE_LOOP ( 'NONE', ( #1858, #1374, #726, #1174 ) ) ;
#1585 = ORIENTED_EDGE ( 'NONE', *, *, #2052, .F. ) ;
#1586 = EDGE_LOOP ( 'NONE', ( #456, #1793, #70, #1841 ) ) ;
#1587 = DIRECTION ( 'NONE',  ( 1.000000000000000000, 0.000000000000000000, 0.000000000000000000 ) ) ;
#1588 = AXIS2_PLACEMENT_3D ( 'NONE', #139, #607, #744 ) ;
#1589 = DIRECTION ( 'NONE',  ( -0.000000000000000000, 0.000000000000000000, 1.000000000000000000 ) ) ;
#1590 = ORIENTED_EDGE ( 'NONE', *, *, #1591, .T. ) ;
#1591 = EDGE_CURVE ( 'NONE', #1026, #1985, #641, .T. ) ;
#1592 = DIRECTION ( 'NONE',  ( 1.000000000000000000, -0.000000000000000000, -0.000000000000000000 ) ) ;
#1593 = ORIENTED_EDGE ( 'NONE', *, *, #1977, .T. ) ;
#1594 = ORIENTED_EDGE ( 'NONE', *, *, #474, .F. ) ;
#1595 = DIRECTION ( 'NONE',  ( 0.000000000000000000, 1.000000000000000000, -0.000000000000000000 ) ) ;
#1596 = DIRECTION ( 'NONE',  ( 1.000000000000000000, 0.000000000000000000, 0.000000000000000000 ) ) ;
#1597 = ORIENTED_EDGE ( 'NONE', *, *, #1246, .T. ) ;
#1598 = DIRECTION ( 'NONE',  ( 1.000000000000000000, -0.000000000000000000, 0.000000000000000000 ) ) ;
#1599 = CARTESIAN_POINT ( 'NONE',  ( 16.03460834179751515, 14.01980590141022631, 0.000000000000000000 ) ) ;
#1600 = ORIENTED_EDGE ( 'NONE', *, *, #2084, .T. ) ;
#1601 = DIRECTION ( 'NONE',  ( 0.000000000000000000, 1.000000000000000000, -0.000000000000000000 ) ) ;
#1602 = CIRCLE ( 'NONE', #535, 0.5000000000000004441 ) ;
#1603 = CARTESIAN_POINT ( 'NONE',  ( 14.13460834179722347, -13.98019409858977546, 0.5000000000000000000 ) ) ;
#1604 = ORIENTED_EDGE ( 'NONE', *, *, #1973, .T. ) ;
#1605 = CARTESIAN_POINT ( 'NONE',  ( -16.75000000000000000, -16.75000000000000000, 1.500000000000000000 ) ) ;
#1606 = LINE ( 'NONE', #1750, #571 ) ;
#1607 = AXIS2_PLACEMENT_3D ( 'NONE', #1964, #488, #1952 ) ;
#1608 = FACE_OUTER_BOUND ( 'NONE', #240, .T. ) ;
#1609 = ORIENTED_EDGE ( 'NONE', *, *, #1020, .T. ) ;
#1610 = EDGE_CURVE ( 'NONE', #403, #530, #1112, .T. ) ;
#1611 = CARTESIAN_POINT ( 'NONE',  ( -17.75000000000000000, -16.75000000000000000, 1.500000000000000000 ) ) ;
#1612 = ADVANCED_FACE ( 'NONE', ( #2062 ), #747, .T. ) ;
#1613 = EDGE_CURVE ( 'NONE', #1643, #605, #1401, .T. ) ;
#1614 = DIRECTION ( 'NONE',  ( -0.000000000000000000, 0.000000000000000000, 1.000000000000000000 ) ) ;
#1615 = EDGE_CURVE ( 'NONE', #1207, #510, #1457, .T. ) ;
#1616 = FACE_OUTER_BOUND ( 'NONE', #1753, .T. ) ;
#1617 = ADVANCED_FACE ( 'NONE', ( #87 ), #1079, .T. ) ;
#1618 = VECTOR ( 'NONE', #589, 1000.000000000000000 ) ;
#1619 = FACE_OUTER_BOUND ( 'NONE', #1850, .T. ) ;
#1620 = ORIENTED_EDGE ( 'NONE', *, *, #1315, .F. ) ;
#1621 = CIRCLE ( 'NONE', #687, 0.5000000000000000000 ) ;
#1622 = FILL_AREA_STYLE ('',( #1135 ) ) ;
#1623 = DIRECTION ( 'NONE',  ( -1.000000000000000000, 0.000000000000000000, -0.000000000000000000 ) ) ;
#1624 = CIRCLE ( 'NONE', #904, 1.000000000000000888 ) ;
#1625 = AXIS2_PLACEMENT_3D ( 'NONE', #686, #1323, #1062 ) ;
#1626 = EDGE_CURVE ( 'NONE', #2067, #1245, #457, .T. ) ;
#1627 = DIRECTION ( 'NONE',  ( 0.000000000000000000, -1.000000000000000000, 0.000000000000000000 ) ) ;
#1628 = DIRECTION ( 'NONE',  ( -0.000000000000000000, 0.000000000000000000, 1.000000000000000000 ) ) ;
#1629 = FACE_BOUND ( 'NONE', #1508, .T. ) ;
#1630 = ORIENTED_EDGE ( 'NONE', *, *, #944, .T. ) ;
#1631 = ORIENTED_EDGE ( 'NONE', *, *, #627, .T. ) ;
#1632 = CARTESIAN_POINT ( 'NONE',  ( 19.25000000000000000, 19.75000000000000000, 2.000000000000000000 ) ) ;
#1633 = VECTOR ( 'NONE', #1839, 1000.000000000000000 ) ;
#1634 = ADVANCED_FACE ( 'NONE', ( #2083 ), #1091, .T. ) ;
#1635 = CARTESIAN_POINT ( 'NONE',  ( 12.23460834179751444, 14.01980590141022631, 0.000000000000000000 ) ) ;
#1636 = CARTESIAN_POINT ( 'NONE',  ( 17.75000000000000000, -16.75000000000000000, 1.500000000000000000 ) ) ;
#1637 = LINE ( 'NONE', #14, #1576 ) ;
#1638 =( NAMED_UNIT ( * ) SI_UNIT ( $, .STERADIAN. ) SOLID_ANGLE_UNIT ( ) );
#1639 = DIRECTION ( 'NONE',  ( 0.000000000000000000, 0.000000000000000000, -1.000000000000000000 ) ) ;
#1640 = ADVANCED_FACE ( 'NONE', ( #262 ), #466, .T. ) ;
#1641 = EDGE_LOOP ( 'NONE', ( #1882, #324, #432, #118 ) ) ;
#1642 = VECTOR ( 'NONE', #1623, 1000.000000000000000 ) ;
#1643 = VERTEX_POINT ( 'NONE', #1749 ) ;
#1644 = DIRECTION ( 'NONE',  ( 1.224646799147353207E-16, 1.000000000000000000, 0.000000000000000000 ) ) ;
#1645 = DIRECTION ( 'NONE',  ( 0.000000000000000000, 0.000000000000000000, 1.000000000000000000 ) ) ;
#1646 = DIRECTION ( 'NONE',  ( 0.000000000000000000, 0.000000000000000000, 1.000000000000000000 ) ) ;
#1647 = CARTESIAN_POINT ( 'NONE',  ( -19.24999999999999645, -19.25000000000000000, 0.000000000000000000 ) ) ;
#1648 = CIRCLE ( 'NONE', #39, 1.900000000000000577 ) ;
#1649 = EDGE_LOOP ( 'NONE', ( #2043, #876, #1336, #1720 ) ) ;
#1650 = EDGE_LOOP ( 'NONE', ( #1111, #1447, #804, #2042, #290, #832, #1745, #1235 ) ) ;
#1651 = DIRECTION ( 'NONE',  ( 1.000000000000000000, 0.000000000000000000, 0.000000000000000000 ) ) ;
#1652 = CIRCLE ( 'NONE', #1202, 0.5000000000000000000 ) ;
#1653 = AXIS2_PLACEMENT_3D ( 'NONE', #1721, #272, #392 ) ;
#1654 = DIRECTION ( 'NONE',  ( -0.000000000000000000, 0.000000000000000000, 1.000000000000000000 ) ) ;
#1655 = DIRECTION ( 'NONE',  ( 0.000000000000000000, 0.000000000000000000, 1.000000000000000000 ) ) ;
#1656 = TOROIDAL_SURFACE ( 'NONE', #1554, 1.900000000000001021, 0.5000000000000000000 ) ;
#1657 = CARTESIAN_POINT ( 'NONE',  ( -10.76101507387955358, -16.54518584311808738, 0.5000000000000000000 ) ) ;
#1658 = AXIS2_PLACEMENT_3D ( 'NONE', #1814, #1660, #196 ) ;
#1659 = EDGE_LOOP ( 'NONE', ( #613, #583, #1731, #1969 ) ) ;
#1660 = DIRECTION ( 'NONE',  ( -0.000000000000000000, 0.000000000000000000, 1.000000000000000000 ) ) ;
#1661 = DIRECTION ( 'NONE',  ( -0.000000000000000000, 0.000000000000000000, 1.000000000000000000 ) ) ;
#1662 = FACE_OUTER_BOUND ( 'NONE', #153, .T. ) ;
#1663 = AXIS2_PLACEMENT_3D ( 'NONE', #1581, #1935, #126 ) ;
#1664 = DIRECTION ( 'NONE',  ( 1.000000000000000000, -0.000000000000000000, 0.000000000000000000 ) ) ;
#1665 = DIRECTION ( 'NONE',  ( -1.782965369970564202E-16, -1.000000000000000000, 0.000000000000000000 ) ) ;
#1666 = AXIS2_PLACEMENT_3D ( 'NONE', #52, #1824, #1655 ) ;
#1667 = ORIENTED_EDGE ( 'NONE', *, *, #1924, .T. ) ;
#1668 = DIRECTION ( 'NONE',  ( 0.000000000000000000, 0.000000000000000000, 1.000000000000000000 ) ) ;
#1669 = ADVANCED_FACE ( 'NONE', ( #895 ), #2071, .F. ) ;
#1670 = AXIS2_PLACEMENT_3D ( 'NONE', #1636, #666, #675 ) ;
#1671 = ORIENTED_EDGE ( 'NONE', *, *, #1001, .T. ) ;
#1672 = EDGE_CURVE ( 'NONE', #742, #1256, #811, .T. ) ;
#1673 = CARTESIAN_POINT ( 'NONE',  ( -2.969313137048012585, -10.68047140392107863, 0.5000000000000000000 ) ) ;
#1674 = CARTESIAN_POINT ( 'NONE',  ( -13.86539165820248520, 14.01980590141022631, 0.000000000000000000 ) ) ;
#1675 = CARTESIAN_POINT ( 'NONE',  ( -1.969313137048013473, -15.54518584311808560, 0.000000000000000000 ) ) ;
#1676 = FACE_OUTER_BOUND ( 'NONE', #1476, .T. ) ;
#1677 = AXIS2_PLACEMENT_3D ( 'NONE', #71, #695, #1544 ) ;
#1678 = EDGE_CURVE ( 'NONE', #1394, #1985, #700, .T. ) ;
#1679 = ORIENTED_EDGE ( 'NONE', *, *, #1672, .F. ) ;
#1680 = FACE_OUTER_BOUND ( 'NONE', #553, .T. ) ;
#1681 = TOROIDAL_SURFACE ( 'NONE', #413, 1.000000000000000000, 0.5000000000000000000 ) ;
#1682 = ORIENTED_EDGE ( 'NONE', *, *, #1102, .T. ) ;
#1683 = AXIS2_PLACEMENT_3D ( 'NONE', #1879, #297, #127 ) ;
#1684 = CARTESIAN_POINT ( 'NONE',  ( -11.76101507387955536, -11.18047140392108041, 0.5000000000000000000 ) ) ;
#1685 = DIRECTION ( 'NONE',  ( 1.000000000000000000, 0.000000000000000000, 0.000000000000000000 ) ) ;
#1686 = CARTESIAN_POINT ( 'NONE',  ( -11.96539165820248485, 14.01980590141022631, 0.5000000000000000000 ) ) ;
#1687 = CIRCLE ( 'NONE', #1074, 1.900000000000000577 ) ;
#1688 = ORIENTED_EDGE ( 'NONE', *, *, #1560, .F. ) ;
#1689 = LINE ( 'NONE', #346, #1561 ) ;
#1690 = CARTESIAN_POINT ( 'NONE',  ( -10.76101507387955358, -15.54518584311808560, 1.000000000000000000 ) ) ;
#1691 = ORIENTED_EDGE ( 'NONE', *, *, #965, .F. ) ;
#1692 = FACE_OUTER_BOUND ( 'NONE', #1584, .T. ) ;
#1693 = DIRECTION ( 'NONE',  ( -1.000000000000000000, 0.000000000000000000, 0.000000000000000000 ) ) ;
#1694 = AXIS2_PLACEMENT_3D ( 'NONE', #923, #619, #427 ) ;
#1695 = DIRECTION ( 'NONE',  ( 1.000000000000000000, -0.000000000000000000, 0.000000000000000000 ) ) ;
#1696 = EDGE_CURVE ( 'NONE', #2015, #2068, #1085, .T. ) ;
#1697 = CIRCLE ( 'NONE', #137, 0.5000000000000000000 ) ;
#1698 = EDGE_CURVE ( 'NONE', #1734, #2015, #1258, .T. ) ;
#1699 = VERTEX_POINT ( 'NONE', #1063 ) ;
#1700 = DIRECTION ( 'NONE',  ( 0.000000000000000000, 0.000000000000000000, 1.000000000000000000 ) ) ;
#1701 = EDGE_LOOP ( 'NONE', ( #218, #386, #1220, #453 ) ) ;
#1702 = LINE ( 'NONE', #899, #966 ) ;
#1703 = ADVANCED_FACE ( 'NONE', ( #1913 ), #1103, .T. ) ;
#1704 = ORIENTED_EDGE ( 'NONE', *, *, #97, .T. ) ;
#1705 = ORIENTED_EDGE ( 'NONE', *, *, #354, .T. ) ;
#1706 = DIRECTION ( 'NONE',  ( -0.000000000000000000, 0.000000000000000000, 1.000000000000000000 ) ) ;
#1707 = VECTOR ( 'NONE', #63, 1000.000000000000000 ) ;
#1708 = DIRECTION ( 'NONE',  ( 1.000000000000000000, 0.000000000000000000, 0.000000000000000000 ) ) ;
#1709 = DIRECTION ( 'NONE',  ( 0.000000000000000000, 0.000000000000000000, -1.000000000000000000 ) ) ;
#1710 = CARTESIAN_POINT ( 'NONE',  ( 0.000000000000000000, 0.000000000000000000, 2.000000000000000000 ) ) ;
#1711 = FACE_BOUND ( 'NONE', #1145, .T. ) ;
#1712 = ORIENTED_EDGE ( 'NONE', *, *, #1727, .F. ) ;
#1713 = DIRECTION ( 'NONE',  ( 1.000000000000000000, 0.000000000000000000, 0.000000000000000000 ) ) ;
#1714 = VERTEX_POINT ( 'NONE', #295 ) ;
#1715 = EDGE_CURVE ( 'NONE', #1469, #1955, #1077, .T. ) ;
#1716 = DIRECTION ( 'NONE',  ( 1.000000000000000000, 0.000000000000000000, 0.000000000000000000 ) ) ;
#1717 = ADVANCED_FACE ( 'NONE', ( #1294 ), #1963, .T. ) ;
#1718 = EDGE_LOOP ( 'NONE', ( #1867, #2031 ) ) ;
#1719 = CIRCLE ( 'NONE', #795, 0.5000000000000000000 ) ;
#1720 = ORIENTED_EDGE ( 'NONE', *, *, #1832, .T. ) ;
#1721 = CARTESIAN_POINT ( 'NONE',  ( -2.469313137048012585, -10.68047140392107863, 0.5000000000000000000 ) ) ;
#1722 = AXIS2_PLACEMENT_3D ( 'NONE', #1474, #632, #322 ) ;
#1723 = CARTESIAN_POINT ( 'NONE',  ( -15.76539165820248556, 14.01980590141022631, 0.5000000000000000000 ) ) ;
#1724 = CARTESIAN_POINT ( 'NONE',  ( -19.24999999999999645, -1.690806425952077419E-15, 1.500000000000000000 ) ) ;
#1725 = DIRECTION ( 'NONE',  ( -0.000000000000000000, 0.000000000000000000, -1.000000000000000000 ) ) ;
#1726 = LINE ( 'NONE', #1105, #1618 ) ;
#1727 = EDGE_CURVE ( 'NONE', #874, #17, #161, .T. ) ;
#1728 = AXIS2_PLACEMENT_3D ( 'NONE', #254, #570, #2021 ) ;
#1729 = AXIS2_PLACEMENT_3D ( 'NONE', #1845, #1032, #990 ) ;
#1730 = ORIENTED_EDGE ( 'NONE', *, *, #1573, .F. ) ;
#1731 = ORIENTED_EDGE ( 'NONE', *, *, #1324, .F. ) ;
#1732 = AXIS2_PLACEMENT_3D ( 'NONE', #623, #1278, #462 ) ;
#1733 = ORIENTED_EDGE ( 'NONE', *, *, #813, .T. ) ;
#1734 = VERTEX_POINT ( 'NONE', #1156 ) ;
#1735 = CARTESIAN_POINT ( 'NONE',  ( 17.75000000000000000, 0.000000000000000000, 2.000000000000000000 ) ) ;
#1736 = DIRECTION ( 'NONE',  ( 0.000000000000000000, -1.000000000000000000, 0.000000000000000000 ) ) ;
#1737 = DIRECTION ( 'NONE',  ( 1.782965369970564202E-16, 1.000000000000000000, -0.000000000000000000 ) ) ;
#1738 = CARTESIAN_POINT ( 'NONE',  ( -11.96539165820277617, -13.98019409858977546, 1.000000000000000000 ) ) ;
#1739 = FACE_BOUND ( 'NONE', #227, .T. ) ;
#1740 = VECTOR ( 'NONE', #276, 1000.000000000000000 ) ;
#1741 = AXIS2_PLACEMENT_3D ( 'NONE', #748, #1253, #1903 ) ;
#1742 = ORIENTED_EDGE ( 'NONE', *, *, #1255, .F. ) ;
#1743 = CYLINDRICAL_SURFACE ( 'NONE', #1413, 0.5000000000000000000 ) ;
#1744 = ORIENTED_EDGE ( 'NONE', *, *, #379, .F. ) ;
#1745 = ORIENTED_EDGE ( 'NONE', *, *, #1418, .F. ) ;
#1746 = CARTESIAN_POINT ( 'NONE',  ( 19.25000000000000000, -19.25000000000000000, 1.500000000000000000 ) ) ;
#1747 = AXIS2_PLACEMENT_3D ( 'NONE', #1975, #202, #515 ) ;
#1748 = CARTESIAN_POINT ( 'NONE',  ( 16.03460834179751515, 14.01980590141022631, 0.5000000000000000000 ) ) ;
#1749 = CARTESIAN_POINT ( 'NONE',  ( -2.969313137048012585, -10.68047140392107863, 0.000000000000000000 ) ) ;
#1750 = CARTESIAN_POINT ( 'NONE',  ( -17.25000000000000000, 16.75000000000000000, 1.000000000000000000 ) ) ;
#1751 = CYLINDRICAL_SURFACE ( 'NONE', #43, 0.5000000000000000000 ) ;
#1752 = EDGE_CURVE ( 'NONE', #433, #2032, #1312, .T. ) ;
#1753 = EDGE_LOOP ( 'NONE', ( #414, #518, #2044, #1631 ) ) ;
#1754 = ORIENTED_EDGE ( 'NONE', *, *, #55, .T. ) ;
#1755 = VERTEX_POINT ( 'NONE', #1305 ) ;
#1756 = DIRECTION ( 'NONE',  ( 1.000000000000000000, 0.000000000000000000, 0.000000000000000000 ) ) ;
#1757 = TOROIDAL_SURFACE ( 'NONE', #483, 1.900000000000001021, 0.5000000000000000000 ) ;
#1758 = DIRECTION ( 'NONE',  ( -0.000000000000000000, 0.000000000000000000, 1.000000000000000000 ) ) ;
#1759 = VERTEX_POINT ( 'NONE', #1809 ) ;
#1760 = DIRECTION ( 'NONE',  ( 0.000000000000000000, 0.000000000000000000, 1.000000000000000000 ) ) ;
#1761 = DIRECTION ( 'NONE',  ( 0.000000000000000000, -1.000000000000000000, 0.000000000000000000 ) ) ;
#1762 = CARTESIAN_POINT ( 'NONE',  ( -10.76101507387955358, -10.68047140392107863, 0.5000000000000000000 ) ) ;
#1763 = AXIS2_PLACEMENT_3D ( 'NONE', #292, #1595, #776 ) ;
#1764 = VERTEX_POINT ( 'NONE', #1801 ) ;
#1765 = AXIS2_PLACEMENT_3D ( 'NONE', #1792, #6, #1639 ) ;
#1766 =( NAMED_UNIT ( * ) SI_UNIT ( $, .STERADIAN. ) SOLID_ANGLE_UNIT ( ) );
#1767 = DIRECTION ( 'NONE',  ( 0.000000000000000000, 1.000000000000000000, 0.000000000000000000 ) ) ;
#1768 = CIRCLE ( 'NONE', #1008, 0.5000000000000004441 ) ;
#1769 = EDGE_LOOP ( 'NONE', ( #1796, #550, #1060, #739 ) ) ;
#1770 = DIRECTION ( 'NONE',  ( 1.000000000000000000, 0.000000000000000000, 0.000000000000000000 ) ) ;
#1771 = CARTESIAN_POINT ( 'NONE',  ( 19.25000000000000000, 19.25000000000000000, 1.500000000000000000 ) ) ;
#1772 = DIRECTION ( 'NONE',  ( 1.000000000000000000, 0.000000000000000000, 0.000000000000000000 ) ) ;
#1773 = EDGE_CURVE ( 'NONE', #868, #690, #330, .T. ) ;
#1774 = AXIS2_PLACEMENT_3D ( 'NONE', #370, #1992, #73 ) ;
#1775 = ORIENTED_EDGE ( 'NONE', *, *, #418, .F. ) ;
#1776 = ADVANCED_FACE ( 'NONE', ( #1953 ), #25, .T. ) ;
#1777 = VECTOR ( 'NONE', #792, 1000.000000000000000 ) ;
#1778 = EDGE_CURVE ( 'NONE', #1955, #1540, #1637, .T. ) ;
#1779 = CIRCLE ( 'NONE', #1188, 1.000000000000000888 ) ;
#1780 = DIRECTION ( 'NONE',  ( -0.000000000000000000, 0.000000000000000000, 1.000000000000000000 ) ) ;
#1781 = CARTESIAN_POINT ( 'NONE',  ( -10.76101507387955358, -11.68047140392108041, 0.5000000000000000000 ) ) ;
#1782 = CIRCLE ( 'NONE', #1266, 1.400000000000000133 ) ;
#1783 = CARTESIAN_POINT ( 'NONE',  ( 17.24999999999999645, 17.25000000000000000, 1.500000000000000000 ) ) ;
#1784 = EDGE_CURVE ( 'NONE', #2098, #1917, #1221, .T. ) ;
#1785 = DIRECTION ( 'NONE',  ( 1.000000000000000000, -0.000000000000000000, 0.000000000000000000 ) ) ;
#1786 = EDGE_CURVE ( 'NONE', #246, #1574, #1472, .T. ) ;
#1787 = CARTESIAN_POINT ( 'NONE',  ( -19.24999999999999645, -19.75000000000000000, 1.500000000000000000 ) ) ;
#1788 = AXIS2_PLACEMENT_3D ( 'NONE', #122, #1075, #1411 ) ;
#1789 = FACE_OUTER_BOUND ( 'NONE', #1813, .T. ) ;
#1790 = CARTESIAN_POINT ( 'NONE',  ( -19.25000000000000000, 19.25000000000000000, 0.5000000000000000000 ) ) ;
#1791 = DIRECTION ( 'NONE',  ( -1.000000000000000000, 0.000000000000000000, 0.000000000000000000 ) ) ;
#1792 = CARTESIAN_POINT ( 'NONE',  ( 16.03460834179722383, -13.98019409858977546, 0.5000000000000000000 ) ) ;
#1793 = ORIENTED_EDGE ( 'NONE', *, *, #274, .T. ) ;
#1794 = AXIS2_PLACEMENT_3D ( 'NONE', #1440, #954, #1306 ) ;
#1795 = EDGE_CURVE ( 'NONE', #1819, #1699, #1942, .T. ) ;
#1796 = ORIENTED_EDGE ( 'NONE', *, *, #1331, .T. ) ;
#1797 = CARTESIAN_POINT ( 'NONE',  ( -16.75000000000000355, 16.75000000000000000, 1.000000000000000000 ) ) ;
#1798 = DIRECTION ( 'NONE',  ( 0.000000000000000000, 0.000000000000000000, 1.000000000000000000 ) ) ;
#1799 = AXIS2_PLACEMENT_3D ( 'NONE', #203, #30, #1484 ) ;
#1800 = EDGE_CURVE ( 'NONE', #2032, #1551, #307, .T. ) ;
#1801 = CARTESIAN_POINT ( 'NONE',  ( 17.75000000000000000, 16.75000000000000000, 2.000000000000000000 ) ) ;
#1802 = SPHERICAL_SURFACE ( 'NONE', #1292, 0.5000000000000000000 ) ;
#1803 = CARTESIAN_POINT ( 'NONE',  ( -13.86539165820248520, 14.01980590141022631, 1.000000000000000000 ) ) ;
#1804 = ORIENTED_EDGE ( 'NONE', *, *, #338, .F. ) ;
#1805 = EDGE_LOOP ( 'NONE', ( #91, #723, #935, #1982 ) ) ;
#1806 = CARTESIAN_POINT ( 'NONE',  ( -17.75000000000000000, -16.75000000000000000, 2.000000000000000000 ) ) ;
#1807 = AXIS2_PLACEMENT_3D ( 'NONE', #1686, #517, #1193 ) ;
#1808 = DIRECTION ( 'NONE',  ( -0.000000000000000000, 0.000000000000000000, 1.000000000000000000 ) ) ;
#1809 = CARTESIAN_POINT ( 'NONE',  ( 12.23460834179722312, -13.98019409858977546, 0.000000000000000000 ) ) ;
#1810 = DIRECTION ( 'NONE',  ( 0.000000000000000000, 0.000000000000000000, -1.000000000000000000 ) ) ;
#1811 = ORIENTED_EDGE ( 'NONE', *, *, #123, .T. ) ;
#1812 = CIRCLE ( 'NONE', #882, 0.5000000000000000000 ) ;
#1813 = EDGE_LOOP ( 'NONE', ( #345, #889, #280, #1094 ) ) ;
#1814 = CARTESIAN_POINT ( 'NONE',  ( 16.74999999999999645, 16.75000000000000000, 1.500000000000000000 ) ) ;
#1815 = CARTESIAN_POINT ( 'NONE',  ( 14.13460834179722347, -13.98019409858977546, 0.5000000000000000000 ) ) ;
#1816 = DIRECTION ( 'NONE',  ( -0.000000000000000000, 0.000000000000000000, 1.000000000000000000 ) ) ;
#1817 = CARTESIAN_POINT ( 'NONE',  ( 19.25000000000000000, 19.25000000000000000, 0.5000000000000000000 ) ) ;
#1818 = TOROIDAL_SURFACE ( 'NONE', #1847, 1.900000000000001021, 0.5000000000000000000 ) ;
#1819 = VERTEX_POINT ( 'NONE', #180 ) ;
#1820 = ORIENTED_EDGE ( 'NONE', *, *, #1773, .T. ) ;
#1821 = CYLINDRICAL_SURFACE ( 'NONE', #1178, 0.5000000000000004441 ) ;
#1822 = VECTOR ( 'NONE', #121, 1000.000000000000000 ) ;
#1823 = DIRECTION ( 'NONE',  ( 0.000000000000000000, 0.000000000000000000, 1.000000000000000000 ) ) ;
#1824 = DIRECTION ( 'NONE',  ( -1.000000000000000000, 0.000000000000000000, 0.000000000000000000 ) ) ;
#1825 = TOROIDAL_SURFACE ( 'NONE', #261, 1.900000000000001021, 0.5000000000000000000 ) ;
#1826 = AXIS2_PLACEMENT_3D ( 'NONE', #1163, #187, #23 ) ;
#1827 = DIRECTION ( 'NONE',  ( -1.000000000000000000, 0.000000000000000000, 0.000000000000000000 ) ) ;
#1828 = EDGE_CURVE ( 'NONE', #1365, #1190, #1602, .T. ) ;
#1829 = AXIS2_PLACEMENT_3D ( 'NONE', #1056, #721, #1526 ) ;
#1830 = VERTEX_POINT ( 'NONE', #302 ) ;
#1831 = CARTESIAN_POINT ( 'NONE',  ( -19.25000000000000000, 19.25000000000000000, 1.500000000000000000 ) ) ;
#1832 = EDGE_CURVE ( 'NONE', #17, #1861, #745, .T. ) ;
#1833 = VERTEX_POINT ( 'NONE', #951 ) ;
#1834 = CIRCLE ( 'NONE', #1774, 0.5000000000000004441 ) ;
#1835 = DIRECTION ( 'NONE',  ( -1.000000000000000000, 0.000000000000000000, 0.000000000000000000 ) ) ;
#1836 = CARTESIAN_POINT ( 'NONE',  ( -2.469313137048013473, -15.54518584311808560, 0.5000000000000000000 ) ) ;
#1837 = EDGE_CURVE ( 'NONE', #746, #877, #952, .T. ) ;
#1838 = LINE ( 'NONE', #369, #691 ) ;
#1839 = DIRECTION ( 'NONE',  ( -1.000000000000000000, 0.000000000000000000, -0.000000000000000000 ) ) ;
#1840 = CIRCLE ( 'NONE', #1124, 1.400000000000000133 ) ;
#1841 = ORIENTED_EDGE ( 'NONE', *, *, #190, .F. ) ;
#1842 = FACE_OUTER_BOUND ( 'NONE', #1701, .T. ) ;
#1843 = ORIENTED_EDGE ( 'NONE', *, *, #592, .T. ) ;
#1844 = DIRECTION ( 'NONE',  ( 0.000000000000000000, 1.000000000000000000, 0.000000000000000000 ) ) ;
#1845 = CARTESIAN_POINT ( 'NONE',  ( 14.13460834179751480, 14.01980590141022631, 0.000000000000000000 ) ) ;
#1846 = DIRECTION ( 'NONE',  ( 0.000000000000000000, 0.000000000000000000, 1.000000000000000000 ) ) ;
#1847 = AXIS2_PLACEMENT_3D ( 'NONE', #756, #422, #445 ) ;
#1848 = ORIENTED_EDGE ( 'NONE', *, *, #55, .F. ) ;
#1849 = CARTESIAN_POINT ( 'NONE',  ( -16.75000000000000000, 16.75000000000000000, 1.500000000000000000 ) ) ;
#1850 = EDGE_LOOP ( 'NONE', ( #1594, #2075, #543, #1350 ) ) ;
#1851 = ORIENTED_EDGE ( 'NONE', *, *, #1828, .T. ) ;
#1852 = CARTESIAN_POINT ( 'NONE',  ( -13.86539165820277653, -13.98019409858977546, 0.5000000000000000000 ) ) ;
#1853 = EDGE_CURVE ( 'NONE', #1190, #746, #1444, .T. ) ;
#1854 = DIRECTION ( 'NONE',  ( 0.000000000000000000, 0.000000000000000000, 1.000000000000000000 ) ) ;
#1855 = CARTESIAN_POINT ( 'NONE',  ( -11.76101507387955536, -11.68047140392108041, 0.5000000000000000000 ) ) ;
#1856 = ORIENTED_EDGE ( 'NONE', *, *, #274, .F. ) ;
#1857 = CARTESIAN_POINT ( 'NONE',  ( -19.25000000000000000, 19.25000000000000000, 0.5000000000000000000 ) ) ;
#1858 = ORIENTED_EDGE ( 'NONE', *, *, #1460, .F. ) ;
#1859 = ORIENTED_EDGE ( 'NONE', *, *, #2091, .T. ) ;
#1860 = EDGE_LOOP ( 'NONE', ( #1044, #964, #1419, #1572 ) ) ;
#1861 = VERTEX_POINT ( 'NONE', #465 ) ;
#1862 = CARTESIAN_POINT ( 'NONE',  ( -2.969313137048012585, -11.68047140392108041, 0.5000000000000000000 ) ) ;
#1863 = EDGE_CURVE ( 'NONE', #1540, #500, #394, .T. ) ;
#1864 = DIRECTION ( 'NONE',  ( 0.000000000000000000, 0.000000000000000000, 1.000000000000000000 ) ) ;
#1865 = CARTESIAN_POINT ( 'NONE',  ( 16.74999999999999645, 0.000000000000000000, 1.500000000000000000 ) ) ;
#1866 = VECTOR ( 'NONE', #981, 1000.000000000000000 ) ;
#1867 = ORIENTED_EDGE ( 'NONE', *, *, #415, .T. ) ;
#1868 = DIRECTION ( 'NONE',  ( 0.000000000000000000, 0.000000000000000000, -1.000000000000000000 ) ) ;
#1869 = ORIENTED_EDGE ( 'NONE', *, *, #813, .F. ) ;
#1870 = ORIENTED_EDGE ( 'NONE', *, *, #1510, .F. ) ;
#1871 = ORIENTED_EDGE ( 'NONE', *, *, #1261, .F. ) ;
#1872 = ORIENTED_EDGE ( 'NONE', *, *, #1610, .F. ) ;
#1873 = CARTESIAN_POINT ( 'NONE',  ( -1.969313137048012585, -11.68047140392108041, 0.000000000000000000 ) ) ;
#1874 = AXIS2_PLACEMENT_3D ( 'NONE', #1481, #1823, #1957 ) ;
#1875 = CARTESIAN_POINT ( 'NONE',  ( -10.76101507387955358, -16.04518584311808738, 0.5000000000000000000 ) ) ;
#1876 = ADVANCED_FACE ( 'NONE', ( #1616 ), #2107, .T. ) ;
#1877 = DIRECTION ( 'NONE',  ( -1.000000000000000000, 0.000000000000000000, 0.000000000000000000 ) ) ;
#1878 = DIRECTION ( 'NONE',  ( 1.224646799147353207E-16, 1.000000000000000000, 0.000000000000000000 ) ) ;
#1879 = CARTESIAN_POINT ( 'NONE',  ( 19.25000000000000000, 19.25000000000000000, 1.000000000000000000 ) ) ;
#1880 = ORIENTED_EDGE ( 'NONE', *, *, #1383, .F. ) ;
#1881 = AXIS2_PLACEMENT_3D ( 'NONE', #2060, #1911, #1089 ) ;
#1882 = ORIENTED_EDGE ( 'NONE', *, *, #845, .F. ) ;
#1883 = EDGE_LOOP ( 'NONE', ( #1691, #22, #362 ) ) ;
#1884 = CIRCLE ( 'NONE', #590, 0.5000000000000000000 ) ;
#1885 = ORIENTED_EDGE ( 'NONE', *, *, #1418, .T. ) ;
#1886 = DIRECTION ( 'NONE',  ( 0.000000000000000000, 0.000000000000000000, 1.000000000000000000 ) ) ;
#1887 = FACE_OUTER_BOUND ( 'NONE', #866, .T. ) ;
#1888 = AXIS2_PLACEMENT_3D ( 'NONE', #1959, #821, #459 ) ;
#1889 = DIRECTION ( 'NONE',  ( 1.000000000000000000, 0.000000000000000000, 0.000000000000000000 ) ) ;
#1890 = DIRECTION ( 'NONE',  ( -0.000000000000000000, 1.000000000000000000, 0.000000000000000000 ) ) ;
#1891 = DIRECTION ( 'NONE',  ( 0.000000000000000000, -1.000000000000000000, 0.000000000000000000 ) ) ;
#1892 = EDGE_CURVE ( 'NONE', #80, #1458, #1779, .T. ) ;
#1893 = CIRCLE ( 'NONE', #1729, 1.900000000000000577 ) ;
#1894 = ORIENTED_EDGE ( 'NONE', *, *, #1383, .T. ) ;
#1895 = CIRCLE ( 'NONE', #357, 0.5000000000000000000 ) ;
#1896 = ORIENTED_EDGE ( 'NONE', *, *, #577, .F. ) ;
#1897 = ORIENTED_EDGE ( 'NONE', *, *, #435, .F. ) ;
#1898 = DIRECTION ( 'NONE',  ( 0.000000000000000000, 0.000000000000000000, 1.000000000000000000 ) ) ;
#1899 = EDGE_CURVE ( 'NONE', #372, #605, #842, .T. ) ;
#1900 = DIRECTION ( 'NONE',  ( -0.000000000000000000, 0.000000000000000000, 1.000000000000000000 ) ) ;
#1901 = DIRECTION ( 'NONE',  ( -0.000000000000000000, 0.000000000000000000, 1.000000000000000000 ) ) ;
#1902 = EDGE_CURVE ( 'NONE', #591, #868, #2039, .T. ) ;
#1903 = DIRECTION ( 'NONE',  ( 1.000000000000000000, 0.000000000000000000, 0.000000000000000000 ) ) ;
#1904 = DIRECTION ( 'NONE',  ( -0.000000000000000000, 0.000000000000000000, 1.000000000000000000 ) ) ;
#1905 = AXIS2_PLACEMENT_3D ( 'NONE', #1547, #610, #1240 ) ;
#1906 = CIRCLE ( 'NONE', #1015, 0.5000000000000000000 ) ;
#1907 = VERTEX_POINT ( 'NONE', #1836 ) ;
#1908 = ORIENTED_EDGE ( 'NONE', *, *, #1519, .T. ) ;
#1909 = ORIENTED_EDGE ( 'NONE', *, *, #40, .T. ) ;
#1910 = CYLINDRICAL_SURFACE ( 'NONE', #1930, 0.5000000000000000000 ) ;
#1911 = DIRECTION ( 'NONE',  ( 0.000000000000000000, -0.000000000000000000, -1.000000000000000000 ) ) ;
#1912 = VECTOR ( 'NONE', #13, 1000.000000000000000 ) ;
#1913 = FACE_OUTER_BOUND ( 'NONE', #1805, .T. ) ;
#1914 = CARTESIAN_POINT ( 'NONE',  ( -19.24999999999999645, -19.25000000000000000, 2.000000000000000000 ) ) ;
#1915 = DIRECTION ( 'NONE',  ( 1.000000000000000000, 0.000000000000000000, 0.000000000000000000 ) ) ;
#1916 = ORIENTED_EDGE ( 'NONE', *, *, #1175, .T. ) ;
#1917 = VERTEX_POINT ( 'NONE', #368 ) ;
#1918 = CARTESIAN_POINT ( 'NONE',  ( -11.76101507387955536, 0.000000000000000000, 0.000000000000000000 ) ) ;
#1919 = CIRCLE ( 'NONE', #2089, 0.5000000000000000000 ) ;
#1920 = DIRECTION ( 'NONE',  ( 1.224646799147353207E-16, 1.000000000000000000, 0.000000000000000000 ) ) ;
#1921 = ORIENTED_EDGE ( 'NONE', *, *, #1001, .F. ) ;
#1922 = EDGE_CURVE ( 'NONE', #1833, #185, #1840, .T. ) ;
#1923 = DIRECTION ( 'NONE',  ( -1.000000000000000000, -8.783410004945859907E-17, 0.000000000000000000 ) ) ;
#1924 = EDGE_CURVE ( 'NONE', #16, #1244, #1023, .T. ) ;
#1925 = FACE_OUTER_BOUND ( 'NONE', #461, .T. ) ;
#1926 = CARTESIAN_POINT ( 'NONE',  ( -13.86539165820277653, -13.98019409858977546, 0.000000000000000000 ) ) ;
#1927 = CIRCLE ( 'NONE', #1763, 0.5000000000000000000 ) ;
#1928 = ADVANCED_FACE ( 'NONE', ( #1662 ), #1512, .T. ) ;
#1929 = ORIENTED_EDGE ( 'NONE', *, *, #1938, .T. ) ;
#1930 = AXIS2_PLACEMENT_3D ( 'NONE', #555, #755, #1898 ) ;
#1931 = AXIS2_PLACEMENT_3D ( 'NONE', #1513, #360, #998 ) ;
#1932 = CARTESIAN_POINT ( 'NONE',  ( -17.24999999999999645, -16.75000000000000000, 1.500000000000000000 ) ) ;
#1933 = VECTOR ( 'NONE', #1996, 1000.000000000000000 ) ;
#1934 = CARTESIAN_POINT ( 'NONE',  ( -19.24999999999999645, -1.690806425952077419E-15, 0.000000000000000000 ) ) ;
#1935 = DIRECTION ( 'NONE',  ( -0.000000000000000000, 0.000000000000000000, 1.000000000000000000 ) ) ;
#1936 = DIRECTION ( 'NONE',  ( 0.000000000000000000, -0.000000000000000000, -1.000000000000000000 ) ) ;
#1937 = ADVANCED_FACE ( 'NONE', ( #192 ), #859, .T. ) ;
#1938 = EDGE_CURVE ( 'NONE', #2098, #48, #2005, .T. ) ;
#1939 = AXIS2_PLACEMENT_3D ( 'NONE', #922, #448, #1770 ) ;
#1940 = ORIENTED_EDGE ( 'NONE', *, *, #1454, .T. ) ;
#1941 = SURFACE_STYLE_USAGE ( .BOTH. , #299 ) ;
#1942 = CIRCLE ( 'NONE', #1495, 0.5000000000000000000 ) ;
#1943 = CARTESIAN_POINT ( 'NONE',  ( -19.24999999999999645, -19.25000000000000000, 1.000000000000000000 ) ) ;
#1944 = DIRECTION ( 'NONE',  ( 0.000000000000000000, 0.000000000000000000, 1.000000000000000000 ) ) ;
#1945 = AXIS2_PLACEMENT_3D ( 'NONE', #1815, #1491, #1320 ) ;
#1946 = DIRECTION ( 'NONE',  ( 1.000000000000000000, 0.000000000000000000, 0.000000000000000000 ) ) ;
#1947 = ORIENTED_EDGE ( 'NONE', *, *, #1233, .F. ) ;
#1948 = EDGE_CURVE ( 'NONE', #823, #1379, #2076, .T. ) ;
#1949 = SURFACE_STYLE_FILL_AREA ( #1622 ) ;
#1950 = DIRECTION ( 'NONE',  ( 0.000000000000000000, 0.000000000000000000, 1.000000000000000000 ) ) ;
#1951 = AXIS2_PLACEMENT_3D ( 'NONE', #1341, #222, #1835 ) ;
#1952 = DIRECTION ( 'NONE',  ( 0.000000000000000000, 0.000000000000000000, -1.000000000000000000 ) ) ;
#1953 = FACE_OUTER_BOUND ( 'NONE', #34, .T. ) ;
#1954 = ORIENTED_EDGE ( 'NONE', *, *, #799, .T. ) ;
#1955 = VERTEX_POINT ( 'NONE', #1342 ) ;
#1956 =( NAMED_UNIT ( * ) PLANE_ANGLE_UNIT ( ) SI_UNIT ( $, .RADIAN. ) );
#1957 = DIRECTION ( 'NONE',  ( -1.000000000000000000, 0.000000000000000000, 0.000000000000000000 ) ) ;
#1958 = DIRECTION ( 'NONE',  ( 0.000000000000000000, 0.000000000000000000, -1.000000000000000000 ) ) ;
#1959 = CARTESIAN_POINT ( 'NONE',  ( -19.24999999999999645, -19.25000000000000000, 1.500000000000000000 ) ) ;
#1960 = ORIENTED_EDGE ( 'NONE', *, *, #1973, .F. ) ;
#1961 = ORIENTED_EDGE ( 'NONE', *, *, #472, .F. ) ;
#1962 = CARTESIAN_POINT ( 'NONE',  ( 12.23460834179751444, 14.01980590141022631, 0.5000000000000000000 ) ) ;
#1963 = TOROIDAL_SURFACE ( 'NONE', #815, 1.000000000000000000, 0.5000000000000000000 ) ;
#1964 = CARTESIAN_POINT ( 'NONE',  ( -17.24999999999999645, -17.75000000000000355, 1.500000000000000000 ) ) ;
#1965 = CARTESIAN_POINT ( 'NONE',  ( 19.75000000000000000, 19.75000000000000000, 0.5000000000000000000 ) ) ;
#1966 = EDGE_CURVE ( 'NONE', #877, #1830, #1181, .T. ) ;
#1967 = CARTESIAN_POINT ( 'NONE',  ( 19.25000000000000000, 19.25000000000000000, 0.5000000000000000000 ) ) ;
#1968 = SPHERICAL_SURFACE ( 'NONE', #802, 0.5000000000000000000 ) ;
#1969 = ORIENTED_EDGE ( 'NONE', *, *, #761, .F. ) ;
#1970 = CIRCLE ( 'NONE', #401, 0.5000000000000004441 ) ;
#1971 = VERTEX_POINT ( 'NONE', #1914 ) ;
#1972 = DIRECTION ( 'NONE',  ( -0.000000000000000000, -1.000000000000000000, -0.000000000000000000 ) ) ;
#1973 = EDGE_CURVE ( 'NONE', #1971, #500, #933, .T. ) ;
#1974 = DIRECTION ( 'NONE',  ( -0.000000000000000000, 0.000000000000000000, 1.000000000000000000 ) ) ;
#1975 = CARTESIAN_POINT ( 'NONE',  ( 0.000000000000000000, -19.25000000000000000, 1.500000000000000000 ) ) ;
#1976 = DIRECTION ( 'NONE',  ( 0.000000000000000000, 0.000000000000000000, 1.000000000000000000 ) ) ;
#1977 = EDGE_CURVE ( 'NONE', #1269, #1067, #1697, .T. ) ;
#1978 = DIRECTION ( 'NONE',  ( 1.000000000000000000, 0.000000000000000000, 0.000000000000000000 ) ) ;
#1979 = ADVANCED_FACE ( 'NONE', ( #1080 ), #2063, .T. ) ;
#1980 = EDGE_CURVE ( 'NONE', #185, #388, #778, .T. ) ;
#1981 = AXIS2_PLACEMENT_3D ( 'NONE', #562, #760, #1065 ) ;
#1982 = ORIENTED_EDGE ( 'NONE', *, *, #887, .F. ) ;
#1983 = SPHERICAL_SURFACE ( 'NONE', #907, 0.5000000000000000000 ) ;
#1984 = EDGE_CURVE ( 'NONE', #1496, #2006, #532, .T. ) ;
#1985 = VERTEX_POINT ( 'NONE', #1566 ) ;
#1986 = CIRCLE ( 'NONE', #1000, 0.5000000000000000000 ) ;
#1987 = CIRCLE ( 'NONE', #867, 0.5000000000000000000 ) ;
#1988 = DIRECTION ( 'NONE',  ( 1.000000000000000000, -6.938893903907221278E-15, 0.000000000000000000 ) ) ;
#1989 = CARTESIAN_POINT ( 'NONE',  ( -10.76101507387955358, -11.68047140392108041, 0.000000000000000000 ) ) ;
#1990 = DIRECTION ( 'NONE',  ( 0.000000000000000000, 0.000000000000000000, 1.000000000000000000 ) ) ;
#1991 = AXIS2_PLACEMENT_3D ( 'NONE', #18, #825, #519 ) ;
#1992 = DIRECTION ( 'NONE',  ( -0.000000000000000000, -0.000000000000000000, 1.000000000000000000 ) ) ;
#1993 = CIRCLE ( 'NONE', #982, 0.5000000000000000000 ) ;
#1994 = EDGE_LOOP ( 'NONE', ( #1682, #644, #68, #1042 ) ) ;
#1995 = ADVANCED_FACE ( 'NONE', ( #1265 ), #365, .T. ) ;
#1996 = DIRECTION ( 'NONE',  ( 0.000000000000000000, 0.000000000000000000, -1.000000000000000000 ) ) ;
#1997 = ORIENTED_EDGE ( 'NONE', *, *, #379, .T. ) ;
#1998 = AXIS2_PLACEMENT_3D ( 'NONE', #600, #1901, #1274 ) ;
#1999 = AXIS2_PLACEMENT_3D ( 'NONE', #677, #1157, #1332 ) ;
#2000 = CARTESIAN_POINT ( 'NONE',  ( 19.25000000000000000, -19.25000000000000000, 0.5000000000000000000 ) ) ;
#2001 = CARTESIAN_POINT ( 'NONE',  ( 17.75000000000000000, 16.75000000000000000, 1.500000000000000000 ) ) ;
#2002 = PRODUCT ( 'Back Case', 'Back Case', '', ( #174 ) ) ;
#2003 = EDGE_CURVE ( 'NONE', #2098, #1069, #296, .T. ) ;
#2004 = LINE ( 'NONE', #561, #364 ) ;
#2005 = CIRCLE ( 'NONE', #1090, 0.5000000000000000000 ) ;
#2006 = VERTEX_POINT ( 'NONE', #1738 ) ;
#2007 = SPHERICAL_SURFACE ( 'NONE', #157, 0.5000000000000000000 ) ;
#2008 = DIRECTION ( 'NONE',  ( 0.000000000000000000, -0.000000000000000000, 1.000000000000000000 ) ) ;
#2009 = EDGE_CURVE ( 'NONE', #1819, #711, #1606, .T. ) ;
#2010 = EDGE_LOOP ( 'NONE', ( #1405, #1909, #1604, #977 ) ) ;
#2011 = FACE_OUTER_BOUND ( 'NONE', #7, .T. ) ;
#2012 = CARTESIAN_POINT ( 'NONE',  ( 14.13460834179722347, -13.98019409858977546, 0.000000000000000000 ) ) ;
#2013 = CARTESIAN_POINT ( 'NONE',  ( 19.75000000000000000, 19.25000000000000000, 0.5000000000000000000 ) ) ;
#2014 = AXIS2_PLACEMENT_3D ( 'NONE', #375, #1030, #1500 ) ;
#2015 = VERTEX_POINT ( 'NONE', #277 ) ;
#2016 = DIRECTION ( 'NONE',  ( 1.000000000000000000, -0.000000000000000000, 0.000000000000000000 ) ) ;
#2017 = ORIENTED_EDGE ( 'NONE', *, *, #1229, .F. ) ;
#2018 = CARTESIAN_POINT ( 'NONE',  ( -2.969313137048012585, -11.68047140392108041, 0.5000000000000000000 ) ) ;
#2019 = ORIENTED_EDGE ( 'NONE', *, *, #1388, .F. ) ;
#2020 = ORIENTED_EDGE ( 'NONE', *, *, #42, .F. ) ;
#2021 = DIRECTION ( 'NONE',  ( 1.000000000000000000, 0.000000000000000000, 0.000000000000000000 ) ) ;
#2022 = CARTESIAN_POINT ( 'NONE',  ( -11.76101507387955536, -11.68047140392108041, 1.000000000000000000 ) ) ;
#2023 = FACE_OUTER_BOUND ( 'NONE', #306, .T. ) ;
#2024 = AXIS2_PLACEMENT_3D ( 'NONE', #1343, #538, #1976 ) ;
#2025 = CARTESIAN_POINT ( 'NONE',  ( -15.76539165820277688, -13.98019409858977546, 1.000000000000000000 ) ) ;
#2026 = PLANE ( 'NONE',  #487 ) ;
#2027 = ORIENTED_EDGE ( 'NONE', *, *, #1451, .T. ) ;
#2028 = DIRECTION ( 'NONE',  ( -0.000000000000000000, 0.000000000000000000, 1.000000000000000000 ) ) ;
#2029 = ORIENTED_EDGE ( 'NONE', *, *, #251, .F. ) ;
#2030 = FACE_OUTER_BOUND ( 'NONE', #1769, .T. ) ;
#2031 = ORIENTED_EDGE ( 'NONE', *, *, #1160, .T. ) ;
#2032 = VERTEX_POINT ( 'NONE', #104 ) ;
#2033 = LINE ( 'NONE', #444, #728 ) ;
#2034 = DIRECTION ( 'NONE',  ( -0.000000000000000000, 0.000000000000000000, 1.000000000000000000 ) ) ;
#2035 = CIRCLE ( 'NONE', #1807, 0.5000000000000000000 ) ;
#2036 = DIRECTION ( 'NONE',  ( 1.000000000000000000, 0.000000000000000000, 0.000000000000000000 ) ) ;
#2037 = DIRECTION ( 'NONE',  ( -1.000000000000000000, -0.000000000000000000, -0.000000000000000000 ) ) ;
#2038 = CARTESIAN_POINT ( 'NONE',  ( -2.969313137048012585, -11.68047140392108041, 0.000000000000000000 ) ) ;
#2039 = CIRCLE ( 'NONE', #1666, 0.5000000000000000000 ) ;
#2040 = FACE_OUTER_BOUND ( 'NONE', #1659, .T. ) ;
#2041 = ORIENTED_EDGE ( 'NONE', *, *, #1966, .F. ) ;
#2042 = ORIENTED_EDGE ( 'NONE', *, *, #24, .T. ) ;
#2043 = ORIENTED_EDGE ( 'NONE', *, *, #318, .T. ) ;
#2044 = ORIENTED_EDGE ( 'NONE', *, *, #1853, .F. ) ;
#2045 = AXIS2_PLACEMENT_3D ( 'NONE', #1302, #170, #1950 ) ;
#2046 = DIRECTION ( 'NONE',  ( 0.000000000000000000, 0.000000000000000000, -1.000000000000000000 ) ) ;
#2047 = EDGE_CURVE ( 'NONE', #1247, #1469, #449, .T. ) ;
#2048 = ORIENTED_EDGE ( 'NONE', *, *, #1795, .T. ) ;
#2049 = DIRECTION ( 'NONE',  ( 0.000000000000000000, 1.000000000000000000, 0.000000000000000000 ) ) ;
#2050 = CARTESIAN_POINT ( 'NONE',  ( -19.75000000000000000, 19.75000000000000000, 0.5000000000000000000 ) ) ;
#2051 = FACE_BOUND ( 'NONE', #333, .T. ) ;
#2052 = EDGE_CURVE ( 'NONE', #511, #1917, #1438, .T. ) ;
#2053 = ORIENTED_EDGE ( 'NONE', *, *, #1615, .T. ) ;
#2054 = AXIS2_PLACEMENT_3D ( 'NONE', #1271, #1920, #454 ) ;
#2055 = DIRECTION ( 'NONE',  ( -1.005636797667714163E-16, 1.000000000000000000, -0.000000000000000000 ) ) ;
#2056 = ORIENTED_EDGE ( 'NONE', *, *, #1319, .F. ) ;
#2057 = VERTEX_POINT ( 'NONE', #438 ) ;
#2058 = CARTESIAN_POINT ( 'NONE',  ( -2.969313137048013473, -16.54518584311808738, 0.5000000000000000000 ) ) ;
#2059 = EDGE_CURVE ( 'NONE', #1067, #1245, #501, .T. ) ;
#2060 = CARTESIAN_POINT ( 'NONE',  ( 14.13460834179751480, 14.01980590141022631, 1.000000000000000000 ) ) ;
#2061 = AXIS2_PLACEMENT_3D ( 'NONE', #2038, #1567, #450 ) ;
#2062 = FACE_OUTER_BOUND ( 'NONE', #1152, .T. ) ;
#2063 = CYLINDRICAL_SURFACE ( 'NONE', #643, 0.5000000000000000000 ) ;
#2064 = CARTESIAN_POINT ( 'NONE',  ( 15.53460834179751515, 14.01980590141022631, 0.5000000000000000000 ) ) ;
#2065 = CIRCLE ( 'NONE', #900, 0.5000000000000000000 ) ;
#2066 = ORIENTED_EDGE ( 'NONE', *, *, #689, .F. ) ;
#2067 = VERTEX_POINT ( 'NONE', #1427 ) ;
#2068 = VERTEX_POINT ( 'NONE', #2085 ) ;
#2069 = CARTESIAN_POINT ( 'NONE',  ( -16.74999999999999645, -17.75000000000000355, 2.000000000000000000 ) ) ;
#2070 = FACE_OUTER_BOUND ( 'NONE', #1641, .T. ) ;
#2071 = PLANE ( 'NONE',  #99 ) ;
#2072 = CARTESIAN_POINT ( 'NONE',  ( -19.75000000000000000, 19.25000000000000000, 1.000000000000000000 ) ) ;
#2073 = DIRECTION ( 'NONE',  ( 0.000000000000000000, 0.000000000000000000, 1.000000000000000000 ) ) ;
#2074 = PRODUCT_RELATED_PRODUCT_CATEGORY ( 'part', '', ( #2002 ) ) ;
#2075 = ORIENTED_EDGE ( 'NONE', *, *, #563, .T. ) ;
#2076 = CIRCLE ( 'NONE', #1150, 1.900000000000000577 ) ;
#2077 = ORIENTED_EDGE ( 'NONE', *, *, #1828, .F. ) ;
#2078 = DIRECTION ( 'NONE',  ( -1.000000000000000000, 0.000000000000000000, 0.000000000000000000 ) ) ;
#2079 = EDGE_CURVE ( 'NONE', #1100, #1551, #1445, .T. ) ;
#2080 = EDGE_CURVE ( 'NONE', #593, #406, #1402, .T. ) ;
#2081 = DIRECTION ( 'NONE',  ( 0.000000000000000000, 0.000000000000000000, -1.000000000000000000 ) ) ;
#2082 = CIRCLE ( 'NONE', #1154, 0.5000000000000000000 ) ;
#2083 = FACE_OUTER_BOUND ( 'NONE', #1234, .T. ) ;
#2084 = EDGE_CURVE ( 'NONE', #1574, #16, #1322, .T. ) ;
#2085 = CARTESIAN_POINT ( 'NONE',  ( -12.46539165820248485, 14.01980590141022631, 0.5000000000000000000 ) ) ;
#2086 = CARTESIAN_POINT ( 'NONE',  ( 16.74999999999999645, 17.75000000000000355, 2.000000000000000000 ) ) ;
#2087 = EDGE_LOOP ( 'NONE', ( #1585, #1704, #1712, #603 ) ) ;
#2088 = SPHERICAL_SURFACE ( 'NONE', #1732, 0.5000000000000000000 ) ;
#2089 = AXIS2_PLACEMENT_3D ( 'NONE', #1238, #1736, #2046 ) ;
#2090 = CARTESIAN_POINT ( 'NONE',  ( 16.74999999999999645, -17.75000000000000355, 1.500000000000000000 ) ) ;
#2091 = EDGE_CURVE ( 'NONE', #1379, #823, #1087, .T. ) ;
#2092 = ORIENTED_EDGE ( 'NONE', *, *, #168, .T. ) ;
#2093 = EDGE_CURVE ( 'NONE', #1833, #1429, #1906, .T. ) ;
#2094 = CARTESIAN_POINT ( 'NONE',  ( 16.74999999999999645, 16.75000000000000000, 1.500000000000000000 ) ) ;
#2095 = DIRECTION ( 'NONE',  ( 1.000000000000000000, -0.000000000000000000, 0.000000000000000000 ) ) ;
#2096 = CARTESIAN_POINT ( 'NONE',  ( 16.03460834179722383, -13.98019409858977546, 1.000000000000000000 ) ) ;
#2097 = CIRCLE ( 'NONE', #455, 1.000000000000000000 ) ;
#2098 = VERTEX_POINT ( 'NONE', #287 ) ;
#2099 = AXIS2_PLACEMENT_3D ( 'NONE', #908, #1039, #1564 ) ;
#2100 = AXIS2_PLACEMENT_3D ( 'NONE', #1149, #812, #962 ) ;
#2101 = PRESENTATION_STYLE_ASSIGNMENT (( #1941 ) ) ;
#2102 = VECTOR ( 'NONE', #1310, 1000.000000000000000 ) ;
#2103 = ADVANCED_FACE ( 'NONE', ( #1925 ), #1802, .T. ) ;
#2104 = CARTESIAN_POINT ( 'NONE',  ( 19.25000000000000000, 19.75000000000000000, 1.500000000000000000 ) ) ;
#2105 = AXIS2_PLACEMENT_3D ( 'NONE', #57, #541, #1195 ) ;
#2106 = CARTESIAN_POINT ( 'NONE',  ( 16.74999999999999645, 16.75000000000000000, 1.500000000000000000 ) ) ;
#2107 = CYLINDRICAL_SURFACE ( 'NONE', #169, 0.5000000000000004441 ) ;
#2108 = CARTESIAN_POINT ( 'NONE',  ( 16.74999999999999645, 17.75000000000000355, 1.500000000000000000 ) ) ;
#2109 = ORIENTED_EDGE ( 'NONE', *, *, #1114, .F. ) ;
ENDSEC;
END-ISO-10303-21;
