ISO-10303-21;
HEADER;
FILE_DESCRIPTION (( 'STEP AP214' ),
    '1' );
FILE_NAME ('Front Enclosure.STEP',
    '2025-02-16T12:37:01',
    ( '' ),
    ( '' ),
    'SwSTEP 2.0',
    'SolidWorks 2025',
    '' );
FILE_SCHEMA (( 'AUTOMOTIVE_DESIGN' ));
ENDSEC;

DATA;
#1 = FACE_OUTER_BOUND ( 'NONE', #1588, .T. ) ;
#2 =( BOUNDED_CURVE ( )  B_SPLINE_CURVE ( 3, ( #1471, #4886, #3943, #4804 ),
 .UNSPECIFIED., .F., .T. ) 
 B_SPLINE_CURVE_WITH_KNOTS ( ( 4, 4 ),
 ( 3.141592653589793116, 4.712388980384690562 ),
 .UNSPECIFIED. ) 
 CURVE ( )  GEOMETRIC_REPRESENTATION_ITEM ( )  RATIONAL_B_SPLINE_CURVE ( ( 1.000000000000000000, 0.8047378541243648264, 0.8047378541243648264, 1.000000000000000000 ) ) 
 REPRESENTATION_ITEM ( '' )  );
#3 = CARTESIAN_POINT ( 'NONE',  ( -28.08395306043829365, 0.000000000000000000, 14.49999999999999822 ) ) ;
#4 = CIRCLE ( 'NONE', #4590, 1.650000000000003908 ) ;
#5 = VERTEX_POINT ( 'NONE', #1391 ) ;
#6 = AXIS2_PLACEMENT_3D ( 'NONE', #4429, #659, #2817 ) ;
#7 = ORIENTED_EDGE ( 'NONE', *, *, #4303, .F. ) ;
#8 = AXIS2_PLACEMENT_3D ( 'NONE', #3127, #1032, #3588 ) ;
#9 = TOROIDAL_SURFACE ( 'NONE', #1433, 1.650000000000003464, 0.5000000000000000000 ) ;
#10 = CARTESIAN_POINT ( 'NONE',  ( -23.84677831255542557, 5.948926104185228603, 0.6777843406610879473 ) ) ;
#11 = ORIENTED_EDGE ( 'NONE', *, *, #1861, .F. ) ;
#12 = EDGE_CURVE ( 'NONE', #2145, #4912, #1748, .T. ) ;
#13 = CARTESIAN_POINT ( 'NONE',  ( -23.99999999999760902, -5.999999999999996447, 0.9345494114604955271 ) ) ;
#14 = CARTESIAN_POINT ( 'NONE',  ( 15.53461559754572363, 14.03996332800754132, 9.000000000000001776 ) ) ;
#15 = CARTESIAN_POINT ( 'NONE',  ( -28.08395306043829365, 0.000000000000000000, 15.50000000000000000 ) ) ;
#16 = PRODUCT_DEFINITION_SHAPE ( 'NONE', 'NONE',  #2333 ) ;
#17 = PLANE ( 'NONE',  #3726 ) ;
#18 = EDGE_CURVE ( 'NONE', #4342, #108, #724, .T. ) ;
#19 = VERTEX_POINT ( 'NONE', #2314 ) ;
#20 = CARTESIAN_POINT ( 'NONE',  ( -23.98066173567823967, -5.993553911892789188, 14.63089807666824882 ) ) ;
#21 = EDGE_CURVE ( 'NONE', #872, #4848, #1515, .T. ) ;
#22 = CARTESIAN_POINT ( 'NONE',  ( 22.08654621184370725, -6.086546211843589127, 0.5670975955067846241 ) ) ;
#23 = CARTESIAN_POINT ( 'NONE',  ( 22.00000000000000355, -20.99999999999998934, 8.500000000000000000 ) ) ;
#24 = VERTEX_POINT ( 'NONE', #4963 ) ;
#25 = ORIENTED_EDGE ( 'NONE', *, *, #4222, .F. ) ;
#26 = CARTESIAN_POINT ( 'NONE',  ( 20.00000000000000000, 19.50000000000000355, 4.000000000000000888 ) ) ;
#27 = DIRECTION ( 'NONE',  ( -1.577021341797097807E-16, 1.000000000000000000, 0.000000000000000000 ) ) ;
#28 = CARTESIAN_POINT ( 'NONE',  ( -20.99999999999998934, -20.99999999999998934, 1.000000000000000000 ) ) ;
#29 = ORIENTED_EDGE ( 'NONE', *, *, #1153, .F. ) ;
#30 = DIRECTION ( 'NONE',  ( 0.000000000000000000, -1.000000000000000000, 0.000000000000000000 ) ) ;
#31 = VERTEX_POINT ( 'NONE', #3318 ) ;
#32 = TOROIDAL_SURFACE ( 'NONE', #3306, 2.400000000000001243, 1.000000000000000000 ) ;
#33 = VECTOR ( 'NONE', #428, 1000.000000000000000 ) ;
#34 = CARTESIAN_POINT ( 'NONE',  ( 20.99999999999999645, -4.999999999999992006, 4.336808689942017736E-16 ) ) ;
#35 = CARTESIAN_POINT ( 'NONE',  ( -33.00000000000000000, -4.000000000000000000, 14.49999999999999822 ) ) ;
#36 = ORIENTED_EDGE ( 'NONE', *, *, #4195, .F. ) ;
#37 = CARTESIAN_POINT ( 'NONE',  ( 19.79289321881345742, 18.96670753220264061, 3.999999999999999112 ) ) ;
#38 = CARTESIAN_POINT ( 'NONE',  ( 32.00000000000000000, -5.000000000000000000, 1.000000000000000000 ) ) ;
#39 = FACE_OUTER_BOUND ( 'NONE', #1350, .T. ) ;
#40 = CARTESIAN_POINT ( 'NONE',  ( -25.88395306043829436, 0.000000000000000000, 0.000000000000000000 ) ) ;
#41 = CYLINDRICAL_SURFACE ( 'NONE', #1294, 1.000000000000000000 ) ;
#42 = ORIENTED_EDGE ( 'NONE', *, *, #1178, .T. ) ;
#43 = ADVANCED_FACE ( 'NONE', ( #2006 ), #2860, .T. ) ;
#44 = CARTESIAN_POINT ( 'NONE',  ( 19.99999999999999645, -20.09759305442772259, 0.4366402123813709069 ) ) ;
#45 = CARTESIAN_POINT ( 'NONE',  ( -16.93855220393531269, -16.98201256699031703, 2.500000000000001332 ) ) ;
#46 = DIRECTION ( 'NONE',  ( -0.2066656475787581881, -0.9784116261118591673, 0.000000000000000000 ) ) ;
#47 = ORIENTED_EDGE ( 'NONE', *, *, #4845, .T. ) ;
#48 = VERTEX_POINT ( 'NONE', #737 ) ;
#49 = DIRECTION ( 'NONE',  ( 1.000000000000000000, 0.000000000000000000, 0.000000000000000000 ) ) ;
#50 = EDGE_CURVE ( 'NONE', #640, #4863, #5020, .T. ) ;
#51 = DIRECTION ( 'NONE',  ( 1.000000000000000000, 0.000000000000000000, 0.000000000000000000 ) ) ;
#52 = CARTESIAN_POINT ( 'NONE',  ( -9.500000000000000000, 1.163414459189985485E-15, 8.500000000000000000 ) ) ;
#53 = ORIENTED_EDGE ( 'NONE', *, *, #3736, .T. ) ;
#54 = EDGE_CURVE ( 'NONE', #4625, #2537, #2850, .T. ) ;
#55 = CARTESIAN_POINT ( 'NONE',  ( -15.26538440245398753, -13.96003667199245868, 14.49999999999999822 ) ) ;
#56 = EDGE_LOOP ( 'NONE', ( #3480, #537, #530, #2492 ) ) ;
#57 = FACE_OUTER_BOUND ( 'NONE', #404, .T. ) ;
#58 = CYLINDRICAL_SURFACE ( 'NONE', #3002, 1.150000000000001688 ) ;
#59 = ORIENTED_EDGE ( 'NONE', *, *, #3389, .T. ) ;
#60 = DIRECTION ( 'NONE',  ( 1.000000000000000000, 0.000000000000000000, 0.000000000000000000 ) ) ;
#61 = DIRECTION ( 'NONE',  ( 0.000000000000000000, -1.000000000000000000, 0.000000000000000000 ) ) ;
#62 = DIRECTION ( 'NONE',  ( 0.000000000000000000, 0.000000000000000000, 1.000000000000000000 ) ) ;
#63 = DIRECTION ( 'NONE',  ( 0.000000000000000000, 0.000000000000000000, -1.000000000000000000 ) ) ;
#64 = CIRCLE ( 'NONE', #5349, 2.000000000000001776 ) ;
#65 = CARTESIAN_POINT ( 'NONE',  ( 30.28395306043829649, 0.000000000000000000, 0.000000000000000000 ) ) ;
#66 = ORIENTED_EDGE ( 'NONE', *, *, #4076, .F. ) ;
#67 = CARTESIAN_POINT ( 'NONE',  ( -22.08654621184324540, -6.086546211843925747, 14.93290240449307582 ) ) ;
#68 = DIRECTION ( 'NONE',  ( 1.000000000000000000, 0.000000000000000000, 0.000000000000000000 ) ) ;
#69 = TOROIDAL_SURFACE ( 'NONE', #1670, 1.650000000000003464, 0.5000000000000000000 ) ;
#70 = DIRECTION ( 'NONE',  ( 1.000000000000000000, -0.000000000000000000, 0.000000000000000000 ) ) ;
#71 = ORIENTED_EDGE ( 'NONE', *, *, #527, .T. ) ;
#72 = ORIENTED_EDGE ( 'NONE', *, *, #3235, .T. ) ;
#73 = DIRECTION ( 'NONE',  ( 0.9798975149153360542, -0.1995015294747100321, 0.000000000000000000 ) ) ;
#74 = CARTESIAN_POINT ( 'NONE',  ( 21.00000000000000000, -4.999999999999998224, 15.50000000000000000 ) ) ;
#75 = ADVANCED_FACE ( 'NONE', ( #2027 ), #5287, .F. ) ;
#76 = CIRCLE ( 'NONE', #3961, 0.6500000000000047962 ) ;
#77 = LINE ( 'NONE', #975, #1581 ) ;
#78 = DIRECTION ( 'NONE',  ( -0.000000000000000000, 0.000000000000000000, 1.000000000000000000 ) ) ;
#79 = AXIS2_PLACEMENT_3D ( 'NONE', #5319, #4961, #1200 ) ;
#80 = DIRECTION ( 'NONE',  ( -1.000000000000000000, 0.000000000000000000, 0.000000000000000000 ) ) ;
#81 = VERTEX_POINT ( 'NONE', #4136 ) ;
#82 = DIRECTION ( 'NONE',  ( 0.000000000000000000, -0.000000000000000000, -1.000000000000000000 ) ) ;
#83 = ORIENTED_EDGE ( 'NONE', *, *, #4612, .T. ) ;
#84 = EDGE_CURVE ( 'NONE', #1084, #1596, #1567, .T. ) ;
#85 = EDGE_CURVE ( 'NONE', #2219, #81, #2427, .T. ) ;
#86 = FACE_OUTER_BOUND ( 'NONE', #5171, .T. ) ;
#87 = CARTESIAN_POINT ( 'NONE',  ( 20.95120347278613337, -21.04879652721385597, 0.001191260084361161695 ) ) ;
#88 = EDGE_LOOP ( 'NONE', ( #1929, #4994, #1098, #3441 ) ) ;
#89 = CARTESIAN_POINT ( 'NONE',  ( 33.00000000000000000, 4.000000000000000000, 15.50000000000000000 ) ) ;
#90 = CARTESIAN_POINT ( 'NONE',  ( 2.263876932212606885, 15.82261196259683977, 8.000000000000000000 ) ) ;
#91 = AXIS2_PLACEMENT_3D ( 'NONE', #3674, #2388, #2048 ) ;
#92 = CARTESIAN_POINT ( 'NONE',  ( 17.06144779606504258, 17.01798743300968653, 8.500000000000000000 ) ) ;
#93 = CARTESIAN_POINT ( 'NONE',  ( -28.08395306043829365, 0.000000000000000000, 14.49999999999999822 ) ) ;
#94 = DIRECTION ( 'NONE',  ( 1.000000000000000000, 0.000000000000000000, 0.000000000000000000 ) ) ;
#95 = CARTESIAN_POINT ( 'NONE',  ( 12.23461559754572114, 14.03996332800754132, 8.500000000000000000 ) ) ;
#96 = CARTESIAN_POINT ( 'NONE',  ( 21.79510762609614716, -7.385322878288283377, 0.3900102088819385471 ) ) ;
#97 = CARTESIAN_POINT ( 'NONE',  ( -34.00000000000000000, 5.000000000000000000, 1.000000000000000000 ) ) ;
#98 = ORIENTED_EDGE ( 'NONE', *, *, #1013, .F. ) ;
#99 = ORIENTED_EDGE ( 'NONE', *, *, #288, .F. ) ;
#100 = DIRECTION ( 'NONE',  ( -0.000000000000000000, 0.000000000000000000, 1.000000000000000000 ) ) ;
#101 = CARTESIAN_POINT ( 'NONE',  ( 17.06144779606504258, 17.01798743300968653, 8.000000000000000000 ) ) ;
#102 = EDGE_CURVE ( 'NONE', #1147, #327, #2835, .T. ) ;
#103 = DIRECTION ( 'NONE',  ( 1.000000000000000000, 0.000000000000000000, 0.000000000000000000 ) ) ;
#104 = CARTESIAN_POINT ( 'NONE',  ( -19.73158458978924301, -19.82897571312492246, 8.499999999999996447 ) ) ;
#105 = EDGE_CURVE ( 'NONE', #2034, #2962, #3307, .T. ) ;
#106 = AXIS2_PLACEMENT_3D ( 'NONE', #1236, #4680, #63 ) ;
#107 = CARTESIAN_POINT ( 'NONE',  ( -19.99999999999998934, 20.00000000000000355, 3.500002996009259792 ) ) ;
#108 = VERTEX_POINT ( 'NONE', #1619 ) ;
#109 = CARTESIAN_POINT ( 'NONE',  ( 7.228014483236686695E-16, -4.999999999999994671, 14.49999999999999822 ) ) ;
#110 = ORIENTED_EDGE ( 'NONE', *, *, #4870, .F. ) ;
#111 = EDGE_CURVE ( 'NONE', #4494, #2657, #3848, .T. ) ;
#112 = EDGE_CURVE ( 'NONE', #3224, #2429, #2480, .T. ) ;
#113 = CARTESIAN_POINT ( 'NONE',  ( 15.53461559754572363, 14.03996332800754132, 14.49999999999999822 ) ) ;
#114 = AXIS2_PLACEMENT_3D ( 'NONE', #2012, #291, #790 ) ;
#115 = CARTESIAN_POINT ( 'NONE',  ( -31.28395306043829649, 3.918869757271532432E-16, 1.000000000000000000 ) ) ;
#116 = ORIENTED_EDGE ( 'NONE', *, *, #4338, .T. ) ;
#117 = EDGE_CURVE ( 'NONE', #902, #3287, #4110, .T. ) ;
#118 = CARTESIAN_POINT ( 'NONE',  ( 16.38257309546538210, -1.959793730387154875, 4.000000000000000888 ) ) ;
#119 = AXIS2_PLACEMENT_3D ( 'NONE', #2642, #5193, #4313 ) ;
#120 = DIRECTION ( 'NONE',  ( 1.000000000000000000, 0.000000000000000000, 0.000000000000000000 ) ) ;
#121 = AXIS2_PLACEMENT_3D ( 'NONE', #4948, #2430, #3277 ) ;
#122 = DIRECTION ( 'NONE',  ( -0.000000000000000000, 0.000000000000000000, 1.000000000000000000 ) ) ;
#123 = EDGE_CURVE ( 'NONE', #199, #1393, #1118, .T. ) ;
#124 = VECTOR ( 'NONE', #3257, 1000.000000000000000 ) ;
#125 = PRODUCT_DEFINITION_FORMATION_WITH_SPECIFIED_SOURCE ( 'ANY', '', #734, .NOT_KNOWN. ) ;
#126 = CARTESIAN_POINT ( 'NONE',  ( 22.00000000000000355, 8.000000000000000000, 0.4142135623730951455 ) ) ;
#127 = DIRECTION ( 'NONE',  ( 0.000000000000000000, -1.000000000000000000, 0.000000000000000000 ) ) ;
#128 = CIRCLE ( 'NONE', #1561, 0.5000000000000000000 ) ;
#129 = ORIENTED_EDGE ( 'NONE', *, *, #5001, .T. ) ;
#130 = ORIENTED_EDGE ( 'NONE', *, *, #1408, .F. ) ;
#132 = CARTESIAN_POINT ( 'NONE',  ( 21.00000000000000000, -20.99999999999998934, 15.50000000000000000 ) ) ;
#131 = LINE ( 'NONE', #1413, #4884 ) ;
#133 = CARTESIAN_POINT ( 'NONE',  ( 14.13461559754601460, -13.96003667199245868, 9.000000000000001776 ) ) ;
#134 = CARTESIAN_POINT ( 'NONE',  ( 14.13461559754601460, -13.96003667199245868, -4.500000000000000888 ) ) ;
#135 = DIRECTION ( 'NONE',  ( 0.000000000000000000, -0.000000000000000000, -1.000000000000000000 ) ) ;
#136 = CYLINDRICAL_SURFACE ( 'NONE', #2123, 9.000000000000000000 ) ;
#137 = VERTEX_POINT ( 'NONE', #5429 ) ;
#138 = CARTESIAN_POINT ( 'NONE',  ( 15.91144779606468873, -16.98201256699031703, 8.000000000000000000 ) ) ;
#139 = VERTEX_POINT ( 'NONE', #1668 ) ;
#140 = CARTESIAN_POINT ( 'NONE',  ( -23.26016043366308850, 5.753386811220994268, 0.3391732488478976792 ) ) ;
#141 = CARTESIAN_POINT ( 'NONE',  ( 17.06144779606504258, 17.01798743300968653, 2.500000000000000888 ) ) ;
#142 = CIRCLE ( 'NONE', #3249, 3.200000000000001510 ) ;
#143 = ORIENTED_EDGE ( 'NONE', *, *, #2442, .F. ) ;
#144 = ADVANCED_FACE ( 'NONE', ( #3344 ), #5354, .T. ) ;
#145 = DIRECTION ( 'NONE',  ( 0.9778499808060446830, -0.2093069875508654087, 0.000000000000000000 ) ) ;
#146 = LINE ( 'NONE', #1875, #1819 ) ;
#147 = VERTEX_POINT ( 'NONE', #2756 ) ;
#148 = CARTESIAN_POINT ( 'NONE',  ( -20.99999999999998934, -4.999999999999996447, 4.336808689942017736E-16 ) ) ;
#149 = CARTESIAN_POINT ( 'NONE',  ( 23.60349479552699137, 5.867831598508892021, 15.00115067492121845 ) ) ;
#150 = CARTESIAN_POINT ( 'NONE',  ( 9.999999999999998224, 0.000000000000000000, 15.50000000000000000 ) ) ;
#151 = CYLINDRICAL_SURFACE ( 'NONE', #1007, 1.000000000000000000 ) ;
#152 = CARTESIAN_POINT ( 'NONE',  ( 20.00000000000000000, 20.00000000000000355, 3.500000000000001332 ) ) ;
#153 = EDGE_CURVE ( 'NONE', #3673, #3769, #1642, .T. ) ;
#154 = CARTESIAN_POINT ( 'NONE',  ( -19.99999824497776046, 19.99999177996003752, 3.792894823274632010 ) ) ;
#155 = EDGE_CURVE ( 'NONE', #3582, #2537, #2356, .T. ) ;
#156 = CIRCLE ( 'NONE', #1752, 1.150000000000001688 ) ;
#157 = ADVANCED_FACE ( 'NONE', ( #2814 ), #4463, .T. ) ;
#158 = ORIENTED_EDGE ( 'NONE', *, *, #3868, .F. ) ;
#159 = EDGE_LOOP ( 'NONE', ( #5317, #3114 ) ) ;
#161 = CARTESIAN_POINT ( 'NONE',  ( 14.13461559754601460, -13.96003667199245868, -4.500000000000000888 ) ) ;
#160 = DIRECTION ( 'NONE',  ( 0.000000000000000000, 0.000000000000000000, 1.000000000000000000 ) ) ;
#162 = LINE ( 'NONE', #2338, #3512 ) ;
#163 = DIRECTION ( 'NONE',  ( 0.000000000000000000, 0.000000000000000000, -1.000000000000000000 ) ) ;
#164 =( GEOMETRIC_REPRESENTATION_CONTEXT ( 3 ) GLOBAL_UNCERTAINTY_ASSIGNED_CONTEXT ( ( #2049 ) ) GLOBAL_UNIT_ASSIGNED_CONTEXT ( ( #3557, #5207, #4802 ) ) REPRESENTATION_CONTEXT ( 'NONE', 'WORKASPACE' ) );
#165 = CARTESIAN_POINT ( 'NONE',  ( -32.00000000000000000, 4.000000000000000000, 1.000000000000000000 ) ) ;
#166 = DIRECTION ( 'NONE',  ( 0.000000000000000000, 0.000000000000000000, -1.000000000000000000 ) ) ;
#167 = EDGE_LOOP ( 'NONE', ( #4858, #1096, #3276, #505 ) ) ;
#168 = LINE ( 'NONE', #3980, #1632 ) ;
#169 = VERTEX_POINT ( 'NONE', #3663 ) ;
#170 = CARTESIAN_POINT ( 'NONE',  ( -22.98248025345618117, 5.660826751152101544, 0.2466131887790057875 ) ) ;
#171 = AXIS2_PLACEMENT_3D ( 'NONE', #1399, #2675, #1844 ) ;
#172 = CIRCLE ( 'NONE', #5362, 0.5000000000000000000 ) ;
#173 = TOROIDAL_SURFACE ( 'NONE', #2650, 1.650000000000003464, 0.5000000000000000000 ) ;
#174 = ORIENTED_EDGE ( 'NONE', *, *, #799, .T. ) ;
#175 = CARTESIAN_POINT ( 'NONE',  ( -15.78855220393531056, -16.98201256699031703, 2.500000000000001332 ) ) ;
#176 = CARTESIAN_POINT ( 'NONE',  ( 14.13461559754572328, 14.03996332800754132, 9.000000000000001776 ) ) ;
#177 = ORIENTED_EDGE ( 'NONE', *, *, #1339, .T. ) ;
#178 = DIRECTION ( 'NONE',  ( 1.000000000000000000, 0.000000000000000000, 0.000000000000000000 ) ) ;
#179 = AXIS2_PLACEMENT_3D ( 'NONE', #3788, #2993, #1341 ) ;
#180 = CARTESIAN_POINT ( 'NONE',  ( 23.26016043366309560, 5.753386811221031572, 15.16082675115206158 ) ) ;
#181 = CARTESIAN_POINT ( 'NONE',  ( 20.00000000000000355, -20.09759305442772259, 8.000000000000000000 ) ) ;
#182 = ADVANCED_FACE ( 'NONE', ( #1571 ), #1157, .T. ) ;
#183 = FACE_OUTER_BOUND ( 'NONE', #2788, .T. ) ;
#184 =( BOUNDED_CURVE ( )  B_SPLINE_CURVE ( 3, ( #4366, #2289, #3137, #4813 ),
 .UNSPECIFIED., .F., .F. ) 
 B_SPLINE_CURVE_WITH_KNOTS ( ( 4, 4 ),
 ( 3.141592653589793116, 4.663573067481440404 ),
 .UNSPECIFIED. ) 
 CURVE ( )  GEOMETRIC_REPRESENTATION_ITEM ( )  RATIONAL_B_SPLINE_CURVE ( ( 1.000000000000000000, 0.8161023204652895213, 0.8161023204652895213, 1.000000000000000000 ) ) 
 REPRESENTATION_ITEM ( '' )  );
#185 = EDGE_CURVE ( 'NONE', #2121, #3626, #3481, .T. ) ;
#186 = VECTOR ( 'NONE', #4275, 1000.000000000000000 ) ;
#187 = AXIS2_PLACEMENT_3D ( 'NONE', #3315, #2445, #4058 ) ;
#188 = CARTESIAN_POINT ( 'NONE',  ( 20.00000000000000355, 20.00000000000000355, 3.792893218813452982 ) ) ;
#189 = CARTESIAN_POINT ( 'NONE',  ( 32.00000000000000000, 5.000000000000000000, 0.000000000000000000 ) ) ;
#190 = CIRCLE ( 'NONE', #3977, 1.000000000000000000 ) ;
#191 = AXIS2_PLACEMENT_3D ( 'NONE', #4900, #1165, #4527 ) ;
#192 = EDGE_CURVE ( 'NONE', #4481, #378, #4493, .T. ) ;
#193 = ORIENTED_EDGE ( 'NONE', *, *, #4612, .F. ) ;
#194 = ORIENTED_EDGE ( 'NONE', *, *, #5437, .F. ) ;
#195 = EDGE_CURVE ( 'NONE', #304, #853, #675, .T. ) ;
#197 = DIRECTION ( 'NONE',  ( 0.000000000000000000, 1.000000000000000000, 0.000000000000000000 ) ) ;
#196 = DIRECTION ( 'NONE',  ( -0.000000000000000000, 0.000000000000000000, 1.000000000000000000 ) ) ;
#198 = CARTESIAN_POINT ( 'NONE',  ( -31.28395306043829649, 3.918869757271532432E-16, 14.49999999999999822 ) ) ;
#199 = VERTEX_POINT ( 'NONE', #2013 ) ;
#200 = DIRECTION ( 'NONE',  ( -0.9782559316841347163, -0.2074013792741154771, 0.000000000000000000 ) ) ;
#201 = FACE_OUTER_BOUND ( 'NONE', #1815, .T. ) ;
#202 = ORIENTED_EDGE ( 'NONE', *, *, #3052, .T. ) ;
#203 = FACE_OUTER_BOUND ( 'NONE', #914, .T. ) ;
#204 = EDGE_LOOP ( 'NONE', ( #2543, #3710, #895 ) ) ;
#205 = TOROIDAL_SURFACE ( 'NONE', #3549, 1.000000000000000000, 1.000000000000000000 ) ;
#206 = DIRECTION ( 'NONE',  ( 0.000000000000000000, -0.000000000000000000, -1.000000000000000000 ) ) ;
#207 = VERTEX_POINT ( 'NONE', #5353 ) ;
#208 = PLANE ( 'NONE',  #3786 ) ;
#209 = ORIENTED_EDGE ( 'NONE', *, *, #3357, .F. ) ;
#210 = CARTESIAN_POINT ( 'NONE',  ( -21.60998979129244901, -6.829969373877110783, 0.2048923740203792143 ) ) ;
#211 = DIRECTION ( 'NONE',  ( -0.000000000000000000, 0.000000000000000000, 1.000000000000000000 ) ) ;
#212 = DIRECTION ( 'NONE',  ( 0.000000000000000000, -0.000000000000000000, -1.000000000000000000 ) ) ;
#213 = CARTESIAN_POINT ( 'NONE',  ( 22.00000000000000355, -7.999999999999998224, 15.08578643762690596 ) ) ;
#214 = AXIS2_PLACEMENT_3D ( 'NONE', #4291, #3860, #4740 ) ;
#215 = VERTEX_POINT ( 'NONE', #624 ) ;
#216 = AXIS2_PLACEMENT_3D ( 'NONE', #3429, #3794, #62 ) ;
#217 = EDGE_CURVE ( 'NONE', #4255, #1504, #4179, .T. ) ;
#218 = CYLINDRICAL_SURFACE ( 'NONE', #1880, 1.000000000000000000 ) ;
#219 =( BOUNDED_CURVE ( )  B_SPLINE_CURVE ( 3, ( #1362, #104, #4662, #1694 ),
 .UNSPECIFIED., .F., .F. ) 
 B_SPLINE_CURVE_WITH_KNOTS ( ( 4, 4 ),
 ( 1.570796326794907216, 3.141592653589793116 ),
 .UNSPECIFIED. ) 
 CURVE ( )  GEOMETRIC_REPRESENTATION_ITEM ( )  RATIONAL_B_SPLINE_CURVE ( ( 1.000000000000000000, 0.8047378541243676020, 0.8047378541243676020, 1.000000000000000000 ) ) 
 REPRESENTATION_ITEM ( '' )  );
#220 = AXIS2_PLACEMENT_3D ( 'NONE', #4500, #1551, #2417 ) ;
#221 = ORIENTED_EDGE ( 'NONE', *, *, #3458, .T. ) ;
#222 = ORIENTED_EDGE ( 'NONE', *, *, #5163, .T. ) ;
#224 = DIRECTION ( 'NONE',  ( -0.9778499808060450160, 0.2093069875508641042, -0.000000000000000000 ) ) ;
#223 = CARTESIAN_POINT ( 'NONE',  ( -21.99999999999999645, 8.000000000000000000, 14.49999999999999822 ) ) ;
#225 = LINE ( 'NONE', #1831, #4208 ) ;
#226 = DIRECTION ( 'NONE',  ( -1.000000000000000000, 0.000000000000000000, 0.000000000000000000 ) ) ;
#227 = CYLINDRICAL_SURFACE ( 'NONE', #720, 0.4999999999999993894 ) ;
#228 = CARTESIAN_POINT ( 'NONE',  ( -22.12560186952681818, 6.125601869527008247, 14.28802234809579552 ) ) ;
#229 = ORIENTED_EDGE ( 'NONE', *, *, #1049, .F. ) ;
#230 = EDGE_LOOP ( 'NONE', ( #1423, #5203 ) ) ;
#231 = CARTESIAN_POINT ( 'NONE',  ( 3.014053089089216542, 14.80421297820582893, 8.500000000000000000 ) ) ;
#232 = ORIENTED_EDGE ( 'NONE', *, *, #3639, .F. ) ;
#233 = CARTESIAN_POINT ( 'NONE',  ( -22.32945361729162315, 5.443151205763877343, 0.1011670393169935844 ) ) ;
#234 = EDGE_CURVE ( 'NONE', #1656, #2055, #1481, .T. ) ;
#235 = EDGE_CURVE ( 'NONE', #755, #137, #4460, .T. ) ;
#236 = ORIENTED_EDGE ( 'NONE', *, *, #3134, .T. ) ;
#237 = CARTESIAN_POINT ( 'NONE',  ( 24.88395306043829436, 3.918869757271532432E-16, 15.50000000000000000 ) ) ;
#238 = DIRECTION ( 'NONE',  ( -0.000000000000000000, -0.000000000000000000, 1.000000000000000000 ) ) ;
#239 = ORIENTED_EDGE ( 'NONE', *, *, #2194, .T. ) ;
#240 = DIRECTION ( 'NONE',  ( 1.000000000000000000, 0.000000000000000000, 0.000000000000000000 ) ) ;
#241 = CARTESIAN_POINT ( 'NONE',  ( -16.93855220393531269, -16.98201256699031703, 2.000000000000000888 ) ) ;
#242 = DIRECTION ( 'NONE',  ( -1.000000000000000000, 0.000000000000000000, 0.000000000000000000 ) ) ;
#243 = ORIENTED_EDGE ( 'NONE', *, *, #3736, .F. ) ;
#244 = CARTESIAN_POINT ( 'NONE',  ( 33.00000000000000000, 4.000000000000000000, 0.000000000000000000 ) ) ;
#245 = CARTESIAN_POINT ( 'NONE',  ( 33.00000000000000000, 0.000000000000000000, 14.49999999999999822 ) ) ;
#246 = CARTESIAN_POINT ( 'NONE',  ( 22.14328425823935476, -6.143284258239553708, 14.83131851558009551 ) ) ;
#247 = CARTESIAN_POINT ( 'NONE',  ( -21.89883296083731778, 7.696498882511928485, 0.5568487946086801976 ) ) ;
#248 = ORIENTED_EDGE ( 'NONE', *, *, #1404, .F. ) ;
#249 = ORIENTED_EDGE ( 'NONE', *, *, #571, .F. ) ;
#251 = CARTESIAN_POINT ( 'NONE',  ( 21.44315120576387201, 6.329453617291631140, 0.1011670393169950694 ) ) ;
#250 = CARTESIAN_POINT ( 'NONE',  ( -21.58578643762690064, 6.757359312880711677, 15.49999999999999822 ) ) ;
#252 = ORIENTED_EDGE ( 'NONE', *, *, #2161, .F. ) ;
#253 = FACE_OUTER_BOUND ( 'NONE', #5445, .T. ) ;
#254 = CARTESIAN_POINT ( 'NONE',  ( -22.50345202424071900, 5.501150674746839719, 15.36783159862540593 ) ) ;
#255 = ORIENTED_EDGE ( 'NONE', *, *, #2199, .T. ) ;
#256 = DIRECTION ( 'NONE',  ( -1.000000000000000000, 0.000000000000000000, 0.000000000000000000 ) ) ;
#257 = EDGE_CURVE ( 'NONE', #4106, #5288, #146, .T. ) ;
#258 = ORIENTED_EDGE ( 'NONE', *, *, #3458, .F. ) ;
#259 = CARTESIAN_POINT ( 'NONE',  ( -21.78524365670255136, 5.261747885567520377, 0.02602732383215273018 ) ) ;
#260 = ORIENTED_EDGE ( 'NONE', *, *, #1897, .T. ) ;
#261 = EDGE_CURVE ( 'NONE', #5219, #4941, #3602, .T. ) ;
#262 = FACE_BOUND ( 'NONE', #2885, .T. ) ;
#263 = AXIS2_PLACEMENT_3D ( 'NONE', #1463, #3550, #3145 ) ;
#264 = CARTESIAN_POINT ( 'NONE',  ( 28.08395306043829365, 0.000000000000000000, 0.000000000000000000 ) ) ;
#265 = ORIENTED_EDGE ( 'NONE', *, *, #4363, .T. ) ;
#266 = DIRECTION ( 'NONE',  ( -0.000000000000000000, 0.000000000000000000, 1.000000000000000000 ) ) ;
#267 = EDGE_CURVE ( 'NONE', #3769, #3673, #142, .T. ) ;
#268 = CARTESIAN_POINT ( 'NONE',  ( -13.86538440245398718, -13.96003667199245868, 8.500000000000000000 ) ) ;
#269 = FACE_OUTER_BOUND ( 'NONE', #1384, .T. ) ;
#270 = ORIENTED_EDGE ( 'NONE', *, *, #261, .F. ) ;
#271 = CIRCLE ( 'NONE', #435, 9.999999999999994671 ) ;
#272 = DIRECTION ( 'NONE',  ( -0.000000000000000000, -0.000000000000000000, 1.000000000000000000 ) ) ;
#273 = DIRECTION ( 'NONE',  ( 0.000000000000000000, 0.000000000000000000, 1.000000000000000000 ) ) ;
#274 = CARTESIAN_POINT ( 'NONE',  ( 21.93565644969627471, -5.935656449695831505, 15.11974680204347976 ) ) ;
#275 = AXIS2_PLACEMENT_3D ( 'NONE', #3978, #3723, #4985 ) ;
#276 = ORIENTED_EDGE ( 'NONE', *, *, #3272, .F. ) ;
#277 = ORIENTED_EDGE ( 'NONE', *, *, #2091, .F. ) ;
#278 = CARTESIAN_POINT ( 'NONE',  ( -1.856980263924100205, 16.30618495144390678, 8.000000000000000000 ) ) ;
#279 = DIRECTION ( 'NONE',  ( 1.000000000000000000, 0.000000000000000000, 0.000000000000000000 ) ) ;
#280 = ORIENTED_EDGE ( 'NONE', *, *, #1645, .T. ) ;
#281 = AXIS2_PLACEMENT_3D ( 'NONE', #2089, #3250, #391 ) ;
#282 = AXIS2_PLACEMENT_3D ( 'NONE', #1911, #3577, #4841 ) ;
#283 = EDGE_CURVE ( 'NONE', #1854, #5183, #3758, .T. ) ;
#284 = CARTESIAN_POINT ( 'NONE',  ( 0.000000000000000000, 5.000000000000000000, 15.50000000000000000 ) ) ;
#285 = CARTESIAN_POINT ( 'NONE',  ( -21.75338681122082107, 7.260160433662999679, 15.16082675115226941 ) ) ;
#286 = ORIENTED_EDGE ( 'NONE', *, *, #4908, .F. ) ;
#287 = EDGE_LOOP ( 'NONE', ( #982, #2062, #1169, #783 ) ) ;
#288 = EDGE_CURVE ( 'NONE', #872, #3453, #963, .T. ) ;
#289 = CARTESIAN_POINT ( 'NONE',  ( -19.02312704389014542, -19.89048488169835593, 3.999999999999999112 ) ) ;
#290 = ORIENTED_EDGE ( 'NONE', *, *, #836, .F. ) ;
#291 = DIRECTION ( 'NONE',  ( 1.000000000000000000, -1.445602896647338917E-16, 0.000000000000000000 ) ) ;
#292 = ADVANCED_FACE ( 'NONE', ( #3829 ), #2183, .T. ) ;
#293 = ORIENTED_EDGE ( 'NONE', *, *, #1930, .T. ) ;
#294 = DIRECTION ( 'NONE',  ( 1.000000000000000000, 0.000000000000000000, 0.000000000000000000 ) ) ;
#295 = EDGE_CURVE ( 'NONE', #4811, #3913, #2238, .T. ) ;
#296 = CARTESIAN_POINT ( 'NONE',  ( 0.1380350308230020306, 26.10516010059727066, 4.000000000000000888 ) ) ;
#297 = EDGE_CURVE ( 'NONE', #1796, #4494, #2541, .T. ) ;
#298 = VECTOR ( 'NONE', #906, 1000.000000000000000 ) ;
#299 = CARTESIAN_POINT ( 'NONE',  ( 24.00000000000000355, -5.999999999999998224, 1.000000000000000000 ) ) ;
#300 = CARTESIAN_POINT ( 'NONE',  ( -11.46538440245398505, -13.96003667199245868, 14.49999999999999822 ) ) ;
#301 = CARTESIAN_POINT ( 'NONE',  ( 21.26183884622498255, -5.261838846225940891, 15.49999999999855405 ) ) ;
#302 = EDGE_CURVE ( 'NONE', #3207, #2150, #2647, .T. ) ;
#303 = ADVANCED_FACE ( 'NONE', ( #2621 ), #3800, .T. ) ;
#304 = VERTEX_POINT ( 'NONE', #879 ) ;
#305 = VECTOR ( 'NONE', #501, 1000.000000000000000 ) ;
#306 = ORIENTED_EDGE ( 'NONE', *, *, #931, .T. ) ;
#307 = CARTESIAN_POINT ( 'NONE',  ( 12.73461559754601424, -13.96003667199245868, 14.49999999999999822 ) ) ;
#308 = AXIS2_PLACEMENT_3D ( 'NONE', #3027, #2268, #628 ) ;
#309 = CIRCLE ( 'NONE', #758, 1.000000000000000000 ) ;
#310 = CARTESIAN_POINT ( 'NONE',  ( 19.50000000000000000, -17.59059017604142028, 4.000000000000000888 ) ) ;
#311 = CARTESIAN_POINT ( 'NONE',  ( -23.84677831255553215, 5.948926104185234820, 14.82221565933889629 ) ) ;
#312 = ORIENTED_EDGE ( 'NONE', *, *, #3859, .T. ) ;
#313 = DIRECTION ( 'NONE',  ( -0.000000000000000000, 0.000000000000000000, 1.000000000000000000 ) ) ;
#314 = ORIENTED_EDGE ( 'NONE', *, *, #1787, .T. ) ;
#315 = DIRECTION ( 'NONE',  ( -0.000000000000000000, -0.000000000000000000, 1.000000000000000000 ) ) ;
#316 = LINE ( 'NONE', #5350, #2571 ) ;
#317 = VERTEX_POINT ( 'NONE', #2568 ) ;
#318 = DIRECTION ( 'NONE',  ( 1.000000000000000000, -0.000000000000000000, -0.000000000000000000 ) ) ;
#319 = EDGE_LOOP ( 'NONE', ( #2569, #4917, #5371, #265, #1582 ) ) ;
#320 = CARTESIAN_POINT ( 'NONE',  ( -14.55513568042444383, -3.107598837383494850, 8.000000000000000000 ) ) ;
#321 = ORIENTED_EDGE ( 'NONE', *, *, #1240, .F. ) ;
#322 = EDGE_CURVE ( 'NONE', #5219, #3386, #4204, .T. ) ;
#323 = DIRECTION ( 'NONE',  ( 0.000000000000000000, 0.000000000000000000, -1.000000000000000000 ) ) ;
#324 = DIRECTION ( 'NONE',  ( -0.9778499808060449050, 0.2093069875508640765, -0.000000000000000000 ) ) ;
#325 = CARTESIAN_POINT ( 'NONE',  ( 21.13092329384926060, -5.392769881551866540, 15.49999999999999822 ) ) ;
#326 = ADVANCED_FACE ( 'NONE', ( #3548 ), #1573, .T. ) ;
#327 = VERTEX_POINT ( 'NONE', #5225 ) ;
#328 = VERTEX_POINT ( 'NONE', #3491 ) ;
#329 = CARTESIAN_POINT ( 'NONE',  ( -20.99999999999999289, -3.311744817773904704E-15, 14.49999999999999822 ) ) ;
#330 = EDGE_CURVE ( 'NONE', #548, #1751, #3681, .T. ) ;
#331 = CARTESIAN_POINT ( 'NONE',  ( -23.99999999999999289, -7.999999999999998224, 14.49999999999999822 ) ) ;
#332 = CARTESIAN_POINT ( 'NONE',  ( -21.93565644969669393, 5.935656449695616566, 15.11974680204369292 ) ) ;
#333 = ORIENTED_EDGE ( 'NONE', *, *, #4524, .F. ) ;
#334 = VERTEX_POINT ( 'NONE', #4350 ) ;
#335 = CIRCLE ( 'NONE', #1052, 9.999999999999998224 ) ;
#336 = FACE_OUTER_BOUND ( 'NONE', #167, .T. ) ;
#337 = EDGE_LOOP ( 'NONE', ( #3775, #1066, #2244, #3336 ) ) ;
#338 = CARTESIAN_POINT ( 'NONE',  ( 26.18943204352341780, -0.003900693205934752106, 8.500000000000000000 ) ) ;
#339 = DIRECTION ( 'NONE',  ( -1.000000000000000000, 1.445602896647338917E-16, -0.000000000000000000 ) ) ;
#340 = DIRECTION ( 'NONE',  ( -1.000000000000000000, 0.000000000000000000, 0.000000000000000000 ) ) ;
#341 = EDGE_LOOP ( 'NONE', ( #438, #3188, #2575, #258 ) ) ;
#342 = LINE ( 'NONE', #4467, #2819 ) ;
#343 = AXIS2_PLACEMENT_3D ( 'NONE', #2687, #4356, #585 ) ;
#344 = CARTESIAN_POINT ( 'NONE',  ( -22.02042741724600816, 6.020427417246186685, 1.129391679111310554 ) ) ;
#345 = DIRECTION ( 'NONE',  ( -0.000000000000000000, -0.000000000000000000, 1.000000000000000000 ) ) ;
#346 = CARTESIAN_POINT ( 'NONE',  ( 24.88395306043829436, 3.918869757271532432E-16, 1.000000000000000000 ) ) ;
#347 = DIRECTION ( 'NONE',  ( 1.000000000000000000, -0.000000000000000000, -0.000000000000000000 ) ) ;
#348 = CARTESIAN_POINT ( 'NONE',  ( 22.08421465096748548, -6.084214650967308735, 14.29731873484336901 ) ) ;
#349 = AXIS2_PLACEMENT_3D ( 'NONE', #4359, #2312, #4721 ) ;
#350 = ADVANCED_FACE ( 'NONE', ( #636 ), #4796, .T. ) ;
#351 = AXIS2_PLACEMENT_3D ( 'NONE', #2470, #3698, #4577 ) ;
#352 = ORIENTED_EDGE ( 'NONE', *, *, #4164, .T. ) ;
#353 = DIRECTION ( 'NONE',  ( -0.000000000000000000, 0.000000000000000000, 1.000000000000000000 ) ) ;
#354 = AXIS2_PLACEMENT_3D ( 'NONE', #4756, #3112, #986 ) ;
#355 = ADVANCED_FACE ( 'NONE', ( #1760 ), #41, .T. ) ;
#356 = DIRECTION ( 'NONE',  ( 1.000000000000000000, 0.000000000000000000, 0.000000000000000000 ) ) ;
#357 = CARTESIAN_POINT ( 'NONE',  ( -20.99999999999998934, -20.99999999999998934, 14.49999999999999822 ) ) ;
#358 =( BOUNDED_SURFACE ( )  B_SPLINE_SURFACE ( 3, 2, ( 
 ( #2831, #2447, #3184 ),
 ( #2884, #3589, #4063 ),
 ( #3700, #2342, #1121 ),
 ( #1925, #4479, #1500 ),
 ( #1586, #228, #311 ),
 ( #4857, #5264, #3677 ),
 ( #1089, #3244, #2395 ),
 ( #3268, #2775, #2005 ),
 ( #285, #1951, #4937 ),
 ( #4109, #4510, #678 ),
 ( #4085, #4033, #5343 ),
 ( #2366, #332, #254 ),
 ( #3624, #1532, #5296 ),
 ( #3214, #1980, #1564 ),
 ( #1176, #2026, #5370 ),
 ( #4534, #1611, #4910 ) ),
 .UNSPECIFIED., .F., .F., .F. ) 
 B_SPLINE_SURFACE_WITH_KNOTS ( ( 4, 2, 2, 2, 2, 2, 2, 4 ),
 ( 3, 3 ),
 ( 6.283185307179586232, 6.479534848028948524, 6.675884388878310816, 6.872233929727672219, 7.068583470577034511, 7.264933011426396803, 7.461282552275758206, 7.853981633974482790 ),
 ( 0.000000000000000000, 1.000000000000000000 ),
 .UNSPECIFIED. ) 
 GEOMETRIC_REPRESENTATION_ITEM ( )  RATIONAL_B_SPLINE_SURFACE ( (
 ( 1.000000000000000000, 0.7071067811865475727, 1.000000000000000000),
 ( 1.000000000000000000, 0.7070717276407008089, 1.000000000000000000),
 ( 1.000000000000000000, 0.7117460035099765214, 1.000000000000000000),
 ( 1.000000000000000000, 0.7291288930333399421, 1.000000000000000000),
 ( 1.000000000000000000, 0.7418334192088635870, 1.000000000000000000),
 ( 1.000000000000000000, 0.7723968204883401301, 1.000000000000000000),
 ( 1.000000000000000000, 0.7902180097995344932, 1.000000000000000000),
 ( 1.000000000000000000, 0.8275942684438069019, 1.000000000000000000),
 ( 1.000000000000000000, 0.8471316612622701303, 1.000000000000000000),
 ( 1.000000000000000000, 0.8849191463066059526, 1.000000000000000000),
 ( 1.000000000000000000, 0.9031650999538336499, 1.000000000000000000),
 ( 1.000000000000000000, 0.9360421837325613170, 1.000000000000000000),
 ( 1.000000000000000000, 0.9506740357170695432, 1.000000000000000000),
 ( 1.000000000000000000, 0.9867291882093299771, 1.000000000000000000),
 ( 1.000000000000000000, 1.000158581554895898, 1.000000000000000000),
 ( 1.000000000000000000, 1.000000000000000000, 1.000000000000000000) ) ) 
 REPRESENTATION_ITEM ( '' )  SURFACE ( )  );
#359 = ADVANCED_FACE ( 'NONE', ( #4550 ), #5108, .T. ) ;
#360 = ORIENTED_EDGE ( 'NONE', *, *, #2805, .F. ) ;
#361 = LINE ( 'NONE', #784, #2439 ) ;
#362 = CIRCLE ( 'NONE', #4940, 0.5000000000000004441 ) ;
#363 = ORIENTED_EDGE ( 'NONE', *, *, #5059, .F. ) ;
#364 = VECTOR ( 'NONE', #2899, 1000.000000000000000 ) ;
#365 = FACE_OUTER_BOUND ( 'NONE', #2255, .T. ) ;
#366 = VECTOR ( 'NONE', #4478, 999.9999999999998863 ) ;
#367 = DIRECTION ( 'NONE',  ( -0.000000000000000000, -0.000000000000000000, -1.000000000000000000 ) ) ;
#368 = VECTOR ( 'NONE', #3689, 1000.000000000000000 ) ;
#369 = EDGE_LOOP ( 'NONE', ( #3508, #2349, #1828, #2757 ) ) ;
#370 = CARTESIAN_POINT ( 'NONE',  ( -20.99999999999998934, -20.99999999999998934, 14.49999999999999822 ) ) ;
#371 = ORIENTED_EDGE ( 'NONE', *, *, #21, .T. ) ;
#372 = DIRECTION ( 'NONE',  ( 1.000000000000000000, 0.000000000000000000, 0.000000000000000000 ) ) ;
#373 = DIRECTION ( 'NONE',  ( 1.000000000000000000, 0.000000000000000000, 0.000000000000000000 ) ) ;
#374 = DIRECTION ( 'NONE',  ( -0.000000000000000000, -1.000000000000000000, -0.000000000000000000 ) ) ;
#375 = CARTESIAN_POINT ( 'NONE',  ( -22.00000000000000000, 5.000000000000000000, 0.000000000000000000 ) ) ;
#376 = LINE ( 'NONE', #3430, #1189 ) ;
#377 = VECTOR ( 'NONE', #1705, 1000.000000000000000 ) ;
#378 = VERTEX_POINT ( 'NONE', #1876 ) ;
#379 = DIRECTION ( 'NONE',  ( -1.000000000000000000, 0.000000000000000000, 0.000000000000000000 ) ) ;
#380 = AXIS2_PLACEMENT_3D ( 'NONE', #387, #860, #3752 ) ;
#381 = CARTESIAN_POINT ( 'NONE',  ( 17.06144779606504258, 17.01798743300968653, 2.000000000000000888 ) ) ;
#382 = ADVANCED_FACE ( 'NONE', ( #4757 ), #1132, .T. ) ;
#383 = AXIS2_PLACEMENT_3D ( 'NONE', #2243, #3911, #3009 ) ;
#384 = CARTESIAN_POINT ( 'NONE',  ( -23.99999999999999645, 6.000000000000000000, 14.49999999999999822 ) ) ;
#385 = ORIENTED_EDGE ( 'NONE', *, *, #3721, .F. ) ;
#386 = ORIENTED_EDGE ( 'NONE', *, *, #1893, .F. ) ;
#387 = CARTESIAN_POINT ( 'NONE',  ( -34.00000000000000000, 6.000000000000000000, 0.000000000000000000 ) ) ;
#388 = CARTESIAN_POINT ( 'NONE',  ( -23.99999999999999289, -5.999999999999998224, 14.49999999999999822 ) ) ;
#389 = AXIS2_PLACEMENT_3D ( 'NONE', #2063, #4895, #3323 ) ;
#390 =( BOUNDED_SURFACE ( )  B_SPLINE_SURFACE ( 3, 2, ( 
 ( #5078, #2162, #3857 ),
 ( #3885, #1736, #5109 ),
 ( #4239, #3008, #4685 ),
 ( #856, #2545, #4289 ),
 ( #912, #3771, #2600 ),
 ( #5443, #1353, #3381 ),
 ( #3037, #2521, #515 ),
 ( #4183, #4713, #96 ),
 ( #1794, #1382, #827 ),
 ( #3358, #407, #1685 ),
 ( #1267, #22, #4627 ),
 ( #1709, #4738, #966 ),
 ( #4320, #2651, #2242 ),
 ( #546, #1839, #4640 ),
 ( #5067, #503, #3053 ),
 ( #928, #3816, #34 ) ),
 .UNSPECIFIED., .F., .F., .F. ) 
 B_SPLINE_SURFACE_WITH_KNOTS ( ( 4, 2, 2, 2, 2, 2, 2, 4 ),
 ( 3, 3 ),
 ( 3.141592653589793116, 3.337942194439155408, 3.534291735288517255, 3.730641276137879103, 3.926990816987241395, 4.123340357836603687, 4.319689898685965090, 4.712388980384689674 ),
 ( 0.000000000000000000, 1.000000000000000000 ),
 .UNSPECIFIED. ) 
 GEOMETRIC_REPRESENTATION_ITEM ( )  RATIONAL_B_SPLINE_SURFACE ( (
 ( 1.000000000000000000, 0.7071067811865482389, 1.000000000000000000),
 ( 1.000000000000000000, 0.7070717276407505469, 1.000000000000000000),
 ( 1.000000000000000000, 0.7117460035099099080, 1.000000000000000000),
 ( 1.000000000000000000, 0.7291288930334065554, 1.000000000000000000),
 ( 1.000000000000000000, 0.7418334192087101542, 1.000000000000000000),
 ( 1.000000000000000000, 0.7723968204884932298, 1.000000000000000000),
 ( 1.000000000000000000, 0.7902180097995555874, 1.000000000000000000),
 ( 1.000000000000000000, 0.8275942684437852526, 1.000000000000000000),
 ( 1.000000000000000000, 0.8471316612622575848, 1.000000000000000000),
 ( 1.000000000000000000, 0.8849191463066200525, 1.000000000000000000),
 ( 1.000000000000000000, 0.9031650999538477498, 1.000000000000000000),
 ( 1.000000000000000000, 0.9360421837325469951, 1.000000000000000000),
 ( 1.000000000000000000, 0.9506740357170694322, 1.000000000000000000),
 ( 1.000000000000000000, 0.9867291882093298661, 1.000000000000000000),
 ( 1.000000000000000000, 1.000158581554896342, 1.000000000000000000),
 ( 1.000000000000000000, 1.000000000000000000, 1.000000000000000000) ) ) 
 REPRESENTATION_ITEM ( '' )  SURFACE ( )  );
#391 = DIRECTION ( 'NONE',  ( -0.2074013792741153106, 0.9782559316841348274, 0.000000000000000000 ) ) ;
#392 = AXIS2_PLACEMENT_3D ( 'NONE', #5307, #1210, #3716 ) ;
#393 = ORIENTED_EDGE ( 'NONE', *, *, #283, .F. ) ;
#394 = DIRECTION ( 'NONE',  ( 1.000000000000000000, 0.000000000000000000, 0.000000000000000000 ) ) ;
#395 = DIRECTION ( 'NONE',  ( -0.000000000000000000, -0.000000000000000000, -1.000000000000000000 ) ) ;
#396 = ORIENTED_EDGE ( 'NONE', *, *, #3029, .T. ) ;
#397 = EDGE_CURVE ( 'NONE', #4799, #3847, #5417, .T. ) ;
#398 = EDGE_CURVE ( 'NONE', #4799, #3136, #3338, .T. ) ;
#399 = AXIS2_PLACEMENT_3D ( 'NONE', #4426, #5275, #2377 ) ;
#400 = FACE_OUTER_BOUND ( 'NONE', #2902, .T. ) ;
#401 = CARTESIAN_POINT ( 'NONE',  ( 22.21530969695822577, 6.215309696958119190, 0.8641790907336950323 ) ) ;
#402 = DIRECTION ( 'NONE',  ( 1.000000000000000000, 0.000000000000000000, 0.000000000000000000 ) ) ;
#403 = FACE_BOUND ( 'NONE', #4015, .T. ) ;
#404 = EDGE_LOOP ( 'NONE', ( #532, #466, #3366, #1542 ) ) ;
#405 = ORIENTED_EDGE ( 'NONE', *, *, #907, .T. ) ;
#406 = FACE_OUTER_BOUND ( 'NONE', #3121, .T. ) ;
#407 = CARTESIAN_POINT ( 'NONE',  ( 22.14328425823895330, -6.143284258239654960, 0.6686814844197856988 ) ) ;
#408 = CARTESIAN_POINT ( 'NONE',  ( 16.41144779606468518, -16.98201256699031703, 2.000000000000000888 ) ) ;
#409 = EDGE_LOOP ( 'NONE', ( #4051, #697, #4442, #3604 ) ) ;
#410 = ORIENTED_EDGE ( 'NONE', *, *, #4047, .T. ) ;
#411 = FACE_OUTER_BOUND ( 'NONE', #1926, .T. ) ;
#412 = DIRECTION ( 'NONE',  ( 1.000000000000000000, 0.000000000000000000, 0.000000000000000000 ) ) ;
#413 = CARTESIAN_POINT ( 'NONE',  ( 22.00000000000000000, 8.000000000000000000, 8.500000000000000000 ) ) ;
#414 = ADVANCED_FACE ( 'NONE', ( #2933 ), #468, .F. ) ;
#415 = EDGE_LOOP ( 'NONE', ( #3945, #4553, #2467, #2140 ) ) ;
#416 = CARTESIAN_POINT ( 'NONE',  ( 28.08395306043829365, 0.000000000000000000, 1.000000000000000000 ) ) ;
#417 = ORIENTED_EDGE ( 'NONE', *, *, #1773, .T. ) ;
#418 = CIRCLE ( 'NONE', #3502, 0.5000000000000004441 ) ;
#419 = AXIS2_PLACEMENT_3D ( 'NONE', #1692, #1225, #2087 ) ;
#420 = AXIS2_PLACEMENT_3D ( 'NONE', #3499, #3970, #4774 ) ;
#421 = EDGE_CURVE ( 'NONE', #2869, #2264, #2955, .T. ) ;
#422 = EDGE_LOOP ( 'NONE', ( #2907, #3801, #2964 ) ) ;
#423 = CARTESIAN_POINT ( 'NONE',  ( 0.000000000000000000, 0.000000000000000000, 9.000000000000001776 ) ) ;
#424 = EDGE_LOOP ( 'NONE', ( #2525, #2973, #1669, #3664 ) ) ;
#425 = EDGE_CURVE ( 'NONE', #5288, #1335, #3230, .T. ) ;
#426 = CARTESIAN_POINT ( 'NONE',  ( -21.99999999999999645, -5.999999999999996447, 1.000000000000000000 ) ) ;
#427 = DIRECTION ( 'NONE',  ( 0.000000000000000000, 0.000000000000000000, 1.000000000000000000 ) ) ;
#428 = DIRECTION ( 'NONE',  ( 1.000000000000000000, -0.000000000000000000, 0.000000000000000000 ) ) ;
#429 = FACE_BOUND ( 'NONE', #4180, .T. ) ;
#430 = CIRCLE ( 'NONE', #3421, 9.999999999999994671 ) ;
#431 = CARTESIAN_POINT ( 'NONE',  ( 20.00000000000000355, -20.09759305442772259, 4.000000000000000888 ) ) ;
#432 = EDGE_LOOP ( 'NONE', ( #2396, #1963 ) ) ;
#433 = DIRECTION ( 'NONE',  ( -0.000000000000000000, -0.000000000000000000, -1.000000000000000000 ) ) ;
#434 = CIRCLE ( 'NONE', #3425, 1.150000000000001688 ) ;
#435 = AXIS2_PLACEMENT_3D ( 'NONE', #5153, #4726, #2638 ) ;
#436 = DIRECTION ( 'NONE',  ( 1.224646799147353207E-16, 1.000000000000000000, 0.000000000000000000 ) ) ;
#437 = CARTESIAN_POINT ( 'NONE',  ( 28.08395306043829365, 0.000000000000000000, 14.49999999999999822 ) ) ;
#438 = ORIENTED_EDGE ( 'NONE', *, *, #1484, .T. ) ;
#439 = AXIS2_PLACEMENT_3D ( 'NONE', #4016, #1960, #3601 ) ;
#440 = ORIENTED_EDGE ( 'NONE', *, *, #3833, .F. ) ;
#441 = ORIENTED_EDGE ( 'NONE', *, *, #3570, .T. ) ;
#442 = CARTESIAN_POINT ( 'NONE',  ( 18.21144779606504471, 17.01798743300968653, 2.500000000000001332 ) ) ;
#443 = DIRECTION ( 'NONE',  ( -0.000000000000000000, 0.000000000000000000, 1.000000000000000000 ) ) ;
#444 = CIRCLE ( 'NONE', #1167, 1.000000000000000888 ) ;
#445 = ORIENTED_EDGE ( 'NONE', *, *, #1188, .F. ) ;
#446 = AXIS2_PLACEMENT_3D ( 'NONE', #92, #993, #1377 ) ;
#447 = CARTESIAN_POINT ( 'NONE',  ( -15.28855220393530878, -16.98201256699031703, 8.500000000000000000 ) ) ;
#448 = ORIENTED_EDGE ( 'NONE', *, *, #5305, .T. ) ;
#449 = AXIS2_PLACEMENT_3D ( 'NONE', #1059, #4358, #3623 ) ;
#450 = CIRCLE ( 'NONE', #3444, 3.200000000000001510 ) ;
#451 = CYLINDRICAL_SURFACE ( 'NONE', #3622, 1.000000000000000888 ) ;
#452 = EDGE_CURVE ( 'NONE', #2702, #1780, #128, .T. ) ;
#453 = CARTESIAN_POINT ( 'NONE',  ( 17.06144779606469086, -16.98201256699031703, 2.000000000000000888 ) ) ;
#454 = ORIENTED_EDGE ( 'NONE', *, *, #839, .F. ) ;
#455 = CARTESIAN_POINT ( 'NONE',  ( -21.79510762609613650, -7.385322878288350879, 0.3900102088819379365 ) ) ;
#456 = CARTESIAN_POINT ( 'NONE',  ( 22.00000000000000000, -4.999999999999998224, 0.000000000000000000 ) ) ;
#457 = CARTESIAN_POINT ( 'NONE',  ( -13.86538440245398718, -13.96003667199245868, 9.000000000000001776 ) ) ;
#458 = DIRECTION ( 'NONE',  ( -0.000000000000000000, 0.000000000000000000, 1.000000000000000000 ) ) ;
#459 = ADVANCED_FACE ( 'NONE', ( #1250 ), #2580, .T. ) ;
#460 = EDGE_LOOP ( 'NONE', ( #209, #5055, #2655 ) ) ;
#461 = ADVANCED_FACE ( 'NONE', ( #411 ), #916, .F. ) ;
#462 = AXIS2_PLACEMENT_3D ( 'NONE', #2944, #1347, #3028 ) ;
#463 = ADVANCED_FACE ( 'NONE', ( #1741 ), #5124, .T. ) ;
#464 = LINE ( 'NONE', #2138, #1416 ) ;
#465 = CARTESIAN_POINT ( 'NONE',  ( 28.08395306043829365, 0.000000000000000000, 1.000000000000000000 ) ) ;
#466 = ORIENTED_EDGE ( 'NONE', *, *, #3696, .T. ) ;
#467 = VERTEX_POINT ( 'NONE', #1223 ) ;
#468 = CYLINDRICAL_SURFACE ( 'NONE', #2266, 0.4999999999999995559 ) ;
#469 = DIRECTION ( 'NONE',  ( 0.000000000000000000, 0.000000000000000000, 1.000000000000000000 ) ) ;
#470 = AXIS2_PLACEMENT_3D ( 'NONE', #357, #1296, #1245 ) ;
#471 = DIRECTION ( 'NONE',  ( -0.000000000000000000, -0.000000000000000000, 1.000000000000000000 ) ) ;
#472 = CARTESIAN_POINT ( 'NONE',  ( -16.93855220393495742, 17.01798743300968653, 8.500000000000000000 ) ) ;
#473 = ORIENTED_EDGE ( 'NONE', *, *, #3922, .T. ) ;
#474 = DIRECTION ( 'NONE',  ( -0.000000000000000000, -0.000000000000000000, 1.000000000000000000 ) ) ;
#475 = ORIENTED_EDGE ( 'NONE', *, *, #2872, .T. ) ;
#476 = CIRCLE ( 'NONE', #4706, 1.000000000000000888 ) ;
#477 = CARTESIAN_POINT ( 'NONE',  ( 21.00000000000000000, -20.99999999999998934, 1.000000000000000000 ) ) ;
#478 = CIRCLE ( 'NONE', #4093, 1.000000000000000888 ) ;
#479 = FACE_OUTER_BOUND ( 'NONE', #3409, .T. ) ;
#480 = ORIENTED_EDGE ( 'NONE', *, *, #2773, .T. ) ;
#481 = CARTESIAN_POINT ( 'NONE',  ( -21.99999999999999645, -7.999999999998123279, 0.9345494114604827596 ) ) ;
#482 = DIRECTION ( 'NONE',  ( 0.1995015294747111423, 0.9798975149153359432, 0.000000000000000000 ) ) ;
#483 = LINE ( 'NONE', #1704, #1994 ) ;
#484 = CYLINDRICAL_SURFACE ( 'NONE', #106, 1.000000000000000000 ) ;
#485 = ADVANCED_FACE ( 'NONE', ( #3412 ), #5325, .T. ) ;
#486 = EDGE_CURVE ( 'NONE', #1785, #716, #4657, .T. ) ;
#487 = CARTESIAN_POINT ( 'NONE',  ( 9.999999999999998224, 0.000000000000000000, 14.49999999999999822 ) ) ;
#488 = EDGE_LOOP ( 'NONE', ( #3442, #2524, #1011, #730 ) ) ;
#489 = CARTESIAN_POINT ( 'NONE',  ( -21.86783159850894975, -7.603494795526986039, 15.00115067492112964 ) ) ;
#490 = CARTESIAN_POINT ( 'NONE',  ( -19.73142532788394732, 19.73396417984141493, 8.499999999999998224 ) ) ;
#491 = EDGE_CURVE ( 'NONE', #3702, #3287, #2111, .T. ) ;
#492 = DIRECTION ( 'NONE',  ( 1.224646799147353207E-16, 1.000000000000000000, 0.000000000000000000 ) ) ;
#493 = EDGE_LOOP ( 'NONE', ( #4971, #881, #1202, #3269, #4151 ) ) ;
#494 = ORIENTED_EDGE ( 'NONE', *, *, #2535, .F. ) ;
#495 = EDGE_CURVE ( 'NONE', #1090, #3582, #4892, .T. ) ;
#496 = DIRECTION ( 'NONE',  ( -0.000000000000000000, -1.000000000000000000, -0.000000000000000000 ) ) ;
#497 = DIRECTION ( 'NONE',  ( -1.000000000000000000, 0.000000000000000000, 0.000000000000000000 ) ) ;
#498 = DIRECTION ( 'NONE',  ( 1.224646799147353207E-16, 1.000000000000000000, 0.000000000000000000 ) ) ;
#499 = DIRECTION ( 'NONE',  ( 0.9806858948058039260, 0.1955893037181221095, 0.000000000000000000 ) ) ;
#500 = ORIENTED_EDGE ( 'NONE', *, *, #3063, .T. ) ;
#501 = DIRECTION ( 'NONE',  ( 7.885106708985489034E-17, -1.000000000000000000, -0.000000000000000000 ) ) ;
#502 = ORIENTED_EDGE ( 'NONE', *, *, #4128, .F. ) ;
#503 = CARTESIAN_POINT ( 'NONE',  ( 21.26183884622439990, -5.261838846226325472, 2.413191403706685525E-13 ) ) ;
#504 = DIRECTION ( 'NONE',  ( -0.2087993391107792196, 0.9779585042254614891, -0.000000000000000000 ) ) ;
#505 = ORIENTED_EDGE ( 'NONE', *, *, #2119, .F. ) ;
#506 = CARTESIAN_POINT ( 'NONE',  ( -21.52859211756936020, -5.528592117570497955, 0.08382357770394183172 ) ) ;
#507 = CARTESIAN_POINT ( 'NONE',  ( 22.08654621184371436, 6.086546211844042098, 14.93290240449352702 ) ) ;
#508 = VECTOR ( 'NONE', #3445, 1000.000000000000000 ) ;
#509 = DIRECTION ( 'NONE',  ( 0.000000000000000000, 0.000000000000000000, 1.000000000000000000 ) ) ;
#510 = AXIS2_PLACEMENT_3D ( 'NONE', #1922, #646, #3587 ) ;
#511 = EDGE_LOOP ( 'NONE', ( #1280, #2474, #5391, #4380 ) ) ;
#512 = CARTESIAN_POINT ( 'NONE',  ( -25.96545236919031652, 0.04766134921489825760, 8.500000000000000000 ) ) ;
#513 = CARTESIAN_POINT ( 'NONE',  ( -19.99999999999998934, 20.00000000000000355, 1.000000000000000000 ) ) ;
#514 = ADVANCED_FACE ( 'NONE', ( #4160 ), #4439, .T. ) ;
#515 = CARTESIAN_POINT ( 'NONE',  ( 21.86783159850894975, -7.603494795526986039, 0.4988493250788575972 ) ) ;
#516 = ADVANCED_FACE ( 'NONE', ( #3387 ), #2957, .T. ) ;
#517 = CARTESIAN_POINT ( 'NONE',  ( -1.988363676374209188, -16.27892138016290247, 4.000000000000000888 ) ) ;
#518 = VERTEX_POINT ( 'NONE', #2551 ) ;
#519 = VERTEX_POINT ( 'NONE', #442 ) ;
#520 = CYLINDRICAL_SURFACE ( 'NONE', #5169, 0.5000000000000009992 ) ;
#521 = CARTESIAN_POINT ( 'NONE',  ( -25.96545236919031652, 0.04766134921489825760, 4.000000000000000888 ) ) ;
#522 = EDGE_CURVE ( 'NONE', #5090, #3836, #3463, .T. ) ;
#523 = PRODUCT_RELATED_PRODUCT_CATEGORY ( 'part', '', ( #734 ) ) ;
#524 = CIRCLE ( 'NONE', #1597, 1.150000000000001688 ) ;
#525 = DIRECTION ( 'NONE',  ( 1.000000000000000000, 0.000000000000000000, -0.000000000000000000 ) ) ;
#526 = CARTESIAN_POINT ( 'NONE',  ( -32.00000000000000000, 5.000000000000000000, 14.49999999999999822 ) ) ;
#527 = EDGE_CURVE ( 'NONE', #5301, #2453, #1800, .T. ) ;
#528 = AXIS2_PLACEMENT_3D ( 'NONE', #141, #2613, #1724 ) ;
#529 = CARTESIAN_POINT ( 'NONE',  ( -21.99999999999999645, -5.999999999999998224, 14.49999999999999822 ) ) ;
#530 = ORIENTED_EDGE ( 'NONE', *, *, #234, .T. ) ;
#531 = DIRECTION ( 'NONE',  ( 0.000000000000000000, 0.000000000000000000, -1.000000000000000000 ) ) ;
#532 = ORIENTED_EDGE ( 'NONE', *, *, #234, .F. ) ;
#533 = ADVANCED_FACE ( 'NONE', ( #1002 ), #4411, .T. ) ;
#534 = DIRECTION ( 'NONE',  ( -0.000000000000000000, 0.000000000000000000, 1.000000000000000000 ) ) ;
#535 = CARTESIAN_POINT ( 'NONE',  ( -21.99999999999999645, 6.000000000000000000, 1.000000000000000000 ) ) ;
#536 = DIRECTION ( 'NONE',  ( 0.000000000000000000, -0.000000000000000000, -1.000000000000000000 ) ) ;
#537 = ORIENTED_EDGE ( 'NONE', *, *, #3930, .T. ) ;
#539 = DIRECTION ( 'NONE',  ( 1.000000000000000000, 0.000000000000000000, 0.000000000000000000 ) ) ;
#538 = CIRCLE ( 'NONE', #2923, 0.6500000000000047962 ) ;
#540 = CARTESIAN_POINT ( 'NONE',  ( -22.00000000000000000, 21.00000000000000355, 1.000000000000000000 ) ) ;
#541 = VECTOR ( 'NONE', #3619, 1000.000000000000000 ) ;
#542 = DIRECTION ( 'NONE',  ( 1.000000000000000000, 0.000000000000000000, 0.000000000000000000 ) ) ;
#543 = FACE_OUTER_BOUND ( 'NONE', #5215, .T. ) ;
#544 = CARTESIAN_POINT ( 'NONE',  ( -11.46538440245427637, 14.03996332800754132, 15.50000000000000000 ) ) ;
#545 = FACE_OUTER_BOUND ( 'NONE', #1983, .T. ) ;
#546 = CARTESIAN_POINT ( 'NONE',  ( 21.78524365670255847, -5.261747885567517713, 0.02602732383215363224 ) ) ;
#547 = DIRECTION ( 'NONE',  ( 0.000000000000000000, 0.000000000000000000, 1.000000000000000000 ) ) ;
#548 = VERTEX_POINT ( 'NONE', #3529 ) ;
#549 = ORIENTED_EDGE ( 'NONE', *, *, #5007, .T. ) ;
#550 = EDGE_LOOP ( 'NONE', ( #2530, #3217, #321, #1397 ) ) ;
#552 = DIRECTION ( 'NONE',  ( 1.000000000000000000, 0.000000000000000000, 0.000000000000000000 ) ) ;
#551 = CARTESIAN_POINT ( 'NONE',  ( 22.00000000000000355, -8.000000000000000000, 8.500000000000000000 ) ) ;
#553 = DIRECTION ( 'NONE',  ( 0.000000000000000000, 0.000000000000000000, -1.000000000000000000 ) ) ;
#554 = CARTESIAN_POINT ( 'NONE',  ( -33.00000000000000000, 6.000000000000000000, 1.000000000000000000 ) ) ;
#555 = DIRECTION ( 'NONE',  ( 1.000000000000000000, 0.000000000000000000, 0.000000000000000000 ) ) ;
#556 = AXIS2_PLACEMENT_3D ( 'NONE', #2645, #122, #1912 ) ;
#557 = CARTESIAN_POINT ( 'NONE',  ( -20.99999999999998934, -20.99999999999998934, 0.000000000000000000 ) ) ;
#558 = ORIENTED_EDGE ( 'NONE', *, *, #1787, .F. ) ;
#559 = ADVANCED_FACE ( 'NONE', ( #4294 ), #972, .T. ) ;
#560 = FACE_OUTER_BOUND ( 'NONE', #3921, .T. ) ;
#561 = ORIENTED_EDGE ( 'NONE', *, *, #425, .T. ) ;
#562 = CARTESIAN_POINT ( 'NONE',  ( -22.08654621184370015, 6.086546211844156673, 0.5670975955066408503 ) ) ;
#563 = DIRECTION ( 'NONE',  ( -0.000000000000000000, 0.000000000000000000, 1.000000000000000000 ) ) ;
#564 = ORIENTED_EDGE ( 'NONE', *, *, #3966, .F. ) ;
#565 = EDGE_CURVE ( 'NONE', #1593, #1454, #610, .T. ) ;
#566 = TOROIDAL_SURFACE ( 'NONE', #389, 10.49999999999999645, 0.5000000000000000000 ) ;
#567 = CARTESIAN_POINT ( 'NONE',  ( 20.99999999999999645, 22.00000000000000711, 1.000000000000000000 ) ) ;
#568 = AXIS2_PLACEMENT_3D ( 'NONE', #2653, #4322, #547 ) ;
#569 = ORIENTED_EDGE ( 'NONE', *, *, #3378, .T. ) ;
#570 = CARTESIAN_POINT ( 'NONE',  ( -21.26174788556751238, -5.785243656702554915, 0.02602732383215358367 ) ) ;
#571 = EDGE_CURVE ( 'NONE', #1337, #4809, #3473, .T. ) ;
#572 = DIRECTION ( 'NONE',  ( 0.9792902988571843270, 0.2024611334656773454, -8.493989356119497275E-16 ) ) ;
#573 = AXIS2_PLACEMENT_3D ( 'NONE', #2876, #1164, #323 ) ;
#574 = DIRECTION ( 'NONE',  ( 0.000000000000000000, 0.000000000000000000, -1.000000000000000000 ) ) ;
#575 = CIRCLE ( 'NONE', #4542, 1.400000000000000133 ) ;
#576 = DIRECTION ( 'NONE',  ( 1.000000000000000000, 0.000000000000000000, 0.000000000000000000 ) ) ;
#577 = CIRCLE ( 'NONE', #1110, 1.000000000000000000 ) ;
#578 = DIRECTION ( 'NONE',  ( 0.000000000000000000, -0.000000000000000000, -1.000000000000000000 ) ) ;
#579 = CARTESIAN_POINT ( 'NONE',  ( -3.132549332474714454, -14.63478759346246427, 8.500000000000000000 ) ) ;
#580 = CARTESIAN_POINT ( 'NONE',  ( 20.00000000000000000, 20.00000000000000355, 4.000000000000000888 ) ) ;
#581 = ORIENTED_EDGE ( 'NONE', *, *, #2646, .T. ) ;
#582 = EDGE_LOOP ( 'NONE', ( #3105, #4580, #158, #4606 ) ) ;
#584 = CARTESIAN_POINT ( 'NONE',  ( -21.99999999999999645, 8.000000000000000000, 8.500000000000000000 ) ) ;
#583 = CARTESIAN_POINT ( 'NONE',  ( -16.93855220393495742, 17.01798743300968653, 8.000000000000000000 ) ) ;
#585 = DIRECTION ( 'NONE',  ( 1.000000000000000000, 0.000000000000000000, 0.000000000000000000 ) ) ;
#586 = LINE ( 'NONE', #4719, #605 ) ;
#587 = CARTESIAN_POINT ( 'NONE',  ( 0.08565011636694659647, -26.06148069700425296, 8.000000000000000000 ) ) ;
#588 = CYLINDRICAL_SURFACE ( 'NONE', #2434, 1.000000000000000888 ) ;
#589 = ORIENTED_EDGE ( 'NONE', *, *, #907, .F. ) ;
#590 = CARTESIAN_POINT ( 'NONE',  ( -21.39276988155111781, 5.130923293851659572, -1.892630928305864635E-16 ) ) ;
#591 = EDGE_CURVE ( 'NONE', #5042, #4365, #4996, .T. ) ;
#592 = DIRECTION ( 'NONE',  ( -1.000000000000000000, 0.000000000000000000, 0.000000000000000000 ) ) ;
#593 = VECTOR ( 'NONE', #4236, 1000.000000000000114 ) ;
#594 = VERTEX_POINT ( 'NONE', #4717 ) ;
#595 = DIRECTION ( 'NONE',  ( -0.000000000000000000, 0.000000000000000000, 1.000000000000000000 ) ) ;
#596 = ORIENTED_EDGE ( 'NONE', *, *, #2897, .F. ) ;
#597 = CARTESIAN_POINT ( 'NONE',  ( -20.99999999999999645, 21.00000000000000355, 14.49999999999999822 ) ) ;
#598 = CARTESIAN_POINT ( 'NONE',  ( 23.38532287828828515, 5.795107626096199560, 15.10998979111798235 ) ) ;
#599 = DIRECTION ( 'NONE',  ( -0.000000000000000000, -1.000000000000000000, -0.000000000000000000 ) ) ;
#600 = ADVANCED_FACE ( 'NONE', ( #1830 ), #947, .T. ) ;
#601 = LINE ( 'NONE', #40, #377 ) ;
#602 = ADVANCED_FACE ( 'NONE', ( #1056 ), #520, .F. ) ;
#603 = CARTESIAN_POINT ( 'NONE',  ( 17.06144779606504258, 17.01798743300968653, 2.000000000000000888 ) ) ;
#604 = CARTESIAN_POINT ( 'NONE',  ( 16.41144779606468518, -16.98201256699031703, 2.500000000000000888 ) ) ;
#605 = VECTOR ( 'NONE', #471, 1000.000000000000000 ) ;
#606 =( BOUNDED_CURVE ( )  B_SPLINE_CURVE ( 3, ( #3427, #4149, #37, #2125 ),
 .UNSPECIFIED., .F., .T. ) 
 B_SPLINE_CURVE_WITH_KNOTS ( ( 4, 4 ),
 ( 0.000000000000000000, 1.570796326794891007 ),
 .UNSPECIFIED. ) 
 CURVE ( )  GEOMETRIC_REPRESENTATION_ITEM ( )  RATIONAL_B_SPLINE_CURVE ( ( 1.000000000000000000, 0.8047378541243662697, 0.8047378541243662697, 1.000000000000000000 ) ) 
 REPRESENTATION_ITEM ( '' )  );
#607 = EDGE_LOOP ( 'NONE', ( #4598, #2022, #252, #3094 ) ) ;
#608 = ORIENTED_EDGE ( 'NONE', *, *, #491, .F. ) ;
#610 = LINE ( 'NONE', #1468, #3768 ) ;
#609 = DIRECTION ( 'NONE',  ( 1.000000000000000000, 0.000000000000000000, 0.000000000000000000 ) ) ;
#611 = CARTESIAN_POINT ( 'NONE',  ( 32.00000000000000000, -6.000000000000000000, 0.000000000000000000 ) ) ;
#612 = VECTOR ( 'NONE', #4412, 1000.000000000000000 ) ;
#613 = DIRECTION ( 'NONE',  ( 1.000000000000000000, 0.000000000000000000, 0.000000000000000000 ) ) ;
#614 = CARTESIAN_POINT ( 'NONE',  ( 2.162646365479769184, 16.31225711202542783, 4.000000000000000888 ) ) ;
#615 = ORIENTED_EDGE ( 'NONE', *, *, #2773, .F. ) ;
#616 = DIRECTION ( 'NONE',  ( 1.000000000000000000, 0.000000000000000000, 0.000000000000000000 ) ) ;
#617 = ORIENTED_EDGE ( 'NONE', *, *, #3170, .F. ) ;
#618 = AXIS2_PLACEMENT_3D ( 'NONE', #2379, #266, #412 ) ;
#619 = AXIS2_PLACEMENT_3D ( 'NONE', #4962, #5320, #4887 ) ;
#620 = CIRCLE ( 'NONE', #2563, 1.150000000000001688 ) ;
#621 = CARTESIAN_POINT ( 'NONE',  ( 21.00000000000000000, 21.00000000000000355, 0.000000000000000000 ) ) ;
#622 = VERTEX_POINT ( 'NONE', #4355 ) ;
#623 = FACE_BOUND ( 'NONE', #230, .T. ) ;
#624 = CARTESIAN_POINT ( 'NONE',  ( -19.99999999999998934, -20.09759305442772259, 1.000000000000000000 ) ) ;
#625 = VERTEX_POINT ( 'NONE', #2216 ) ;
#626 = CARTESIAN_POINT ( 'NONE',  ( -20.99999999999998934, -4.999999999999993783, 4.336808689942017736E-16 ) ) ;
#627 = TOROIDAL_SURFACE ( 'NONE', #3965, 0.6500000000000034639, 0.5000000000000000000 ) ;
#628 = DIRECTION ( 'NONE',  ( 0.9806858948058035930, 0.1955893037181236083, 0.000000000000000000 ) ) ;
#629 = CARTESIAN_POINT ( 'NONE',  ( 19.36088958536603499, -19.44946676916973516, 8.500000000000000000 ) ) ;
#630 = CARTESIAN_POINT ( 'NONE',  ( -9.999999999999998224, 1.224646799147353059E-15, 14.49999999999999822 ) ) ;
#631 = EDGE_CURVE ( 'NONE', #81, #3360, #3890, .T. ) ;
#632 = CIRCLE ( 'NONE', #281, 0.4999999999999992784 ) ;
#633 = AXIS2_PLACEMENT_3D ( 'NONE', #4818, #3881, #2269 ) ;
#634 = CARTESIAN_POINT ( 'NONE',  ( 0.000000000000000000, 0.000000000000000000, 9.000000000000001776 ) ) ;
#635 = LINE ( 'NONE', #4821, #2143 ) ;
#636 = FACE_OUTER_BOUND ( 'NONE', #2020, .T. ) ;
#637 = AXIS2_PLACEMENT_3D ( 'NONE', #1950, #613, #647 ) ;
#638 = AXIS2_PLACEMENT_3D ( 'NONE', #245, #3284, #273 ) ;
#639 = EDGE_CURVE ( 'NONE', #24, #2432, #2658, .T. ) ;
#640 = VERTEX_POINT ( 'NONE', #1387 ) ;
#641 = ORIENTED_EDGE ( 'NONE', *, *, #1259, .F. ) ;
#643 = CARTESIAN_POINT ( 'NONE',  ( -19.99999999999998934, 20.00000000000000355, 8.500000000000000000 ) ) ;
#642 = LINE ( 'NONE', #2277, #3036 ) ;
#644 = DIRECTION ( 'NONE',  ( -0.000000000000000000, -0.000000000000000000, 1.000000000000000000 ) ) ;
#645 = ADVANCED_FACE ( 'NONE', ( #5174 ), #4327, .F. ) ;
#646 = DIRECTION ( 'NONE',  ( -0.000000000000000000, 0.000000000000000000, 1.000000000000000000 ) ) ;
#647 = DIRECTION ( 'NONE',  ( 0.000000000000000000, 0.000000000000000000, -1.000000000000000000 ) ) ;
#648 = DIRECTION ( 'NONE',  ( 0.000000000000000000, 0.000000000000000000, 1.000000000000000000 ) ) ;
#649 = CARTESIAN_POINT ( 'NONE',  ( 21.58578643762690064, -6.757359312880712565, 5.278825128163232164E-16 ) ) ;
#650 = DIRECTION ( 'NONE',  ( 1.000000000000000000, 0.000000000000000000, 0.000000000000000000 ) ) ;
#651 = EDGE_LOOP ( 'NONE', ( #59, #5034, #1714, #2224 ) ) ;
#652 = CIRCLE ( 'NONE', #3460, 1.000000000000000888 ) ;
#653 = DIRECTION ( 'NONE',  ( 0.1955893037181222760, -0.9806858948058038150, 0.000000000000000000 ) ) ;
#654 = ORIENTED_EDGE ( 'NONE', *, *, #1546, .F. ) ;
#655 = FACE_OUTER_BOUND ( 'NONE', #2387, .T. ) ;
#656 = DIRECTION ( 'NONE',  ( 0.000000000000000000, -0.000000000000000000, -1.000000000000000000 ) ) ;
#657 = EDGE_LOOP ( 'NONE', ( #25, #440, #3581, #1183 ) ) ;
#658 = DIRECTION ( 'NONE',  ( 1.000000000000000000, 0.000000000000000000, 0.000000000000000000 ) ) ;
#659 = DIRECTION ( 'NONE',  ( -0.000000000000000000, 0.000000000000000000, 1.000000000000000000 ) ) ;
#660 = AXIS2_PLACEMENT_3D ( 'NONE', #4988, #3014, #890 ) ;
#661 = CARTESIAN_POINT ( 'NONE',  ( -16.93855220393495742, 17.01798743300968653, 2.500000000000000888 ) ) ;
#662 = CIRCLE ( 'NONE', #1801, 0.5000000000000004441 ) ;
#663 = VECTOR ( 'NONE', #3149, 1000.000000000000000 ) ;
#664 = DIRECTION ( 'NONE',  ( -0.000000000000000000, -0.000000000000000000, -1.000000000000000000 ) ) ;
#665 = CARTESIAN_POINT ( 'NONE',  ( -23.99999999999998934, 6.000000000000000000, 15.08578643762690596 ) ) ;
#666 = AXIS2_PLACEMENT_3D ( 'NONE', #2585, #82, #4250 ) ;
#667 = AXIS2_PLACEMENT_3D ( 'NONE', #3741, #1756, #1233 ) ;
#668 = EDGE_CURVE ( 'NONE', #2382, #789, #4490, .T. ) ;
#669 = CARTESIAN_POINT ( 'NONE',  ( -22.00000000005283596, 6.000000000053526072, 1.065929979383627879 ) ) ;
#670 = ORIENTED_EDGE ( 'NONE', *, *, #4296, .F. ) ;
#671 = ORIENTED_EDGE ( 'NONE', *, *, #1671, .F. ) ;
#673 = CARTESIAN_POINT ( 'NONE',  ( 21.60998979129245257, 6.829969373877114336, 0.2048923740203798527 ) ) ;
#672 = CARTESIAN_POINT ( 'NONE',  ( 33.00000000000000000, 0.000000000000000000, 15.50000000000000000 ) ) ;
#674 = LINE ( 'NONE', #611, #3082 ) ;
#675 = CIRCLE ( 'NONE', #5411, 2.000000000000001776 ) ;
#676 = ADVANCED_FACE ( 'NONE', ( #2306 ), #2821, .T. ) ;
#677 = DIRECTION ( 'NONE',  ( -1.000000000000000000, 0.000000000000000000, 0.000000000000000000 ) ) ;
#678 = CARTESIAN_POINT ( 'NONE',  ( -22.98248025345660750, 5.660826751152064240, 15.25338681122103068 ) ) ;
#679 = VERTEX_POINT ( 'NONE', #132 ) ;
#680 = EDGE_CURVE ( 'NONE', #4342, #4912, #2278, .T. ) ;
#681 = ORIENTED_EDGE ( 'NONE', *, *, #1343, .F. ) ;
#682 = CARTESIAN_POINT ( 'NONE',  ( 32.00000000000000000, -4.000000000000000000, 0.000000000000000000 ) ) ;
#683 = ORIENTED_EDGE ( 'NONE', *, *, #1281, .T. ) ;
#684 = CARTESIAN_POINT ( 'NONE',  ( -22.14328425823934765, 6.143284258239351203, 0.6686814844198100127 ) ) ;
#685 = CARTESIAN_POINT ( 'NONE',  ( 32.00000000000000000, 5.000000000000000000, 14.49999999999999822 ) ) ;
#686 = ORIENTED_EDGE ( 'NONE', *, *, #3330, .F. ) ;
#687 = FACE_BOUND ( 'NONE', #1428, .T. ) ;
#688 = ORIENTED_EDGE ( 'NONE', *, *, #2874, .T. ) ;
#689 = CYLINDRICAL_SURFACE ( 'NONE', #1398, 1.000000000000000888 ) ;
#690 = PLANE ( 'NONE',  #3884 ) ;
#691 = CARTESIAN_POINT ( 'NONE',  ( 28.08395306043829365, 0.000000000000000000, 1.000000000000000000 ) ) ;
#692 = CARTESIAN_POINT ( 'NONE',  ( 24.00000000000000000, -5.999999999999997335, 0.4142135623730954230 ) ) ;
#693 = FACE_OUTER_BOUND ( 'NONE', #4265, .T. ) ;
#694 = CARTESIAN_POINT ( 'NONE',  ( 21.89883296083734265, -7.696498882512092798, 14.94315120539127939 ) ) ;
#695 = EDGE_CURVE ( 'NONE', #2869, #1569, #1029, .T. ) ;
#696 = ORIENTED_EDGE ( 'NONE', *, *, #2535, .T. ) ;
#697 = ORIENTED_EDGE ( 'NONE', *, *, #4951, .F. ) ;
#699 = DIRECTION ( 'NONE',  ( 0.000000000000000000, -0.000000000000000000, -1.000000000000000000 ) ) ;
#698 = CARTESIAN_POINT ( 'NONE',  ( -20.99999999999999645, 22.00000000000000711, 8.500000000000000000 ) ) ;
#700 = CARTESIAN_POINT ( 'NONE',  ( -34.00000000000000000, -4.000000000000000000, 0.000000000000000000 ) ) ;
#701 = AXIS2_PLACEMENT_3D ( 'NONE', #1357, #197, #5233 ) ;
#702 = ADVANCED_FACE ( 'NONE', ( #4383 ), #3310, .F. ) ;
#703 = CARTESIAN_POINT ( 'NONE',  ( 33.00000000000000000, -4.000000000000000000, 14.49999999999999822 ) ) ;
#704 = FACE_OUTER_BOUND ( 'NONE', #1292, .T. ) ;
#705 = EDGE_LOOP ( 'NONE', ( #2014, #2718, #5331, #2995 ) ) ;
#706 = ORIENTED_EDGE ( 'NONE', *, *, #5101, .T. ) ;
#707 = EDGE_CURVE ( 'NONE', #1501, #3769, #4042, .T. ) ;
#708 = TOROIDAL_SURFACE ( 'NONE', #1318, 0.6500000000000034639, 0.5000000000000000000 ) ;
#709 = EDGE_CURVE ( 'NONE', #1090, #4625, #172, .T. ) ;
#710 = CARTESIAN_POINT ( 'NONE',  ( -16.93855220393531269, -16.98201256699031703, 2.000000000000000888 ) ) ;
#711 = ORIENTED_EDGE ( 'NONE', *, *, #4303, .T. ) ;
#712 = FACE_OUTER_BOUND ( 'NONE', #1943, .T. ) ;
#713 = AXIS2_PLACEMENT_3D ( 'NONE', #2113, #4048, #4840 ) ;
#714 = DIRECTION ( 'NONE',  ( 1.224646799147353207E-16, 1.000000000000000000, 0.000000000000000000 ) ) ;
#715 = DIRECTION ( 'NONE',  ( 1.000000000000000000, 0.000000000000000000, 0.000000000000000000 ) ) ;
#716 = VERTEX_POINT ( 'NONE', #2942 ) ;
#717 = EDGE_CURVE ( 'NONE', #1026, #3453, #4309, .T. ) ;
#718 = DIRECTION ( 'NONE',  ( -0.000000000000000000, -0.000000000000000000, 1.000000000000000000 ) ) ;
#719 = CARTESIAN_POINT ( 'NONE',  ( -15.78855220393531056, -16.98201256699031703, 2.000000000000000888 ) ) ;
#720 = AXIS2_PLACEMENT_3D ( 'NONE', #1499, #1924, #5263 ) ;
#721 = EDGE_CURVE ( 'NONE', #622, #4168, #3717, .T. ) ;
#722 = CARTESIAN_POINT ( 'NONE',  ( -32.00000000000000000, 6.000000000000000000, 1.000000000000000000 ) ) ;
#723 = VECTOR ( 'NONE', #5189, 1000.000000000000000 ) ;
#724 = CIRCLE ( 'NONE', #4673, 1.000000000000000000 ) ;
#725 = CARTESIAN_POINT ( 'NONE',  ( -20.99999999999998934, -21.99999999999999289, 1.000000000000000000 ) ) ;
#726 = CARTESIAN_POINT ( 'NONE',  ( -19.49999999999999289, 17.65813793187679082, 4.000000000000000888 ) ) ;
#727 = CARTESIAN_POINT ( 'NONE',  ( 21.26174788556772555, -5.785243656702554915, 15.47397267616775984 ) ) ;
#728 = AXIS2_PLACEMENT_3D ( 'NONE', #3754, #5426, #1665 ) ;
#729 = VECTOR ( 'NONE', #4955, 1000.000000000000000 ) ;
#730 = ORIENTED_EDGE ( 'NONE', *, *, #2336, .T. ) ;
#731 = ORIENTED_EDGE ( 'NONE', *, *, #3826, .F. ) ;
#732 = CIRCLE ( 'NONE', #5200, 1.650000000000003908 ) ;
#733 = VECTOR ( 'NONE', #3643, 1000.000000000000000 ) ;
#734 = PRODUCT ( 'Front Enclosure', 'Front Enclosure', '', ( #4939 ) ) ;
#735 = PLANE ( 'NONE',  #351 ) ;
#736 = DIRECTION ( 'NONE',  ( -1.000000000000000000, 0.000000000000000000, 0.000000000000000000 ) ) ;
#737 = CARTESIAN_POINT ( 'NONE',  ( 16.38444418469756769, 1.961350712664980955, 4.000000000000000888 ) ) ;
#738 = ORIENTED_EDGE ( 'NONE', *, *, #1215, .T. ) ;
#739 = ORIENTED_EDGE ( 'NONE', *, *, #1715, .F. ) ;
#740 = EDGE_CURVE ( 'NONE', #5033, #2429, #2303, .T. ) ;
#741 = DIRECTION ( 'NONE',  ( 0.000000000000000000, -0.000000000000000000, -1.000000000000000000 ) ) ;
#742 = EDGE_CURVE ( 'NONE', #1091, #2219, #2917, .T. ) ;
#743 = ORIENTED_EDGE ( 'NONE', *, *, #3063, .F. ) ;
#744 = DIRECTION ( 'NONE',  ( -0.000000000000000000, 0.000000000000000000, 1.000000000000000000 ) ) ;
#745 = CARTESIAN_POINT ( 'NONE',  ( 16.38257309546538210, -1.959793730387154875, 8.000000000000000000 ) ) ;
#746 = ORIENTED_EDGE ( 'NONE', *, *, #495, .F. ) ;
#747 = CYLINDRICAL_SURFACE ( 'NONE', #2546, 10.00000000000000178 ) ;
#748 = ADVANCED_FACE ( 'NONE', ( #1529 ), #3987, .F. ) ;
#749 = EDGE_CURVE ( 'NONE', #4905, #2145, #4677, .T. ) ;
#750 = CARTESIAN_POINT ( 'NONE',  ( 17.06144779606504258, 17.01798743300968653, 2.000000000000000888 ) ) ;
#751 = LINE ( 'NONE', #775, #368 ) ;
#752 = CARTESIAN_POINT ( 'NONE',  ( 22.02042741724565289, -6.020427417245829638, 14.37060832088875628 ) ) ;
#753 = ORIENTED_EDGE ( 'NONE', *, *, #4329, .F. ) ;
#754 = VECTOR ( 'NONE', #3187, 1000.000000000000000 ) ;
#755 = VERTEX_POINT ( 'NONE', #14 ) ;
#756 = DIRECTION ( 'NONE',  ( -0.000000000000000000, 0.000000000000000000, 1.000000000000000000 ) ) ;
#757 = AXIS2_PLACEMENT_3D ( 'NONE', #3488, #1073, #2760 ) ;
#758 = AXIS2_PLACEMENT_3D ( 'NONE', #2008, #2908, #1123 ) ;
#759 = DIRECTION ( 'NONE',  ( 1.000000000000000000, 0.000000000000000000, 0.000000000000000000 ) ) ;
#760 = LINE ( 'NONE', #4452, #1855 ) ;
#761 = CARTESIAN_POINT ( 'NONE',  ( -16.93855220393495742, 17.01798743300968653, 2.000000000000000888 ) ) ;
#762 = ORIENTED_EDGE ( 'NONE', *, *, #1079, .T. ) ;
#763 = APPLICATION_PROTOCOL_DEFINITION ( 'draft international standard', 'automotive_design', 1998, #2886 ) ;
#764 = ORIENTED_EDGE ( 'NONE', *, *, #486, .F. ) ;
#765 = DIRECTION ( 'NONE',  ( 1.000000000000000000, 0.000000000000000000, 0.000000000000000000 ) ) ;
#766 = CARTESIAN_POINT ( 'NONE',  ( -22.00000000000000000, 22.00000000000000711, 8.500000000000000000 ) ) ;
#767 = ORIENTED_EDGE ( 'NONE', *, *, #717, .T. ) ;
#768 = CARTESIAN_POINT ( 'NONE',  ( -15.26538440245398753, -13.96003667199245868, -4.500000000000000888 ) ) ;
#769 = EDGE_LOOP ( 'NONE', ( #2861, #1285 ) ) ;
#770 = EDGE_CURVE ( 'NONE', #2292, #4376, #1345, .T. ) ;
#771 = DIRECTION ( 'NONE',  ( 0.000000000000000000, 0.000000000000000000, -1.000000000000000000 ) ) ;
#772 = EDGE_CURVE ( 'NONE', #4905, #5033, #5085, .T. ) ;
#773 = DIRECTION ( 'NONE',  ( 1.000000000000000000, 0.000000000000000000, 0.000000000000000000 ) ) ;
#774 = ADVANCED_FACE ( 'NONE', ( #2127 ), #4844, .T. ) ;
#775 = CARTESIAN_POINT ( 'NONE',  ( -20.99999999999999289, -3.311744817773904704E-15, 0.000000000000000000 ) ) ;
#776 = CARTESIAN_POINT ( 'NONE',  ( 21.75338681122103424, -7.260160433663101820, 15.16082675115205980 ) ) ;
#777 = EDGE_CURVE ( 'NONE', #2219, #3590, #1238, .T. ) ;
#778 = ORIENTED_EDGE ( 'NONE', *, *, #4162, .T. ) ;
#779 = ORIENTED_EDGE ( 'NONE', *, *, #4196, .T. ) ;
#780 = CARTESIAN_POINT ( 'NONE',  ( 18.21144779606504471, 17.01798743300968653, 8.000000000000000000 ) ) ;
#781 = DIRECTION ( 'NONE',  ( -1.000000000000000000, 0.000000000000000000, -0.000000000000000000 ) ) ;
#782 = DIRECTION ( 'NONE',  ( -1.000000000000000000, 0.000000000000000000, 0.000000000000000000 ) ) ;
#783 = ORIENTED_EDGE ( 'NONE', *, *, #4097, .T. ) ;
#784 = CARTESIAN_POINT ( 'NONE',  ( -22.00000000000000000, 21.00000000000000355, 8.500000000000000000 ) ) ;
#785 = VERTEX_POINT ( 'NONE', #2180 ) ;
#786 = AXIS2_PLACEMENT_3D ( 'NONE', #2631, #5412, #3101 ) ;
#787 =( BOUNDED_CURVE ( )  B_SPLINE_CURVE ( 3, ( #4163, #1205, #2839, #2504 ),
 .UNSPECIFIED., .F., .F. ) 
 B_SPLINE_CURVE_WITH_KNOTS ( ( 4, 4 ),
 ( 1.570796326794896336, 3.141592653589793116 ),
 .UNSPECIFIED. ) 
 CURVE ( )  GEOMETRIC_REPRESENTATION_ITEM ( )  RATIONAL_B_SPLINE_CURVE ( ( 1.000000000000000000, 0.8047378541243649375, 0.8047378541243649375, 1.000000000000000000 ) ) 
 REPRESENTATION_ITEM ( '' )  );
#788 = FACE_OUTER_BOUND ( 'NONE', #2931, .T. ) ;
#789 = VERTEX_POINT ( 'NONE', #3372 ) ;
#790 = DIRECTION ( 'NONE',  ( 1.445602896647338917E-16, 1.000000000000000000, 0.000000000000000000 ) ) ;
#791 = EDGE_LOOP ( 'NONE', ( #3954, #3155 ) ) ;
#792 = CYLINDRICAL_SURFACE ( 'NONE', #3767, 1.400000000000000133 ) ;
#793 = CIRCLE ( 'NONE', #3772, 1.000000000000000888 ) ;
#794 = CARTESIAN_POINT ( 'NONE',  ( 23.60349479552682084, 5.867831598508994162, 0.4988493250789316491 ) ) ;
#795 = DIRECTION ( 'NONE',  ( 0.1965251405870916124, 0.9804987858825852109, -0.000000000000000000 ) ) ;
#796 = CARTESIAN_POINT ( 'NONE',  ( 22.19286351564860738, -6.192863515648959982, 14.33669886476914890 ) ) ;
#797 = EDGE_CURVE ( 'NONE', #1656, #1063, #1956, .T. ) ;
#798 = AXIS2_PLACEMENT_3D ( 'NONE', #2633, #4780, #4301 ) ;
#799 = EDGE_CURVE ( 'NONE', #4605, #5301, #2994, .T. ) ;
#800 = TOROIDAL_SURFACE ( 'NONE', #528, 0.6500000000000034639, 0.5000000000000000000 ) ;
#801 = VERTEX_POINT ( 'NONE', #1060 ) ;
#802 = DIRECTION ( 'NONE',  ( 1.000000000000000000, 0.000000000000000000, 0.000000000000000000 ) ) ;
#803 = CARTESIAN_POINT ( 'NONE',  ( -9.500000000000000000, 1.163414459189985485E-15, 9.000000000000001776 ) ) ;
#804 = EDGE_CURVE ( 'NONE', #3836, #518, #2738, .T. ) ;
#805 = LINE ( 'NONE', #2523, #3035 ) ;
#806 = DIRECTION ( 'NONE',  ( 0.000000000000000000, 0.000000000000000000, -1.000000000000000000 ) ) ;
#807 = VERTEX_POINT ( 'NONE', #4417 ) ;
#808 = DIRECTION ( 'NONE',  ( 1.000000000000000000, 0.000000000000000000, 0.000000000000000000 ) ) ;
#809 = ORIENTED_EDGE ( 'NONE', *, *, #3524, .T. ) ;
#810 = ADVANCED_FACE ( 'NONE', ( #1420 ), #136, .F. ) ;
#811 = TOROIDAL_SURFACE ( 'NONE', #3712, 1.000000000000000000, 1.000000000000000000 ) ;
#812 = DIRECTION ( 'NONE',  ( -1.000000000000000000, 0.000000000000000000, -0.000000000000000000 ) ) ;
#813 = CYLINDRICAL_SURFACE ( 'NONE', #713, 1.000000000000000000 ) ;
#814 = EDGE_LOOP ( 'NONE', ( #2204, #4499, #2316 ) ) ;
#815 = CYLINDRICAL_SURFACE ( 'NONE', #728, 0.4999999999999998335 ) ;
#816 = ORIENTED_EDGE ( 'NONE', *, *, #2999, .T. ) ;
#817 = CYLINDRICAL_SURFACE ( 'NONE', #114, 1.000000000000000000 ) ;
#818 = ORIENTED_EDGE ( 'NONE', *, *, #2397, .F. ) ;
#819 = CARTESIAN_POINT ( 'NONE',  ( -22.02042741724600816, -6.020427417246181356, 1.129391679111310998 ) ) ;
#820 = DIRECTION ( 'NONE',  ( -0.000000000000000000, -0.000000000000000000, -1.000000000000000000 ) ) ;
#821 = PLANE ( 'NONE',  #216 ) ;
#822 = DIRECTION ( 'NONE',  ( 1.000000000000000000, -1.445602896647338917E-16, 0.000000000000000000 ) ) ;
#823 = AXIS2_PLACEMENT_3D ( 'NONE', #3929, #5222, #542 ) ;
#824 = ORIENTED_EDGE ( 'NONE', *, *, #4256, .F. ) ;
#825 = CARTESIAN_POINT ( 'NONE',  ( -22.32945361729162315, -5.443151205763772538, 15.39883296068304652 ) ) ;
#826 = ADVANCED_FACE ( 'NONE', ( #1446 ), #2747, .T. ) ;
#827 = CARTESIAN_POINT ( 'NONE',  ( 21.75338681122102003, -7.260160433662990798, 0.3391732488479237695 ) ) ;
#828 = AXIS2_PLACEMENT_3D ( 'NONE', #3708, #1618, #2092 ) ;
#829 = AXIS2_PLACEMENT_3D ( 'NONE', #97, #70, #1795 ) ;
#830 = DIRECTION ( 'NONE',  ( -1.000000000000000000, 0.000000000000000000, 0.000000000000000000 ) ) ;
#831 = VERTEX_POINT ( 'NONE', #4805 ) ;
#832 = EDGE_LOOP ( 'NONE', ( #4491, #4243, #1693, #3936 ) ) ;
#833 = DIRECTION ( 'NONE',  ( -1.000000000000000000, 0.000000000000000000, 0.000000000000000000 ) ) ;
#834 = CIRCLE ( 'NONE', #2947, 2.000000000000001776 ) ;
#835 = CARTESIAN_POINT ( 'NONE',  ( 20.99999999999999645, 21.00000000000000355, 14.49999999999999822 ) ) ;
#836 = EDGE_CURVE ( 'NONE', #4848, #872, #4504, .T. ) ;
#837 = AXIS2_PLACEMENT_3D ( 'NONE', #5182, #3107, #616 ) ;
#838 = DIRECTION ( 'NONE',  ( -0.000000000000000000, -0.000000000000000000, -1.000000000000000000 ) ) ;
#839 = EDGE_CURVE ( 'NONE', #139, #328, #3948, .T. ) ;
#840 = AXIS2_PLACEMENT_3D ( 'NONE', #3201, #4899, #1192 ) ;
#841 = ORIENTED_EDGE ( 'NONE', *, *, #3202, .F. ) ;
#842 = DIRECTION ( 'NONE',  ( 0.000000000000000000, 0.000000000000000000, 1.000000000000000000 ) ) ;
#843 = DIRECTION ( 'NONE',  ( 0.000000000000000000, -0.000000000000000000, -1.000000000000000000 ) ) ;
#844 = ORIENTED_EDGE ( 'NONE', *, *, #4908, .T. ) ;
#845 = AXIS2_PLACEMENT_3D ( 'NONE', #4187, #1771, #3776 ) ;
#846 = AXIS2_PLACEMENT_3D ( 'NONE', #1935, #4095, #1069 ) ;
#847 = FACE_OUTER_BOUND ( 'NONE', #2724, .T. ) ;
#848 = LINE ( 'NONE', #5024, #4889 ) ;
#849 = CARTESIAN_POINT ( 'NONE',  ( 21.86783159850894620, 7.603494795526919425, 0.4988493250788588740 ) ) ;
#850 = CARTESIAN_POINT ( 'NONE',  ( 9.000000000000000000, 1.102182119232617714E-15, 9.000000000000001776 ) ) ;
#851 = FACE_BOUND ( 'NONE', #3245, .T. ) ;
#852 = DIRECTION ( 'NONE',  ( 1.000000000000000000, 0.000000000000000000, 0.000000000000000000 ) ) ;
#853 = VERTEX_POINT ( 'NONE', #1777 ) ;
#854 = CYLINDRICAL_SURFACE ( 'NONE', #896, 1.000000000000000888 ) ;
#855 = AXIS2_PLACEMENT_3D ( 'NONE', #512, #3432, #4648 ) ;
#856 = CARTESIAN_POINT ( 'NONE',  ( 23.90404994674113581, -5.968016648913677002, 0.7407174326360425054 ) ) ;
#857 = FACE_BOUND ( 'NONE', #1124, .T. ) ;
#858 = ORIENTED_EDGE ( 'NONE', *, *, #5348, .T. ) ;
#859 = ORIENTED_EDGE ( 'NONE', *, *, #5397, .T. ) ;
#860 = DIRECTION ( 'NONE',  ( -1.000000000000000000, 0.000000000000000000, 0.000000000000000000 ) ) ;
#861 = DIRECTION ( 'NONE',  ( 1.000000000000000000, 0.000000000000000000, 0.000000000000000000 ) ) ;
#862 = EDGE_CURVE ( 'NONE', #3360, #4799, #1494, .T. ) ;
#863 = EDGE_CURVE ( 'NONE', #801, #3543, #76, .T. ) ;
#864 = DIRECTION ( 'NONE',  ( -0.000000000000000000, -0.000000000000000000, 1.000000000000000000 ) ) ;
#865 = EDGE_LOOP ( 'NONE', ( #2414, #2815, #5276, #1493 ) ) ;
#866 = DIRECTION ( 'NONE',  ( -1.577021341797097807E-16, 1.000000000000000000, -0.000000000000000000 ) ) ;
#867 = ORIENTED_EDGE ( 'NONE', *, *, #2897, .T. ) ;
#868 = VECTOR ( 'NONE', #4246, 1000.000000000000000 ) ;
#869 = ADVANCED_FACE ( 'NONE', ( #951 ), #5185, .T. ) ;
#870 = CARTESIAN_POINT ( 'NONE',  ( -14.59276522994685976, 3.082366557924544725, 8.500000000000000000 ) ) ;
#871 = EDGE_CURVE ( 'NONE', #4809, #3968, #4830, .T. ) ;
#872 = VERTEX_POINT ( 'NONE', #2223 ) ;
#873 = CARTESIAN_POINT ( 'NONE',  ( -22.21836484238034259, -6.218364842380754709, 1.108594736582213747 ) ) ;
#874 = DIRECTION ( 'NONE',  ( 1.000000000000000000, 0.000000000000000000, 0.000000000000000000 ) ) ;
#875 = ADVANCED_FACE ( 'NONE', ( #2282 ), #3919, .T. ) ;
#876 = CARTESIAN_POINT ( 'NONE',  ( -16.93855220393495742, 17.01798743300968653, 2.000000000000000888 ) ) ;
#877 = CARTESIAN_POINT ( 'NONE',  ( -2.092064366011267218, -15.78979341432083494, 8.500000000000000000 ) ) ;
#878 = TOROIDAL_SURFACE ( 'NONE', #5438, 1.900000000000001021, 0.5000000000000000000 ) ;
#879 = CARTESIAN_POINT ( 'NONE',  ( 22.00000000000000000, 8.000000000000000000, 14.49999999999999822 ) ) ;
#880 = CIRCLE ( 'NONE', #2990, 1.000000000000000888 ) ;
#881 = ORIENTED_EDGE ( 'NONE', *, *, #2392, .T. ) ;
#882 = CARTESIAN_POINT ( 'NONE',  ( -21.78524365670255136, -5.261747885567721994, 15.47397267616775984 ) ) ;
#883 = VECTOR ( 'NONE', #2905, 1000.000000000000000 ) ;
#884 = VECTOR ( 'NONE', #1310, 999.9999999999998863 ) ;
#885 = DIRECTION ( 'NONE',  ( -1.000000000000000000, 0.000000000000000000, 0.000000000000000000 ) ) ;
#886 = CARTESIAN_POINT ( 'NONE',  ( -20.99999999999999289, 5.000000000000000000, 0.000000000000000000 ) ) ;
#887 = ORIENTED_EDGE ( 'NONE', *, *, #3021, .T. ) ;
#888 = CIRCLE ( 'NONE', #1327, 1.000000000000000888 ) ;
#889 = ORIENTED_EDGE ( 'NONE', *, *, #4709, .T. ) ;
#890 = DIRECTION ( 'NONE',  ( 0.000000000000000000, 0.000000000000000000, -1.000000000000000000 ) ) ;
#891 = CYLINDRICAL_SURFACE ( 'NONE', #5178, 1.000000000000000888 ) ;
#892 = DIRECTION ( 'NONE',  ( 0.000000000000000000, 0.000000000000000000, -1.000000000000000000 ) ) ;
#893 = DIRECTION ( 'NONE',  ( -0.000000000000000000, 0.000000000000000000, 1.000000000000000000 ) ) ;
#894 = AXIS2_PLACEMENT_3D ( 'NONE', #3812, #5116, #499 ) ;
#895 = ORIENTED_EDGE ( 'NONE', *, *, #1120, .F. ) ;
#896 = AXIS2_PLACEMENT_3D ( 'NONE', #2103, #4238, #1265 ) ;
#897 = EDGE_LOOP ( 'NONE', ( #2304, #2550, #2610, #1179 ) ) ;
#898 = CIRCLE ( 'NONE', #4681, 10.00000000000000533 ) ;
#899 = AXIS2_PLACEMENT_3D ( 'NONE', #2438, #1106, #3203 ) ;
#900 = DIRECTION ( 'NONE',  ( 1.000000000000000000, 0.000000000000000000, 0.000000000000000000 ) ) ;
#901 = DIRECTION ( 'NONE',  ( 7.885106708985489034E-17, -1.000000000000000000, 0.000000000000000000 ) ) ;
#902 = VERTEX_POINT ( 'NONE', #3479 ) ;
#903 = CARTESIAN_POINT ( 'NONE',  ( -22.00000000000000000, 21.00000000000000355, 1.000000000000000000 ) ) ;
#904 = CARTESIAN_POINT ( 'NONE',  ( 19.50000000000000000, -20.09759305442772259, 4.000000000000000888 ) ) ;
#905 = CYLINDRICAL_SURFACE ( 'NONE', #2168, 2.000000000000001776 ) ;
#906 = DIRECTION ( 'NONE',  ( -0.000000000000000000, -0.000000000000000000, -1.000000000000000000 ) ) ;
#907 = EDGE_CURVE ( 'NONE', #5204, #2737, #1895, .T. ) ;
#908 = EDGE_CURVE ( 'NONE', #518, #3836, #434, .T. ) ;
#909 = ORIENTED_EDGE ( 'NONE', *, *, #3721, .T. ) ;
#910 = CARTESIAN_POINT ( 'NONE',  ( -22.08421465096713376, -6.084214650967053828, 14.29731873484337079 ) ) ;
#911 = VECTOR ( 'NONE', #962, 1000.000000000000114 ) ;
#912 = CARTESIAN_POINT ( 'NONE',  ( 23.84677831255543268, -5.948926104185219721, 0.6777843406610756238 ) ) ;
#913 = CARTESIAN_POINT ( 'NONE',  ( 19.99999999999999289, -20.09759305442770128, 3.792893218813452982 ) ) ;
#914 = EDGE_LOOP ( 'NONE', ( #3286, #1162, #945, #4716 ) ) ;
#915 = ORIENTED_EDGE ( 'NONE', *, *, #5167, .F. ) ;
#916 = CYLINDRICAL_SURFACE ( 'NONE', #2071, 1.999999999999998224 ) ;
#917 = SURFACE_STYLE_FILL_AREA ( #3839 ) ;
#918 = CIRCLE ( 'NONE', #3997, 1.000000000000000888 ) ;
#919 = CARTESIAN_POINT ( 'NONE',  ( 24.88395306043829436, 3.918869757271532432E-16, 14.49999999999999822 ) ) ;
#920 = CARTESIAN_POINT ( 'NONE',  ( 24.00000000000000355, -5.999999999999998224, 0.000000000000000000 ) ) ;
#921 = ORIENTED_EDGE ( 'NONE', *, *, #2489, .T. ) ;
#922 = CARTESIAN_POINT ( 'NONE',  ( 25.88395306043829436, 2.694222958124179472E-16, 0.000000000000000000 ) ) ;
#923 = CIRCLE ( 'NONE', #119, 1.000000000000000888 ) ;
#924 = EDGE_LOOP ( 'NONE', ( #2978, #743, #2808, #4878 ) ) ;
#925 = AXIS2_PLACEMENT_3D ( 'NONE', #2841, #2868, #5428 ) ;
#926 = TOROIDAL_SURFACE ( 'NONE', #2078, 0.6500000000000034639, 0.5000000000000000000 ) ;
#927 = EDGE_CURVE ( 'NONE', #1438, #1091, #1008, .T. ) ;
#928 = CARTESIAN_POINT ( 'NONE',  ( 20.99999999999999645, -4.999999999999996447, 4.336808689942017736E-16 ) ) ;
#929 = CARTESIAN_POINT ( 'NONE',  ( -16.93855220393495742, 17.01798743300968653, 8.000000000000000000 ) ) ;
#930 = ORIENTED_EDGE ( 'NONE', *, *, #1143, .F. ) ;
#931 = EDGE_CURVE ( 'NONE', #5183, #3823, #3175, .T. ) ;
#932 = FACE_OUTER_BOUND ( 'NONE', #5289, .T. ) ;
#933 = DIRECTION ( 'NONE',  ( -1.000000000000000000, 0.000000000000000000, 0.000000000000000000 ) ) ;
#934 = AXIS2_PLACEMENT_3D ( 'NONE', #4993, #843, #2532 ) ;
#935 = CARTESIAN_POINT ( 'NONE',  ( -22.00000000000000000, 21.00000000000000355, 15.50000000000000000 ) ) ;
#936 = EDGE_CURVE ( 'NONE', #327, #2909, #1505, .T. ) ;
#937 = EDGE_CURVE ( 'NONE', #2084, #1084, #760, .T. ) ;
#938 = DIRECTION ( 'NONE',  ( -0.000000000000000000, -0.000000000000000000, 1.000000000000000000 ) ) ;
#939 = ORIENTED_EDGE ( 'NONE', *, *, #5335, .T. ) ;
#940 = CARTESIAN_POINT ( 'NONE',  ( -21.44315120576416334, -6.329453617291628476, 15.39883296068288487 ) ) ;
#941 = DIRECTION ( 'NONE',  ( 0.000000000000000000, 1.000000000000000000, 0.000000000000000000 ) ) ;
#942 = ADVANCED_FACE ( 'NONE', ( #2859 ), #3267, .T. ) ;
#943 = DIRECTION ( 'NONE',  ( -1.000000000000000000, 0.000000000000000000, 0.000000000000000000 ) ) ;
#944 = CARTESIAN_POINT ( 'NONE',  ( 24.00000000000000355, -5.999999999999998224, 1.000000000000000000 ) ) ;
#945 = ORIENTED_EDGE ( 'NONE', *, *, #2296, .F. ) ;
#946 = ORIENTED_EDGE ( 'NONE', *, *, #4573, .T. ) ;
#947 = CYLINDRICAL_SURFACE ( 'NONE', #2636, 1.000000000000000888 ) ;
#948 = CARTESIAN_POINT ( 'NONE',  ( 34.00000000000000000, 6.000000000000000000, 1.000000000000000000 ) ) ;
#949 = CARTESIAN_POINT ( 'NONE',  ( -15.96545236919032185, 0.04766134921489825760, 8.000000000000000000 ) ) ;
#950 = DIRECTION ( 'NONE',  ( 1.000000000000000000, 0.000000000000000000, 0.000000000000000000 ) ) ;
#951 = FACE_OUTER_BOUND ( 'NONE', #5151, .T. ) ;
#952 = ORIENTED_EDGE ( 'NONE', *, *, #2431, .F. ) ;
#953 = FACE_OUTER_BOUND ( 'NONE', #4473, .T. ) ;
#954 = ORIENTED_EDGE ( 'NONE', *, *, #631, .F. ) ;
#955 = CARTESIAN_POINT ( 'NONE',  ( -16.93855220393531269, -16.98201256699031703, 8.000000000000000000 ) ) ;
#956 = FACE_OUTER_BOUND ( 'NONE', #3132, .T. ) ;
#957 = ORIENTED_EDGE ( 'NONE', *, *, #4199, .T. ) ;
#958 = DIRECTION ( 'NONE',  ( -0.000000000000000000, 0.000000000000000000, 1.000000000000000000 ) ) ;
#959 = CARTESIAN_POINT ( 'NONE',  ( 22.21530969695865565, 6.215309696958011720, 14.63582090926657742 ) ) ;
#960 = VECTOR ( 'NONE', #1798, 1000.000000000000000 ) ;
#961 = CARTESIAN_POINT ( 'NONE',  ( -3.044323699954368578, 14.72518016131594010, 8.000000000000000000 ) ) ;
#962 = DIRECTION ( 'NONE',  ( 0.9792902988571843270, 0.2024611334656767903, 0.000000000000000000 ) ) ;
#963 = LINE ( 'NONE', #1732, #1388 ) ;
#964 = CARTESIAN_POINT ( 'NONE',  ( 16.38444418469756769, 1.961350712664980955, 4.000000000000000888 ) ) ;
#965 = DIRECTION ( 'NONE',  ( -1.000000000000000000, -1.445602896647338917E-16, -0.000000000000000000 ) ) ;
#966 = CARTESIAN_POINT ( 'NONE',  ( 21.50115067474675001, -6.503452024240612417, 0.1321684013745305919 ) ) ;
#967 = MECHANICAL_DESIGN_GEOMETRIC_PRESENTATION_REPRESENTATION (  '', ( #2118 ), #164 ) ;
#968 = FACE_OUTER_BOUND ( 'NONE', #5019, .T. ) ;
#969 = EDGE_LOOP ( 'NONE', ( #4099, #3996, #1206, #2400 ) ) ;
#970 = ORIENTED_EDGE ( 'NONE', *, *, #2802, .T. ) ;
#972 = PLANE ( 'NONE',  #701 ) ;
#971 = DIRECTION ( 'NONE',  ( -0.000000000000000000, -0.000000000000000000, 1.000000000000000000 ) ) ;
#973 = DIRECTION ( 'NONE',  ( 0.000000000000000000, -0.000000000000000000, 1.000000000000000000 ) ) ;
#974 = EDGE_CURVE ( 'NONE', #1063, #853, #1201, .T. ) ;
#975 = CARTESIAN_POINT ( 'NONE',  ( -20.99999999999998934, -21.99999999999999289, 15.50000000000000000 ) ) ;
#976 = CARTESIAN_POINT ( 'NONE',  ( 22.00000000000000000, 6.000000000000000000, 1.000000000000000000 ) ) ;
#977 = CIRCLE ( 'NONE', #3520, 3.200000000000001510 ) ;
#978 = CARTESIAN_POINT ( 'NONE',  ( -20.95120347278612272, -21.04879652721385597, 0.001191260084361378535 ) ) ;
#979 = ORIENTED_EDGE ( 'NONE', *, *, #5160, .T. ) ;
#980 = ADVANCED_FACE ( 'NONE', ( #704 ), #358, .F. ) ;
#981 = FACE_OUTER_BOUND ( 'NONE', #657, .T. ) ;
#982 = ORIENTED_EDGE ( 'NONE', *, *, #5243, .T. ) ;
#983 = AXIS2_PLACEMENT_3D ( 'NONE', #766, #3780, #741 ) ;
#984 = DIRECTION ( 'NONE',  ( 0.9779585042254610450, 0.2087993391107810792, 0.000000000000000000 ) ) ;
#985 = ORIENTED_EDGE ( 'NONE', *, *, #740, .T. ) ;
#986 = DIRECTION ( 'NONE',  ( 1.000000000000000000, 0.000000000000000000, 0.000000000000000000 ) ) ;
#987 = ORIENTED_EDGE ( 'NONE', *, *, #1453, .F. ) ;
#988 = AXIS2_PLACEMENT_3D ( 'NONE', #761, #806, #3625 ) ;
#990 = CARTESIAN_POINT ( 'NONE',  ( 33.00000000000000000, -6.000000000000000000, 0.000000000000000000 ) ) ;
#989 = CIRCLE ( 'NONE', #5293, 0.5000000000000004441 ) ;
#991 = CARTESIAN_POINT ( 'NONE',  ( 21.89883296083736752, 7.696498882512019080, 14.94315120539122077 ) ) ;
#992 = AXIS2_PLACEMENT_3D ( 'NONE', #3312, #1578, #3259 ) ;
#993 = DIRECTION ( 'NONE',  ( -0.000000000000000000, 0.000000000000000000, 1.000000000000000000 ) ) ;
#994 = CARTESIAN_POINT ( 'NONE',  ( 22.00000000000000000, 8.000000000000000000, 1.000000000000000000 ) ) ;
#995 = ORIENTED_EDGE ( 'NONE', *, *, #54, .T. ) ;
#996 = DIRECTION ( 'NONE',  ( 0.000000000000000000, 0.000000000000000000, 1.000000000000000000 ) ) ;
#997 = CARTESIAN_POINT ( 'NONE',  ( -23.99999999999998934, 6.000000000000001776, 0.4142135623730951455 ) ) ;
#998 = DIRECTION ( 'NONE',  ( 0.000000000000000000, 0.000000000000000000, -1.000000000000000000 ) ) ;
#999 = ORIENTED_EDGE ( 'NONE', *, *, #18, .T. ) ;
#1000 = ORIENTED_EDGE ( 'NONE', *, *, #4943, .T. ) ;
#1002 = FACE_OUTER_BOUND ( 'NONE', #3160, .T. ) ;
#1001 = CARTESIAN_POINT ( 'NONE',  ( 18.71144779606504471, 17.01798743300968653, 8.500000000000000000 ) ) ;
#1003 = CARTESIAN_POINT ( 'NONE',  ( 15.91144779606504223, 17.01798743300968653, 8.000000000000000000 ) ) ;
#1004 = EDGE_CURVE ( 'NONE', #4106, #4278, #524, .T. ) ;
#1005 = CARTESIAN_POINT ( 'NONE',  ( -13.86538440245398718, -13.96003667199245868, 8.500000000000000000 ) ) ;
#1006 = DIRECTION ( 'NONE',  ( 1.224646799147353207E-16, 1.000000000000000000, 0.000000000000000000 ) ) ;
#1007 = AXIS2_PLACEMENT_3D ( 'NONE', #1462, #4374, #4346 ) ;
#1008 = LINE ( 'NONE', #614, #1064 ) ;
#1009 = VERTEX_POINT ( 'NONE', #2471 ) ;
#1010 = DIRECTION ( 'NONE',  ( 0.000000000000000000, 0.000000000000000000, 1.000000000000000000 ) ) ;
#1011 = ORIENTED_EDGE ( 'NONE', *, *, #3519, .T. ) ;
#1012 = EDGE_CURVE ( 'NONE', #831, #24, #1348, .T. ) ;
#1013 = EDGE_CURVE ( 'NONE', #137, #4365, #4653, .T. ) ;
#1014 = DIRECTION ( 'NONE',  ( 0.000000000000000000, 0.000000000000000000, 1.000000000000000000 ) ) ;
#1015 = ORIENTED_EDGE ( 'NONE', *, *, #2095, .F. ) ;
#1016 = AXIS2_PLACEMENT_3D ( 'NONE', #370, #1647, #2914 ) ;
#1017 = CARTESIAN_POINT ( 'NONE',  ( -20.99999999999998934, -20.09759305442772259, 0.000000000000000000 ) ) ;
#1018 = EDGE_LOOP ( 'NONE', ( #5092, #3404, #3998, #4013 ) ) ;
#1019 = DIRECTION ( 'NONE',  ( -0.9806858948058038150, -0.1955893037181222760, 0.000000000000000000 ) ) ;
#1020 = CARTESIAN_POINT ( 'NONE',  ( 21.94892610418520817, 7.846778312555705348, 14.82221565933895668 ) ) ;
#1021 = DIRECTION ( 'NONE',  ( -1.224646799147353207E-16, 1.000000000000000000, 0.000000000000000000 ) ) ;
#1022 = VECTOR ( 'NONE', #1474, 1000.000000000000000 ) ;
#1023 = CARTESIAN_POINT ( 'NONE',  ( -33.00000000000000000, 6.000000000000000000, 0.000000000000000000 ) ) ;
#1024 = CARTESIAN_POINT ( 'NONE',  ( 21.58578643762690064, 6.757359312880714342, 1.226387906749792961E-16 ) ) ;
#1025 = FACE_OUTER_BOUND ( 'NONE', #924, .T. ) ;
#1026 = VERTEX_POINT ( 'NONE', #4130 ) ;
#1027 = ORIENTED_EDGE ( 'NONE', *, *, #5280, .F. ) ;
#1029 = LINE ( 'NONE', #1858, #1224 ) ;
#1028 = DIRECTION ( 'NONE',  ( 1.000000000000000000, 0.000000000000000000, 0.000000000000000000 ) ) ;
#1030 = CARTESIAN_POINT ( 'NONE',  ( 28.08395306043829365, 0.000000000000000000, 0.000000000000000000 ) ) ;
#1031 = CARTESIAN_POINT ( 'NONE',  ( -24.88395306043829436, 0.000000000000000000, 1.000000000000000000 ) ) ;
#1032 = DIRECTION ( 'NONE',  ( -1.000000000000000000, 0.000000000000000000, 0.000000000000000000 ) ) ;
#1033 = CARTESIAN_POINT ( 'NONE',  ( -17.54413533195605268, 19.50000000000000355, 4.000000000000000888 ) ) ;
#1034 = EDGE_LOOP ( 'NONE', ( #473, #4798, #3483, #5107 ) ) ;
#1035 = CARTESIAN_POINT ( 'NONE',  ( -12.46538440245427815, 14.03996332800754132, -4.500000000000000888 ) ) ;
#1036 = ORIENTED_EDGE ( 'NONE', *, *, #3354, .F. ) ;
#1037 = EDGE_CURVE ( 'NONE', #5231, #2150, #2073, .T. ) ;
#1038 = VECTOR ( 'NONE', #395, 1000.000000000000000 ) ;
#1039 = CARTESIAN_POINT ( 'NONE',  ( -15.78855220393531056, -16.98201256699031703, 8.000000000000000000 ) ) ;
#1040 = ORIENTED_EDGE ( 'NONE', *, *, #1622, .F. ) ;
#1041 = FACE_BOUND ( 'NONE', #159, .T. ) ;
#1042 = ORIENTED_EDGE ( 'NONE', *, *, #1773, .F. ) ;
#1043 = CARTESIAN_POINT ( 'NONE',  ( -21.75338681122098805, -7.260160433663100932, 0.3391732488479000662 ) ) ;
#1044 = CARTESIAN_POINT ( 'NONE',  ( 20.99999999999999645, 4.999999999999998224, 15.49999999999999822 ) ) ;
#1045 = FACE_OUTER_BOUND ( 'NONE', #4741, .T. ) ;
#1046 = DIRECTION ( 'NONE',  ( -0.000000000000000000, 1.000000000000000000, -0.000000000000000000 ) ) ;
#1047 = ADVANCED_FACE ( 'NONE', ( #1686 ), #4209, .T. ) ;
#1048 = EDGE_CURVE ( 'NONE', #3913, #2679, #2160, .T. ) ;
#1049 = EDGE_CURVE ( 'NONE', #207, #1337, #805, .T. ) ;
#1050 = CARTESIAN_POINT ( 'NONE',  ( 16.03461559754601495, -13.96003667199245868, 8.500000000000000000 ) ) ;
#1051 = DIRECTION ( 'NONE',  ( 1.000000000000000000, 0.000000000000000000, 0.000000000000000000 ) ) ;
#1052 = AXIS2_PLACEMENT_3D ( 'NONE', #4855, #1894, #3152 ) ;
#1053 = ORIENTED_EDGE ( 'NONE', *, *, #3060, .T. ) ;
#1054 = ORIENTED_EDGE ( 'NONE', *, *, #5095, .T. ) ;
#1056 = FACE_OUTER_BOUND ( 'NONE', #2548, .T. ) ;
#1055 = FACE_OUTER_BOUND ( 'NONE', #2710, .T. ) ;
#1057 = CARTESIAN_POINT ( 'NONE',  ( 21.00000000000000000, 1.655872408886952944E-15, 14.49999999999999822 ) ) ;
#1058 = AXIS2_PLACEMENT_3D ( 'NONE', #5198, #3064, #2273 ) ;
#1059 = CARTESIAN_POINT ( 'NONE',  ( 31.28395306043829649, 0.000000000000000000, 1.000000000000000000 ) ) ;
#1060 = CARTESIAN_POINT ( 'NONE',  ( 17.71144779606504827, 17.01798743300968653, 2.000000000000000888 ) ) ;
#1061 = ORIENTED_EDGE ( 'NONE', *, *, #302, .T. ) ;
#1062 = CARTESIAN_POINT ( 'NONE',  ( -15.28855220393495351, 17.01798743300968653, 8.500000000000000000 ) ) ;
#1063 = VERTEX_POINT ( 'NONE', #2929 ) ;
#1064 = VECTOR ( 'NONE', #2692, 1000.000000000000000 ) ;
#1065 = DIRECTION ( 'NONE',  ( -1.000000000000000000, 0.000000000000000000, -0.000000000000000000 ) ) ;
#1066 = ORIENTED_EDGE ( 'NONE', *, *, #1013, .T. ) ;
#1067 = EDGE_CURVE ( 'NONE', #3920, #4809, #2870, .T. ) ;
#1068 = CARTESIAN_POINT ( 'NONE',  ( 20.00000000000000000, -20.09759305442772259, 3.500000000000001332 ) ) ;
#1069 = DIRECTION ( 'NONE',  ( -1.000000000000000000, 0.000000000000000000, 0.000000000000000000 ) ) ;
#1070 = EDGE_LOOP ( 'NONE', ( #1687, #1053, #1204, #5418 ) ) ;
#1071 = DIRECTION ( 'NONE',  ( 0.9798975149153361652, -0.1995015294747100598, 0.000000000000000000 ) ) ;
#1072 = AXIS2_PLACEMENT_3D ( 'NONE', #3925, #145, #2673 ) ;
#1073 = DIRECTION ( 'NONE',  ( -0.000000000000000000, 0.000000000000000000, 1.000000000000000000 ) ) ;
#1074 = FACE_OUTER_BOUND ( 'NONE', #1018, .T. ) ;
#1075 = EDGE_CURVE ( 'NONE', #1770, #1026, #5313, .T. ) ;
#1076 = CARTESIAN_POINT ( 'NONE',  ( 32.00000000000000000, 6.000000000000000000, 0.000000000000000000 ) ) ;
#1077 = AXIS2_PLACEMENT_3D ( 'NONE', #1558, #353, #2494 ) ;
#1078 = CARTESIAN_POINT ( 'NONE',  ( 0.1380350308230020306, 26.10516010059727066, 8.500000000000000000 ) ) ;
#1079 = EDGE_CURVE ( 'NONE', #4811, #1501, #2251, .T. ) ;
#1080 = CARTESIAN_POINT ( 'NONE',  ( -19.99999999999998934, 20.00000000000000355, 3.500002996009259792 ) ) ;
#1081 = EDGE_CURVE ( 'NONE', #2679, #3913, #5224, .T. ) ;
#1082 = AXIS2_PLACEMENT_3D ( 'NONE', #4795, #2299, #1792 ) ;
#1083 = VERTEX_POINT ( 'NONE', #408 ) ;
#1084 = VERTEX_POINT ( 'NONE', #384 ) ;
#1086 = DIRECTION ( 'NONE',  ( 1.224646799147353207E-16, 1.000000000000000000, 0.000000000000000000 ) ) ;
#1085 = DIRECTION ( 'NONE',  ( -0.000000000000000000, -0.000000000000000000, 1.000000000000000000 ) ) ;
#1087 = FACE_OUTER_BOUND ( 'NONE', #2672, .T. ) ;
#1088 = CARTESIAN_POINT ( 'NONE',  ( -19.99999999999998934, -20.09759305442772259, 1.000000000000000000 ) ) ;
#1089 = CARTESIAN_POINT ( 'NONE',  ( -21.86783159850889291, 7.603494795526918537, 15.00115067492121135 ) ) ;
#1090 = VERTEX_POINT ( 'NONE', #5421 ) ;
#1091 = VERTEX_POINT ( 'NONE', #3749 ) ;
#1092 = ORIENTED_EDGE ( 'NONE', *, *, #1188, .T. ) ;
#1093 = CARTESIAN_POINT ( 'NONE',  ( -21.50115067474652975, 6.503452024240505835, 0.1321684013743862629 ) ) ;
#1094 = AXIS2_PLACEMENT_3D ( 'NONE', #3766, #4596, #822 ) ;
#1095 = DIRECTION ( 'NONE',  ( 0.000000000000000000, 0.000000000000000000, -1.000000000000000000 ) ) ;
#1096 = ORIENTED_EDGE ( 'NONE', *, *, #1645, .F. ) ;
#1097 = CARTESIAN_POINT ( 'NONE',  ( 19.99999999999999645, -20.09759305442772259, 3.792893218813453426 ) ) ;
#1098 = ORIENTED_EDGE ( 'NONE', *, *, #4812, .F. ) ;
#1099 = DIRECTION ( 'NONE',  ( -0.000000000000000000, -0.000000000000000000, 1.000000000000000000 ) ) ;
#1100 = DIRECTION ( 'NONE',  ( 1.000000000000000000, 0.000000000000000000, 0.000000000000000000 ) ) ;
#1101 = VECTOR ( 'NONE', #496, 1000.000000000000000 ) ;
#1102 = CARTESIAN_POINT ( 'NONE',  ( 19.36125053522835415, 19.35736937109183486, 8.500000000000000000 ) ) ;
#1103 = AXIS2_PLACEMENT_3D ( 'NONE', #5032, #1712, #4240 ) ;
#1104 = EDGE_CURVE ( 'NONE', #3656, #785, #2081, .T. ) ;
#1105 = AXIS2_PLACEMENT_3D ( 'NONE', #15, #1757, #5435 ) ;
#1106 = DIRECTION ( 'NONE',  ( 0.000000000000000000, 1.000000000000000000, 0.000000000000000000 ) ) ;
#1107 = CIRCLE ( 'NONE', #1809, 10.49999999999999467 ) ;
#1108 = CARTESIAN_POINT ( 'NONE',  ( 22.00000000005421441, -6.000000000051812776, 14.43407002061633371 ) ) ;
#1109 = EDGE_CURVE ( 'NONE', #1707, #2453, #1195, .T. ) ;
#1110 = AXIS2_PLACEMENT_3D ( 'NONE', #2793, #4052, #4173 ) ;
#1111 = EDGE_CURVE ( 'NONE', #1502, #4342, #2107, .T. ) ;
#1112 = ORIENTED_EDGE ( 'NONE', *, *, #4935, .F. ) ;
#1113 = ORIENTED_EDGE ( 'NONE', *, *, #2079, .F. ) ;
#1114 = EDGE_CURVE ( 'NONE', #169, #3294, #4441, .T. ) ;
#1116 = CARTESIAN_POINT ( 'NONE',  ( 21.84231792614574985, 5.842317926144578344, 0.2938744280094600092 ) ) ;
#1115 = CARTESIAN_POINT ( 'NONE',  ( -15.26538440245398753, -13.96003667199245868, 9.000000000000001776 ) ) ;
#1117 = DIRECTION ( 'NONE',  ( -0.000000000000000000, 0.000000000000000000, 1.000000000000000000 ) ) ;
#1118 = CIRCLE ( 'NONE', #4712, 0.5000000000000004441 ) ;
#1119 = CYLINDRICAL_SURFACE ( 'NONE', #3798, 1.400000000000000133 ) ;
#1120 = EDGE_CURVE ( 'NONE', #4890, #3872, #3735, .T. ) ;
#1121 = CARTESIAN_POINT ( 'NONE',  ( -23.98066173567859138, 5.993553911892789188, 14.63089807666826658 ) ) ;
#1122 = ORIENTED_EDGE ( 'NONE', *, *, #3762, .F. ) ;
#1123 = DIRECTION ( 'NONE',  ( 0.000000000000000000, 0.000000000000000000, -1.000000000000000000 ) ) ;
#1124 = EDGE_LOOP ( 'NONE', ( #3010, #2612 ) ) ;
#1125 = DIRECTION ( 'NONE',  ( -1.000000000000000000, 0.000000000000000000, 0.000000000000000000 ) ) ;
#1126 = EDGE_LOOP ( 'NONE', ( #99, #371, #4511, #767 ) ) ;
#1127 = CARTESIAN_POINT ( 'NONE',  ( -13.86538440245427850, 14.03996332800754132, -4.500000000000000888 ) ) ;
#1128 = DIRECTION ( 'NONE',  ( -1.224646799147353207E-16, 1.000000000000000000, 0.000000000000000000 ) ) ;
#1129 = ORIENTED_EDGE ( 'NONE', *, *, #452, .T. ) ;
#1130 = CARTESIAN_POINT ( 'NONE',  ( -13.86538440245398718, -13.96003667199245868, -4.500000000000000888 ) ) ;
#1131 = CARTESIAN_POINT ( 'NONE',  ( -20.99999999999998934, -21.99999999999999289, 8.500000000000000000 ) ) ;
#1132 = TOROIDAL_SURFACE ( 'NONE', #4193, 1.000000000000000000, 1.000000000000000000 ) ;
#1133 = CARTESIAN_POINT ( 'NONE',  ( 20.00000000000000355, 20.00000000000000000, 8.292893218813452094 ) ) ;
#1134 = LINE ( 'NONE', #2895, #5404 ) ;
#1135 = FACE_OUTER_BOUND ( 'NONE', #3807, .T. ) ;
#1136 = CARTESIAN_POINT ( 'NONE',  ( 21.66082675115206513, -6.982480253456190944, 15.25338681122102891 ) ) ;
#1137 = ADVANCED_FACE ( 'NONE', ( #857, #2976 ), #3834, .F. ) ;
#1138 = ORIENTED_EDGE ( 'NONE', *, *, #2872, .F. ) ;
#1139 = AXIS2_PLACEMENT_3D ( 'NONE', #3415, #5146, #51 ) ;
#1140 = ORIENTED_EDGE ( 'NONE', *, *, #111, .F. ) ;
#1141 = CARTESIAN_POINT ( 'NONE',  ( 20.99999999999999645, -4.999999999999993783, 15.49999999999999822 ) ) ;
#1142 = AXIS2_PLACEMENT_3D ( 'NONE', #3753, #1071, #1251 ) ;
#1143 = EDGE_CURVE ( 'NONE', #1796, #2375, #3553, .T. ) ;
#1144 = FACE_OUTER_BOUND ( 'NONE', #4564, .T. ) ;
#1145 = CARTESIAN_POINT ( 'NONE',  ( 17.06144779606469086, -16.98201256699031703, 2.500000000000001332 ) ) ;
#1146 = VERTEX_POINT ( 'NONE', #4268 ) ;
#1147 = VERTEX_POINT ( 'NONE', #517 ) ;
#1148 = CARTESIAN_POINT ( 'NONE',  ( -19.99999999999998934, 20.00000000000000355, 8.000000000000000000 ) ) ;
#1149 = ADVANCED_FACE ( 'NONE', ( #2213 ), #1767, .T. ) ;
#1150 = CIRCLE ( 'NONE', #1949, 1.000000000000000888 ) ;
#1151 = ADVANCED_FACE ( 'NONE', ( #4686 ), #2625, .T. ) ;
#1152 = LINE ( 'NONE', #4517, #5373 ) ;
#1153 = EDGE_CURVE ( 'NONE', #4376, #3759, #4299, .T. ) ;
#1154 = ORIENTED_EDGE ( 'NONE', *, *, #1104, .F. ) ;
#1155 = CARTESIAN_POINT ( 'NONE',  ( 20.00000000000000000, 20.00000000000000355, 1.000000000000000000 ) ) ;
#1156 = DIRECTION ( 'NONE',  ( -1.000000000000000000, 0.000000000000000000, 0.000000000000000000 ) ) ;
#1157 = CYLINDRICAL_SURFACE ( 'NONE', #3049, 1.000000000000000000 ) ;
#1158 = VERTEX_POINT ( 'NONE', #3438 ) ;
#1159 = AXIS2_PLACEMENT_3D ( 'NONE', #3944, #5118, #2664 ) ;
#1160 = AXIS2_PLACEMENT_3D ( 'NONE', #2230, #3484, #984 ) ;
#1161 = DIRECTION ( 'NONE',  ( 0.000000000000000000, -1.000000000000000000, -0.000000000000000000 ) ) ;
#1162 = ORIENTED_EDGE ( 'NONE', *, *, #1412, .T. ) ;
#1163 = AXIS2_PLACEMENT_3D ( 'NONE', #2122, #536, #4224 ) ;
#1164 = DIRECTION ( 'NONE',  ( 1.000000000000000000, 0.000000000000000000, -0.000000000000000000 ) ) ;
#1165 = DIRECTION ( 'NONE',  ( -0.000000000000000000, 1.000000000000000000, 0.000000000000000000 ) ) ;
#1166 = CARTESIAN_POINT ( 'NONE',  ( 21.99355391189278564, -7.980661735678422630, 14.63089807666828435 ) ) ;
#1167 = AXIS2_PLACEMENT_3D ( 'NONE', #526, #1720, #4692 ) ;
#1168 = ORIENTED_EDGE ( 'NONE', *, *, #3594, .F. ) ;
#1169 = ORIENTED_EDGE ( 'NONE', *, *, #2083, .T. ) ;
#1170 = AXIS2_PLACEMENT_3D ( 'NONE', #2906, #4131, #4480 ) ;
#1171 = FACE_OUTER_BOUND ( 'NONE', #2768, .T. ) ;
#1172 = AXIS2_PLACEMENT_3D ( 'NONE', #2716, #135, #1834 ) ;
#1173 = AXIS2_PLACEMENT_3D ( 'NONE', #2274, #5227, #4405 ) ;
#1174 = ADVANCED_FACE ( 'NONE', ( #968 ), #5110, .T. ) ;
#1175 = CARTESIAN_POINT ( 'NONE',  ( 28.08395306043829365, 0.000000000000000000, 14.49999999999999822 ) ) ;
#1176 = CARTESIAN_POINT ( 'NONE',  ( -21.13092329384925705, 5.392769881551872757, 15.49999999999999822 ) ) ;
#1177 = ORIENTED_EDGE ( 'NONE', *, *, #4995, .T. ) ;
#1178 = EDGE_CURVE ( 'NONE', #2962, #2034, #2598, .T. ) ;
#1179 = ORIENTED_EDGE ( 'NONE', *, *, #3062, .F. ) ;
#1180 = DIRECTION ( 'NONE',  ( -0.000000000000000000, 0.000000000000000000, 1.000000000000000000 ) ) ;
#1181 =( BOUNDED_CURVE ( )  B_SPLINE_CURVE ( 3, ( #74, #3044, #2958, #4632 ),
 .UNSPECIFIED., .F., .T. ) 
 B_SPLINE_CURVE_WITH_KNOTS ( ( 4, 4 ),
 ( 4.712388980384689674, 6.283185307179586232 ),
 .UNSPECIFIED. ) 
 CURVE ( )  GEOMETRIC_REPRESENTATION_ITEM ( )  RATIONAL_B_SPLINE_CURVE ( ( 1.000000000000000000, 0.8047378541243649375, 0.8047378541243649375, 1.000000000000000000 ) ) 
 REPRESENTATION_ITEM ( '' )  );
#1182 = CARTESIAN_POINT ( 'NONE',  ( 20.99999999999999645, 21.00000000000000355, 14.49999999999999822 ) ) ;
#1183 = ORIENTED_EDGE ( 'NONE', *, *, #2046, .F. ) ;
#1184 = EDGE_CURVE ( 'NONE', #2110, #518, #662, .T. ) ;
#1185 = CARTESIAN_POINT ( 'NONE',  ( -1.856980263924100205, 16.30618495144390678, 4.000000000000000888 ) ) ;
#1186 = CARTESIAN_POINT ( 'NONE',  ( -32.00000000000000000, 4.000000000000000000, 0.000000000000000000 ) ) ;
#1187 = EDGE_LOOP ( 'NONE', ( #193, #3636, #277, #1054 ) ) ;
#1188 = EDGE_CURVE ( 'NONE', #3033, #5156, #918, .T. ) ;
#1189 = VECTOR ( 'NONE', #1758, 1000.000000000000000 ) ;
#1190 = CARTESIAN_POINT ( 'NONE',  ( -1.988363676374208744, -16.27892138016290247, 8.000000000000000000 ) ) ;
#1191 = VERTEX_POINT ( 'NONE', #944 ) ;
#1192 = DIRECTION ( 'NONE',  ( 1.000000000000000000, 0.000000000000000000, 0.000000000000000000 ) ) ;
#1193 = CARTESIAN_POINT ( 'NONE',  ( -19.99999999999998934, -20.09759305442772259, 4.000000000000000888 ) ) ;
#1194 = CARTESIAN_POINT ( 'NONE',  ( 23.60349479552721164, -5.867831598508893798, 15.00115067492121312 ) ) ;
#1195 = CIRCLE ( 'NONE', #3219, 0.5000000000000004441 ) ;
#1196 = ORIENTED_EDGE ( 'NONE', *, *, #2301, .T. ) ;
#1197 = AXIS2_PLACEMENT_3D ( 'NONE', #2611, #30, #3896 ) ;
#1198 = EDGE_LOOP ( 'NONE', ( #5111, #249, #1356, #1827 ) ) ;
#1199 = DIRECTION ( 'NONE',  ( -1.000000000000000000, -1.577021341797094356E-16, 0.000000000000000000 ) ) ;
#1200 = DIRECTION ( 'NONE',  ( 1.000000000000000000, 0.000000000000000000, 0.000000000000000000 ) ) ;
#1201 = LINE ( 'NONE', #2804, #5281 ) ;
#1202 = ORIENTED_EDGE ( 'NONE', *, *, #5269, .F. ) ;
#1203 = DIRECTION ( 'NONE',  ( 0.000000000000000000, -0.000000000000000000, -1.000000000000000000 ) ) ;
#1204 = ORIENTED_EDGE ( 'NONE', *, *, #695, .T. ) ;
#1205 = CARTESIAN_POINT ( 'NONE',  ( 21.58578643762691129, 6.757359312880711677, 15.49999999999999822 ) ) ;
#1206 = ORIENTED_EDGE ( 'NONE', *, *, #804, .F. ) ;
#1207 = CARTESIAN_POINT ( 'NONE',  ( -23.99999999999999289, -5.999999999999998224, 1.000000000000000000 ) ) ;
#1208 = ORIENTED_EDGE ( 'NONE', *, *, #1012, .F. ) ;
#1209 = EDGE_CURVE ( 'NONE', #622, #327, #2015, .T. ) ;
#1210 = DIRECTION ( 'NONE',  ( 0.9779585042254614891, 0.2087993391107792196, 0.000000000000000000 ) ) ;
#1211 = CARTESIAN_POINT ( 'NONE',  ( 22.02042741724600461, 6.020427417245834967, 1.129391679111438229 ) ) ;
#1212 = DIRECTION ( 'NONE',  ( 1.000000000000000000, 0.000000000000000000, 0.000000000000000000 ) ) ;
#1213 = CARTESIAN_POINT ( 'NONE',  ( 24.00000000000000000, -5.999999999999998224, 14.49999999999999822 ) ) ;
#1214 = ADVANCED_FACE ( 'NONE', ( #2871 ), #2040, .T. ) ;
#1215 = EDGE_CURVE ( 'NONE', #4324, #3385, #4700, .T. ) ;
#1216 = ORIENTED_EDGE ( 'NONE', *, *, #2659, .F. ) ;
#1217 = DIRECTION ( 'NONE',  ( 0.000000000000000000, 0.000000000000000000, -1.000000000000000000 ) ) ;
#1218 = CARTESIAN_POINT ( 'NONE',  ( 21.00000000000000000, -20.99999999999998934, 14.49999999999999822 ) ) ;
#1219 = CARTESIAN_POINT ( 'NONE',  ( 12.73461559754572292, 14.03996332800754132, -4.500000000000000888 ) ) ;
#1220 = EDGE_LOOP ( 'NONE', ( #3144, #1733, #3345, #4271 ) ) ;
#1221 = CARTESIAN_POINT ( 'NONE',  ( -13.86538440245427850, 14.03996332800754132, 8.500000000000000000 ) ) ;
#1222 = ORIENTED_EDGE ( 'NONE', *, *, #2079, .T. ) ;
#1223 = CARTESIAN_POINT ( 'NONE',  ( -16.28855220393530701, -16.98201256699031703, 2.000000000000000888 ) ) ;
#1224 = VECTOR ( 'NONE', #5206, 1000.000000000000000 ) ;
#1225 = DIRECTION ( 'NONE',  ( -0.000000000000000000, 1.000000000000000000, 0.000000000000000000 ) ) ;
#1226 = AXIS2_PLACEMENT_3D ( 'NONE', #1005, #1744, #1649 ) ;
#1227 = DIRECTION ( 'NONE',  ( 1.000000000000000000, 0.000000000000000000, 0.000000000000000000 ) ) ;
#1228 = ORIENTED_EDGE ( 'NONE', *, *, #1049, .T. ) ;
#1229 = CARTESIAN_POINT ( 'NONE',  ( -19.99999824497776046, -20.09758474567311026, 3.792894823274632010 ) ) ;
#1230 = ORIENTED_EDGE ( 'NONE', *, *, #2828, .F. ) ;
#1231 = CARTESIAN_POINT ( 'NONE',  ( -23.38532287828827805, 5.795107626096117848, 0.3900102088818935275 ) ) ;
#1232 = ADVANCED_FACE ( 'NONE', ( #4921 ), #2381, .T. ) ;
#1233 = DIRECTION ( 'NONE',  ( 1.000000000000000000, 0.000000000000000000, 0.000000000000000000 ) ) ;
#1234 = CARTESIAN_POINT ( 'NONE',  ( -19.99999999999998934, -20.09759305442772259, 8.500000000000000000 ) ) ;
#1235 = CARTESIAN_POINT ( 'NONE',  ( 22.00000000000000000, 7.999999999998296474, 14.56545058853950181 ) ) ;
#1236 = CARTESIAN_POINT ( 'NONE',  ( 33.00000000000000000, 6.000000000000000000, 1.000000000000000000 ) ) ;
#1237 = CARTESIAN_POINT ( 'NONE',  ( -32.00000000000000000, 4.000000000000000000, 14.49999999999999822 ) ) ;
#1238 = CIRCLE ( 'NONE', #3617, 0.4999999999999985012 ) ;
#1239 = AXIS2_PLACEMENT_3D ( 'NONE', #4509, #4533, #759 ) ;
#1240 = EDGE_CURVE ( 'NONE', #1306, #1263, #3411, .T. ) ;
#1241 = ORIENTED_EDGE ( 'NONE', *, *, #4812, .T. ) ;
#1242 = CARTESIAN_POINT ( 'NONE',  ( -21.52859211756846136, -5.528592117571172970, 15.41617642229532414 ) ) ;
#1243 = ADVANCED_FACE ( 'NONE', ( #4525 ), #1992, .T. ) ;
#1244 = CARTESIAN_POINT ( 'NONE',  ( -32.00000000000000000, -4.999999999999999112, 15.50000000000000000 ) ) ;
#1245 = DIRECTION ( 'NONE',  ( 0.000000000000000000, 0.000000000000000000, -1.000000000000000000 ) ) ;
#1246 = EDGE_LOOP ( 'NONE', ( #2938, #2142, #1320, #5311, #255, #3558, #3924, #2699, #385, #1726, #4772, #4634, #2832, #5006, #4987, #1222 ) ) ;
#1247 = AXIS2_PLACEMENT_3D ( 'NONE', #2144, #1278, #3416 ) ;
#1248 = ORIENTED_EDGE ( 'NONE', *, *, #1893, .T. ) ;
#1249 = TOROIDAL_SURFACE ( 'NONE', #2416, 0.6500000000000034639, 0.5000000000000000000 ) ;
#1250 = FACE_OUTER_BOUND ( 'NONE', #2360, .T. ) ;
#1251 = DIRECTION ( 'NONE',  ( 0.1995015294747100598, 0.9798975149153362763, 0.000000000000000000 ) ) ;
#1252 = DIRECTION ( 'NONE',  ( -1.000000000000000000, 0.000000000000000000, 0.000000000000000000 ) ) ;
#1253 = ORIENTED_EDGE ( 'NONE', *, *, #4407, .T. ) ;
#1254 = CARTESIAN_POINT ( 'NONE',  ( 9.000000000000000000, 1.102182119232617714E-15, 14.49999999999999822 ) ) ;
#1255 = ORIENTED_EDGE ( 'NONE', *, *, #4639, .T. ) ;
#1256 = CARTESIAN_POINT ( 'NONE',  ( -21.86783159850902791, 7.603494795526891892, 0.4988493250789881595 ) ) ;
#1257 = DIRECTION ( 'NONE',  ( 1.000000000000000000, 0.000000000000000000, -0.000000000000000000 ) ) ;
#1258 = CARTESIAN_POINT ( 'NONE',  ( 22.32945361729162670, 5.443151205763876455, 0.1011670393169944587 ) ) ;
#1259 = EDGE_CURVE ( 'NONE', #1944, #3224, #2849, .T. ) ;
#1260 = DIRECTION ( 'NONE',  ( 0.000000000000000000, 0.000000000000000000, 1.000000000000000000 ) ) ;
#1261 = FACE_OUTER_BOUND ( 'NONE', #287, .T. ) ;
#1262 = TOROIDAL_SURFACE ( 'NONE', #3992, 0.6500000000000034639, 0.5000000000000000000 ) ;
#1263 = VERTEX_POINT ( 'NONE', #1102 ) ;
#1264 = EDGE_CURVE ( 'NONE', #3709, #2962, #2781, .T. ) ;
#1265 = DIRECTION ( 'NONE',  ( 1.000000000000000000, 0.000000000000000000, 0.000000000000000000 ) ) ;
#1266 = ADVANCED_FACE ( 'NONE', ( #4565 ), #792, .F. ) ;
#1267 = CARTESIAN_POINT ( 'NONE',  ( 22.82996937387689229, -5.609989791292364636, 0.2048923740203203725 ) ) ;
#1268 = CIRCLE ( 'NONE', #828, 0.5000000000000004441 ) ;
#1269 = AXIS2_PLACEMENT_3D ( 'NONE', #1737, #3408, #2953 ) ;
#1270 = DIRECTION ( 'NONE',  ( 0.000000000000000000, -1.000000000000000000, 0.000000000000000000 ) ) ;
#1271 = EDGE_CURVE ( 'NONE', #3320, #4611, #4914, .T. ) ;
#1272 = ORIENTED_EDGE ( 'NONE', *, *, #50, .F. ) ;
#1273 = ORIENTED_EDGE ( 'NONE', *, *, #695, .F. ) ;
#1274 = AXIS2_PLACEMENT_3D ( 'NONE', #583, #1857, #609 ) ;
#1275 = PRESENTATION_STYLE_ASSIGNMENT (( #3388 ) ) ;
#1276 = AXIS2_PLACEMENT_3D ( 'NONE', #4581, #1982, #808 ) ;
#1277 = ADVANCED_FACE ( 'NONE', ( #4098 ), #3200, .F. ) ;
#1278 = DIRECTION ( 'NONE',  ( -1.000000000000000000, 0.000000000000000000, 0.000000000000000000 ) ) ;
#1279 = VECTOR ( 'NONE', #1652, 1000.000000000000000 ) ;
#1280 = ORIENTED_EDGE ( 'NONE', *, *, #3570, .F. ) ;
#1281 = EDGE_CURVE ( 'NONE', #2603, #5338, #418, .T. ) ;
#1282 = CARTESIAN_POINT ( 'NONE',  ( -16.18586732693570696, 2.135654740322692202, 4.000000000000000888 ) ) ;
#1283 = ORIENTED_EDGE ( 'NONE', *, *, #85, .F. ) ;
#1284 = DIRECTION ( 'NONE',  ( 0.000000000000000000, 1.000000000000000000, -0.000000000000000000 ) ) ;
#1285 = ORIENTED_EDGE ( 'NONE', *, *, #5377, .T. ) ;
#1286 = CARTESIAN_POINT ( 'NONE',  ( -21.89883296083734976, -7.696498882512000428, 0.5568487946087692375 ) ) ;
#1287 = DIRECTION ( 'NONE',  ( 1.000000000000000000, 0.000000000000000000, 0.000000000000000000 ) ) ;
#1288 = FACE_OUTER_BOUND ( 'NONE', #2198, .T. ) ;
#1289 = ORIENTED_EDGE ( 'NONE', *, *, #1512, .T. ) ;
#1290 = PLANE ( 'NONE',  #4248 ) ;
#1291 = DIRECTION ( 'NONE',  ( 0.000000000000000000, 0.000000000000000000, -1.000000000000000000 ) ) ;
#1292 = EDGE_LOOP ( 'NONE', ( #1993, #4082, #360 ) ) ;
#1293 = CARTESIAN_POINT ( 'NONE',  ( -21.26183884622475517, -5.261838846226686073, 15.49999999999855049 ) ) ;
#1294 = AXIS2_PLACEMENT_3D ( 'NONE', #2810, #1506, #2372 ) ;
#1295 = CARTESIAN_POINT ( 'NONE',  ( -19.99999999999998579, 20.00000000000000355, 0.4142135623730951455 ) ) ;
#1296 = DIRECTION ( 'NONE',  ( 0.000000000000000000, -1.000000000000000000, 0.000000000000000000 ) ) ;
#1297 = ORIENTED_EDGE ( 'NONE', *, *, #2620, .T. ) ;
#1298 = ORIENTED_EDGE ( 'NONE', *, *, #2261, .T. ) ;
#1299 = CARTESIAN_POINT ( 'NONE',  ( -15.28855220393530878, -16.98201256699031703, 8.000000000000000000 ) ) ;
#1300 = DIRECTION ( 'NONE',  ( -0.000000000000000000, 1.000000000000000000, 0.000000000000000000 ) ) ;
#1301 = EDGE_CURVE ( 'NONE', #3360, #4168, #342, .T. ) ;
#1302 = CARTESIAN_POINT ( 'NONE',  ( -32.00000000000000000, -4.999999999999999112, 14.49999999999999822 ) ) ;
#1303 = CYLINDRICAL_SURFACE ( 'NONE', #894, 0.5000000000000002220 ) ;
#1304 = ORIENTED_EDGE ( 'NONE', *, *, #1075, .F. ) ;
#1305 = DIRECTION ( 'NONE',  ( 1.000000000000000000, 0.000000000000000000, 0.000000000000000000 ) ) ;
#1306 = VERTEX_POINT ( 'NONE', #4050 ) ;
#1307 = ADVANCED_FACE ( 'NONE', ( #269 ), #747, .T. ) ;
#1308 = AXIS2_PLACEMENT_3D ( 'NONE', #919, #498, #1774 ) ;
#1309 = ADVANCED_FACE ( 'NONE', ( #1545 ), #1396, .T. ) ;
#1310 = DIRECTION ( 'NONE',  ( 0.2066656475787591041, 0.9784116261118590563, 0.000000000000000000 ) ) ;
#1311 = DIRECTION ( 'NONE',  ( -0.000000000000000000, 0.000000000000000000, 1.000000000000000000 ) ) ;
#1312 = VERTEX_POINT ( 'NONE', #722 ) ;
#1313 =( BOUNDED_CURVE ( )  B_SPLINE_CURVE ( 3, ( #1913, #3933, #188, #152 ),
 .UNSPECIFIED., .F., .T. ) 
 B_SPLINE_CURVE_WITH_KNOTS ( ( 4, 4 ),
 ( 1.570796326794897890, 3.141592653589792228 ),
 .UNSPECIFIED. ) 
 CURVE ( )  GEOMETRIC_REPRESENTATION_ITEM ( )  RATIONAL_B_SPLINE_CURVE ( ( 1.000000000000000000, 0.8047378541243654926, 0.8047378541243654926, 1.000000000000000000 ) ) 
 REPRESENTATION_ITEM ( '' )  );
#1314 = CARTESIAN_POINT ( 'NONE',  ( 20.99999999999999645, 1.655872408886952549E-15, 0.000000000000000000 ) ) ;
#1315 = DIRECTION ( 'NONE',  ( -0.000000000000000000, 0.000000000000000000, 1.000000000000000000 ) ) ;
#1316 = LINE ( 'NONE', #5102, #5044 ) ;
#1317 = FACE_OUTER_BOUND ( 'NONE', #2420, .T. ) ;
#1318 = AXIS2_PLACEMENT_3D ( 'NONE', #2801, #3500, #3940 ) ;
#1319 = DIRECTION ( 'NONE',  ( 0.000000000000000000, -1.000000000000000000, 0.000000000000000000 ) ) ;
#1320 = ORIENTED_EDGE ( 'NONE', *, *, #1445, .T. ) ;
#1321 = CARTESIAN_POINT ( 'NONE',  ( -22.82996937387688519, -5.609989791292415262, 15.29510762597964302 ) ) ;
#1322 = AXIS2_PLACEMENT_3D ( 'NONE', #2197, #1865, #3869 ) ;
#1323 = CIRCLE ( 'NONE', #79, 1.150000000000001688 ) ;
#1324 = CARTESIAN_POINT ( 'NONE',  ( -20.41421356237307805, 20.41421356237310292, 2.527095087882868789E-16 ) ) ;
#1325 = DIRECTION ( 'NONE',  ( 1.577021341797097807E-16, -1.000000000000000000, 0.000000000000000000 ) ) ;
#1326 = ORIENTED_EDGE ( 'NONE', *, *, #4604, .T. ) ;
#1327 = AXIS2_PLACEMENT_3D ( 'NONE', #35, #1284, #2536 ) ;
#1328 = EDGE_LOOP ( 'NONE', ( #1138, #4118, #3496, #3426 ) ) ;
#1329 = CARTESIAN_POINT ( 'NONE',  ( -19.99999999999998934, 20.00000000000000355, 4.000000000000000888 ) ) ;
#1330 = CARTESIAN_POINT ( 'NONE',  ( 32.00000000000000000, 4.000000000000000000, 14.49999999999999822 ) ) ;
#1331 = LINE ( 'NONE', #2608, #868 ) ;
#1332 = CARTESIAN_POINT ( 'NONE',  ( 21.00000000000000000, 20.00000000000000355, 0.000000000000000000 ) ) ;
#1333 = ADVANCED_FACE ( 'NONE', ( #2660 ), #4330, .T. ) ;
#1334 = AXIS2_PLACEMENT_3D ( 'NONE', #685, #1125, #4392 ) ;
#1335 = VERTEX_POINT ( 'NONE', #3866 ) ;
#1336 = FACE_OUTER_BOUND ( 'NONE', #3651, .T. ) ;
#1337 = VERTEX_POINT ( 'NONE', #2220 ) ;
#1338 = AXIS2_PLACEMENT_3D ( 'NONE', #300, #2017, #2384 ) ;
#1339 = EDGE_CURVE ( 'NONE', #3626, #2178, #156, .T. ) ;
#1340 = CARTESIAN_POINT ( 'NONE',  ( -12.46538440245427815, 14.03996332800754132, 9.000000000000001776 ) ) ;
#1341 = DIRECTION ( 'NONE',  ( 0.000000000000000000, -0.000000000000000000, -1.000000000000000000 ) ) ;
#1342 = ORIENTED_EDGE ( 'NONE', *, *, #571, .T. ) ;
#1343 = EDGE_CURVE ( 'NONE', #3033, #1869, #2726, .T. ) ;
#1344 = PLANE ( 'NONE',  #2950 ) ;
#1345 = LINE ( 'NONE', #904, #2038 ) ;
#1346 = CYLINDRICAL_SURFACE ( 'NONE', #4797, 1.000000000000000000 ) ;
#1347 = DIRECTION ( 'NONE',  ( -0.000000000000000000, -0.000000000000000000, 1.000000000000000000 ) ) ;
#1348 =( BOUNDED_CURVE ( )  B_SPLINE_CURVE ( 3, ( #886, #4628, #5444, #5080 ),
 .UNSPECIFIED., .F., .T. ) 
 B_SPLINE_CURVE_WITH_KNOTS ( ( 4, 4 ),
 ( 1.570796326794896336, 3.141592653589793116 ),
 .UNSPECIFIED. ) 
 CURVE ( )  GEOMETRIC_REPRESENTATION_ITEM ( )  RATIONAL_B_SPLINE_CURVE ( ( 1.000000000000000000, 0.8047378541243649375, 0.8047378541243649375, 1.000000000000000000 ) ) 
 REPRESENTATION_ITEM ( '' )  );
#1349 = DIRECTION ( 'NONE',  ( -1.000000000000000000, 0.000000000000000000, -0.000000000000000000 ) ) ;
#1350 = EDGE_LOOP ( 'NONE', ( #4292, #1042, #5297, #4293 ) ) ;
#1351 = CARTESIAN_POINT ( 'NONE',  ( -21.75338681122102358, -7.260160433662989909, 15.16082675115206158 ) ) ;
#1352 = AXIS2_PLACEMENT_3D ( 'NONE', #1434, #599, #574 ) ;
#1353 = CARTESIAN_POINT ( 'NONE',  ( 22.19286351564892001, -6.192863515648909356, 1.163301135230751626 ) ) ;
#1354 = DIRECTION ( 'NONE',  ( -1.000000000000000000, 0.000000000000000000, 0.000000000000000000 ) ) ;
#1355 = ORIENTED_EDGE ( 'NONE', *, *, #3100, .F. ) ;
#1356 = ORIENTED_EDGE ( 'NONE', *, *, #2218, .F. ) ;
#1357 = CARTESIAN_POINT ( 'NONE',  ( -19.99999999999998934, -20.09759305442772259, 8.500000000000000000 ) ) ;
#1358 = FACE_OUTER_BOUND ( 'NONE', #4081, .T. ) ;
#1359 = AXIS2_PLACEMENT_3D ( 'NONE', #2501, #4607, #5424 ) ;
#1360 = VECTOR ( 'NONE', #3281, 1000.000000000000000 ) ;
#1361 = DIRECTION ( 'NONE',  ( -0.000000000000000000, -0.000000000000000000, -1.000000000000000000 ) ) ;
#1362 = CARTESIAN_POINT ( 'NONE',  ( -19.35198787631927431, -19.44909342596590562, 8.500000000000000000 ) ) ;
#1363 = DIRECTION ( 'NONE',  ( 0.000000000000000000, 0.000000000000000000, -1.000000000000000000 ) ) ;
#1364 = ORIENTED_EDGE ( 'NONE', *, *, #4551, .T. ) ;
#1365 = LINE ( 'NONE', #3814, #4171 ) ;
#1366 = AXIS2_PLACEMENT_3D ( 'NONE', #1729, #3765, #2540 ) ;
#1367 = ORIENTED_EDGE ( 'NONE', *, *, #1517, .F. ) ;
#1368 = AXIS2_PLACEMENT_3D ( 'NONE', #5120, #2986, #2963 ) ;
#1369 = AXIS2_PLACEMENT_3D ( 'NONE', #3232, #4924, #1995 ) ;
#1370 = LINE ( 'NONE', #870, #884 ) ;
#1371 = AXIS2_PLACEMENT_3D ( 'NONE', #3627, #1536, #3246 ) ;
#1372 = FACE_OUTER_BOUND ( 'NONE', #488, .T. ) ;
#1373 = EDGE_LOOP ( 'NONE', ( #2275, #1513, #5028, #3611 ) ) ;
#1374 = CARTESIAN_POINT ( 'NONE',  ( -21.84231792614574630, -5.842317926145160989, 0.2938744280092535632 ) ) ;
#1375 = DIRECTION ( 'NONE',  ( 0.000000000000000000, 0.000000000000000000, -1.000000000000000000 ) ) ;
#1376 = VECTOR ( 'NONE', #2406, 1000.000000000000000 ) ;
#1377 = DIRECTION ( 'NONE',  ( 1.000000000000000000, 0.000000000000000000, 0.000000000000000000 ) ) ;
#1378 = DIRECTION ( 'NONE',  ( -1.000000000000000000, 0.000000000000000000, 0.000000000000000000 ) ) ;
#1379 = EDGE_CURVE ( 'NONE', #3724, #1476, #586, .T. ) ;
#1380 = CARTESIAN_POINT ( 'NONE',  ( -16.18133610807172573, -2.018995126572693533, 8.000000000000000000 ) ) ;
#1381 = ADVANCED_FACE ( 'NONE', ( #5086 ), #3477, .T. ) ;
#1382 = CARTESIAN_POINT ( 'NONE',  ( 22.21530969695864854, -6.215309696957901586, 0.8641790907335412664 ) ) ;
#1383 = CARTESIAN_POINT ( 'NONE',  ( 19.79289321881345387, -19.05915846129171598, 4.000000000000000888 ) ) ;
#1384 = EDGE_LOOP ( 'NONE', ( #4750, #4305, #2233, #2668 ) ) ;
#1385 = ORIENTED_EDGE ( 'NONE', *, *, #3931, .F. ) ;
#1387 = CARTESIAN_POINT ( 'NONE',  ( 31.28395306043829649, 0.000000000000000000, 15.50000000000000000 ) ) ;
#1386 = CARTESIAN_POINT ( 'NONE',  ( -13.86538440245398718, -13.96003667199245868, 14.49999999999999822 ) ) ;
#1388 = VECTOR ( 'NONE', #996, 1000.000000000000000 ) ;
#1389 = CARTESIAN_POINT ( 'NONE',  ( 28.08395306043829365, 0.000000000000000000, 15.50000000000000000 ) ) ;
#1390 = CARTESIAN_POINT ( 'NONE',  ( 0.000000000000000000, 0.000000000000000000, 14.49999999999999822 ) ) ;
#1391 = CARTESIAN_POINT ( 'NONE',  ( 16.38444418469756769, 1.961350712664980955, 8.000000000000000000 ) ) ;
#1392 = DIRECTION ( 'NONE',  ( -1.445602896647338917E-16, 1.000000000000000000, 0.000000000000000000 ) ) ;
#1393 = VERTEX_POINT ( 'NONE', #5060 ) ;
#1394 = DIRECTION ( 'NONE',  ( 0.000000000000000000, 0.000000000000000000, -1.000000000000000000 ) ) ;
#1395 = DIRECTION ( 'NONE',  ( -1.000000000000000000, 1.224646799147352468E-16, 0.000000000000000000 ) ) ;
#1396 = TOROIDAL_SURFACE ( 'NONE', #4202, 3.200000000000001954, 1.000000000000000000 ) ;
#1397 = ORIENTED_EDGE ( 'NONE', *, *, #2628, .F. ) ;
#1398 = AXIS2_PLACEMENT_3D ( 'NONE', #3727, #4465, #2816 ) ;
#1399 = CARTESIAN_POINT ( 'NONE',  ( 17.06144779606469086, -16.98201256699031703, 2.000000000000000888 ) ) ;
#1400 = CARTESIAN_POINT ( 'NONE',  ( 21.66082675115206513, 6.982480253456185615, 15.25338681122103068 ) ) ;
#1401 = PLANE ( 'NONE',  #2491 ) ;
#1402 = EDGE_CURVE ( 'NONE', #2264, #1954, #3255, .T. ) ;
#1403 = CARTESIAN_POINT ( 'NONE',  ( 22.00000000000000355, -8.000000000000000000, 14.49999999999999822 ) ) ;
#1404 = EDGE_CURVE ( 'NONE', #2826, #3968, #2845, .T. ) ;
#1405 = CARTESIAN_POINT ( 'NONE',  ( 12.73461559754601424, -13.96003667199245868, -4.500000000000000888 ) ) ;
#1406 = CARTESIAN_POINT ( 'NONE',  ( -23.99999999999999645, 6.000000000000000000, 1.000000000000000000 ) ) ;
#1407 = DIRECTION ( 'NONE',  ( 0.000000000000000000, 0.000000000000000000, -1.000000000000000000 ) ) ;
#1408 = EDGE_CURVE ( 'NONE', #3981, #3207, #4828, .T. ) ;
#1409 = EDGE_LOOP ( 'NONE', ( #2637, #475 ) ) ;
#1410 = AXIS2_PLACEMENT_3D ( 'NONE', #5071, #1315, #1287 ) ;
#1411 = ORIENTED_EDGE ( 'NONE', *, *, #2669, .F. ) ;
#1412 = EDGE_CURVE ( 'NONE', #4483, #2335, #4290, .T. ) ;
#1414 = CARTESIAN_POINT ( 'NONE',  ( -20.99999999999999645, 22.00000000000000711, 1.000000000000000000 ) ) ;
#1413 = CARTESIAN_POINT ( 'NONE',  ( 2.162646365479770072, 16.31225711202543138, 8.000000000000000000 ) ) ;
#1415 = CARTESIAN_POINT ( 'NONE',  ( 17.06144779606469086, -16.98201256699031703, 8.500000000000000000 ) ) ;
#1416 = VECTOR ( 'NONE', #2623, 1000.000000000000000 ) ;
#1417 = CARTESIAN_POINT ( 'NONE',  ( -21.58578643762690064, -6.757359312880712565, 15.49999999999999822 ) ) ;
#1418 = CARTESIAN_POINT ( 'NONE',  ( -33.00000000000000000, -4.000000000000000000, 0.000000000000000000 ) ) ;
#1419 = TOROIDAL_SURFACE ( 'NONE', #439, 2.400000000000001243, 1.000000000000000000 ) ;
#1420 = FACE_OUTER_BOUND ( 'NONE', #4783, .T. ) ;
#1421 = ORIENTED_EDGE ( 'NONE', *, *, #2464, .F. ) ;
#1422 = CYLINDRICAL_SURFACE ( 'NONE', #3125, 1.000000000000000000 ) ;
#1423 = ORIENTED_EDGE ( 'NONE', *, *, #4674, .T. ) ;
#1424 = AXIS2_PLACEMENT_3D ( 'NONE', #3118, #664, #2680 ) ;
#1425 = DIRECTION ( 'NONE',  ( 1.000000000000000000, 0.000000000000000000, 0.000000000000000000 ) ) ;
#1426 = AXIS2_PLACEMENT_3D ( 'NONE', #1461, #3906, #4399 ) ;
#1427 = ORIENTED_EDGE ( 'NONE', *, *, #3646, .T. ) ;
#1428 = EDGE_LOOP ( 'NONE', ( #3704, #3729 ) ) ;
#1429 = AXIS2_PLACEMENT_3D ( 'NONE', #2448, #1534, #4086 ) ;
#1431 = DIRECTION ( 'NONE',  ( 1.000000000000000000, 0.000000000000000000, 0.000000000000000000 ) ) ;
#1430 = TOROIDAL_SURFACE ( 'NONE', #3535, 1.000000000000000000, 1.000000000000000000 ) ;
#1432 = FACE_OUTER_BOUND ( 'NONE', #1187, .T. ) ;
#1433 = AXIS2_PLACEMENT_3D ( 'NONE', #3465, #4847, #1051 ) ;
#1434 = CARTESIAN_POINT ( 'NONE',  ( 16.41144779606504045, 17.01798743300968653, 2.500000000000000888 ) ) ;
#1435 = DIRECTION ( 'NONE',  ( 1.000000000000000000, 0.000000000000000000, 0.000000000000000000 ) ) ;
#1436 = FACE_OUTER_BOUND ( 'NONE', #4453, .T. ) ;
#1437 = ADVANCED_FACE ( 'NONE', ( #2195 ), #2280, .F. ) ;
#1438 = VERTEX_POINT ( 'NONE', #4274 ) ;
#1439 = ORIENTED_EDGE ( 'NONE', *, *, #3797, .F. ) ;
#1441 = CARTESIAN_POINT ( 'NONE',  ( -20.99999999999999645, 21.00000000000000355, 14.49999999999999822 ) ) ;
#1440 = CARTESIAN_POINT ( 'NONE',  ( -32.00000000000000000, -4.000000000000000000, 14.49999999999999822 ) ) ;
#1442 = LINE ( 'NONE', #3097, #2032 ) ;
#1443 = CARTESIAN_POINT ( 'NONE',  ( 25.88395306043829436, 2.694222958124181444E-16, 1.000000000000000000 ) ) ;
#1444 = FACE_OUTER_BOUND ( 'NONE', #1986, .T. ) ;
#1445 = EDGE_CURVE ( 'NONE', #2826, #3920, #77, .T. ) ;
#1446 = FACE_OUTER_BOUND ( 'NONE', #791, .T. ) ;
#1447 = CARTESIAN_POINT ( 'NONE',  ( 21.00000000000000000, -4.999999999999998224, 0.000000000000000000 ) ) ;
#1448 = CARTESIAN_POINT ( 'NONE',  ( 32.00000000000000000, -4.000000000000000000, 14.49999999999999822 ) ) ;
#1449 = EDGE_LOOP ( 'NONE', ( #494, #3750, #2985, #1122, #396, #454 ) ) ;
#1450 = EDGE_CURVE ( 'NONE', #4589, #4157, #1331, .T. ) ;
#1451 = AXIS2_PLACEMENT_3D ( 'NONE', #4556, #2164, #782 ) ;
#1452 = DIRECTION ( 'NONE',  ( 1.000000000000000000, 0.000000000000000000, 0.000000000000000000 ) ) ;
#1453 = EDGE_CURVE ( 'NONE', #4157, #3683, #2291, .T. ) ;
#1454 = VERTEX_POINT ( 'NONE', #1833 ) ;
#1455 = CIRCLE ( 'NONE', #1197, 1.000000000000000888 ) ;
#1456 = DIRECTION ( 'NONE',  ( -1.000000000000000000, 0.000000000000000000, 0.000000000000000000 ) ) ;
#1457 = CARTESIAN_POINT ( 'NONE',  ( -32.00000000000000000, -4.000000000000000000, 0.000000000000000000 ) ) ;
#1458 = ORIENTED_EDGE ( 'NONE', *, *, #2464, .T. ) ;
#1459 = CARTESIAN_POINT ( 'NONE',  ( -22.14328425823894264, -6.143284258239757989, 0.6686814844197910279 ) ) ;
#1460 = CARTESIAN_POINT ( 'NONE',  ( 21.75338681122103424, 7.260160433663096491, 15.16082675115206158 ) ) ;
#1461 = CARTESIAN_POINT ( 'NONE',  ( 32.00000000000000000, 5.000000000000000000, 1.000000000000000000 ) ) ;
#1462 = CARTESIAN_POINT ( 'NONE',  ( -0.000000000000000000, -21.09759305442772259, 1.000000000000000000 ) ) ;
#1463 = CARTESIAN_POINT ( 'NONE',  ( 0.000000000000000000, 0.000000000000000000, 4.000000000000000888 ) ) ;
#1464 = CARTESIAN_POINT ( 'NONE',  ( -19.49999999999999289, 17.65813793187679082, 4.000000000000000888 ) ) ;
#1465 = ORIENTED_EDGE ( 'NONE', *, *, #4189, .T. ) ;
#1466 = ORIENTED_EDGE ( 'NONE', *, *, #4137, .T. ) ;
#1468 = CARTESIAN_POINT ( 'NONE',  ( -19.99999999999998934, -20.09759305442772259, 4.000000000000000888 ) ) ;
#1467 = CYLINDRICAL_SURFACE ( 'NONE', #3827, 1.400000000000000133 ) ;
#1469 = DIRECTION ( 'NONE',  ( 0.000000000000000000, 0.000000000000000000, 1.000000000000000000 ) ) ;
#1470 = LINE ( 'NONE', #4414, #4567 ) ;
#1471 = CARTESIAN_POINT ( 'NONE',  ( 24.00000000000000000, 6.000000000000000000, 14.49999999999999822 ) ) ;
#1472 = DIRECTION ( 'NONE',  ( 1.000000000000000000, 2.775557561562889773E-15, 0.000000000000000000 ) ) ;
#1473 = VERTEX_POINT ( 'NONE', #3501 ) ;
#1474 = DIRECTION ( 'NONE',  ( -0.000000000000000000, -0.000000000000000000, -1.000000000000000000 ) ) ;
#1475 = EDGE_CURVE ( 'NONE', #4157, #785, #2106, .T. ) ;
#1476 = VERTEX_POINT ( 'NONE', #949 ) ;
#1477 = AXIS2_PLACEMENT_3D ( 'NONE', #5385, #1697, #2455 ) ;
#1478 = ORIENTED_EDGE ( 'NONE', *, *, #5052, .F. ) ;
#1479 = EDGE_CURVE ( 'NONE', #4863, #2679, #3942, .T. ) ;
#1480 = FACE_BOUND ( 'NONE', #5346, .T. ) ;
#1481 = LINE ( 'NONE', #2290, #3745 ) ;
#1482 = EDGE_LOOP ( 'NONE', ( #5240, #3040, #2227, #4057 ) ) ;
#1483 = FACE_OUTER_BOUND ( 'NONE', #3018, .T. ) ;
#1484 = EDGE_CURVE ( 'NONE', #1312, #2771, #64, .T. ) ;
#1485 = CARTESIAN_POINT ( 'NONE',  ( -23.99999999999998934, -5.999999999999997335, 15.08578643762690596 ) ) ;
#1486 = CARTESIAN_POINT ( 'NONE',  ( -15.76538440245398753, -13.96003667199245868, 8.500000000000000000 ) ) ;
#1487 = CARTESIAN_POINT ( 'NONE',  ( 21.00000000000000000, -4.999999999999998224, 15.50000000000000000 ) ) ;
#1488 = EDGE_LOOP ( 'NONE', ( #5382, #4986, #1427, #1566 ) ) ;
#1489 = SPHERICAL_SURFACE ( 'NONE', #3173, 1.000000000000000000 ) ;
#1490 = DIRECTION ( 'NONE',  ( 0.000000000000000000, -1.000000000000000000, 0.000000000000000000 ) ) ;
#1491 = AXIS2_PLACEMENT_3D ( 'NONE', #134, #2983, #2582 ) ;
#1492 = EDGE_LOOP ( 'NONE', ( #276, #2288, #1620, #4421 ) ) ;
#1493 = ORIENTED_EDGE ( 'NONE', *, *, #1271, .F. ) ;
#1494 =( BOUNDED_CURVE ( )  B_SPLINE_CURVE ( 3, ( #107, #3536, #3104, #1033 ),
 .UNSPECIFIED., .F., .T. ) 
 B_SPLINE_CURVE_WITH_KNOTS ( ( 4, 4 ),
 ( 5.992018515082860055E-06, 1.570796326794893893 ),
 .UNSPECIFIED. ) 
 CURVE ( )  GEOMETRIC_REPRESENTATION_ITEM ( )  RATIONAL_B_SPLINE_CURVE ( ( 1.000000000000000000, 0.8047392664545581775, 0.8047392664545581775, 1.000000000000000000 ) ) 
 REPRESENTATION_ITEM ( '' )  );
#1496 = CARTESIAN_POINT ( 'NONE',  ( 0.1380350308230020306, 26.10516010059727066, 8.000000000000000000 ) ) ;
#1495 = LINE ( 'NONE', #551, #1807 ) ;
#1497 = CARTESIAN_POINT ( 'NONE',  ( 0.1380350308230020306, 26.10516010059727066, 4.000000000000000888 ) ) ;
#1498 = CIRCLE ( 'NONE', #3615, 0.5000000000000004441 ) ;
#1499 = CARTESIAN_POINT ( 'NONE',  ( 3.113626071996446587, -14.68612785815277277, 8.000000000000000000 ) ) ;
#1500 = CARTESIAN_POINT ( 'NONE',  ( -23.90404994674078409, 5.968016648913672562, 14.75928256736398581 ) ) ;
#1501 = VERTEX_POINT ( 'NONE', #1443 ) ;
#1502 = VERTEX_POINT ( 'NONE', #2715 ) ;
#1503 = FACE_OUTER_BOUND ( 'NONE', #1975, .T. ) ;
#1504 = VERTEX_POINT ( 'NONE', #1862 ) ;
#1505 = CIRCLE ( 'NONE', #3699, 10.00000000000000533 ) ;
#1506 = DIRECTION ( 'NONE',  ( 1.000000000000000000, 0.000000000000000000, 0.000000000000000000 ) ) ;
#1507 = EDGE_CURVE ( 'NONE', #2702, #518, #2309, .T. ) ;
#1508 = CIRCLE ( 'NONE', #4846, 2.000000000000001776 ) ;
#1509 = CARTESIAN_POINT ( 'NONE',  ( 22.00000000000000355, -8.000000000000000000, 14.49999999999999822 ) ) ;
#1510 = ORIENTED_EDGE ( 'NONE', *, *, #3586, .F. ) ;
#1511 = DIRECTION ( 'NONE',  ( -0.000000000000000000, -0.000000000000000000, 1.000000000000000000 ) ) ;
#1512 = EDGE_CURVE ( 'NONE', #1751, #3595, #1470, .T. ) ;
#1513 = ORIENTED_EDGE ( 'NONE', *, *, #1109, .T. ) ;
#1514 = LINE ( 'NONE', #4138, #2109 ) ;
#1515 = CIRCLE ( 'NONE', #275, 2.200000000000000622 ) ;
#1516 = DIRECTION ( 'NONE',  ( -0.000000000000000000, 0.000000000000000000, 1.000000000000000000 ) ) ;
#1517 = EDGE_CURVE ( 'NONE', #4342, #2421, #2901, .T. ) ;
#1518 = DIRECTION ( 'NONE',  ( 0.000000000000000000, 0.000000000000000000, -1.000000000000000000 ) ) ;
#1519 = ADVANCED_FACE ( 'NONE', ( #3975 ), #4385, .T. ) ;
#1520 = CIRCLE ( 'NONE', #2222, 1.000000000000000000 ) ;
#1521 = CIRCLE ( 'NONE', #91, 1.000000000000000888 ) ;
#1522 = DIRECTION ( 'NONE',  ( 1.000000000000000000, -1.445602896647338917E-16, 0.000000000000000000 ) ) ;
#1523 = CARTESIAN_POINT ( 'NONE',  ( -23.99999999999999289, -5.999999999999998224, 1.000000000000000000 ) ) ;
#1524 = CARTESIAN_POINT ( 'NONE',  ( 23.26016043366310271, -5.753386811221031572, 15.16082675115205980 ) ) ;
#1525 = EDGE_CURVE ( 'NONE', #3847, #1438, #2021, .T. ) ;
#1526 = ORIENTED_EDGE ( 'NONE', *, *, #2392, .F. ) ;
#1527 = EDGE_LOOP ( 'NONE', ( #1036, #1836, #2754, #816 ) ) ;
#1529 = FACE_OUTER_BOUND ( 'NONE', #814, .T. ) ;
#1528 = DIRECTION ( 'NONE',  ( -0.000000000000000000, 0.000000000000000000, 1.000000000000000000 ) ) ;
#1530 = CARTESIAN_POINT ( 'NONE',  ( -15.78855220393495706, 17.01798743300968653, 2.500000000000001332 ) ) ;
#1531 = DIRECTION ( 'NONE',  ( -0.000000000000000000, 0.000000000000000000, 1.000000000000000000 ) ) ;
#1532 = CARTESIAN_POINT ( 'NONE',  ( -21.84231792614621526, 5.842317926144461104, 15.20612557199112658 ) ) ;
#1533 =( BOUNDED_CURVE ( )  B_SPLINE_CURVE ( 3, ( #4094, #1229, #4166, #2890 ),
 .UNSPECIFIED., .F., .T. ) 
 B_SPLINE_CURVE_WITH_KNOTS ( ( 4, 4 ),
 ( 5.992018515082825327E-06, 1.570796326794892117 ),
 .UNSPECIFIED. ) 
 CURVE ( )  GEOMETRIC_REPRESENTATION_ITEM ( )  RATIONAL_B_SPLINE_CURVE ( ( 1.000000000000000000, 0.8047392664545587326, 0.8047392664545587326, 1.000000000000000000 ) ) 
 REPRESENTATION_ITEM ( '' )  );
#1534 = DIRECTION ( 'NONE',  ( 0.000000000000000000, -0.000000000000000000, -1.000000000000000000 ) ) ;
#1535 = ORIENTED_EDGE ( 'NONE', *, *, #2261, .F. ) ;
#1536 = DIRECTION ( 'NONE',  ( 0.000000000000000000, 0.000000000000000000, 1.000000000000000000 ) ) ;
#1537 = VERTEX_POINT ( 'NONE', #4384 ) ;
#1538 = AXIS2_PLACEMENT_3D ( 'NONE', #2730, #509, #3546 ) ;
#1539 = CARTESIAN_POINT ( 'NONE',  ( -22.00000000000000000, -21.99999999999999289, 14.49999999999999822 ) ) ;
#1540 = ORIENTED_EDGE ( 'NONE', *, *, #3930, .F. ) ;
#1541 = DIRECTION ( 'NONE',  ( 1.000000000000000000, 0.000000000000000000, 0.000000000000000000 ) ) ;
#1542 = ORIENTED_EDGE ( 'NONE', *, *, #3106, .F. ) ;
#1543 = CARTESIAN_POINT ( 'NONE',  ( 15.53461559754572363, 14.03996332800754132, -4.500000000000000888 ) ) ;
#1544 = DIRECTION ( 'NONE',  ( -0.000000000000000000, -0.000000000000000000, 1.000000000000000000 ) ) ;
#1545 = FACE_OUTER_BOUND ( 'NONE', #4353, .T. ) ;
#1546 = EDGE_CURVE ( 'NONE', #807, #1854, #335, .T. ) ;
#1547 = CIRCLE ( 'NONE', #4885, 1.400000000000000133 ) ;
#1548 = AXIS2_PLACEMENT_3D ( 'NONE', #2574, #1270, #2054 ) ;
#1549 = ADVANCED_FACE ( 'NONE', ( #3560 ), #4827, .T. ) ;
#1550 = CIRCLE ( 'NONE', #2783, 0.5000000000000004441 ) ;
#1551 = DIRECTION ( 'NONE',  ( -0.000000000000000000, 0.000000000000000000, -1.000000000000000000 ) ) ;
#1552 = CARTESIAN_POINT ( 'NONE',  ( 20.95120347278613337, -21.04879652721385597, 0.001191260084361161695 ) ) ;
#1553 = CIRCLE ( 'NONE', #4891, 1.900000000000000577 ) ;
#1554 = VECTOR ( 'NONE', #5191, 1000.000000000000000 ) ;
#1555 = EDGE_CURVE ( 'NONE', #2856, #2178, #5166, .T. ) ;
#1556 = ORIENTED_EDGE ( 'NONE', *, *, #4321, .F. ) ;
#1557 = VERTEX_POINT ( 'NONE', #4803 ) ;
#1558 = CARTESIAN_POINT ( 'NONE',  ( -13.86538440245398718, -13.96003667199245868, 14.49999999999999822 ) ) ;
#1559 = CARTESIAN_POINT ( 'NONE',  ( -13.86538440245427850, 14.03996332800754132, 15.50000000000000000 ) ) ;
#1560 = ORIENTED_EDGE ( 'NONE', *, *, #4698, .F. ) ;
#1561 = AXIS2_PLACEMENT_3D ( 'NONE', #1716, #3838, #4584 ) ;
#1562 = EDGE_CURVE ( 'NONE', #4848, #3364, #2241, .T. ) ;
#1563 = DIRECTION ( 'NONE',  ( 1.000000000000000000, 0.000000000000000000, 0.000000000000000000 ) ) ;
#1564 = CARTESIAN_POINT ( 'NONE',  ( -21.78524365670347862, 5.261747885567723770, 15.47397267616776162 ) ) ;
#1565 = ORIENTED_EDGE ( 'NONE', *, *, #2194, .F. ) ;
#1566 = ORIENTED_EDGE ( 'NONE', *, *, #2951, .T. ) ;
#1567 = LINE ( 'NONE', #3657, #4450 ) ;
#1568 = CARTESIAN_POINT ( 'NONE',  ( 14.13461559754572328, 14.03996332800754132, 8.500000000000000000 ) ) ;
#1569 = VERTEX_POINT ( 'NONE', #2678 ) ;
#1570 = DIRECTION ( 'NONE',  ( -1.000000000000000000, 0.000000000000000000, 0.000000000000000000 ) ) ;
#1571 = FACE_OUTER_BOUND ( 'NONE', #1933, .T. ) ;
#1572 = ORIENTED_EDGE ( 'NONE', *, *, #2459, .F. ) ;
#1573 = TOROIDAL_SURFACE ( 'NONE', #5336, 3.200000000000001954, 1.000000000000000000 ) ;
#1574 = DIRECTION ( 'NONE',  ( 0.000000000000000000, -1.000000000000000000, 0.000000000000000000 ) ) ;
#1575 = EDGE_LOOP ( 'NONE', ( #844, #4683, #4249, #3808, #1959 ) ) ;
#1576 = DIRECTION ( 'NONE',  ( 1.000000000000000000, 0.000000000000000000, 0.000000000000000000 ) ) ;
#1577 = CARTESIAN_POINT ( 'NONE',  ( 21.00000000000000000, -21.99999999999999289, 1.000000000000000000 ) ) ;
#1578 = DIRECTION ( 'NONE',  ( 0.000000000000000000, -1.000000000000000000, 0.000000000000000000 ) ) ;
#1579 = ADVANCED_FACE ( 'NONE', ( #5161 ), #3212, .T. ) ;
#1580 = ORIENTED_EDGE ( 'NONE', *, *, #3959, .T. ) ;
#1581 = VECTOR ( 'NONE', #3892, 1000.000000000000000 ) ;
#1582 = ORIENTED_EDGE ( 'NONE', *, *, #3701, .T. ) ;
#1583 = DIRECTION ( 'NONE',  ( -0.000000000000000000, -0.000000000000000000, 1.000000000000000000 ) ) ;
#1584 = EDGE_CURVE ( 'NONE', #807, #3823, #652, .T. ) ;
#1585 = CARTESIAN_POINT ( 'NONE',  ( 20.00000000000000355, -20.09759305442772259, 8.000000000000000000 ) ) ;
#1586 = CARTESIAN_POINT ( 'NONE',  ( -21.94892610418522594, 7.846778312555721335, 14.82221565933889629 ) ) ;
#1587 = EDGE_CURVE ( 'NONE', #3648, #1146, #4159, .T. ) ;
#1588 = EDGE_LOOP ( 'NONE', ( #1617, #2345, #970, #1273 ) ) ;
#1589 =( NAMED_UNIT ( * ) PLANE_ANGLE_UNIT ( ) SI_UNIT ( $, .RADIAN. ) );
#1590 = EDGE_LOOP ( 'NONE', ( #3667, #4833, #4046, #1778, #1000, #4752, #4642 ) ) ;
#1591 = VECTOR ( 'NONE', #3971, 1000.000000000000000 ) ;
#1592 = DIRECTION ( 'NONE',  ( -0.1965251405870916124, -0.9804987858825852109, 0.000000000000000000 ) ) ;
#1593 = VERTEX_POINT ( 'NONE', #2237 ) ;
#1594 = FACE_OUTER_BOUND ( 'NONE', #4396, .T. ) ;
#1595 = VECTOR ( 'NONE', #2934, 1000.000000000000000 ) ;
#1596 = VERTEX_POINT ( 'NONE', #2327 ) ;
#1597 = AXIS2_PLACEMENT_3D ( 'NONE', #1145, #3290, #736 ) ;
#1598 = CARTESIAN_POINT ( 'NONE',  ( 34.00000000000000000, 6.000000000000000000, 14.49999999999999822 ) ) ;
#1599 = ORIENTED_EDGE ( 'NONE', *, *, #937, .F. ) ;
#1600 = AXIS2_PLACEMENT_3D ( 'NONE', #423, #1311, #1754 ) ;
#1601 = LINE ( 'NONE', #3668, #124 ) ;
#1602 = CARTESIAN_POINT ( 'NONE',  ( -22.75735931288070546, -5.585786437626901524, 1.092332116235429474E-16 ) ) ;
#1603 = CARTESIAN_POINT ( 'NONE',  ( 23.84677831255553926, -5.948926104185218833, 14.82221565933892649 ) ) ;
#1604 = VECTOR ( 'NONE', #653, 1000.000000000000000 ) ;
#1605 = CIRCLE ( 'NONE', #1077, 1.400000000000000133 ) ;
#1606 = EDGE_LOOP ( 'NONE', ( #4630, #2867, #3895, #3991 ) ) ;
#1607 = ORIENTED_EDGE ( 'NONE', *, *, #3826, .T. ) ;
#1608 = DIRECTION ( 'NONE',  ( 0.000000000000000000, 0.000000000000000000, 1.000000000000000000 ) ) ;
#1609 = AXIS2_PLACEMENT_3D ( 'NONE', #2281, #4007, #5237 ) ;
#1610 = TOROIDAL_SURFACE ( 'NONE', #1173, 1.650000000000003464, 0.5000000000000000000 ) ;
#1611 = CARTESIAN_POINT ( 'NONE',  ( -20.99999999999998934, 4.999999999999996447, 15.49999999999999822 ) ) ;
#1612 = EDGE_CURVE ( 'NONE', #2925, #5231, #2065, .T. ) ;
#1613 = ORIENTED_EDGE ( 'NONE', *, *, #2298, .F. ) ;
#1614 = DIRECTION ( 'NONE',  ( 1.000000000000000000, 0.000000000000000000, 0.000000000000000000 ) ) ;
#1615 = ORIENTED_EDGE ( 'NONE', *, *, #2083, .F. ) ;
#1616 = CARTESIAN_POINT ( 'NONE',  ( 32.00000000000000000, 4.000000000000000000, 0.000000000000000000 ) ) ;
#1617 = ORIENTED_EDGE ( 'NONE', *, *, #3833, .T. ) ;
#1618 = DIRECTION ( 'NONE',  ( 0.000000000000000000, -1.000000000000000000, 0.000000000000000000 ) ) ;
#1619 = CARTESIAN_POINT ( 'NONE',  ( 21.00000000000000000, -20.99999999999998934, 0.000000000000000000 ) ) ;
#1620 = ORIENTED_EDGE ( 'NONE', *, *, #1475, .F. ) ;
#1621 = EDGE_CURVE ( 'NONE', #3842, #31, #2656, .T. ) ;
#1622 = EDGE_CURVE ( 'NONE', #3759, #3377, #3960, .T. ) ;
#1623 = AXIS2_PLACEMENT_3D ( 'NONE', #3610, #3061, #4732 ) ;
#1624 = ADVANCED_FACE ( 'NONE', ( #183 ), #205, .T. ) ;
#1625 = CARTESIAN_POINT ( 'NONE',  ( 19.73542130873303080, 19.73381367790988250, 8.500000000000000000 ) ) ;
#1626 = CARTESIAN_POINT ( 'NONE',  ( -15.78855220393495706, 17.01798743300968653, 2.000000000000000888 ) ) ;
#1627 = CARTESIAN_POINT ( 'NONE',  ( 23.99999999999897327, 6.000000000000000000, 0.9345494114605031877 ) ) ;
#1628 = PLANE ( 'NONE',  #5106 ) ;
#1629 = CARTESIAN_POINT ( 'NONE',  ( 21.86783159850890002, -7.603494795526819061, 15.00115067492121135 ) ) ;
#1630 = AXIS2_PLACEMENT_3D ( 'NONE', #3686, #2484, #4119 ) ;
#1631 = AXIS2_PLACEMENT_3D ( 'NONE', #2685, #4800, #4354 ) ;
#1632 = VECTOR ( 'NONE', #4361, 1000.000000000000114 ) ;
#1633 = AXIS2_PLACEMENT_3D ( 'NONE', #5347, #1180, #765 ) ;
#1634 = ORIENTED_EDGE ( 'NONE', *, *, #3519, .F. ) ;
#1635 = LINE ( 'NONE', #4575, #4769 ) ;
#1636 = AXIS2_PLACEMENT_3D ( 'NONE', #3849, #2068, #3326 ) ;
#1637 = AXIS2_PLACEMENT_3D ( 'NONE', #2862, #4536, #1614 ) ;
#1638 = CARTESIAN_POINT ( 'NONE',  ( -15.46545236919032007, 0.04766134921489825760, 8.500000000000000000 ) ) ;
#1639 = DIRECTION ( 'NONE',  ( 1.000000000000000000, -0.000000000000000000, 0.000000000000000000 ) ) ;
#1640 = ORIENTED_EDGE ( 'NONE', *, *, #4928, .F. ) ;
#1641 = ORIENTED_EDGE ( 'NONE', *, *, #3891, .F. ) ;
#1642 = CIRCLE ( 'NONE', #399, 3.200000000000001510 ) ;
#1643 = CARTESIAN_POINT ( 'NONE',  ( 14.13461559754572328, 14.03996332800754132, -4.500000000000000888 ) ) ;
#1644 = DIRECTION ( 'NONE',  ( 1.000000000000000000, 0.000000000000000000, 0.000000000000000000 ) ) ;
#1645 = EDGE_CURVE ( 'NONE', #4302, #3395, #3167, .T. ) ;
#1646 = EDGE_LOOP ( 'NONE', ( #4333, #1867, #1478 ) ) ;
#1647 = DIRECTION ( 'NONE',  ( -0.000000000000000000, -0.000000000000000000, -1.000000000000000000 ) ) ;
#1648 = ORIENTED_EDGE ( 'NONE', *, *, #1967, .F. ) ;
#1649 = DIRECTION ( 'NONE',  ( 1.000000000000000000, 0.000000000000000000, 0.000000000000000000 ) ) ;
#1650 = EDGE_CURVE ( 'NONE', #4687, #1263, #1848, .T. ) ;
#1651 = ADVANCED_FACE ( 'NONE', ( #3547 ), #151, .T. ) ;
#1652 = DIRECTION ( 'NONE',  ( 7.885106708985489034E-17, -1.000000000000000000, 0.000000000000000000 ) ) ;
#1653 = DIRECTION ( 'NONE',  ( -1.577021341797097807E-16, 1.000000000000000000, 0.000000000000000000 ) ) ;
#1654 = CARTESIAN_POINT ( 'NONE',  ( 23.99999999999761613, 6.000000000000000000, 14.56545058853950891 ) ) ;
#1655 = FACE_OUTER_BOUND ( 'NONE', #1808, .T. ) ;
#1656 = VERTEX_POINT ( 'NONE', #994 ) ;
#1657 = CARTESIAN_POINT ( 'NONE',  ( -22.98248025345617762, -5.660826751152058911, 15.25338681122103068 ) ) ;
#1658 = CARTESIAN_POINT ( 'NONE',  ( 22.00000000000000355, -20.99999999999998934, 15.50000000000000000 ) ) ;
#1659 = DIRECTION ( 'NONE',  ( -7.885106708985489034E-17, 1.000000000000000000, -0.000000000000000000 ) ) ;
#1660 = ORIENTED_EDGE ( 'NONE', *, *, #1675, .T. ) ;
#1661 = ORIENTED_EDGE ( 'NONE', *, *, #3675, .F. ) ;
#1662 = CARTESIAN_POINT ( 'NONE',  ( -16.93855220393531269, -16.98201256699031703, 2.500000000000000888 ) ) ;
#1663 = AXIS2_PLACEMENT_3D ( 'NONE', #346, #1086, #3584 ) ;
#1664 = SPHERICAL_SURFACE ( 'NONE', #419, 1.000000000000000000 ) ;
#1665 = DIRECTION ( 'NONE',  ( -0.9784116261118590563, 0.2066656475787588820, 0.000000000000000000 ) ) ;
#1666 = ORIENTED_EDGE ( 'NONE', *, *, #102, .F. ) ;
#1667 = ADVANCED_FACE ( 'NONE', ( #2761 ), #1262, .T. ) ;
#1668 = CARTESIAN_POINT ( 'NONE',  ( -20.95120347278612272, -21.04879652721385597, 0.001191260084361378535 ) ) ;
#1669 = ORIENTED_EDGE ( 'NONE', *, *, #4543, .F. ) ;
#1670 = AXIS2_PLACEMENT_3D ( 'NONE', #101, #443, #1799 ) ;
#1671 = EDGE_CURVE ( 'NONE', #2432, #2382, #4430, .T. ) ;
#1672 = CARTESIAN_POINT ( 'NONE',  ( -21.94892610418524370, 7.846778312555797719, 0.6777843406611437915 ) ) ;
#1673 = CARTESIAN_POINT ( 'NONE',  ( -21.96801664891366102, -7.904049946740956401, 0.7407174326360050909 ) ) ;
#1674 = CARTESIAN_POINT ( 'NONE',  ( 22.82996937387688874, 5.609989791292339767, 0.2048923740203024146 ) ) ;
#1675 = EDGE_CURVE ( 'NONE', #2057, #1504, #2864, .T. ) ;
#1676 = CARTESIAN_POINT ( 'NONE',  ( 21.99999999999999645, 6.000000000000003553, 14.50000000000000000 ) ) ;
#1677 = PLANE ( 'NONE',  #5306 ) ;
#1678 = ADVANCED_FACE ( 'NONE', ( #543 ), #2591, .F. ) ;
#1679 = CIRCLE ( 'NONE', #1160, 0.5000000000000000000 ) ;
#1680 = ORIENTED_EDGE ( 'NONE', *, *, #639, .F. ) ;
#1681 = EDGE_CURVE ( 'NONE', #4255, #3385, #1822, .T. ) ;
#1682 = CARTESIAN_POINT ( 'NONE',  ( -22.50345202424071900, -5.501150674746787317, 15.36783159862544146 ) ) ;
#1683 = AXIS2_PLACEMENT_3D ( 'NONE', #1616, #2912, #3296 ) ;
#1684 = EDGE_CURVE ( 'NONE', #4848, #1026, #601, .T. ) ;
#1685 = CARTESIAN_POINT ( 'NONE',  ( 21.66082675115207934, -6.982480253456287755, 0.2466131887789797250 ) ) ;
#1686 = FACE_OUTER_BOUND ( 'NONE', #1449, .T. ) ;
#1687 = ORIENTED_EDGE ( 'NONE', *, *, #4976, .F. ) ;
#1688 = AXIS2_PLACEMENT_3D ( 'NONE', #703, #2691, #4856 ) ;
#1689 = ORIENTED_EDGE ( 'NONE', *, *, #2992, .F. ) ;
#1690 = AXIS2_PLACEMENT_3D ( 'NONE', #268, #1516, #1100 ) ;
#1691 = DIRECTION ( 'NONE',  ( 1.000000000000000000, 0.000000000000000000, 0.000000000000000000 ) ) ;
#1692 = CARTESIAN_POINT ( 'NONE',  ( 21.00000000000000000, -20.99999999999998934, 1.000000000000000000 ) ) ;
#1693 = ORIENTED_EDGE ( 'NONE', *, *, #105, .T. ) ;
#1694 = CARTESIAN_POINT ( 'NONE',  ( -19.99999999999998934, -20.09759305442772259, 8.000000000000000000 ) ) ;
#1695 = ORIENTED_EDGE ( 'NONE', *, *, #4437, .F. ) ;
#1696 = DIRECTION ( 'NONE',  ( -0.1965251405870916124, -0.9804987858825852109, 0.000000000000000000 ) ) ;
#1697 = DIRECTION ( 'NONE',  ( -0.000000000000000000, 0.000000000000000000, 1.000000000000000000 ) ) ;
#1698 = EDGE_LOOP ( 'NONE', ( #654, #1873, #4531, #393 ) ) ;
#1699 = ORIENTED_EDGE ( 'NONE', *, *, #267, .F. ) ;
#1700 = CARTESIAN_POINT ( 'NONE',  ( -17.54413533195605268, 19.50000000000000355, 4.000000000000000888 ) ) ;
#1701 = ORIENTED_EDGE ( 'NONE', *, *, #2762, .F. ) ;
#1702 = CARTESIAN_POINT ( 'NONE',  ( 34.00000000000000000, 6.000000000000000000, 0.000000000000000000 ) ) ;
#1703 = DIRECTION ( 'NONE',  ( -1.000000000000000000, 1.445602896647338917E-16, -0.000000000000000000 ) ) ;
#1704 = CARTESIAN_POINT ( 'NONE',  ( -19.99999999999998934, 20.00000000000000355, 8.500000000000000000 ) ) ;
#1705 = DIRECTION ( 'NONE',  ( 0.000000000000000000, 0.000000000000000000, 1.000000000000000000 ) ) ;
#1706 = ADVANCED_FACE ( 'NONE', ( #1261 ), #2566, .T. ) ;
#1707 = VERTEX_POINT ( 'NONE', #3852 ) ;
#1708 = CARTESIAN_POINT ( 'NONE',  ( -11.96538440245398505, -13.96003667199245868, 8.500000000000000000 ) ) ;
#1709 = CARTESIAN_POINT ( 'NONE',  ( 22.50345202424072610, -5.501150674746837943, 0.1321684013745909880 ) ) ;
#1710 = ADVANCED_FACE ( 'NONE', ( #2155 ), #3001, .T. ) ;
#1711 = CIRCLE ( 'NONE', #4261, 2.000000000000001776 ) ;
#1712 = DIRECTION ( 'NONE',  ( -1.000000000000000000, 0.000000000000000000, 0.000000000000000000 ) ) ;
#1713 = ORIENTED_EDGE ( 'NONE', *, *, #1281, .F. ) ;
#1714 = ORIENTED_EDGE ( 'NONE', *, *, #1259, .T. ) ;
#1715 = EDGE_CURVE ( 'NONE', #2391, #4376, #4623, .T. ) ;
#1716 = CARTESIAN_POINT ( 'NONE',  ( -17.58855220393531837, -16.98201256699031703, 2.500000000000000888 ) ) ;
#1717 = CIRCLE ( 'NONE', #5130, 0.4999999999999992228 ) ;
#1718 = DIRECTION ( 'NONE',  ( -0.000000000000000000, -0.000000000000000000, -1.000000000000000000 ) ) ;
#1719 = CIRCLE ( 'NONE', #2878, 1.900000000000000577 ) ;
#1720 = DIRECTION ( 'NONE',  ( 1.000000000000000000, 0.000000000000000000, 0.000000000000000000 ) ) ;
#1721 = ORIENTED_EDGE ( 'NONE', *, *, #680, .T. ) ;
#1722 = DIRECTION ( 'NONE',  ( -0.000000000000000000, -1.000000000000000000, -0.000000000000000000 ) ) ;
#1723 = ORIENTED_EDGE ( 'NONE', *, *, #1178, .F. ) ;
#1724 = DIRECTION ( 'NONE',  ( -1.000000000000000000, 0.000000000000000000, 0.000000000000000000 ) ) ;
#1725 = PLANE ( 'NONE',  #179 ) ;
#1726 = ORIENTED_EDGE ( 'NONE', *, *, #4485, .T. ) ;
#1727 = CARTESIAN_POINT ( 'NONE',  ( -21.86783159850893909, -7.603494795526915873, 0.4988493250788593181 ) ) ;
#1728 = DIRECTION ( 'NONE',  ( -1.000000000000000000, -0.000000000000000000, -0.000000000000000000 ) ) ;
#1729 = CARTESIAN_POINT ( 'NONE',  ( 20.99999999999999645, 22.00000000000000711, 1.000000000000000000 ) ) ;
#1730 = CARTESIAN_POINT ( 'NONE',  ( -32.00000000000000000, -6.000000000000000000, 0.000000000000000000 ) ) ;
#1731 =( BOUNDED_CURVE ( )  B_SPLINE_CURVE ( 3, ( #4316, #126, #1024, #3909 ),
 .UNSPECIFIED., .F., .T. ) 
 B_SPLINE_CURVE_WITH_KNOTS ( ( 4, 4 ),
 ( 0.000000000000000000, 1.570796326794896780 ),
 .UNSPECIFIED. ) 
 CURVE ( )  GEOMETRIC_REPRESENTATION_ITEM ( )  RATIONAL_B_SPLINE_CURVE ( ( 1.000000000000000000, 0.8047378541243649375, 0.8047378541243649375, 1.000000000000000000 ) ) 
 REPRESENTATION_ITEM ( '' )  );
#1732 = CARTESIAN_POINT ( 'NONE',  ( -30.28395306043829649, 2.694222958124179472E-16, 0.000000000000000000 ) ) ;
#1733 = ORIENTED_EDGE ( 'NONE', *, *, #1379, .T. ) ;
#1734 = CARTESIAN_POINT ( 'NONE',  ( -23.99999999999999289, -5.999999999999996447, 14.49999999999999822 ) ) ;
#1735 = ADVANCED_FACE ( 'NONE', ( #2512 ), #1677, .T. ) ;
#1736 = CARTESIAN_POINT ( 'NONE',  ( 22.00000000005318412, -6.000000000051812776, 1.065929979383553716 ) ) ;
#1737 = CARTESIAN_POINT ( 'NONE',  ( 20.99999999999999645, 21.00000000000000355, 1.000000000000000000 ) ) ;
#1738 = ORIENTED_EDGE ( 'NONE', *, *, #3785, .T. ) ;
#1739 = ORIENTED_EDGE ( 'NONE', *, *, #707, .F. ) ;
#1740 = EDGE_LOOP ( 'NONE', ( #1208, #2948, #4087 ) ) ;
#1741 = FACE_OUTER_BOUND ( 'NONE', #5127, .T. ) ;
#1742 = CARTESIAN_POINT ( 'NONE',  ( -33.00000000000000000, 4.000000000000000000, 0.000000000000000000 ) ) ;
#1743 = ADVANCED_FACE ( 'NONE', ( #3744 ), #484, .T. ) ;
#1744 = DIRECTION ( 'NONE',  ( -0.000000000000000000, 0.000000000000000000, 1.000000000000000000 ) ) ;
#1745 = CARTESIAN_POINT ( 'NONE',  ( 0.08565011636694659647, -26.06148069700425296, 4.000000000000000888 ) ) ;
#1746 = EDGE_CURVE ( 'NONE', #785, #789, #4705, .T. ) ;
#1747 = APPLICATION_CONTEXT ( 'automotive_design' ) ;
#1748 =( BOUNDED_CURVE ( )  B_SPLINE_CURVE ( 3, ( #1447, #649, #2343, #3129 ),
 .UNSPECIFIED., .F., .T. ) 
 B_SPLINE_CURVE_WITH_KNOTS ( ( 4, 4 ),
 ( 1.570796326794896780, 3.141592653589793116 ),
 .UNSPECIFIED. ) 
 CURVE ( )  GEOMETRIC_REPRESENTATION_ITEM ( )  RATIONAL_B_SPLINE_CURVE ( ( 1.000000000000000000, 0.8047378541243650485, 0.8047378541243650485, 1.000000000000000000 ) ) 
 REPRESENTATION_ITEM ( '' )  );
#1749 = ORIENTED_EDGE ( 'NONE', *, *, #797, .F. ) ;
#1750 = CARTESIAN_POINT ( 'NONE',  ( 14.13461559754572328, 14.03996332800754132, 14.49999999999999822 ) ) ;
#1751 = VERTEX_POINT ( 'NONE', #877 ) ;
#1752 = AXIS2_PLACEMENT_3D ( 'NONE', #3074, #4357, #3917 ) ;
#1753 = DIRECTION ( 'NONE',  ( -7.885106708985489034E-17, 1.000000000000000000, -0.000000000000000000 ) ) ;
#1754 = DIRECTION ( 'NONE',  ( 1.000000000000000000, 0.000000000000000000, 0.000000000000000000 ) ) ;
#1755 = ORIENTED_EDGE ( 'NONE', *, *, #288, .T. ) ;
#1756 = DIRECTION ( 'NONE',  ( 0.000000000000000000, -0.000000000000000000, -1.000000000000000000 ) ) ;
#1757 = DIRECTION ( 'NONE',  ( 0.000000000000000000, -0.000000000000000000, -1.000000000000000000 ) ) ;
#1758 = DIRECTION ( 'NONE',  ( 7.885106708985489034E-17, -1.000000000000000000, -0.000000000000000000 ) ) ;
#1759 = AXIS2_PLACEMENT_3D ( 'NONE', #603, #2734, #1378 ) ;
#1760 = FACE_OUTER_BOUND ( 'NONE', #5374, .T. ) ;
#1761 = DIRECTION ( 'NONE',  ( 0.2093069875508640765, 0.9778499808060449050, 0.000000000000000000 ) ) ;
#1762 = ORIENTED_EDGE ( 'NONE', *, *, #1081, .F. ) ;
#1763 = CARTESIAN_POINT ( 'NONE',  ( -21.50115067474678199, -6.503452024240502283, 15.36783159862544323 ) ) ;
#1764 = AXIS2_PLACEMENT_3D ( 'NONE', #5414, #4476, #4621 ) ;
#1765 = AXIS2_PLACEMENT_3D ( 'NONE', #4084, #2423, #3316 ) ;
#1766 = DIRECTION ( 'NONE',  ( 0.000000000000000000, 0.000000000000000000, 1.000000000000000000 ) ) ;
#1767 = CYLINDRICAL_SURFACE ( 'NONE', #829, 1.000000000000000000 ) ;
#1768 = EDGE_LOOP ( 'NONE', ( #2302, #2076, #4237, #2082 ) ) ;
#1769 = AXIS2_PLACEMENT_3D ( 'NONE', #929, #2149, #2588 ) ;
#1770 = VERTEX_POINT ( 'NONE', #3824 ) ;
#1771 = DIRECTION ( 'NONE',  ( -0.000000000000000000, 0.000000000000000000, -1.000000000000000000 ) ) ;
#1772 = FACE_OUTER_BOUND ( 'NONE', #4923, .T. ) ;
#1773 = EDGE_CURVE ( 'NONE', #2335, #2057, #5416, .T. ) ;
#1774 = DIRECTION ( 'NONE',  ( -1.000000000000000000, 1.224646799147352468E-16, 0.000000000000000000 ) ) ;
#1775 = CARTESIAN_POINT ( 'NONE',  ( -16.93855220393495742, 17.01798743300968653, 2.500000000000001332 ) ) ;
#1776 = CIRCLE ( 'NONE', #2490, 2.000000000000001776 ) ;
#1777 = CARTESIAN_POINT ( 'NONE',  ( 24.00000000000000000, 6.000000000000000000, 14.49999999999999822 ) ) ;
#1778 = ORIENTED_EDGE ( 'NONE', *, *, #4834, .F. ) ;
#1779 = CARTESIAN_POINT ( 'NONE',  ( -34.00000000000000000, -4.000000000000000000, 14.49999999999999822 ) ) ;
#1780 = VERTEX_POINT ( 'NONE', #2594 ) ;
#1781 = AXIS2_PLACEMENT_3D ( 'NONE', #4547, #1972, #1212 ) ;
#1782 = FACE_OUTER_BOUND ( 'NONE', #969, .T. ) ;
#1783 = ADVANCED_FACE ( 'NONE', ( #1655 ), #3026, .T. ) ;
#1784 = DIRECTION ( 'NONE',  ( 0.000000000000000000, 0.000000000000000000, -1.000000000000000000 ) ) ;
#1785 = VERTEX_POINT ( 'NONE', #5073 ) ;
#1786 = PLANE ( 'NONE',  #2558 ) ;
#1787 = EDGE_CURVE ( 'NONE', #3842, #1502, #376, .T. ) ;
#1788 = CARTESIAN_POINT ( 'NONE',  ( 21.39276988155044990, 5.130923293851433975, 15.49999999999999822 ) ) ;
#1789 = DIRECTION ( 'NONE',  ( 1.000000000000000000, 0.000000000000000000, 0.000000000000000000 ) ) ;
#1790 = DIRECTION ( 'NONE',  ( -0.9778499808060449050, 0.2093069875508640765, 0.000000000000000000 ) ) ;
#1791 = CARTESIAN_POINT ( 'NONE',  ( 20.00000000000000000, -20.09759305442772259, 3.500000000000001332 ) ) ;
#1792 = DIRECTION ( 'NONE',  ( 1.000000000000000000, 0.000000000000000000, 0.000000000000000000 ) ) ;
#1793 = AXIS2_PLACEMENT_3D ( 'NONE', #2297, #4315, #3990 ) ;
#1794 = CARTESIAN_POINT ( 'NONE',  ( 23.26016043366309560, -5.753386811221017361, 0.3391732488479244356 ) ) ;
#1795 = DIRECTION ( 'NONE',  ( 0.000000000000000000, 0.000000000000000000, -1.000000000000000000 ) ) ;
#1796 = VERTEX_POINT ( 'NONE', #2182 ) ;
#1797 = EDGE_LOOP ( 'NONE', ( #3041, #72, #987 ) ) ;
#1798 = DIRECTION ( 'NONE',  ( -0.000000000000000000, -0.000000000000000000, -1.000000000000000000 ) ) ;
#1799 = DIRECTION ( 'NONE',  ( 1.000000000000000000, 0.000000000000000000, 0.000000000000000000 ) ) ;
#1800 = CIRCLE ( 'NONE', #3078, 1.900000000000000577 ) ;
#1801 = AXIS2_PLACEMENT_3D ( 'NONE', #2602, #492, #1354 ) ;
#1802 = DIRECTION ( 'NONE',  ( 1.000000000000000000, 0.000000000000000000, 0.000000000000000000 ) ) ;
#1803 = CARTESIAN_POINT ( 'NONE',  ( -28.08395306043829365, 0.000000000000000000, 15.50000000000000000 ) ) ;
#1804 = DIRECTION ( 'NONE',  ( -1.000000000000000000, 0.000000000000000000, 0.000000000000000000 ) ) ;
#1805 = ORIENTED_EDGE ( 'NONE', *, *, #5335, .F. ) ;
#1806 = DIRECTION ( 'NONE',  ( -1.000000000000000000, 0.000000000000000000, 0.000000000000000000 ) ) ;
#1807 = VECTOR ( 'NONE', #160, 1000.000000000000000 ) ;
#1808 = EDGE_LOOP ( 'NONE', ( #4787, #1701, #174, #2727 ) ) ;
#1809 = AXIS2_PLACEMENT_3D ( 'NONE', #338, #744, #394 ) ;
#1810 = VECTOR ( 'NONE', #3025, 1000.000000000000000 ) ;
#1811 = ADVANCED_FACE ( 'NONE', ( #1317 ), #1290, .T. ) ;
#1812 = LINE ( 'NONE', #3845, #2833 ) ;
#1813 = CIRCLE ( 'NONE', #1276, 1.650000000000003908 ) ;
#1814 = DIRECTION ( 'NONE',  ( -0.000000000000000000, 1.000000000000000000, -0.000000000000000000 ) ) ;
#1815 = EDGE_LOOP ( 'NONE', ( #738, #2328, #4218, #5409 ) ) ;
#1816 = VECTOR ( 'NONE', #812, 1000.000000000000000 ) ;
#1817 = DIRECTION ( 'NONE',  ( -0.000000000000000000, -0.000000000000000000, 1.000000000000000000 ) ) ;
#1818 = CARTESIAN_POINT ( 'NONE',  ( -16.26538440245428063, 14.03996332800754132, 15.50000000000000000 ) ) ;
#1819 = VECTOR ( 'NONE', #238, 1000.000000000000000 ) ;
#1820 = CARTESIAN_POINT ( 'NONE',  ( -13.86538440245427850, 14.03996332800754132, 15.50000000000000000 ) ) ;
#1821 = EDGE_CURVE ( 'NONE', #81, #3756, #5003, .T. ) ;
#1822 = LINE ( 'NONE', #1023, #4873 ) ;
#1823 = CARTESIAN_POINT ( 'NONE',  ( 0.08565011636694659647, -26.06148069700425296, 8.500000000000000000 ) ) ;
#1824 = ADVANCED_FACE ( 'NONE', ( #2922, #4201, #403, #851, #2542, #429, #2129, #3796 ), #17, .T. ) ;
#1825 = PLANE ( 'NONE',  #263 ) ;
#1826 = CARTESIAN_POINT ( 'NONE',  ( -34.00000000000000000, -6.000000000000000000, 14.49999999999999822 ) ) ;
#1827 = ORIENTED_EDGE ( 'NONE', *, *, #2025, .F. ) ;
#1828 = ORIENTED_EDGE ( 'NONE', *, *, #2561, .F. ) ;
#1830 = FACE_OUTER_BOUND ( 'NONE', #3566, .T. ) ;
#1829 = DIRECTION ( 'NONE',  ( 1.000000000000000000, 0.000000000000000000, 0.000000000000000000 ) ) ;
#1831 = CARTESIAN_POINT ( 'NONE',  ( -18.08855220393495955, 17.01798743300968653, 2.000000000000000888 ) ) ;
#1832 = VECTOR ( 'NONE', #73, 1000.000000000000227 ) ;
#1833 = CARTESIAN_POINT ( 'NONE',  ( -16.18133610807172573, -2.018995126572693533, 4.000000000000000888 ) ) ;
#1834 = DIRECTION ( 'NONE',  ( 1.000000000000000000, 0.000000000000000000, 0.000000000000000000 ) ) ;
#1835 = CARTESIAN_POINT ( 'NONE',  ( 0.000000000000000000, 0.000000000000000000, 15.50000000000000000 ) ) ;
#1836 = ORIENTED_EDGE ( 'NONE', *, *, #5132, .T. ) ;
#1837 = DIRECTION ( 'NONE',  ( 0.000000000000000000, 0.000000000000000000, -1.000000000000000000 ) ) ;
#1838 = EDGE_LOOP ( 'NONE', ( #2586, #2173, #4096 ) ) ;
#1839 = CARTESIAN_POINT ( 'NONE',  ( 21.52859211757027325, -5.528592117570272357, 0.08382357770382936613 ) ) ;
#1840 = ORIENTED_EDGE ( 'NONE', *, *, #2459, .T. ) ;
#1841 = DIRECTION ( 'NONE',  ( -0.000000000000000000, 0.000000000000000000, 1.000000000000000000 ) ) ;
#1842 = ORIENTED_EDGE ( 'NONE', *, *, #5101, .F. ) ;
#1843 = CIRCLE ( 'NONE', #4503, 2.000000000000001776 ) ;
#1844 = DIRECTION ( 'NONE',  ( 1.000000000000000000, 0.000000000000000000, 0.000000000000000000 ) ) ;
#1845 = DIRECTION ( 'NONE',  ( 1.000000000000000000, 0.000000000000000000, 0.000000000000000000 ) ) ;
#1846 = FACE_OUTER_BOUND ( 'NONE', #319, .T. ) ;
#1847 = ADVANCED_FACE ( 'NONE', ( #4345 ), #5194, .T. ) ;
#1848 = LINE ( 'NONE', #1882, #911 ) ;
#1849 = CARTESIAN_POINT ( 'NONE',  ( -20.99999999999999289, 5.000000000000000000, 0.000000000000000000 ) ) ;
#1850 = DIRECTION ( 'NONE',  ( 1.000000000000000000, 0.000000000000000000, 0.000000000000000000 ) ) ;
#1851 = VECTOR ( 'NONE', #2708, 1000.000000000000000 ) ;
#1852 = ADVANCED_FACE ( 'NONE', ( #4373 ), #4284, .T. ) ;
#1853 = EDGE_CURVE ( 'NONE', #4481, #147, #2693, .T. ) ;
#1854 = VERTEX_POINT ( 'NONE', #150 ) ;
#1855 = VECTOR ( 'NONE', #3653, 1000.000000000000000 ) ;
#1856 = ORIENTED_EDGE ( 'NONE', *, *, #2151, .T. ) ;
#1858 = CARTESIAN_POINT ( 'NONE',  ( -12.46538440245398682, -13.96003667199245868, -4.500000000000000888 ) ) ;
#1857 = DIRECTION ( 'NONE',  ( 0.000000000000000000, -0.000000000000000000, -1.000000000000000000 ) ) ;
#1859 = CARTESIAN_POINT ( 'NONE',  ( -16.18133610807172573, -2.018995126572693533, 4.000000000000000888 ) ) ;
#1860 = AXIS2_PLACEMENT_3D ( 'NONE', #477, #5187, #1394 ) ;
#1861 = EDGE_CURVE ( 'NONE', #19, #3543, #1892, .T. ) ;
#1862 = CARTESIAN_POINT ( 'NONE',  ( -32.00000000000000000, -5.000000000000000000, 0.000000000000000000 ) ) ;
#1863 = DIRECTION ( 'NONE',  ( 1.000000000000000000, 0.000000000000000000, 0.000000000000000000 ) ) ;
#1864 = AXIS2_PLACEMENT_3D ( 'NONE', #4788, #1511, #3194 ) ;
#1865 = DIRECTION ( 'NONE',  ( 0.000000000000000000, 0.000000000000000000, -1.000000000000000000 ) ) ;
#1866 = ORIENTED_EDGE ( 'NONE', *, *, #3868, .T. ) ;
#1867 = ORIENTED_EDGE ( 'NONE', *, *, #1067, .T. ) ;
#1868 = CARTESIAN_POINT ( 'NONE',  ( -21.58578643762690064, -6.757359312880709901, 1.226387906749792961E-16 ) ) ;
#1869 = VERTEX_POINT ( 'NONE', #2207 ) ;
#1870 = CIRCLE ( 'NONE', #3531, 3.200000000000001510 ) ;
#1871 = FACE_OUTER_BOUND ( 'NONE', #5324, .T. ) ;
#1872 = CIRCLE ( 'NONE', #5022, 1.150000000000001688 ) ;
#1873 = ORIENTED_EDGE ( 'NONE', *, *, #1584, .T. ) ;
#1874 = DIRECTION ( 'NONE',  ( 1.000000000000000000, 0.000000000000000000, 0.000000000000000000 ) ) ;
#1875 = CARTESIAN_POINT ( 'NONE',  ( 15.91144779606468873, -16.98201256699031703, 2.000000000000000888 ) ) ;
#1876 = CARTESIAN_POINT ( 'NONE',  ( 16.38257309546538210, -1.959793730387154875, 8.000000000000000000 ) ) ;
#1877 = ORIENTED_EDGE ( 'NONE', *, *, #5439, .T. ) ;
#1878 = CARTESIAN_POINT ( 'NONE',  ( -21.93565644969626049, -5.935656449695611236, 0.3802531979569259701 ) ) ;
#1879 = CARTESIAN_POINT ( 'NONE',  ( 21.00000000000000000, 4.999999999999994671, 15.49999999999999822 ) ) ;
#1880 = AXIS2_PLACEMENT_3D ( 'NONE', #3964, #127, #998 ) ;
#1881 = CARTESIAN_POINT ( 'NONE',  ( 19.73527179840471746, -19.82913035694337012, 8.500000000000000000 ) ) ;
#1882 = CARTESIAN_POINT ( 'NONE',  ( -3.044323699954368578, 14.72518016131594010, 8.500000000000000000 ) ) ;
#1883 = CARTESIAN_POINT ( 'NONE',  ( -15.96545236919032185, 0.04766134921489825760, 4.000000000000000888 ) ) ;
#1884 = DIRECTION ( 'NONE',  ( -0.000000000000000000, 0.000000000000000000, 1.000000000000000000 ) ) ;
#1885 = EDGE_CURVE ( 'NONE', #3823, #5183, #4433, .T. ) ;
#1886 = ORIENTED_EDGE ( 'NONE', *, *, #3389, .F. ) ;
#1887 = ORIENTED_EDGE ( 'NONE', *, *, #4031, .F. ) ;
#1888 =( BOUNDED_SURFACE ( )  B_SPLINE_SURFACE ( 3, 2, ( 
 ( #2070, #1676, #5415 ),
 ( #1654, #3327, #1235 ),
 ( #2921, #4595, #2511 ),
 ( #3350, #5026, #4283 ),
 ( #3928, #3461, #1020 ),
 ( #3956, #2617, #991 ),
 ( #149, #3988, #5129 ),
 ( #598, #3545, #3880 ),
 ( #180, #959, #1460 ),
 ( #2206, #5158, #1400 ),
 ( #3085, #507, #4372 ),
 ( #2676, #4344, #4730 ),
 ( #2705, #3141, #4817 ),
 ( #3115, #3576, #2294 ),
 ( #1788, #2324, #3058 ),
 ( #1044, #4703, #1879 ) ),
 .UNSPECIFIED., .F., .F., .F. ) 
 B_SPLINE_SURFACE_WITH_KNOTS ( ( 4, 2, 2, 2, 2, 2, 2, 4 ),
 ( 3, 3 ),
 ( 3.141592653589793116, 3.337942194439155408, 3.534291735288517255, 3.730641276137879103, 3.926990816987241395, 4.123340357836603687, 4.319689898685965090, 4.712388980384689674 ),
 ( 0.000000000000000000, 1.000000000000000000 ),
 .UNSPECIFIED. ) 
 GEOMETRIC_REPRESENTATION_ITEM ( )  RATIONAL_B_SPLINE_SURFACE ( (
 ( 1.000000000000000000, 0.7071067811865482389, 1.000000000000000000),
 ( 1.000000000000000000, 0.7070717276407499918, 1.000000000000000000),
 ( 1.000000000000000000, 0.7117460035099105742, 1.000000000000000000),
 ( 1.000000000000000000, 0.7291288930334072216, 1.000000000000000000),
 ( 1.000000000000000000, 0.7418334192086987189, 1.000000000000000000),
 ( 1.000000000000000000, 0.7723968204885051092, 1.000000000000000000),
 ( 1.000000000000000000, 0.7902180097995931130, 1.000000000000000000),
 ( 1.000000000000000000, 0.8275942684437479491, 1.000000000000000000),
 ( 1.000000000000000000, 0.8471316612622441511, 1.000000000000000000),
 ( 1.000000000000000000, 0.8849191463066334862, 1.000000000000000000),
 ( 1.000000000000000000, 0.9031650999538618496, 1.000000000000000000),
 ( 1.000000000000000000, 0.9360421837325327843, 1.000000000000000000),
 ( 1.000000000000000000, 0.9506740357170841982, 1.000000000000000000),
 ( 1.000000000000000000, 0.9867291882093001121, 1.000000000000000000),
 ( 1.000000000000000000, 1.000158581554918769, 1.000000000000000000),
 ( 1.000000000000000000, 1.000000000000000000, 1.000000000000000000) ) ) 
 REPRESENTATION_ITEM ( '' )  SURFACE ( )  );
#1890 = CARTESIAN_POINT ( 'NONE',  ( 22.00000000000000000, 22.00000000000000711, 1.000000000000000000 ) ) ;
#1889 = DIRECTION ( 'NONE',  ( 1.000000000000000000, 0.000000000000000000, 0.000000000000000000 ) ) ;
#1891 = CARTESIAN_POINT ( 'NONE',  ( -13.86538440245398718, -13.96003667199245868, 14.49999999999999822 ) ) ;
#1892 = CIRCLE ( 'NONE', #1352, 0.5000000000000000000 ) ;
#1893 = EDGE_CURVE ( 'NONE', #3395, #2407, #3903, .T. ) ;
#1894 = DIRECTION ( 'NONE',  ( 0.000000000000000000, -0.000000000000000000, -1.000000000000000000 ) ) ;
#1895 = LINE ( 'NONE', #5180, #2830 ) ;
#1896 = EDGE_LOOP ( 'NONE', ( #2857, #596, #3887, #2966 ) ) ;
#1897 = EDGE_CURVE ( 'NONE', #4278, #3578, #1970, .T. ) ;
#1898 = CARTESIAN_POINT ( 'NONE',  ( 20.00000000000000000, 20.00000000000000355, 8.500000000000000000 ) ) ;
#1899 = ORIENTED_EDGE ( 'NONE', *, *, #217, .F. ) ;
#1900 = CARTESIAN_POINT ( 'NONE',  ( -21.75338681122100226, 7.260160433662888657, 0.3391732488479111685 ) ) ;
#1901 = AXIS2_PLACEMENT_3D ( 'NONE', #3382, #46, #3470 ) ;
#1902 = FACE_OUTER_BOUND ( 'NONE', #2367, .T. ) ;
#1903 = AXIS2_PLACEMENT_3D ( 'NONE', #5205, #971, #3914 ) ;
#1904 = ORIENTED_EDGE ( 'NONE', *, *, #1612, .F. ) ;
#1905 = VECTOR ( 'NONE', #866, 1000.000000000000000 ) ;
#1906 = DIRECTION ( 'NONE',  ( -0.000000000000000000, -0.000000000000000000, 1.000000000000000000 ) ) ;
#1907 = ORIENTED_EDGE ( 'NONE', *, *, #2805, .T. ) ;
#1908 = CARTESIAN_POINT ( 'NONE',  ( -20.99999999999999289, -4.999999999999992006, 4.336808689942017736E-16 ) ) ;
#1909 = CARTESIAN_POINT ( 'NONE',  ( 25.88395306043829436, 2.694222958124181444E-16, 14.49999999999999822 ) ) ;
#1910 = CIRCLE ( 'NONE', #1631, 1.650000000000002132 ) ;
#1911 = CARTESIAN_POINT ( 'NONE',  ( 2.162646365479770072, 16.31225711202543138, 4.000000000000000888 ) ) ;
#1912 = DIRECTION ( 'NONE',  ( 1.000000000000000000, 0.000000000000000000, 0.000000000000000000 ) ) ;
#1913 = CARTESIAN_POINT ( 'NONE',  ( 17.58153507763701029, 19.50000000000000355, 4.000000000000000888 ) ) ;
#1914 = DIRECTION ( 'NONE',  ( 1.000000000000000000, 0.000000000000000000, 0.000000000000000000 ) ) ;
#1915 = EDGE_CURVE ( 'NONE', #640, #3913, #4591, .T. ) ;
#1916 = VERTEX_POINT ( 'NONE', #2326 ) ;
#1917 = ORIENTED_EDGE ( 'NONE', *, *, #936, .F. ) ;
#1919 = CARTESIAN_POINT ( 'NONE',  ( 21.79510762609614360, 7.385322878288354431, 0.3900102088819374924 ) ) ;
#1918 = DIRECTION ( 'NONE',  ( -0.000000000000000000, 0.000000000000000000, 1.000000000000000000 ) ) ;
#1920 = DIRECTION ( 'NONE',  ( -0.000000000000000000, -0.000000000000000000, 1.000000000000000000 ) ) ;
#1921 = EDGE_CURVE ( 'NONE', #2856, #2121, #4765, .T. ) ;
#1922 = CARTESIAN_POINT ( 'NONE',  ( 0.000000000000000000, 0.000000000000000000, 14.49999999999999822 ) ) ;
#1923 = ADVANCED_FACE ( 'NONE', ( #1045 ), #4792, .F. ) ;
#1924 = DIRECTION ( 'NONE',  ( -0.9782559316841348274, -0.2074013792741155049, 0.000000000000000000 ) ) ;
#1925 = CARTESIAN_POINT ( 'NONE',  ( -21.96801664891365391, 7.904049946741134924, 14.75928256736403554 ) ) ;
#1926 = EDGE_LOOP ( 'NONE', ( #2011, #3111, #4913, #3876 ) ) ;
#1927 = ORIENTED_EDGE ( 'NONE', *, *, #3760, .T. ) ;
#1928 = CARTESIAN_POINT ( 'NONE',  ( 16.53461559754601495, -13.96003667199245868, 14.49999999999999822 ) ) ;
#1929 = ORIENTED_EDGE ( 'NONE', *, *, #1587, .F. ) ;
#1930 = EDGE_CURVE ( 'NONE', #3709, #2711, #2848, .T. ) ;
#1931 = ADVANCED_FACE ( 'NONE', ( #1846 ), #2643, .T. ) ;
#1932 = CARTESIAN_POINT ( 'NONE',  ( -9.000000000000000000, 0.000000000000000000, 14.49999999999999822 ) ) ;
#1933 = EDGE_LOOP ( 'NONE', ( #4552, #4973, #5112, #3774 ) ) ;
#1934 = CARTESIAN_POINT ( 'NONE',  ( 2.178719991875586626, -16.28298088894380058, 4.000000000000000888 ) ) ;
#1935 = CARTESIAN_POINT ( 'NONE',  ( -20.99999999999999645, 21.00000000000000355, 8.500000000000000000 ) ) ;
#1936 = ORIENTED_EDGE ( 'NONE', *, *, #2671, .F. ) ;
#1937 = DIRECTION ( 'NONE',  ( -0.000000000000000000, 0.000000000000000000, -1.000000000000000000 ) ) ;
#1938 = CARTESIAN_POINT ( 'NONE',  ( 21.58578643762691129, -6.757359312880711677, 15.49999999999999822 ) ) ;
#1939 = AXIS2_PLACEMENT_3D ( 'NONE', #2770, #2486, #1653 ) ;
#1940 = DIRECTION ( 'NONE',  ( -1.000000000000000000, 0.000000000000000000, 0.000000000000000000 ) ) ;
#1941 = DIRECTION ( 'NONE',  ( 0.9784116261118590563, -0.2066656475787591318, 0.000000000000000000 ) ) ;
#1942 = FACE_OUTER_BOUND ( 'NONE', #460, .T. ) ;
#1943 = EDGE_LOOP ( 'NONE', ( #5246, #2589, #448, #42 ) ) ;
#1944 = VERTEX_POINT ( 'NONE', #5251 ) ;
#1946 = CARTESIAN_POINT ( 'NONE',  ( 22.12560186952718766, 6.125601869526819954, 1.211977651904087461 ) ) ;
#1945 = FACE_OUTER_BOUND ( 'NONE', #4393, .T. ) ;
#1947 = DIRECTION ( 'NONE',  ( -0.000000000000000000, 0.000000000000000000, 1.000000000000000000 ) ) ;
#1948 = ORIENTED_EDGE ( 'NONE', *, *, #1402, .T. ) ;
#1949 = AXIS2_PLACEMENT_3D ( 'NONE', #198, #4446, #5292 ) ;
#1950 = CARTESIAN_POINT ( 'NONE',  ( 0.000000000000000000, -19.59759305442772259, 3.500000000000000888 ) ) ;
#1951 = CARTESIAN_POINT ( 'NONE',  ( -22.21530969695779945, 6.215309696958225771, 14.63582090926657919 ) ) ;
#1952 = EDGE_LOOP ( 'NONE', ( #4205, #2262, #3985, #889 ) ) ;
#1953 = CARTESIAN_POINT ( 'NONE',  ( -23.99999999999999645, 8.000000000000000000, 1.000000000000000000 ) ) ;
#1954 = VERTEX_POINT ( 'NONE', #1486 ) ;
#1955 = ADVANCED_FACE ( 'NONE', ( #3166 ), #5103, .T. ) ;
#1956 = CIRCLE ( 'NONE', #3518, 2.000000000000001776 ) ;
#1957 = CIRCLE ( 'NONE', #1765, 1.000000000000000888 ) ;
#1958 = CARTESIAN_POINT ( 'NONE',  ( 33.00000000000000000, -4.000000000000000000, 1.000000000000000000 ) ) ;
#1959 = ORIENTED_EDGE ( 'NONE', *, *, #322, .T. ) ;
#1960 = DIRECTION ( 'NONE',  ( -0.000000000000000000, 0.000000000000000000, 1.000000000000000000 ) ) ;
#1961 = DIRECTION ( 'NONE',  ( -0.000000000000000000, 0.000000000000000000, 1.000000000000000000 ) ) ;
#1962 = DIRECTION ( 'NONE',  ( 0.000000000000000000, -0.000000000000000000, 1.000000000000000000 ) ) ;
#1963 = ORIENTED_EDGE ( 'NONE', *, *, #3630, .T. ) ;
#1964 = DIRECTION ( 'NONE',  ( 0.000000000000000000, -1.000000000000000000, 0.000000000000000000 ) ) ;
#1965 = DIRECTION ( 'NONE',  ( -0.000000000000000000, 0.000000000000000000, 1.000000000000000000 ) ) ;
#1966 = DIRECTION ( 'NONE',  ( -0.000000000000000000, -0.000000000000000000, 1.000000000000000000 ) ) ;
#1967 = EDGE_CURVE ( 'NONE', #902, #2737, #2412, .T. ) ;
#1968 = AXIS2_PLACEMENT_3D ( 'NONE', #3, #4300, #4748 ) ;
#1969 = ADVANCED_FACE ( 'NONE', ( #5159 ), #1401, .T. ) ;
#1970 = CIRCLE ( 'NONE', #5376, 0.5000000000000004441 ) ;
#1971 = CARTESIAN_POINT ( 'NONE',  ( 16.53461559754601495, -13.96003667199245868, 15.50000000000000000 ) ) ;
#1972 = DIRECTION ( 'NONE',  ( -0.000000000000000000, 0.000000000000000000, 1.000000000000000000 ) ) ;
#1973 = LINE ( 'NONE', #5309, #364 ) ;
#1974 = EDGE_LOOP ( 'NONE', ( #2784, #2954, #4506, #4991 ) ) ;
#1975 = EDGE_LOOP ( 'NONE', ( #2499, #711, #2913, #312 ) ) ;
#1976 = FACE_OUTER_BOUND ( 'NONE', #1698, .T. ) ;
#1977 = CYLINDRICAL_SURFACE ( 'NONE', #1058, 9.999999999999994671 ) ;
#1978 = ORIENTED_EDGE ( 'NONE', *, *, #3393, .T. ) ;
#1979 = CARTESIAN_POINT ( 'NONE',  ( 12.73461559754572292, 14.03996332800754132, 14.49999999999999822 ) ) ;
#1980 = CARTESIAN_POINT ( 'NONE',  ( -21.52859211756845070, 5.528592117571856868, 15.41617642229532237 ) ) ;
#1981 = EDGE_LOOP ( 'NONE', ( #5172, #5011, #286, #3789 ) ) ;
#1982 = DIRECTION ( 'NONE',  ( -0.000000000000000000, 0.000000000000000000, 1.000000000000000000 ) ) ;
#1983 = EDGE_LOOP ( 'NONE', ( #3574, #764, #1641, #5081, #66, #3661, #2797 ) ) ;
#1984 = VECTOR ( 'NONE', #4020, 1000.000000000000000 ) ;
#1985 = CARTESIAN_POINT ( 'NONE',  ( 14.88960062451318755, 2.969601820740103371, 8.500000000000000000 ) ) ;
#1986 = EDGE_LOOP ( 'NONE', ( #4135, #3048, #2443, #4074 ) ) ;
#1987 = FACE_OUTER_BOUND ( 'NONE', #2104, .T. ) ;
#1988 = ORIENTED_EDGE ( 'NONE', *, *, #4943, .F. ) ;
#1989 = FACE_OUTER_BOUND ( 'NONE', #4241, .T. ) ;
#1990 = EDGE_CURVE ( 'NONE', #4938, #3836, #4898, .T. ) ;
#1991 = DIRECTION ( 'NONE',  ( -0.000000000000000000, 0.000000000000000000, 1.000000000000000000 ) ) ;
#1992 = TOROIDAL_SURFACE ( 'NONE', #4169, 3.200000000000001954, 1.000000000000000000 ) ;
#1993 = ORIENTED_EDGE ( 'NONE', *, *, #2489, .F. ) ;
#1994 = VECTOR ( 'NONE', #2154, 1000.000000000000000 ) ;
#1995 = DIRECTION ( 'NONE',  ( 1.000000000000000000, 0.000000000000000000, 0.000000000000000000 ) ) ;
#1996 = ADVANCED_FACE ( 'NONE', ( #1989 ), #2410, .T. ) ;
#1997 = CARTESIAN_POINT ( 'NONE',  ( -23.99999999999999645, 6.000000000000000000, 14.49999999999999822 ) ) ;
#1998 = CARTESIAN_POINT ( 'NONE',  ( 21.84231792614528445, -5.842317926145401685, 15.20612557199089210 ) ) ;
#1999 = DIRECTION ( 'NONE',  ( -0.000000000000000000, 0.000000000000000000, 1.000000000000000000 ) ) ;
#2000 = ADVANCED_FACE ( 'NONE', ( #1074 ), #811, .T. ) ;
#2001 = ORIENTED_EDGE ( 'NONE', *, *, #153, .F. ) ;
#2002 = ORIENTED_EDGE ( 'NONE', *, *, #84, .T. ) ;
#2003 = DIRECTION ( 'NONE',  ( -1.000000000000000000, 0.000000000000000000, 0.000000000000000000 ) ) ;
#2004 = DIRECTION ( 'NONE',  ( -0.1965251405870920010, -0.9804987858825854330, 0.000000000000000000 ) ) ;
#2005 = CARTESIAN_POINT ( 'NONE',  ( -23.38532287828805778, 5.795107626096253739, 15.10998979111789886 ) ) ;
#2006 = FACE_OUTER_BOUND ( 'NONE', #1590, .T. ) ;
#2007 = ORIENTED_EDGE ( 'NONE', *, *, #2025, .T. ) ;
#2008 = CARTESIAN_POINT ( 'NONE',  ( 33.00000000000000000, 4.000000000000000000, 1.000000000000000000 ) ) ;
#2009 = ORIENTED_EDGE ( 'NONE', *, *, #639, .T. ) ;
#2010 = DIRECTION ( 'NONE',  ( -0.000000000000000000, 0.000000000000000000, 1.000000000000000000 ) ) ;
#2011 = ORIENTED_EDGE ( 'NONE', *, *, #3169, .T. ) ;
#2012 = CARTESIAN_POINT ( 'NONE',  ( -7.228014483236686695E-16, -4.999999999999994671, 14.49999999999999822 ) ) ;
#2013 = CARTESIAN_POINT ( 'NONE',  ( -18.58855220393495955, 17.01798743300968653, 8.500000000000000000 ) ) ;
#2014 = ORIENTED_EDGE ( 'NONE', *, *, #3891, .T. ) ;
#2015 = LINE ( 'NONE', #1190, #3658 ) ;
#2016 = DIRECTION ( 'NONE',  ( 0.000000000000000000, 0.000000000000000000, 1.000000000000000000 ) ) ;
#2017 = DIRECTION ( 'NONE',  ( 0.000000000000000000, -1.000000000000000000, 0.000000000000000000 ) ) ;
#2018 = CARTESIAN_POINT ( 'NONE',  ( 21.94892610418523304, -7.846778312555628077, 14.82221565933889629 ) ) ;
#2019 = ADVANCED_FACE ( 'NONE', ( #4466 ), #3532, .F. ) ;
#2020 = EDGE_LOOP ( 'NONE', ( #4060, #4672, #3260, #2166, #4113 ) ) ;
#2021 = CIRCLE ( 'NONE', #5074, 10.00000000000000178 ) ;
#2022 = ORIENTED_EDGE ( 'NONE', *, *, #1675, .F. ) ;
#2023 = LINE ( 'NONE', #4475, #3795 ) ;
#2024 = DIRECTION ( 'NONE',  ( -0.000000000000000000, 0.000000000000000000, 1.000000000000000000 ) ) ;
#2025 = EDGE_CURVE ( 'NONE', #1009, #2880, #4049, .T. ) ;
#2026 = CARTESIAN_POINT ( 'NONE',  ( -21.26183884622484754, 5.261838846226059907, 15.49999999999855049 ) ) ;
#2027 = FACE_OUTER_BOUND ( 'NONE', #1740, .T. ) ;
#2028 = ORIENTED_EDGE ( 'NONE', *, *, #4877, .T. ) ;
#2029 = ORIENTED_EDGE ( 'NONE', *, *, #5087, .F. ) ;
#2030 = CARTESIAN_POINT ( 'NONE',  ( -20.99999999999998934, 4.999999999999997335, 0.000000000000000000 ) ) ;
#2031 = ADVANCED_FACE ( 'NONE', ( #2355 ), #4019, .T. ) ;
#2032 = VECTOR ( 'NONE', #644, 1000.000000000000000 ) ;
#2033 = DIRECTION ( 'NONE',  ( 0.000000000000000000, 1.000000000000000000, 0.000000000000000000 ) ) ;
#2034 = VERTEX_POINT ( 'NONE', #5278 ) ;
#2035 = DIRECTION ( 'NONE',  ( 1.000000000000000000, 0.000000000000000000, 0.000000000000000000 ) ) ;
#2036 = CARTESIAN_POINT ( 'NONE',  ( -18.58855220393495955, 17.01798743300968653, 8.000000000000000000 ) ) ;
#2037 = EDGE_LOOP ( 'NONE', ( #1421, #1927, #3417, #202 ) ) ;
#2038 = VECTOR ( 'NONE', #61, 1000.000000000000000 ) ;
#2039 = AXIS2_PLACEMENT_3D ( 'NONE', #2105, #2188, #4207 ) ;
#2040 = PLANE ( 'NONE',  #1630 ) ;
#2041 = CARTESIAN_POINT ( 'NONE',  ( 17.06144779606504258, 17.01798743300968653, 8.000000000000000000 ) ) ;
#2042 = CARTESIAN_POINT ( 'NONE',  ( 22.00000000000000000, 8.000000000000000000, 1.000000000000000000 ) ) ;
#2043 = CARTESIAN_POINT ( 'NONE',  ( 23.90404994674113581, -5.968016648913667233, 14.75928256736400357 ) ) ;
#2044 = VECTOR ( 'NONE', #4459, 1000.000000000000000 ) ;
#2045 = VECTOR ( 'NONE', #1937, 1000.000000000000000 ) ;
#2046 = EDGE_CURVE ( 'NONE', #1954, #2264, #4230, .T. ) ;
#2047 = ORIENTED_EDGE ( 'NONE', *, *, #709, .F. ) ;
#2048 = DIRECTION ( 'NONE',  ( -1.000000000000000000, 0.000000000000000000, 0.000000000000000000 ) ) ;
#2049 = UNCERTAINTY_MEASURE_WITH_UNIT (LENGTH_MEASURE( 1.000000000000000082E-05 ), #3557, 'distance_accuracy_value', 'NONE');
#2050 = CIRCLE ( 'NONE', #5105, 1.150000000000001688 ) ;
#2051 = VECTOR ( 'NONE', #3934, 1000.000000000000000 ) ;
#2052 = ADVANCED_FACE ( 'NONE', ( #2790 ), #690, .T. ) ;
#2053 = LINE ( 'NONE', #1658, #3878 ) ;
#2054 = DIRECTION ( 'NONE',  ( 0.000000000000000000, 0.000000000000000000, -1.000000000000000000 ) ) ;
#2055 = VERTEX_POINT ( 'NONE', #2879 ) ;
#2056 = DIRECTION ( 'NONE',  ( 1.000000000000000000, 0.000000000000000000, 0.000000000000000000 ) ) ;
#2057 = VERTEX_POINT ( 'NONE', #5390 ) ;
#2058 = LINE ( 'NONE', #4428, #3778 ) ;
#2059 = EDGE_CURVE ( 'NONE', #4494, #1476, #3974, .T. ) ;
#2060 = PLANE ( 'NONE',  #983 ) ;
#2061 = EDGE_CURVE ( 'NONE', #2145, #108, #4876, .T. ) ;
#2062 = ORIENTED_EDGE ( 'NONE', *, *, #3586, .T. ) ;
#2063 = CARTESIAN_POINT ( 'NONE',  ( -25.96545236919031652, 0.04766134921489825760, 8.000000000000000000 ) ) ;
#2064 = ORIENTED_EDGE ( 'NONE', *, *, #1671, .T. ) ;
#2065 = CIRCLE ( 'NONE', #1793, 2.400000000000001243 ) ;
#2066 = CARTESIAN_POINT ( 'NONE',  ( -11.46538440245427637, 14.03996332800754132, 14.49999999999999822 ) ) ;
#2067 = CARTESIAN_POINT ( 'NONE',  ( -22.19286351564855053, 6.192863515648561190, 1.163301135231261219 ) ) ;
#2068 = DIRECTION ( 'NONE',  ( -0.000000000000000000, 1.000000000000000000, 0.000000000000000000 ) ) ;
#2069 = CARTESIAN_POINT ( 'NONE',  ( 22.22877093707588259, 6.228770937076069991, 0.9577428085092225540 ) ) ;
#2070 = CARTESIAN_POINT ( 'NONE',  ( 24.00000000000000000, 6.000000000000000000, 14.49999999999999822 ) ) ;
#2071 = AXIS2_PLACEMENT_3D ( 'NONE', #4272, #2980, #49 ) ;
#2072 = DIRECTION ( 'NONE',  ( 0.1955893037181222482, -0.9806858948058037040, 0.000000000000000000 ) ) ;
#2073 = CIRCLE ( 'NONE', #1451, 1.000000000000000888 ) ;
#2074 = CIRCLE ( 'NONE', #1105, 3.200000000000001510 ) ;
#2075 = AXIS2_PLACEMENT_3D ( 'NONE', #4723, #474, #5065 ) ;
#2076 = ORIENTED_EDGE ( 'NONE', *, *, #3607, .F. ) ;
#2077 = CARTESIAN_POINT ( 'NONE',  ( -21.99999999999999645, -7.999999999998123279, 14.56545058853955688 ) ) ;
#2078 = AXIS2_PLACEMENT_3D ( 'NONE', #4953, #2853, #3309 ) ;
#2079 = EDGE_CURVE ( 'NONE', #902, #1158, #1973, .T. ) ;
#2080 = DIRECTION ( 'NONE',  ( 1.000000000000000000, 0.000000000000000000, 0.000000000000000000 ) ) ;
#2081 = LINE ( 'NONE', #4603, #3818 ) ;
#2082 = ORIENTED_EDGE ( 'NONE', *, *, #425, .F. ) ;
#2083 = EDGE_CURVE ( 'NONE', #169, #1473, #4528, .T. ) ;
#2084 = VERTEX_POINT ( 'NONE', #4548 ) ;
#2085 = DIRECTION ( 'NONE',  ( -0.000000000000000000, 0.000000000000000000, 1.000000000000000000 ) ) ;
#2086 = AXIS2_PLACEMENT_3D ( 'NONE', #176, #656, #3138 ) ;
#2087 = DIRECTION ( 'NONE',  ( 0.000000000000000000, 0.000000000000000000, -1.000000000000000000 ) ) ;
#2088 = ADVANCED_FACE ( 'NONE', ( #1942 ), #3380, .F. ) ;
#2089 = CARTESIAN_POINT ( 'NONE',  ( -2.092064366011267218, -15.78979341432083494, 8.000000000000000000 ) ) ;
#2090 = ORIENTED_EDGE ( 'NONE', *, *, #2722, .F. ) ;
#2091 = EDGE_CURVE ( 'NONE', #3077, #3872, #2882, .T. ) ;
#2092 = DIRECTION ( 'NONE',  ( 0.000000000000000000, 0.000000000000000000, -1.000000000000000000 ) ) ;
#2093 = EDGE_LOOP ( 'NONE', ( #1948, #2449 ) ) ;
#2094 = ADVANCED_FACE ( 'NONE', ( #1976 ), #4319, .T. ) ;
#2095 = EDGE_CURVE ( 'NONE', #1569, #5156, #1605, .T. ) ;
#2096 =( BOUNDED_CURVE ( )  B_SPLINE_CURVE ( 3, ( #2344, #3946, #1868, #4807 ),
 .UNSPECIFIED., .F., .F. ) 
 B_SPLINE_CURVE_WITH_KNOTS ( ( 4, 4 ),
 ( 0.000000000000000000, 1.570796326794896780 ),
 .UNSPECIFIED. ) 
 CURVE ( )  GEOMETRIC_REPRESENTATION_ITEM ( )  RATIONAL_B_SPLINE_CURVE ( ( 1.000000000000000000, 0.8047378541243649375, 0.8047378541243649375, 1.000000000000000000 ) ) 
 REPRESENTATION_ITEM ( '' )  );
#2097 = CARTESIAN_POINT ( 'NONE',  ( -23.90404994674112515, -5.968016648913670785, 0.7407174326360217442 ) ) ;
#2098 = CARTESIAN_POINT ( 'NONE',  ( 21.96801664891366457, 7.904049946740959953, 0.7407174326359841077 ) ) ;
#2099 = DIRECTION ( 'NONE',  ( 1.000000000000000000, 0.000000000000000000, 0.000000000000000000 ) ) ;
#2100 = AXIS2_PLACEMENT_3D ( 'NONE', #3853, #1349, #2972 ) ;
#2101 = DIRECTION ( 'NONE',  ( -0.000000000000000000, 0.000000000000000000, 1.000000000000000000 ) ) ;
#2102 = ORIENTED_EDGE ( 'NONE', *, *, #2557, .T. ) ;
#2103 = CARTESIAN_POINT ( 'NONE',  ( -20.99999999999999645, 22.00000000000000711, 1.000000000000000000 ) ) ;
#2104 = EDGE_LOOP ( 'NONE', ( #1140, #3262, #4839, #1560 ) ) ;
#2105 = CARTESIAN_POINT ( 'NONE',  ( 32.00000000000000000, -4.000000000000000000, 15.50000000000000000 ) ) ;
#2106 = CIRCLE ( 'NONE', #3407, 1.000000000000000888 ) ;
#2107 = LINE ( 'NONE', #23, #4254 ) ;
#2108 = ORIENTED_EDGE ( 'NONE', *, *, #1215, .F. ) ;
#2109 = VECTOR ( 'NONE', #718, 1000.000000000000000 ) ;
#2110 = VERTEX_POINT ( 'NONE', #4982 ) ;
#2111 = LINE ( 'NONE', #2192, #1816 ) ;
#2112 = AXIS2_PLACEMENT_3D ( 'NONE', #5144, #2713, #2337 ) ;
#2113 = CARTESIAN_POINT ( 'NONE',  ( -0.000000000000000000, 21.00000000000000355, 1.000000000000000000 ) ) ;
#2114 = CARTESIAN_POINT ( 'NONE',  ( -9.000000000000000000, 0.000000000000000000, 15.50000000000000000 ) ) ;
#2115 = ORIENTED_EDGE ( 'NONE', *, *, #1622, .T. ) ;
#2116 = FACE_OUTER_BOUND ( 'NONE', #4949, .T. ) ;
#2117 = ORIENTED_EDGE ( 'NONE', *, *, #3065, .T. ) ;
#2118 = STYLED_ITEM ( 'NONE', ( #1275 ), #3476 ) ;
#2119 = EDGE_CURVE ( 'NONE', #4708, #1944, #1635, .T. ) ;
#2120 = CIRCLE ( 'NONE', #3516, 1.000000000000000888 ) ;
#2121 = VERTEX_POINT ( 'NONE', #4933 ) ;
#2122 = CARTESIAN_POINT ( 'NONE',  ( 14.13461559754572328, 14.03996332800754132, 15.50000000000000000 ) ) ;
#2123 = AXIS2_PLACEMENT_3D ( 'NONE', #1835, #3450, #80 ) ;
#2124 = ORIENTED_EDGE ( 'NONE', *, *, #1037, .T. ) ;
#2125 = CARTESIAN_POINT ( 'NONE',  ( 19.50000000000000355, 17.50541131034565012, 4.000000000000000888 ) ) ;
#2126 = AXIS2_PLACEMENT_3D ( 'NONE', #2446, #4936, #2829 ) ;
#2127 = FACE_OUTER_BOUND ( 'NONE', #5097, .T. ) ;
#2128 = DIRECTION ( 'NONE',  ( -1.000000000000000000, 0.000000000000000000, 0.000000000000000000 ) ) ;
#2129 = FACE_BOUND ( 'NONE', #4281, .T. ) ;
#2130 = EDGE_CURVE ( 'NONE', #4611, #4365, #4145, .T. ) ;
#2131 = AXIS2_PLACEMENT_3D ( 'NONE', #3900, #4699, #3456 ) ;
#2132 =( BOUNDED_CURVE ( )  B_SPLINE_CURVE ( 3, ( #1464, #3494, #154, #1080 ),
 .UNSPECIFIED., .F., .T. ) 
 B_SPLINE_CURVE_WITH_KNOTS ( ( 4, 4 ),
 ( 1.570796326794901221, 3.141586661571277972 ),
 .UNSPECIFIED. ) 
 CURVE ( )  GEOMETRIC_REPRESENTATION_ITEM ( )  RATIONAL_B_SPLINE_CURVE ( ( 1.000000000000000000, 0.8047392664545587326, 0.8047392664545587326, 1.000000000000000000 ) ) 
 REPRESENTATION_ITEM ( '' )  );
#2133 = ADVANCED_FACE ( 'NONE', ( #5340 ), #1249, .T. ) ;
#2134 = ORIENTED_EDGE ( 'NONE', *, *, #1404, .T. ) ;
#2135 = VERTEX_POINT ( 'NONE', #4554 ) ;
#2136 = CARTESIAN_POINT ( 'NONE',  ( -21.99355391189279274, -7.980661735678420854, 14.63089807666821685 ) ) ;
#2137 = VECTOR ( 'NONE', #2609, 1000.000000000000000 ) ;
#2138 = CARTESIAN_POINT ( 'NONE',  ( 15.91144779606504223, 17.01798743300968653, 2.000000000000000888 ) ) ;
#2139 = DIRECTION ( 'NONE',  ( -0.000000000000000000, 0.000000000000000000, 1.000000000000000000 ) ) ;
#2140 = ORIENTED_EDGE ( 'NONE', *, *, #4834, .T. ) ;
#2141 = TOROIDAL_SURFACE ( 'NONE', #4516, 3.200000000000001954, 1.000000000000000000 ) ;
#2142 = ORIENTED_EDGE ( 'NONE', *, *, #4512, .T. ) ;
#2143 = VECTOR ( 'NONE', #3172, 1000.000000000000114 ) ;
#2144 = CARTESIAN_POINT ( 'NONE',  ( 0.000000000000000000, 19.50000000000000355, 3.500000000000000888 ) ) ;
#2145 = VERTEX_POINT ( 'NONE', #2903 ) ;
#2146 = DIRECTION ( 'NONE',  ( 0.000000000000000000, 0.000000000000000000, 1.000000000000000000 ) ) ;
#2147 = ORIENTED_EDGE ( 'NONE', *, *, #1650, .F. ) ;
#2148 = LINE ( 'NONE', #4755, #4505 ) ;
#2149 = DIRECTION ( 'NONE',  ( -0.000000000000000000, 0.000000000000000000, 1.000000000000000000 ) ) ;
#2150 = VERTEX_POINT ( 'NONE', #307 ) ;
#2151 = EDGE_CURVE ( 'NONE', #1944, #3180, #3192, .T. ) ;
#2152 = LINE ( 'NONE', #5099, #1810 ) ;
#2153 = CARTESIAN_POINT ( 'NONE',  ( 21.52859211756936375, 5.528592117571629494, 0.08382357770354689763 ) ) ;
#2154 = DIRECTION ( 'NONE',  ( -0.000000000000000000, -0.000000000000000000, -1.000000000000000000 ) ) ;
#2155 = FACE_OUTER_BOUND ( 'NONE', #3694, .T. ) ;
#2156 = ADVANCED_FACE ( 'NONE', ( #5290 ), #4515, .F. ) ;
#2157 = EDGE_LOOP ( 'NONE', ( #5113, #7, #2595 ) ) ;
#2158 = EDGE_LOOP ( 'NONE', ( #1465, #3322, #688, #4823 ) ) ;
#2159 = CARTESIAN_POINT ( 'NONE',  ( 20.38851479319563609, -20.48610784762335513, 0.02868126129209193353 ) ) ;
#2160 = CIRCLE ( 'NONE', #3302, 2.200000000000000622 ) ;
#2161 = EDGE_CURVE ( 'NONE', #5119, #2057, #3099, .T. ) ;
#2162 = CARTESIAN_POINT ( 'NONE',  ( 22.00000000000000355, -6.000000000000001776, 1.000000000000000000 ) ) ;
#2163 = CIRCLE ( 'NONE', #1368, 1.000000000000000000 ) ;
#2164 = DIRECTION ( 'NONE',  ( 1.224646799147353207E-16, 1.000000000000000000, 0.000000000000000000 ) ) ;
#2165 = ORIENTED_EDGE ( 'NONE', *, *, #4196, .F. ) ;
#2166 = ORIENTED_EDGE ( 'NONE', *, *, #3100, .T. ) ;
#2167 = CARTESIAN_POINT ( 'NONE',  ( 17.06144779606469086, -16.98201256699031703, 8.000000000000000000 ) ) ;
#2168 = AXIS2_PLACEMENT_3D ( 'NONE', #3743, #1260, #2943 ) ;
#2169 = CYLINDRICAL_SURFACE ( 'NONE', #4922, 2.200000000000000622 ) ;
#2170 = VECTOR ( 'NONE', #4455, 1000.000000000000000 ) ;
#2171 = CARTESIAN_POINT ( 'NONE',  ( 21.00000000000000000, -20.99999999999998934, 14.49999999999999822 ) ) ;
#2172 = DIRECTION ( 'NONE',  ( 0.000000000000000000, 0.000000000000000000, -1.000000000000000000 ) ) ;
#2173 = ORIENTED_EDGE ( 'NONE', *, *, #3030, .F. ) ;
#2174 = CARTESIAN_POINT ( 'NONE',  ( -20.99999999999999289, -3.311744817773904704E-15, 0.000000000000000000 ) ) ;
#2175 = ORIENTED_EDGE ( 'NONE', *, *, #261, .T. ) ;
#2176 = DIRECTION ( 'NONE',  ( -1.000000000000000000, -1.445602896647338917E-16, -0.000000000000000000 ) ) ;
#2177 = DIRECTION ( 'NONE',  ( -0.000000000000000000, -0.000000000000000000, 1.000000000000000000 ) ) ;
#2178 = VERTEX_POINT ( 'NONE', #780 ) ;
#2179 = CARTESIAN_POINT ( 'NONE',  ( -21.94892610418520462, -7.846778312555717783, 0.6777843406610551957 ) ) ;
#2180 = CARTESIAN_POINT ( 'NONE',  ( 20.99999999999999645, 21.00000000000000355, 15.50000000000000000 ) ) ;
#2181 = DIRECTION ( 'NONE',  ( -0.000000000000000000, 0.000000000000000000, 1.000000000000000000 ) ) ;
#2182 = CARTESIAN_POINT ( 'NONE',  ( -15.69213029501579548, -2.122327950362073334, 8.500000000000000000 ) ) ;
#2183 = CYLINDRICAL_SURFACE ( 'NONE', #2100, 1.000000000000000888 ) ;
#2184 = ORIENTED_EDGE ( 'NONE', *, *, #4764, .T. ) ;
#2185 = EDGE_CURVE ( 'NONE', #3163, #4589, #4959, .T. ) ;
#2186 = CARTESIAN_POINT ( 'NONE',  ( -23.69649888251191783, -5.898832960837323114, 14.94315120539131492 ) ) ;
#2187 = CARTESIAN_POINT ( 'NONE',  ( -20.99999999999999645, 21.00000000000000355, 14.49999999999999822 ) ) ;
#2188 = DIRECTION ( 'NONE',  ( 0.000000000000000000, -0.000000000000000000, -1.000000000000000000 ) ) ;
#2189 = CARTESIAN_POINT ( 'NONE',  ( -16.26538440245398931, -13.96003667199245868, 14.49999999999999822 ) ) ;
#2190 = ORIENTED_EDGE ( 'NONE', *, *, #4128, .T. ) ;
#2191 = ORIENTED_EDGE ( 'NONE', *, *, #4162, .F. ) ;
#2192 = CARTESIAN_POINT ( 'NONE',  ( 0.000000000000000000, 5.000000000000000000, 15.50000000000000000 ) ) ;
#2193 = DIRECTION ( 'NONE',  ( 1.000000000000000000, 0.000000000000000000, 0.000000000000000000 ) ) ;
#2194 = EDGE_CURVE ( 'NONE', #2711, #2034, #3007, .T. ) ;
#2195 = FACE_OUTER_BOUND ( 'NONE', #5181, .T. ) ;
#2196 = DIRECTION ( 'NONE',  ( -0.000000000000000000, 0.000000000000000000, 1.000000000000000000 ) ) ;
#2197 = CARTESIAN_POINT ( 'NONE',  ( 17.06144779606469086, -16.98201256699031703, 2.000000000000000888 ) ) ;
#2198 = EDGE_LOOP ( 'NONE', ( #2190, #5256, #3253, #280 ) ) ;
#2199 = EDGE_CURVE ( 'NONE', #679, #31, #2023, .T. ) ;
#2200 = CARTESIAN_POINT ( 'NONE',  ( -20.99999999999999645, 21.00000000000000355, 1.000000000000000000 ) ) ;
#2201 = VERTEX_POINT ( 'NONE', #1115 ) ;
#2202 = LINE ( 'NONE', #3509, #5186 ) ;
#2203 = DIRECTION ( 'NONE',  ( 1.000000000000000000, 0.000000000000000000, 0.000000000000000000 ) ) ;
#2204 = ORIENTED_EDGE ( 'NONE', *, *, #797, .T. ) ;
#2205 = CARTESIAN_POINT ( 'NONE',  ( -20.99999999999998934, -20.99999999999998934, 1.000000000000000000 ) ) ;
#2206 = CARTESIAN_POINT ( 'NONE',  ( 22.98248025345618828, 5.660826751152060687, 15.25338681122103068 ) ) ;
#2207 = CARTESIAN_POINT ( 'NONE',  ( -11.46538440245398505, -13.96003667199245868, 15.50000000000000000 ) ) ;
#2208 = CIRCLE ( 'NONE', #1759, 0.6500000000000047962 ) ;
#2209 = CARTESIAN_POINT ( 'NONE',  ( 20.00000000000000355, -20.09759305442772259, 4.000000000000000888 ) ) ;
#2210 = CARTESIAN_POINT ( 'NONE',  ( -28.08395306043829365, 0.000000000000000000, 0.000000000000000000 ) ) ;
#2211 = AXIS2_PLACEMENT_3D ( 'NONE', #3505, #4387, #166 ) ;
#2212 = AXIS2_PLACEMENT_3D ( 'NONE', #4155, #2004, #4062 ) ;
#2213 = FACE_OUTER_BOUND ( 'NONE', #2037, .T. ) ;
#2214 = ORIENTED_EDGE ( 'NONE', *, *, #111, .T. ) ;
#2215 = ORIENTED_EDGE ( 'NONE', *, *, #862, .T. ) ;
#2216 = CARTESIAN_POINT ( 'NONE',  ( -31.28395306043829649, 3.918869757271532432E-16, 15.50000000000000000 ) ) ;
#2217 = CARTESIAN_POINT ( 'NONE',  ( 28.08395306043829365, 0.000000000000000000, 0.000000000000000000 ) ) ;
#2218 = EDGE_CURVE ( 'NONE', #2880, #1337, #1521, .T. ) ;
#2219 = VERTEX_POINT ( 'NONE', #278 ) ;
#2220 = CARTESIAN_POINT ( 'NONE',  ( -21.99999999999999289, -20.99999999999998934, 1.000000000000000000 ) ) ;
#2221 = FACE_OUTER_BOUND ( 'NONE', #5013, .T. ) ;
#2222 = AXIS2_PLACEMENT_3D ( 'NONE', #1958, #2752, #1014 ) ;
#2223 = CARTESIAN_POINT ( 'NONE',  ( -30.28395306043829649, 2.694222958124181444E-16, 1.000000000000000000 ) ) ;
#2224 = ORIENTED_EDGE ( 'NONE', *, *, #112, .T. ) ;
#2225 = AXIS2_PLACEMENT_3D ( 'NONE', #4083, #3288, #802 ) ;
#2226 = DIRECTION ( 'NONE',  ( 1.000000000000000000, 0.000000000000000000, 0.000000000000000000 ) ) ;
#2227 = ORIENTED_EDGE ( 'NONE', *, *, #3701, .F. ) ;
#2228 = EDGE_CURVE ( 'NONE', #519, #19, #1872, .T. ) ;
#2229 = ADVANCED_FACE ( 'NONE', ( #1171 ), #4107, .T. ) ;
#2230 = CARTESIAN_POINT ( 'NONE',  ( -15.69688807482297754, 2.240054409878082797, 8.000000000000000000 ) ) ;
#2231 = CARTESIAN_POINT ( 'NONE',  ( -21.99999999999999645, 8.000000000000000000, 1.000000000000000222 ) ) ;
#2232 = FACE_OUTER_BOUND ( 'NONE', #582, .T. ) ;
#2233 = ORIENTED_EDGE ( 'NONE', *, *, #5004, .F. ) ;
#2234 = CARTESIAN_POINT ( 'NONE',  ( -22.98248025345618828, -5.660826751152074898, 0.2466131887789825838 ) ) ;
#2235 = CARTESIAN_POINT ( 'NONE',  ( -18.08855220393531482, -16.98201256699031703, 2.500000000000001332 ) ) ;
#2236 = CARTESIAN_POINT ( 'NONE',  ( 20.00000000000001421, -20.09759305442772259, 8.292893218813452094 ) ) ;
#2237 = CARTESIAN_POINT ( 'NONE',  ( -19.49999999999999289, -17.73045648002682384, 4.000000000000000888 ) ) ;
#2238 = LINE ( 'NONE', #65, #4471 ) ;
#2239 = DIRECTION ( 'NONE',  ( 0.000000000000000000, 1.000000000000000000, 0.000000000000000000 ) ) ;
#2240 = CYLINDRICAL_SURFACE ( 'NONE', #2579, 1.000000000000000000 ) ;
#2241 = CIRCLE ( 'NONE', #4956, 1.000000000000000000 ) ;
#2242 = CARTESIAN_POINT ( 'NONE',  ( 21.44315120576387557, -6.329453617291628476, 0.1011670393169942228 ) ) ;
#2243 = CARTESIAN_POINT ( 'NONE',  ( -13.86538440245427850, 14.03996332800754132, 14.49999999999999822 ) ) ;
#2244 = ORIENTED_EDGE ( 'NONE', *, *, #3275, .T. ) ;
#2245 = ORIENTED_EDGE ( 'NONE', *, *, #1861, .T. ) ;
#2247 = DIRECTION ( 'NONE',  ( 0.000000000000000000, 1.000000000000000000, -0.000000000000000000 ) ) ;
#2246 = CARTESIAN_POINT ( 'NONE',  ( 14.13461559754601460, -13.96003667199245868, 14.49999999999999822 ) ) ;
#2248 = DIRECTION ( 'NONE',  ( 1.000000000000000000, 0.000000000000000000, 0.000000000000000000 ) ) ;
#2249 = ADVANCED_FACE ( 'NONE', ( #4266 ), #2457, .F. ) ;
#2250 = CIRCLE ( 'NONE', #5312, 0.5000000000000004441 ) ;
#2251 = CIRCLE ( 'NONE', #2946, 2.200000000000000622 ) ;
#2252 = CARTESIAN_POINT ( 'NONE',  ( -20.99999999999999289, -4.999999999999998224, 15.50000000000000000 ) ) ;
#2253 = FACE_OUTER_BOUND ( 'NONE', #2684, .T. ) ;
#2254 = DIRECTION ( 'NONE',  ( -1.577021341797097807E-16, 1.000000000000000000, -0.000000000000000000 ) ) ;
#2255 = EDGE_LOOP ( 'NONE', ( #2276, #1283, #5329, #3361 ) ) ;
#2256 = TOROIDAL_SURFACE ( 'NONE', #4259, 10.50000000000000178, 0.5000000000000000000 ) ;
#2257 = ORIENTED_EDGE ( 'NONE', *, *, #4870, .T. ) ;
#2258 = VECTOR ( 'NONE', #3593, 1000.000000000000000 ) ;
#2259 = ADVANCED_FACE ( 'NONE', ( #406 ), #854, .T. ) ;
#2260 = AXIS2_PLACEMENT_3D ( 'NONE', #2041, #4977, #1576 ) ;
#2261 = EDGE_CURVE ( 'NONE', #5183, #2603, #2949, .T. ) ;
#2262 = ORIENTED_EDGE ( 'NONE', *, *, #4997, .T. ) ;
#2263 = DIRECTION ( 'NONE',  ( -7.885106708985489034E-17, 1.000000000000000000, 0.000000000000000000 ) ) ;
#2264 = VERTEX_POINT ( 'NONE', #1708 ) ;
#2265 = EDGE_CURVE ( 'NONE', #4822, #716, #3005, .T. ) ;
#2266 = AXIS2_PLACEMENT_3D ( 'NONE', #4244, #5014, #2526 ) ;
#2267 = CARTESIAN_POINT ( 'NONE',  ( 12.73461559754601424, -13.96003667199245868, 9.000000000000001776 ) ) ;
#2268 = DIRECTION ( 'NONE',  ( 0.1955893037181227478, -0.9806858948058037040, 0.000000000000000000 ) ) ;
#2269 = DIRECTION ( 'NONE',  ( 0.000000000000000000, 0.000000000000000000, -1.000000000000000000 ) ) ;
#2270 = DIRECTION ( 'NONE',  ( 0.000000000000000000, 0.000000000000000000, -1.000000000000000000 ) ) ;
#2271 = ADVANCED_FACE ( 'NONE', ( #3803 ), #2240, .T. ) ;
#2272 = EDGE_CURVE ( 'NONE', #2909, #4481, #635, .T. ) ;
#2273 = DIRECTION ( 'NONE',  ( 1.000000000000000000, 0.000000000000000000, 0.000000000000000000 ) ) ;
#2274 = CARTESIAN_POINT ( 'NONE',  ( 17.06144779606504258, 17.01798743300968653, 8.000000000000000000 ) ) ;
#2275 = ORIENTED_EDGE ( 'NONE', *, *, #5063, .F. ) ;
#2276 = ORIENTED_EDGE ( 'NONE', *, *, #4543, .T. ) ;
#2278 = LINE ( 'NONE', #1890, #3598 ) ;
#2277 = CARTESIAN_POINT ( 'NONE',  ( 16.38257309546538210, -1.959793730387154875, 4.000000000000000888 ) ) ;
#2279 = LINE ( 'NONE', #1859, #5357 ) ;
#2280 = CYLINDRICAL_SURFACE ( 'NONE', #1491, 1.400000000000000133 ) ;
#2281 = CARTESIAN_POINT ( 'NONE',  ( -20.99999999999999645, 21.00000000000000355, 1.000000000000000000 ) ) ;
#2282 = FACE_OUTER_BOUND ( 'NONE', #1492, .T. ) ;
#2283 = ORIENTED_EDGE ( 'NONE', *, *, #297, .T. ) ;
#2284 = LINE ( 'NONE', #2667, #754 ) ;
#2285 = ORIENTED_EDGE ( 'NONE', *, *, #192, .T. ) ;
#2286 = CARTESIAN_POINT ( 'NONE',  ( -21.26183884622479781, 5.261838846225767696, -2.408854595020433610E-13 ) ) ;
#2287 = DIRECTION ( 'NONE',  ( -0.000000000000000000, 0.000000000000000000, 1.000000000000000000 ) ) ;
#2288 = ORIENTED_EDGE ( 'NONE', *, *, #1746, .F. ) ;
#2289 = CARTESIAN_POINT ( 'NONE',  ( -19.99999999999998934, -20.09759305442771904, 0.4366402123813715730 ) ) ;
#2290 = CARTESIAN_POINT ( 'NONE',  ( 22.00000000000000000, 22.00000000000000711, 1.000000000000000000 ) ) ;
#2291 = CIRCLE ( 'NONE', #4486, 1.000000000000000888 ) ;
#2292 = VERTEX_POINT ( 'NONE', #3119 ) ;
#2293 = DIRECTION ( 'NONE',  ( -0.000000000000000000, 0.000000000000000000, -1.000000000000000000 ) ) ;
#2294 = CARTESIAN_POINT ( 'NONE',  ( 21.26174788556756212, 5.785243656702558468, 15.47397267616783090 ) ) ;
#2295 = DIRECTION ( 'NONE',  ( -0.2074013792741155049, 0.9782559316841348274, 0.000000000000000000 ) ) ;
#2296 = EDGE_CURVE ( 'NONE', #3337, #2335, #3090, .T. ) ;
#2297 = CARTESIAN_POINT ( 'NONE',  ( 14.13461559754601460, -13.96003667199245868, 15.50000000000000000 ) ) ;
#2298 = EDGE_CURVE ( 'NONE', #4168, #215, #2765, .T. ) ;
#2299 = DIRECTION ( 'NONE',  ( 0.000000000000000000, -0.000000000000000000, -1.000000000000000000 ) ) ;
#2300 = ADVANCED_FACE ( 'NONE', ( #1436 ), #9, .F. ) ;
#2301 = EDGE_CURVE ( 'NONE', #2478, #3360, #2132, .T. ) ;
#2302 = ORIENTED_EDGE ( 'NONE', *, *, #3383, .F. ) ;
#2303 = CIRCLE ( 'NONE', #1764, 2.000000000000001776 ) ;
#2304 = ORIENTED_EDGE ( 'NONE', *, *, #2059, .F. ) ;
#2306 = FACE_OUTER_BOUND ( 'NONE', #3830, .T. ) ;
#2305 = CARTESIAN_POINT ( 'NONE',  ( -34.00000000000000000, 4.000000000000000000, 1.000000000000000000 ) ) ;
#2307 = CARTESIAN_POINT ( 'NONE',  ( -1.956731028661455429, 15.81623619398624037, 8.500000000000000000 ) ) ;
#2308 = VECTOR ( 'NONE', #5009, 1000.000000000000000 ) ;
#2309 = LINE ( 'NONE', #3533, #3858 ) ;
#2310 = CARTESIAN_POINT ( 'NONE',  ( -1.988363676374208744, -16.27892138016290247, 4.000000000000000888 ) ) ;
#2311 = AXIS2_PLACEMENT_3D ( 'NONE', #115, #3875, #1395 ) ;
#2312 = DIRECTION ( 'NONE',  ( 0.000000000000000000, -0.000000000000000000, -1.000000000000000000 ) ) ;
#2313 =( BOUNDED_CURVE ( )  B_SPLINE_CURVE ( 3, ( #4014, #289, #3110, #3949 ),
 .UNSPECIFIED., .F., .T. ) 
 B_SPLINE_CURVE_WITH_KNOTS ( ( 4, 4 ),
 ( 1.570796326794901221, 3.141586661571277972 ),
 .UNSPECIFIED. ) 
 CURVE ( )  GEOMETRIC_REPRESENTATION_ITEM ( )  RATIONAL_B_SPLINE_CURVE ( ( 1.000000000000000000, 0.8047392664545587326, 0.8047392664545587326, 1.000000000000000000 ) ) 
 REPRESENTATION_ITEM ( '' )  );
#2314 = CARTESIAN_POINT ( 'NONE',  ( 15.91144779606504223, 17.01798743300968653, 2.500000000000001332 ) ) ;
#2315 = DIRECTION ( 'NONE',  ( 0.000000000000000000, -1.000000000000000000, 0.000000000000000000 ) ) ;
#2316 = ORIENTED_EDGE ( 'NONE', *, *, #3696, .F. ) ;
#2317 = CARTESIAN_POINT ( 'NONE',  ( -22.00000000000000000, 22.00000000000000711, 1.000000000000000000 ) ) ;
#2318 = AXIS2_PLACEMENT_3D ( 'NONE', #5315, #1528, #4152 ) ;
#2319 = VERTEX_POINT ( 'NONE', #513 ) ;
#2320 = CARTESIAN_POINT ( 'NONE',  ( -16.93855220393495742, 17.01798743300968653, 2.000000000000000888 ) ) ;
#2321 = EDGE_LOOP ( 'NONE', ( #3237, #5050, #4034, #2956 ) ) ;
#2323 = CYLINDRICAL_SURFACE ( 'NONE', #171, 1.150000000000001688 ) ;
#2322 = AXIS2_PLACEMENT_3D ( 'NONE', #4032, #1006, #677 ) ;
#2324 = CARTESIAN_POINT ( 'NONE',  ( 21.26183884622444253, 5.261838846225406208, 15.49999999999855405 ) ) ;
#2325 = CIRCLE ( 'NONE', #3979, 0.5000000000000000000 ) ;
#2326 = CARTESIAN_POINT ( 'NONE',  ( -20.99999999999999289, -4.999999999999998224, 0.000000000000000000 ) ) ;
#2327 = CARTESIAN_POINT ( 'NONE',  ( -23.99999999999999645, 6.000000000000000000, 1.000000000000000000 ) ) ;
#2328 = ORIENTED_EDGE ( 'NONE', *, *, #5132, .F. ) ;
#2329 = EDGE_CURVE ( 'NONE', #1557, #3364, #450, .T. ) ;
#2330 = CARTESIAN_POINT ( 'NONE',  ( 22.00000000000000000, 21.00000000000000355, 14.49999999999999822 ) ) ;
#2331 = DIRECTION ( 'NONE',  ( 1.000000000000000000, 0.000000000000000000, 0.000000000000000000 ) ) ;
#2332 = EDGE_CURVE ( 'NONE', #1191, #4912, #4518, .T. ) ;
#2333 = PRODUCT_DEFINITION ( 'UNKNOWN', '', #125, #4126 ) ;
#2334 = VERTEX_POINT ( 'NONE', #95 ) ;
#2335 = VERTEX_POINT ( 'NONE', #3522 ) ;
#2336 = EDGE_CURVE ( 'NONE', #3756, #1476, #5201, .T. ) ;
#2337 = DIRECTION ( 'NONE',  ( -1.000000000000000000, 0.000000000000000000, 0.000000000000000000 ) ) ;
#2338 = CARTESIAN_POINT ( 'NONE',  ( -34.00000000000000000, 4.000000000000000000, 0.000000000000000000 ) ) ;
#2339 = VECTOR ( 'NONE', #1046, 1000.000000000000000 ) ;
#2340 = DIRECTION ( 'NONE',  ( 7.885106708985489034E-17, -1.000000000000000000, 0.000000000000000000 ) ) ;
#2341 = DIRECTION ( 'NONE',  ( -0.000000000000000000, 0.000000000000000000, -1.000000000000000000 ) ) ;
#2342 = CARTESIAN_POINT ( 'NONE',  ( -22.02042741724599750, 6.020427417246011714, 14.37060832088857332 ) ) ;
#2343 = CARTESIAN_POINT ( 'NONE',  ( 22.00000000000000000, -7.999999999999998224, 0.4142135623730951455 ) ) ;
#2344 = CARTESIAN_POINT ( 'NONE',  ( -21.99999999999999645, -8.000000000000000000, 1.000000000000000000 ) ) ;
#2345 = ORIENTED_EDGE ( 'NONE', *, *, #4976, .T. ) ;
#2346 = CARTESIAN_POINT ( 'NONE',  ( -21.66082675115208289, 6.982480253456396113, 0.2466131887789932142 ) ) ;
#2347 = CARTESIAN_POINT ( 'NONE',  ( 33.00000000000000000, -4.000000000000000000, 0.000000000000000000 ) ) ;
#2348 = AXIS2_PLACEMENT_3D ( 'NONE', #876, #2565, #3402 ) ;
#2349 = ORIENTED_EDGE ( 'NONE', *, *, #3205, .F. ) ;
#2350 = VECTOR ( 'NONE', #4334, 1000.000000000000000 ) ;
#2351 = CARTESIAN_POINT ( 'NONE',  ( 0.000000000000000000, 0.000000000000000000, 0.000000000000000000 ) ) ;
#2352 = ORIENTED_EDGE ( 'NONE', *, *, #4189, .F. ) ;
#2353 = CYLINDRICAL_SURFACE ( 'NONE', #5184, 0.5000000000000000000 ) ;
#2354 = AXIS2_PLACEMENT_3D ( 'NONE', #4620, #3791, #5413 ) ;
#2355 = FACE_OUTER_BOUND ( 'NONE', #4789, .T. ) ;
#2356 = CIRCLE ( 'NONE', #3313, 0.5000000000000004441 ) ;
#2357 = CARTESIAN_POINT ( 'NONE',  ( 15.41144779606468695, -16.98201256699031703, 8.500000000000000000 ) ) ;
#2358 = PLANE ( 'NONE',  #899 ) ;
#2359 = ORIENTED_EDGE ( 'NONE', *, *, #3354, .T. ) ;
#2360 = EDGE_LOOP ( 'NONE', ( #3751, #3342, #739, #1689 ) ) ;
#2362 = CARTESIAN_POINT ( 'NONE',  ( 22.00000000005455902, 6.000000000051466387, 1.065929979383530624 ) ) ;
#2361 = CARTESIAN_POINT ( 'NONE',  ( -34.00000000000000000, 4.000000000000000000, 14.49999999999999822 ) ) ;
#2363 = CARTESIAN_POINT ( 'NONE',  ( 21.00000000000000355, -21.99999999999999289, 8.500000000000000000 ) ) ;
#2364 = ORIENTED_EDGE ( 'NONE', *, *, #3495, .T. ) ;
#2365 = DIRECTION ( 'NONE',  ( 1.000000000000000000, 0.000000000000000000, 0.000000000000000000 ) ) ;
#2366 = CARTESIAN_POINT ( 'NONE',  ( -21.50115067474698805, 6.503452024240614193, 15.36783159862530468 ) ) ;
#2367 = EDGE_LOOP ( 'NONE', ( #232, #239, #1723, #4409 ) ) ;
#2368 = ORIENTED_EDGE ( 'NONE', *, *, #322, .F. ) ;
#2369 = DIRECTION ( 'NONE',  ( 1.000000000000000000, 0.000000000000000000, 0.000000000000000000 ) ) ;
#2370 = ORIENTED_EDGE ( 'NONE', *, *, #1402, .F. ) ;
#2371 = ADVANCED_FACE ( 'NONE', ( #1025 ), #2649, .F. ) ;
#2372 = DIRECTION ( 'NONE',  ( 0.000000000000000000, 0.000000000000000000, -1.000000000000000000 ) ) ;
#2373 = CARTESIAN_POINT ( 'NONE',  ( 24.88395306043829436, 3.918869757271532432E-16, 0.000000000000000000 ) ) ;
#2374 = ADVANCED_FACE ( 'NONE', ( #3551 ), #1610, .F. ) ;
#2375 = VERTEX_POINT ( 'NONE', #1380 ) ;
#2376 = FACE_BOUND ( 'NONE', #432, .T. ) ;
#2377 = DIRECTION ( 'NONE',  ( 1.000000000000000000, 0.000000000000000000, 0.000000000000000000 ) ) ;
#2378 = ORIENTED_EDGE ( 'NONE', *, *, #3170, .T. ) ;
#2379 = CARTESIAN_POINT ( 'NONE',  ( 14.13461559754572328, 14.03996332800754132, 14.49999999999999822 ) ) ;
#2380 = CARTESIAN_POINT ( 'NONE',  ( -34.00000000000000000, -6.000000000000000000, 0.000000000000000000 ) ) ;
#2381 = CYLINDRICAL_SURFACE ( 'NONE', #5394, 1.000000000000000888 ) ;
#2382 = VERTEX_POINT ( 'NONE', #2709 ) ;
#2383 = CARTESIAN_POINT ( 'NONE',  ( 21.00000000000000000, -4.999999999999998224, 0.000000000000000000 ) ) ;
#2384 = DIRECTION ( 'NONE',  ( 0.000000000000000000, 0.000000000000000000, -1.000000000000000000 ) ) ;
#2385 = CARTESIAN_POINT ( 'NONE',  ( 23.38532287828806489, -5.795107626096192455, 15.10998979111798945 ) ) ;
#2386 = ORIENTED_EDGE ( 'NONE', *, *, #1507, .F. ) ;
#2387 = EDGE_LOOP ( 'NONE', ( #1565, #3291, #4896, #4186 ) ) ;
#2389 = CARTESIAN_POINT ( 'NONE',  ( 23.98066173567824677, 5.993553911892785635, 0.8691019233317128778 ) ) ;
#2388 = DIRECTION ( 'NONE',  ( -0.000000000000000000, -0.000000000000000000, -1.000000000000000000 ) ) ;
#2390 = DIRECTION ( 'NONE',  ( 0.000000000000000000, 0.000000000000000000, 1.000000000000000000 ) ) ;
#2391 = VERTEX_POINT ( 'NONE', #4317 ) ;
#2392 = EDGE_CURVE ( 'NONE', #1593, #2478, #5165, .T. ) ;
#2393 = CIRCLE ( 'NONE', #5274, 9.000000000000000000 ) ;
#2394 = DIRECTION ( 'NONE',  ( 1.224646799147353207E-16, 1.000000000000000000, 0.000000000000000000 ) ) ;
#2395 = CARTESIAN_POINT ( 'NONE',  ( -23.60349479552720453, 5.867831598508836066, 15.00115067492130194 ) ) ;
#2396 = ORIENTED_EDGE ( 'NONE', *, *, #3899, .T. ) ;
#2397 = EDGE_CURVE ( 'NONE', #4106, #1083, #2325, .T. ) ;
#2398 = DIRECTION ( 'NONE',  ( 0.000000000000000000, 0.000000000000000000, -1.000000000000000000 ) ) ;
#2399 = CIRCLE ( 'NONE', #2212, 0.4999999999999995559 ) ;
#2400 = ORIENTED_EDGE ( 'NONE', *, *, #522, .F. ) ;
#2401 = CIRCLE ( 'NONE', #4402, 0.5000000000000004441 ) ;
#2402 = DIRECTION ( 'NONE',  ( 0.000000000000000000, 0.000000000000000000, -1.000000000000000000 ) ) ;
#2403 = ORIENTED_EDGE ( 'NONE', *, *, #3406, .F. ) ;
#2404 = ADVANCED_FACE ( 'NONE', ( #545 ), #218, .T. ) ;
#2405 = CARTESIAN_POINT ( 'NONE',  ( 14.13461559754601460, -13.96003667199245868, 9.000000000000001776 ) ) ;
#2406 = DIRECTION ( 'NONE',  ( -0.1955893037181222760, 0.9806858948058038150, -0.000000000000000000 ) ) ;
#2407 = VERTEX_POINT ( 'NONE', #189 ) ;
#2408 = LINE ( 'NONE', #4989, #4927 ) ;
#2409 = EDGE_CURVE ( 'NONE', #147, #548, #2681, .T. ) ;
#2410 = CYLINDRICAL_SURFACE ( 'NONE', #3436, 1.150000000000001688 ) ;
#2411 = AXIS2_PLACEMENT_3D ( 'NONE', #4633, #893, #2553 ) ;
#2412 = CIRCLE ( 'NONE', #3353, 1.000000000000000888 ) ;
#2413 = CARTESIAN_POINT ( 'NONE',  ( 28.08395306043829365, 0.000000000000000000, 14.49999999999999822 ) ) ;
#2414 = ORIENTED_EDGE ( 'NONE', *, *, #4407, .F. ) ;
#2415 = CIRCLE ( 'NONE', #1609, 1.000000000000000000 ) ;
#2416 = AXIS2_PLACEMENT_3D ( 'NONE', #4125, #1217, #379 ) ;
#2417 = DIRECTION ( 'NONE',  ( -1.000000000000000000, 0.000000000000000000, 0.000000000000000000 ) ) ;
#2418 = CARTESIAN_POINT ( 'NONE',  ( 21.00000000000000000, -20.99999999999998934, 0.000000000000000000 ) ) ;
#2419 = CARTESIAN_POINT ( 'NONE',  ( 21.52859211757026969, -5.528592117570052089, 15.41617642229577179 ) ) ;
#2420 = EDGE_LOOP ( 'NONE', ( #995, #2257 ) ) ;
#2421 = VERTEX_POINT ( 'NONE', #1577 ) ;
#2422 = DIRECTION ( 'NONE',  ( 0.000000000000000000, -1.000000000000000000, 0.000000000000000000 ) ) ;
#2423 = DIRECTION ( 'NONE',  ( 0.000000000000000000, -0.000000000000000000, -1.000000000000000000 ) ) ;
#2424 = ORIENTED_EDGE ( 'NONE', *, *, #4816, .T. ) ;
#2425 = CYLINDRICAL_SURFACE ( 'NONE', #1371, 2.200000000000000622 ) ;
#2426 = EDGE_LOOP ( 'NONE', ( #4859, #2694, #5082, #2215, #3147 ) ) ;
#2427 = LINE ( 'NONE', #1148, #4006 ) ;
#2428 = CARTESIAN_POINT ( 'NONE',  ( 15.53461559754601495, -13.96003667199245868, 9.000000000000001776 ) ) ;
#2429 = VERTEX_POINT ( 'NONE', #2854 ) ;
#2430 = DIRECTION ( 'NONE',  ( -0.000000000000000000, 0.000000000000000000, 1.000000000000000000 ) ) ;
#2431 = EDGE_CURVE ( 'NONE', #1869, #1569, #3715, .T. ) ;
#2432 = VERTEX_POINT ( 'NONE', #4053 ) ;
#2433 = CARTESIAN_POINT ( 'NONE',  ( 16.53461559754572363, 14.03996332800754132, 14.49999999999999822 ) ) ;
#2434 = AXIS2_PLACEMENT_3D ( 'NONE', #3564, #1806, #1010 ) ;
#2435 = ADVANCED_FACE ( 'NONE', ( #4102 ), #1628, .T. ) ;
#2436 = CIRCLE ( 'NONE', #4002, 2.000000000000001776 ) ;
#2437 = CARTESIAN_POINT ( 'NONE',  ( 12.23461559754601424, -13.96003667199245868, 9.000000000000001776 ) ) ;
#2438 = CARTESIAN_POINT ( 'NONE',  ( -21.99999999999999289, -21.99999999999999289, 8.500000000000000000 ) ) ;
#2439 = VECTOR ( 'NONE', #4558, 1000.000000000000000 ) ;
#2440 = CARTESIAN_POINT ( 'NONE',  ( 22.22877093707588614, -6.228770937076260061, 14.54225719149030560 ) ) ;
#2441 = EDGE_CURVE ( 'NONE', #5338, #4132, #4419, .T. ) ;
#2442 = EDGE_CURVE ( 'NONE', #328, #1916, #751, .T. ) ;
#2443 = ORIENTED_EDGE ( 'NONE', *, *, #4363, .F. ) ;
#2444 = ORIENTED_EDGE ( 'NONE', *, *, #84, .F. ) ;
#2445 = DIRECTION ( 'NONE',  ( -0.000000000000000000, 0.000000000000000000, 1.000000000000000000 ) ) ;
#2446 = CARTESIAN_POINT ( 'NONE',  ( 14.13461559754572328, 14.03996332800754132, 15.50000000000000000 ) ) ;
#2447 = CARTESIAN_POINT ( 'NONE',  ( -21.99999999999999645, 6.000000000000000000, 14.49999999999999822 ) ) ;
#2448 = CARTESIAN_POINT ( 'NONE',  ( 28.08395306043829365, 0.000000000000000000, 15.50000000000000000 ) ) ;
#2449 = ORIENTED_EDGE ( 'NONE', *, *, #2046, .T. ) ;
#2450 = SHAPE_DEFINITION_REPRESENTATION ( #16, #3953 ) ;
#2451 = ORIENTED_EDGE ( 'NONE', *, *, #707, .T. ) ;
#2452 = DIRECTION ( 'NONE',  ( 0.000000000000000000, 0.000000000000000000, 1.000000000000000000 ) ) ;
#2453 = VERTEX_POINT ( 'NONE', #5359 ) ;
#2454 = PLANE ( 'NONE',  #925 ) ;
#2455 = DIRECTION ( 'NONE',  ( 1.000000000000000000, 0.000000000000000000, 0.000000000000000000 ) ) ;
#2456 = ORIENTED_EDGE ( 'NONE', *, *, #5208, .T. ) ;
#2457 =( BOUNDED_SURFACE ( )  B_SPLINE_SURFACE ( 3, 2, ( 
 ( #1734, #3831, #2597 ),
 ( #4287, #2926, #2077 ),
 ( #20, #5008, #2136 ),
 ( #2518, #910, #3747 ),
 ( #3770, #5419, #3405 ),
 ( #2186, #5077, #3379 ),
 ( #5442, #3034, #489 ),
 ( #5029, #2544, #2570 ),
 ( #3855, #4650, #1351 ),
 ( #1657, #4710, #4181 ),
 ( #1321, #67, #4600 ),
 ( #1682, #3004, #1763 ),
 ( #825, #3333, #940 ),
 ( #882, #1242, #4626 ),
 ( #5051, #1293, #3356 ),
 ( #4684, #3434, #2622 ) ),
 .UNSPECIFIED., .F., .F., .T. ) 
 B_SPLINE_SURFACE_WITH_KNOTS ( ( 4, 2, 2, 2, 2, 2, 2, 4 ),
 ( 3, 3 ),
 ( 3.141592653589793116, 3.337942194439155408, 3.534291735288517255, 3.730641276137879103, 3.926990816987241395, 4.123340357836603687, 4.319689898685965090, 4.712388980384689674 ),
 ( 0.000000000000000000, 1.000000000000000000 ),
 .UNSPECIFIED. ) 
 GEOMETRIC_REPRESENTATION_ITEM ( )  RATIONAL_B_SPLINE_SURFACE ( (
 ( 1.000000000000000000, 0.7071067811865475727, 1.000000000000000000),
 ( 1.000000000000000000, 0.7070717276407094687, 1.000000000000000000),
 ( 1.000000000000000000, 0.7117460035099654192, 1.000000000000000000),
 ( 1.000000000000000000, 0.7291288930333510443, 1.000000000000000000),
 ( 1.000000000000000000, 0.7418334192087454593, 1.000000000000000000),
 ( 1.000000000000000000, 0.7723968204884585909, 1.000000000000000000),
 ( 1.000000000000000000, 0.7902180097996305275, 1.000000000000000000),
 ( 1.000000000000000000, 0.8275942684437105346, 1.000000000000000000),
 ( 1.000000000000000000, 0.8471316612622576958, 1.000000000000000000),
 ( 1.000000000000000000, 0.8849191463066201635, 1.000000000000000000),
 ( 1.000000000000000000, 0.9031650999538762825, 1.000000000000000000),
 ( 1.000000000000000000, 0.9360421837325187955, 1.000000000000000000),
 ( 1.000000000000000000, 0.9506740357170694322, 1.000000000000000000),
 ( 1.000000000000000000, 0.9867291882093298661, 1.000000000000000000),
 ( 1.000000000000000000, 1.000158581554896342, 1.000000000000000000),
 ( 1.000000000000000000, 1.000000000000000000, 1.000000000000000000) ) ) 
 REPRESENTATION_ITEM ( '' )  SURFACE ( )  );
#2458 = CARTESIAN_POINT ( 'NONE',  ( -32.00000000000000000, 4.000000000000000000, 0.000000000000000000 ) ) ;
#2459 = EDGE_CURVE ( 'NONE', #1916, #4964, #3256, .T. ) ;
#2460 = CARTESIAN_POINT ( 'NONE',  ( -23.99999999999862865, 6.000000000000000000, 0.9345494114604957492 ) ) ;
#2461 = ADVANCED_FACE ( 'NONE', ( #693 ), #3669, .T. ) ;
#2462 = FACE_OUTER_BOUND ( 'NONE', #2697, .T. ) ;
#2463 = CARTESIAN_POINT ( 'NONE',  ( 22.98248025345619538, -5.660826751152062464, 15.25338681122102891 ) ) ;
#2464 = EDGE_CURVE ( 'NONE', #1596, #1312, #3258, .T. ) ;
#2465 = ADVANCED_FACE ( 'NONE', ( #2794 ), #2852, .T. ) ;
#2466 = AXIS2_PLACEMENT_3D ( 'NONE', #1302, #525, #892 ) ;
#2467 = ORIENTED_EDGE ( 'NONE', *, *, #2298, .T. ) ;
#2468 = CARTESIAN_POINT ( 'NONE',  ( 0.000000000000000000, 0.000000000000000000, 14.49999999999999822 ) ) ;
#2469 = EDGE_CURVE ( 'NONE', #108, #4822, #3568, .T. ) ;
#2470 = CARTESIAN_POINT ( 'NONE',  ( 22.00000000000000000, 22.00000000000000711, 8.500000000000000000 ) ) ;
#2471 = CARTESIAN_POINT ( 'NONE',  ( -20.99999999999998934, -21.99999999999999289, 14.49999999999999822 ) ) ;
#2472 = ORIENTED_EDGE ( 'NONE', *, *, #5342, .F. ) ;
#2473 = DIRECTION ( 'NONE',  ( -0.000000000000000000, 0.000000000000000000, 1.000000000000000000 ) ) ;
#2474 = ORIENTED_EDGE ( 'NONE', *, *, #4154, .F. ) ;
#2475 = CARTESIAN_POINT ( 'NONE',  ( -1.988363676374209188, -16.27892138016290247, 4.000000000000000888 ) ) ;
#2476 = VECTOR ( 'NONE', #4328, 1000.000000000000000 ) ;
#2477 = FACE_OUTER_BOUND ( 'NONE', #3384, .T. ) ;
#2478 = VERTEX_POINT ( 'NONE', #726 ) ;
#2479 = CARTESIAN_POINT ( 'NONE',  ( 15.89419479175627536, 2.059613282958526970, 8.500000000000000000 ) ) ;
#2480 = LINE ( 'NONE', #3300, #1038 ) ;
#2481 = ORIENTED_EDGE ( 'NONE', *, *, #2599, .T. ) ;
#2482 = AXIS2_PLACEMENT_3D ( 'NONE', #38, #1728, #4258 ) ;
#2483 = CIRCLE ( 'NONE', #2743, 0.5000000000000004441 ) ;
#2484 = DIRECTION ( 'NONE',  ( 0.000000000000000000, 0.000000000000000000, -1.000000000000000000 ) ) ;
#2485 = DIRECTION ( 'NONE',  ( 0.000000000000000000, -0.000000000000000000, -1.000000000000000000 ) ) ;
#2486 = DIRECTION ( 'NONE',  ( 1.000000000000000000, 1.577021341797097807E-16, -0.000000000000000000 ) ) ;
#2487 = DIRECTION ( 'NONE',  ( -0.000000000000000000, 0.000000000000000000, 1.000000000000000000 ) ) ;
#2488 = CARTESIAN_POINT ( 'NONE',  ( 22.12560186952681818, -6.125601869526444254, 14.28802234809542071 ) ) ;
#2489 = EDGE_CURVE ( 'NONE', #3702, #1084, #4529, .T. ) ;
#2490 = AXIS2_PLACEMENT_3D ( 'NONE', #5403, #3274, #1644 ) ;
#2491 = AXIS2_PLACEMENT_3D ( 'NONE', #3086, #2677, #3198 ) ;
#2492 = ORIENTED_EDGE ( 'NONE', *, *, #3205, .T. ) ;
#2493 = EDGE_CURVE ( 'NONE', #4168, #3759, #4121, .T. ) ;
#2494 = DIRECTION ( 'NONE',  ( 1.000000000000000000, 0.000000000000000000, 0.000000000000000000 ) ) ;
#2495 = ADVANCED_FACE ( 'NONE', ( #4925 ), #3233, .T. ) ;
#2496 = CARTESIAN_POINT ( 'NONE',  ( 2.162646365479770072, 16.31225711202543138, 4.000000000000000888 ) ) ;
#2497 = DIRECTION ( 'NONE',  ( -0.000000000000000000, 0.000000000000000000, 1.000000000000000000 ) ) ;
#2498 = ADVANCED_FACE ( 'NONE', ( #1135 ), #2358, .F. ) ;
#2499 = ORIENTED_EDGE ( 'NONE', *, *, #5270, .F. ) ;
#2500 = EDGE_LOOP ( 'NONE', ( #2424, #858, #53, #4931, #2456, #2505, #1607, #3051, #3083, #1289, #1326, #2283, #2214 ) ) ;
#2501 = CARTESIAN_POINT ( 'NONE',  ( -16.93855220393495742, 17.01798743300968653, 2.500000000000001332 ) ) ;
#2502 = FACE_OUTER_BOUND ( 'NONE', #3215, .T. ) ;
#2503 = ADVANCED_FACE ( 'NONE', ( #4469 ), #3013, .T. ) ;
#2504 = CARTESIAN_POINT ( 'NONE',  ( 22.00000000000000000, 8.000000000000000000, 14.49999999999999822 ) ) ;
#2505 = ORIENTED_EDGE ( 'NONE', *, *, #4951, .T. ) ;
#2506 = CARTESIAN_POINT ( 'NONE',  ( 32.00000000000000000, -6.000000000000000000, 1.000000000000000000 ) ) ;
#2507 = ORIENTED_EDGE ( 'NONE', *, *, #3762, .T. ) ;
#2508 = VECTOR ( 'NONE', #3374, 1000.000000000000000 ) ;
#2509 = CARTESIAN_POINT ( 'NONE',  ( -23.98066173567823967, -5.993553911892783859, 0.8691019233317237580 ) ) ;
#2510 = CARTESIAN_POINT ( 'NONE',  ( -17.58855220393496310, 17.01798743300968653, 2.500000000000000888 ) ) ;
#2511 = CARTESIAN_POINT ( 'NONE',  ( 21.99355391189278564, 7.980661735678249435, 14.63089807666828435 ) ) ;
#2512 = FACE_OUTER_BOUND ( 'NONE', #3554, .T. ) ;
#2513 = AXIS2_PLACEMENT_3D ( 'NONE', #2405, #5352, #2035 ) ;
#2514 = AXIS2_PLACEMENT_3D ( 'NONE', #3359, #1639, #5054 ) ;
#2515 = CIRCLE ( 'NONE', #4262, 9.999999999999994671 ) ;
#2516 = AXIS2_PLACEMENT_3D ( 'NONE', #4613, #1722, #4219 ) ;
#2517 = ORIENTED_EDGE ( 'NONE', *, *, #5163, .F. ) ;
#2518 = CARTESIAN_POINT ( 'NONE',  ( -23.90404994674112515, -5.968016648913665456, 14.75928256736400179 ) ) ;
#2519 = CIRCLE ( 'NONE', #2260, 1.150000000000001688 ) ;
#2520 = AXIS2_PLACEMENT_3D ( 'NONE', #4088, #313, #4133 ) ;
#2521 = CARTESIAN_POINT ( 'NONE',  ( 22.21836484238035681, -6.218364842380744939, 1.108594736582436013 ) ) ;
#2522 = ADVANCED_FACE ( 'NONE', ( #39 ), #905, .T. ) ;
#2523 = CARTESIAN_POINT ( 'NONE',  ( -22.00000000000000000, 22.00000000000000711, 1.000000000000000000 ) ) ;
#2524 = ORIENTED_EDGE ( 'NONE', *, *, #2866, .T. ) ;
#2525 = ORIENTED_EDGE ( 'NONE', *, *, #4698, .T. ) ;
#2526 = DIRECTION ( 'NONE',  ( 0.9804987858825853220, -0.1965251405870919732, 0.000000000000000000 ) ) ;
#2527 = VECTOR ( 'NONE', #4045, 1000.000000000000000 ) ;
#2528 = FACE_OUTER_BOUND ( 'NONE', #705, .T. ) ;
#2529 = DIRECTION ( 'NONE',  ( 1.000000000000000000, 0.000000000000000000, 0.000000000000000000 ) ) ;
#2530 = ORIENTED_EDGE ( 'NONE', *, *, #4432, .T. ) ;
#2531 = DIRECTION ( 'NONE',  ( 1.000000000000000000, 0.000000000000000000, 0.000000000000000000 ) ) ;
#2532 = DIRECTION ( 'NONE',  ( 1.000000000000000000, 0.000000000000000000, 0.000000000000000000 ) ) ;
#2533 = ORIENTED_EDGE ( 'NONE', *, *, #4779, .T. ) ;
#2534 = ADVANCED_FACE ( 'NONE', ( #3851 ), #2256, .F. ) ;
#2535 = EDGE_CURVE ( 'NONE', #4822, #139, #5072, .T. ) ;
#2536 = DIRECTION ( 'NONE',  ( 0.000000000000000000, 0.000000000000000000, 1.000000000000000000 ) ) ;
#2537 = VERTEX_POINT ( 'NONE', #4622 ) ;
#2538 = CARTESIAN_POINT ( 'NONE',  ( -20.99999999999998934, 21.00000000000000355, 0.000000000000000000 ) ) ;
#2539 = CARTESIAN_POINT ( 'NONE',  ( 22.21836484238075471, 6.218364842380556645, 1.108594736582597884 ) ) ;
#2540 = DIRECTION ( 'NONE',  ( -1.000000000000000000, 0.000000000000000000, 0.000000000000000000 ) ) ;
#2541 = CIRCLE ( 'NONE', #855, 10.49999999999999645 ) ;
#2542 = FACE_BOUND ( 'NONE', #3497, .T. ) ;
#2543 = ORIENTED_EDGE ( 'NONE', *, *, #2561, .T. ) ;
#2544 = CARTESIAN_POINT ( 'NONE',  ( -22.22877093707588614, -6.228770937075887915, 14.54225719149023455 ) ) ;
#2545 = CARTESIAN_POINT ( 'NONE',  ( 22.08421465096714442, -6.084214650967308735, 1.202681265156453572 ) ) ;
#2546 = AXIS2_PLACEMENT_3D ( 'NONE', #296, #1966, #3640 ) ;
#2547 = CARTESIAN_POINT ( 'NONE',  ( 0.000000000000000000, 0.000000000000000000, 0.000000000000000000 ) ) ;
#2548 = EDGE_LOOP ( 'NONE', ( #5242, #4758, #3238, #4530 ) ) ;
#2549 = AXIS2_PLACEMENT_3D ( 'NONE', #4867, #4161, #5425 ) ;
#2550 = ORIENTED_EDGE ( 'NONE', *, *, #297, .F. ) ;
#2551 = CARTESIAN_POINT ( 'NONE',  ( -18.08855220393531482, -16.98201256699031703, 8.000000000000000000 ) ) ;
#2552 = CARTESIAN_POINT ( 'NONE',  ( 15.41144779606468695, -16.98201256699031703, 8.000000000000000000 ) ) ;
#2553 = DIRECTION ( 'NONE',  ( 1.000000000000000000, 0.000000000000000000, 0.000000000000000000 ) ) ;
#2554 = ORIENTED_EDGE ( 'NONE', *, *, #1004, .F. ) ;
#2555 = LINE ( 'NONE', #2174, #1905 ) ;
#2556 = ORIENTED_EDGE ( 'NONE', *, *, #2130, .T. ) ;
#2557 = EDGE_CURVE ( 'NONE', #3360, #2319, #483, .T. ) ;
#2558 = AXIS2_PLACEMENT_3D ( 'NONE', #118, #1019, #4343 ) ;
#2559 = CARTESIAN_POINT ( 'NONE',  ( -22.00000000000000000, 22.00000000000000711, 8.500000000000000000 ) ) ;
#2560 = ORIENTED_EDGE ( 'NONE', *, *, #4164, .F. ) ;
#2561 = EDGE_CURVE ( 'NONE', #4890, #2055, #4704, .T. ) ;
#2562 = CARTESIAN_POINT ( 'NONE',  ( -23.60349479552681373, -5.867831598508979951, 0.4988493250789157174 ) ) ;
#2563 = AXIS2_PLACEMENT_3D ( 'NONE', #45, #5053, #885 ) ;
#2564 = CARTESIAN_POINT ( 'NONE',  ( 20.99999999999999645, 4.999999999999995559, 4.336808689942017736E-16 ) ) ;
#2565 = DIRECTION ( 'NONE',  ( -0.000000000000000000, -0.000000000000000000, 1.000000000000000000 ) ) ;
#2566 = PLANE ( 'NONE',  #1094 ) ;
#2567 = VECTOR ( 'NONE', #504, 999.9999999999998863 ) ;
#2568 = CARTESIAN_POINT ( 'NONE',  ( 20.99999999999999645, 5.000000000000000000, 0.000000000000000000 ) ) ;
#2569 = ORIENTED_EDGE ( 'NONE', *, *, #5339, .F. ) ;
#2570 = CARTESIAN_POINT ( 'NONE',  ( -21.79510762609613295, -7.385322878288283377, 15.10998979111807294 ) ) ;
#2571 = VECTOR ( 'NONE', #1592, 1000.000000000000114 ) ;
#2572 = AXIS2_PLACEMENT_3D ( 'NONE', #2827, #2422, #4508 ) ;
#2573 = DIRECTION ( 'NONE',  ( -1.000000000000000000, 0.000000000000000000, 0.000000000000000000 ) ) ;
#2574 = CARTESIAN_POINT ( 'NONE',  ( -24.88395306043829436, 0.000000000000000000, 14.49999999999999822 ) ) ;
#2575 = ORIENTED_EDGE ( 'NONE', *, *, #2646, .F. ) ;
#2576 = CIRCLE ( 'NONE', #3282, 3.200000000000001510 ) ;
#2577 = EDGE_LOOP ( 'NONE', ( #4831, #5265, #4957, #3947, #3457, #236 ) ) ;
#2578 = ORIENTED_EDGE ( 'NONE', *, *, #804, .T. ) ;
#2579 = AXIS2_PLACEMENT_3D ( 'NONE', #5254, #4379, #1490 ) ;
#2580 = PLANE ( 'NONE',  #845 ) ;
#2581 = LINE ( 'NONE', #4245, #4753 ) ;
#2582 = DIRECTION ( 'NONE',  ( 1.000000000000000000, 0.000000000000000000, 0.000000000000000000 ) ) ;
#2583 = DIRECTION ( 'NONE',  ( 0.000000000000000000, 0.000000000000000000, -1.000000000000000000 ) ) ;
#2584 = ORIENTED_EDGE ( 'NONE', *, *, #235, .F. ) ;
#2585 = CARTESIAN_POINT ( 'NONE',  ( 0.000000000000000000, 0.000000000000000000, 9.000000000000001776 ) ) ;
#2586 = ORIENTED_EDGE ( 'NONE', *, *, #12, .F. ) ;
#2587 = DIRECTION ( 'NONE',  ( 1.000000000000000000, 0.000000000000000000, 0.000000000000000000 ) ) ;
#2588 = DIRECTION ( 'NONE',  ( 1.000000000000000000, 0.000000000000000000, 0.000000000000000000 ) ) ;
#2589 = ORIENTED_EDGE ( 'NONE', *, *, #5063, .T. ) ;
#2590 = CARTESIAN_POINT ( 'NONE',  ( -23.99999999999999289, -5.999999999999996447, 1.000000000000000000 ) ) ;
#2591 = TOROIDAL_SURFACE ( 'NONE', #3367, 1.650000000000003464, 0.5000000000000000000 ) ;
#2592 = DIRECTION ( 'NONE',  ( 0.9798975149153360542, -0.1995015294747106982, 0.000000000000000000 ) ) ;
#2593 = CYLINDRICAL_SURFACE ( 'NONE', #2348, 1.150000000000001688 ) ;
#2594 = CARTESIAN_POINT ( 'NONE',  ( -17.58855220393531837, -16.98201256699031703, 2.000000000000000888 ) ) ;
#2595 = ORIENTED_EDGE ( 'NONE', *, *, #195, .F. ) ;
#2596 = ADVANCED_FACE ( 'NONE', ( #1288 ), #821, .T. ) ;
#2597 = CARTESIAN_POINT ( 'NONE',  ( -21.99999999999999645, -7.999999999999996447, 14.49999999999999822 ) ) ;
#2598 = CIRCLE ( 'NONE', #383, 1.400000000000000133 ) ;
#2599 = EDGE_CURVE ( 'NONE', #4324, #831, #2969, .T. ) ;
#2600 = CARTESIAN_POINT ( 'NONE',  ( 21.94892610418519752, -7.846778312555794166, 0.6777843406610043475 ) ) ;
#2601 = VECTOR ( 'NONE', #4782, 1000.000000000000000 ) ;
#2602 = CARTESIAN_POINT ( 'NONE',  ( -18.58855220393531482, -16.98201256699031703, 8.000000000000000000 ) ) ;
#2603 = VERTEX_POINT ( 'NONE', #850 ) ;
#2604 = ORIENTED_EDGE ( 'NONE', *, *, #974, .F. ) ;
#2605 = DIRECTION ( 'NONE',  ( 0.000000000000000000, 0.000000000000000000, -1.000000000000000000 ) ) ;
#2606 = AXIS2_PLACEMENT_3D ( 'NONE', #5433, #5070, #60 ) ;
#2607 = DIRECTION ( 'NONE',  ( -0.000000000000000000, 0.000000000000000000, 1.000000000000000000 ) ) ;
#2608 = CARTESIAN_POINT ( 'NONE',  ( 22.00000000000000355, 22.00000000000000711, 14.49999999999999822 ) ) ;
#2609 = DIRECTION ( 'NONE',  ( -0.000000000000000000, -0.000000000000000000, -1.000000000000000000 ) ) ;
#2610 = ORIENTED_EDGE ( 'NONE', *, *, #1143, .T. ) ;
#2611 = CARTESIAN_POINT ( 'NONE',  ( 21.00000000000000000, -20.99999999999998934, 14.49999999999999822 ) ) ;
#2612 = ORIENTED_EDGE ( 'NONE', *, *, #267, .T. ) ;
#2613 = DIRECTION ( 'NONE',  ( 0.000000000000000000, 0.000000000000000000, -1.000000000000000000 ) ) ;
#2614 = LINE ( 'NONE', #4280, #2567 ) ;
#2615 = ORIENTED_EDGE ( 'NONE', *, *, #1111, .T. ) ;
#2616 = CARTESIAN_POINT ( 'NONE',  ( 14.13461559754601460, -13.96003667199245868, 8.500000000000000000 ) ) ;
#2617 = CARTESIAN_POINT ( 'NONE',  ( 22.19286351564890936, 6.192863515649088768, 14.33669886476911515 ) ) ;
#2618 = ADVANCED_FACE ( 'NONE', ( #3822 ), #4200, .T. ) ;
#2619 = ORIENTED_EDGE ( 'NONE', *, *, #5406, .T. ) ;
#2620 = EDGE_CURVE ( 'NONE', #625, #1770, #2074, .T. ) ;
#2621 = FACE_OUTER_BOUND ( 'NONE', #1575, .T. ) ;
#2622 = CARTESIAN_POINT ( 'NONE',  ( -20.99999999999999289, -4.999999999999992006, 15.49999999999999822 ) ) ;
#2623 = DIRECTION ( 'NONE',  ( -0.000000000000000000, -0.000000000000000000, 1.000000000000000000 ) ) ;
#2624 = ADVANCED_FACE ( 'NONE', ( #4645 ), #2593, .T. ) ;
#2625 = CYLINDRICAL_SURFACE ( 'NONE', #214, 10.00000000000000533 ) ;
#2626 = ORIENTED_EDGE ( 'NONE', *, *, #3804, .F. ) ;
#2627 = EDGE_LOOP ( 'NONE', ( #3399, #4143, #4655, #4066 ) ) ;
#2628 = EDGE_CURVE ( 'NONE', #5, #1306, #1316, .T. ) ;
#2629 = DIRECTION ( 'NONE',  ( 1.000000000000000000, 0.000000000000000000, 0.000000000000000000 ) ) ;
#2630 = DIRECTION ( 'NONE',  ( 1.224646799147353207E-16, 1.000000000000000000, 0.000000000000000000 ) ) ;
#2631 = CARTESIAN_POINT ( 'NONE',  ( -13.86538440245398718, -13.96003667199245868, 15.50000000000000000 ) ) ;
#2632 = DIRECTION ( 'NONE',  ( -0.000000000000000000, 0.000000000000000000, 1.000000000000000000 ) ) ;
#2633 = CARTESIAN_POINT ( 'NONE',  ( 14.13461559754572328, 14.03996332800754132, 9.000000000000001776 ) ) ;
#2634 = ORIENTED_EDGE ( 'NONE', *, *, #863, .F. ) ;
#2635 = DIRECTION ( 'NONE',  ( -0.000000000000000000, 0.000000000000000000, 1.000000000000000000 ) ) ;
#2636 = AXIS2_PLACEMENT_3D ( 'NONE', #1414, #3096, #2629 ) ;
#2637 = ORIENTED_EDGE ( 'NONE', *, *, #1921, .T. ) ;
#2638 = DIRECTION ( 'NONE',  ( 1.000000000000000000, 0.000000000000000000, 0.000000000000000000 ) ) ;
#2639 = PLANE ( 'NONE',  #4664 ) ;
#2640 = ORIENTED_EDGE ( 'NONE', *, *, #4576, .F. ) ;
#2641 = CARTESIAN_POINT ( 'NONE',  ( -21.78524365670255136, -5.261747885567517713, 0.02602732383215389592 ) ) ;
#2642 = CARTESIAN_POINT ( 'NONE',  ( 32.00000000000000000, 4.000000000000000000, 0.000000000000000000 ) ) ;
#2643 = PLANE ( 'NONE',  #282 ) ;
#2644 = AXIS2_PLACEMENT_3D ( 'NONE', #1559, #5316, #279 ) ;
#2645 = CARTESIAN_POINT ( 'NONE',  ( -32.00000000000000000, -4.000000000000000000, 1.000000000000000000 ) ) ;
#2646 = EDGE_CURVE ( 'NONE', #2084, #2737, #834, .T. ) ;
#2647 = LINE ( 'NONE', #1405, #5154 ) ;
#2648 = CARTESIAN_POINT ( 'NONE',  ( 31.28395306043829649, 0.000000000000000000, 0.000000000000000000 ) ) ;
#2649 = CYLINDRICAL_SURFACE ( 'NONE', #4148, 2.000000000000001776 ) ;
#2650 = AXIS2_PLACEMENT_3D ( 'NONE', #955, #3923, #1425 ) ;
#2651 = CARTESIAN_POINT ( 'NONE',  ( 21.84231792614527734, -5.842317926145281781, 0.2938744280093130157 ) ) ;
#2652 = ADVANCED_FACE ( 'NONE', ( #4571 ), #1888, .F. ) ;
#2653 = CARTESIAN_POINT ( 'NONE',  ( 20.00000000000000000, 20.00000000000000355, 8.500000000000000000 ) ) ;
#2654 = ORIENTED_EDGE ( 'NONE', *, *, #4568, .F. ) ;
#2655 = ORIENTED_EDGE ( 'NONE', *, *, #3169, .F. ) ;
#2656 =( BOUNDED_CURVE ( )  B_SPLINE_CURVE ( 3, ( #1403, #213, #1938, #1487 ),
 .UNSPECIFIED., .F., .T. ) 
 B_SPLINE_CURVE_WITH_KNOTS ( ( 4, 4 ),
 ( 0.000000000000000000, 1.570796326794896780 ),
 .UNSPECIFIED. ) 
 CURVE ( )  GEOMETRIC_REPRESENTATION_ITEM ( )  RATIONAL_B_SPLINE_CURVE ( ( 1.000000000000000000, 0.8047378541243649375, 0.8047378541243649375, 1.000000000000000000 ) ) 
 REPRESENTATION_ITEM ( '' )  );
#2657 = VERTEX_POINT ( 'NONE', #4761 ) ;
#2658 = LINE ( 'NONE', #584, #508 ) ;
#2659 = EDGE_CURVE ( 'NONE', #4708, #3395, #4448, .T. ) ;
#2660 = FACE_OUTER_BOUND ( 'NONE', #3324, .T. ) ;
#2661 = CARTESIAN_POINT ( 'NONE',  ( 0.000000000000000000, 0.000000000000000000, 8.500000000000000000 ) ) ;
#2662 = EDGE_CURVE ( 'NONE', #1091, #4687, #1717, .T. ) ;
#2663 = TOROIDAL_SURFACE ( 'NONE', #4513, 1.650000000000003464, 0.5000000000000000000 ) ;
#2664 = DIRECTION ( 'NONE',  ( 1.000000000000000000, 0.000000000000000000, 0.000000000000000000 ) ) ;
#2665 = ORIENTED_EDGE ( 'NONE', *, *, #3124, .F. ) ;
#2666 = AXIS2_PLACEMENT_3D ( 'NONE', #4868, #4496, #3608 ) ;
#2667 = CARTESIAN_POINT ( 'NONE',  ( 34.00000000000000000, 6.000000000000000000, 14.49999999999999822 ) ) ;
#2668 = ORIENTED_EDGE ( 'NONE', *, *, #1525, .T. ) ;
#2669 = EDGE_CURVE ( 'NONE', #3981, #3654, #1550, .T. ) ;
#2670 = CARTESIAN_POINT ( 'NONE',  ( 34.00000000000000000, 4.000000000000000000, 1.000000000000000000 ) ) ;
#2671 = EDGE_CURVE ( 'NONE', #378, #2135, #3565, .T. ) ;
#2672 = EDGE_LOOP ( 'NONE', ( #762, #3733, #3678, #4211 ) ) ;
#2673 = DIRECTION ( 'NONE',  ( 0.2093069875508653810, 0.9778499808060446830, 0.000000000000000000 ) ) ;
#2674 = ORIENTED_EDGE ( 'NONE', *, *, #709, .T. ) ;
#2675 = DIRECTION ( 'NONE',  ( -0.000000000000000000, -0.000000000000000000, 1.000000000000000000 ) ) ;
#2676 = CARTESIAN_POINT ( 'NONE',  ( 22.50345202424072610, 5.501150674746892122, 15.36783159862537573 ) ) ;
#2677 = DIRECTION ( 'NONE',  ( 1.000000000000000000, 0.000000000000000000, -0.000000000000000000 ) ) ;
#2678 = CARTESIAN_POINT ( 'NONE',  ( -12.46538440245398682, -13.96003667199245868, 14.49999999999999822 ) ) ;
#2679 = VERTEX_POINT ( 'NONE', #1909 ) ;
#2680 = DIRECTION ( 'NONE',  ( -1.000000000000000000, 0.000000000000000000, 0.000000000000000000 ) ) ;
#2681 = LINE ( 'NONE', #579, #5381 ) ;
#2682 = AXIS2_PLACEMENT_3D ( 'NONE', #3941, #3126, #163 ) ;
#2683 = ORIENTED_EDGE ( 'NONE', *, *, #4298, .T. ) ;
#2684 = EDGE_LOOP ( 'NONE', ( #4037, #290, #3685, #4362 ) ) ;
#2686 = CARTESIAN_POINT ( 'NONE',  ( 0.000000000000000000, -20.99999999999998934, 14.49999999999999822 ) ) ;
#2685 = CARTESIAN_POINT ( 'NONE',  ( 17.06144779606504258, 17.01798743300968653, 8.500000000000000000 ) ) ;
#2687 = CARTESIAN_POINT ( 'NONE',  ( 14.13461559754572328, 14.03996332800754132, 8.500000000000000000 ) ) ;
#2688 = EDGE_CURVE ( 'NONE', #3020, #2407, #923, .T. ) ;
#2689 = TOROIDAL_SURFACE ( 'NONE', #4969, 2.400000000000001243, 1.000000000000000000 ) ;
#2690 = CARTESIAN_POINT ( 'NONE',  ( -21.99999999999999289, -7.999999999999994671, 15.08578643762690596 ) ) ;
#2691 = DIRECTION ( 'NONE',  ( 0.000000000000000000, 1.000000000000000000, 0.000000000000000000 ) ) ;
#2692 = DIRECTION ( 'NONE',  ( -0.000000000000000000, -0.000000000000000000, 1.000000000000000000 ) ) ;
#2693 =( BOUNDED_CURVE ( )  B_SPLINE_CURVE ( 3, ( #181, #2236, #1881, #629 ),
 .UNSPECIFIED., .F., .F. ) 
 B_SPLINE_CURVE_WITH_KNOTS ( ( 4, 4 ),
 ( 3.141592653589793116, 4.712388980384689674 ),
 .UNSPECIFIED. ) 
 CURVE ( )  GEOMETRIC_REPRESENTATION_ITEM ( )  RATIONAL_B_SPLINE_CURVE ( ( 1.000000000000000000, 0.8047378541243649375, 0.8047378541243649375, 1.000000000000000000 ) ) 
 REPRESENTATION_ITEM ( '' )  );
#2694 = ORIENTED_EDGE ( 'NONE', *, *, #85, .T. ) ;
#2695 = LINE ( 'NONE', #3538, #2601 ) ;
#2696 = AXIS2_PLACEMENT_3D ( 'NONE', #2246, #3999, #1829 ) ;
#2697 = EDGE_LOOP ( 'NONE', ( #4583, #946, #177, #4427 ) ) ;
#2698 = LINE ( 'NONE', #1985, #1604 ) ;
#2699 = ORIENTED_EDGE ( 'NONE', *, *, #2828, .T. ) ;
#2700 = ADVANCED_FACE ( 'NONE', ( #1432 ), #1346, .T. ) ;
#2701 = FACE_BOUND ( 'NONE', #4225, .T. ) ;
#2702 = VERTEX_POINT ( 'NONE', #2235 ) ;
#2703 = LINE ( 'NONE', #3902, #3958 ) ;
#2704 = ADVANCED_FACE ( 'NONE', ( #3905 ), #3376, .F. ) ;
#2705 = CARTESIAN_POINT ( 'NONE',  ( 22.32945361729116840, 5.443151205763775202, 15.39883296068304830 ) ) ;
#2706 = DIRECTION ( 'NONE',  ( -0.2024611334656773176, 0.9792902988571843270, 0.000000000000000000 ) ) ;
#2707 = DIRECTION ( 'NONE',  ( -0.000000000000000000, 1.000000000000000000, -0.000000000000000000 ) ) ;
#2708 = DIRECTION ( 'NONE',  ( -0.000000000000000000, -0.000000000000000000, 1.000000000000000000 ) ) ;
#2709 = CARTESIAN_POINT ( 'NONE',  ( -22.00000000000000000, 21.00000000000000355, 14.49999999999999822 ) ) ;
#2710 = EDGE_LOOP ( 'NONE', ( #3912, #1904, #939, #4906 ) ) ;
#2711 = VERTEX_POINT ( 'NONE', #1818 ) ;
#2713 = DIRECTION ( 'NONE',  ( 1.224646799147353207E-16, 1.000000000000000000, 0.000000000000000000 ) ) ;
#2712 = DIRECTION ( 'NONE',  ( 1.000000000000000000, 0.000000000000000000, 0.000000000000000000 ) ) ;
#2714 = CARTESIAN_POINT ( 'NONE',  ( 17.71144779606469655, -16.98201256699031703, 2.000000000000000888 ) ) ;
#2715 = CARTESIAN_POINT ( 'NONE',  ( 22.00000000000000355, -20.99999999999998934, 14.49999999999999822 ) ) ;
#2716 = CARTESIAN_POINT ( 'NONE',  ( 28.08395306043829365, 0.000000000000000000, 1.000000000000000000 ) ) ;
#2717 = DIRECTION ( 'NONE',  ( 0.000000000000000000, 0.000000000000000000, -1.000000000000000000 ) ) ;
#2718 = ORIENTED_EDGE ( 'NONE', *, *, #5007, .F. ) ;
#2719 = DIRECTION ( 'NONE',  ( -0.000000000000000000, 0.000000000000000000, 1.000000000000000000 ) ) ;
#2720 = ORIENTED_EDGE ( 'NONE', *, *, #3303, .T. ) ;
#2721 = CARTESIAN_POINT ( 'NONE',  ( -21.60998979129266928, 6.829969373877115224, 0.2048923740205246535 ) ) ;
#2722 = EDGE_CURVE ( 'NONE', #3337, #2826, #4337, .T. ) ;
#2723 = CARTESIAN_POINT ( 'NONE',  ( 20.00000000000000000, 20.00000000000000355, 1.000000000000000000 ) ) ;
#2724 = EDGE_LOOP ( 'NONE', ( #1154, #1580, #4544, #3208 ) ) ;
#2725 = FACE_OUTER_BOUND ( 'NONE', #2500, .T. ) ;
#2726 = CIRCLE ( 'NONE', #786, 2.400000000000001243 ) ;
#2727 = ORIENTED_EDGE ( 'NONE', *, *, #5410, .F. ) ;
#2728 = CARTESIAN_POINT ( 'NONE',  ( -22.21530969695864144, -6.215309696957798558, 0.8641790907335464844 ) ) ;
#2729 = DIRECTION ( 'NONE',  ( -0.2024611334656773176, 0.9792902988571843270, 0.000000000000000000 ) ) ;
#2730 = CARTESIAN_POINT ( 'NONE',  ( 32.00000000000000000, -4.000000000000000000, 0.000000000000000000 ) ) ;
#2731 = ADVANCED_FACE ( 'NONE', ( #3165 ), #1467, .F. ) ;
#2732 = DIRECTION ( 'NONE',  ( 1.000000000000000000, 0.000000000000000000, 0.000000000000000000 ) ) ;
#2733 = ADVANCED_FACE ( 'NONE', ( #1055 ), #3304, .T. ) ;
#2734 = DIRECTION ( 'NONE',  ( 0.000000000000000000, 0.000000000000000000, -1.000000000000000000 ) ) ;
#2735 = CARTESIAN_POINT ( 'NONE',  ( -23.99999999999999289, -7.999999999999998224, 0.000000000000000000 ) ) ;
#2736 = CIRCLE ( 'NONE', #2911, 0.6500000000000047962 ) ;
#2737 = VERTEX_POINT ( 'NONE', #2361 ) ;
#2738 = CIRCLE ( 'NONE', #1159, 1.150000000000001688 ) ;
#2739 = ORIENTED_EDGE ( 'NONE', *, *, #5213, .T. ) ;
#2741 = DIRECTION ( 'NONE',  ( 0.2066656475787591318, 0.9784116261118589453, 0.000000000000000000 ) ) ;
#2740 = DIRECTION ( 'NONE',  ( -0.000000000000000000, -0.000000000000000000, 1.000000000000000000 ) ) ;
#2742 = DIRECTION ( 'NONE',  ( 1.000000000000000000, 0.000000000000000000, 0.000000000000000000 ) ) ;
#2743 = AXIS2_PLACEMENT_3D ( 'NONE', #3066, #436, #2573 ) ;
#2744 = DIRECTION ( 'NONE',  ( -0.000000000000000000, -0.000000000000000000, 1.000000000000000000 ) ) ;
#2745 = FACE_OUTER_BOUND ( 'NONE', #1034, .T. ) ;
#2746 = CIRCLE ( 'NONE', #3523, 0.6500000000000047962 ) ;
#2747 = PLANE ( 'NONE',  #1322 ) ;
#2748 = EDGE_LOOP ( 'NONE', ( #5430, #1978, #1228, #1342 ) ) ;
#2749 = CARTESIAN_POINT ( 'NONE',  ( 21.00000000000000000, -21.99999999999999289, 14.49999999999999822 ) ) ;
#2750 = ORIENTED_EDGE ( 'NONE', *, *, #3787, .F. ) ;
#2751 = AXIS2_PLACEMENT_3D ( 'NONE', #1568, #4916, #3706 ) ;
#2752 = DIRECTION ( 'NONE',  ( -0.000000000000000000, 1.000000000000000000, 0.000000000000000000 ) ) ;
#2753 = VECTOR ( 'NONE', #3718, 1000.000000000000000 ) ;
#2754 = ORIENTED_EDGE ( 'NONE', *, *, #1681, .F. ) ;
#2755 = FACE_BOUND ( 'NONE', #769, .T. ) ;
#2756 = CARTESIAN_POINT ( 'NONE',  ( 19.36088958536603499, -19.44946676916973516, 8.500000000000000000 ) ) ;
#2757 = ORIENTED_EDGE ( 'NONE', *, *, #4599, .F. ) ;
#2759 = DIRECTION ( 'NONE',  ( -0.000000000000000000, -0.000000000000000000, 1.000000000000000000 ) ) ;
#2758 = AXIS2_PLACEMENT_3D ( 'NONE', #4247, #2583, #3841 ) ;
#2760 = DIRECTION ( 'NONE',  ( 1.000000000000000000, 0.000000000000000000, 0.000000000000000000 ) ) ;
#2761 = FACE_OUTER_BOUND ( 'NONE', #3541, .T. ) ;
#2762 = EDGE_CURVE ( 'NONE', #4605, #1707, #3467, .T. ) ;
#2763 = EDGE_LOOP ( 'NONE', ( #3314, #4947, #617, #4325 ) ) ;
#2764 = FACE_OUTER_BOUND ( 'NONE', #4335, .T. ) ;
#2765 = LINE ( 'NONE', #5199, #2051 ) ;
#2766 = EDGE_CURVE ( 'NONE', #5204, #2335, #2436, .T. ) ;
#2767 = ORIENTED_EDGE ( 'NONE', *, *, #5280, .T. ) ;
#2768 = EDGE_LOOP ( 'NONE', ( #671, #5386, #3139, #4507 ) ) ;
#2770 = CARTESIAN_POINT ( 'NONE',  ( -22.00000000000000000, 22.00000000000000711, 8.500000000000000000 ) ) ;
#2769 = CARTESIAN_POINT ( 'NONE',  ( -21.99999999999999645, 8.000000000000000000, 15.08578643762690596 ) ) ;
#2771 = VERTEX_POINT ( 'NONE', #2305 ) ;
#2772 = AXIS2_PLACEMENT_3D ( 'NONE', #4731, #2295, #3116 ) ;
#2773 = EDGE_CURVE ( 'NONE', #2391, #378, #642, .T. ) ;
#2774 = DIRECTION ( 'NONE',  ( -0.000000000000000000, -0.000000000000000000, 1.000000000000000000 ) ) ;
#2775 = CARTESIAN_POINT ( 'NONE',  ( -22.22877093707588259, 6.228770937075974956, 14.54225719149049745 ) ) ;
#2776 = ORIENTED_EDGE ( 'NONE', *, *, #195, .T. ) ;
#2777 = ORIENTED_EDGE ( 'NONE', *, *, #330, .F. ) ;
#2778 = FACE_OUTER_BOUND ( 'NONE', #5272, .T. ) ;
#2779 = ORIENTED_EDGE ( 'NONE', *, *, #2296, .T. ) ;
#2780 = AXIS2_PLACEMENT_3D ( 'NONE', #3362, #2085, #5037 ) ;
#2781 = CIRCLE ( 'NONE', #4879, 1.000000000000000888 ) ;
#2782 = CARTESIAN_POINT ( 'NONE',  ( -22.00000000000000000, -5.999999999999998224, 1.000000000000000000 ) ) ;
#2783 = AXIS2_PLACEMENT_3D ( 'NONE', #4398, #3515, #1375 ) ;
#2784 = ORIENTED_EDGE ( 'NONE', *, *, #4764, .F. ) ;
#2785 = TOROIDAL_SURFACE ( 'NONE', #837, 1.900000000000001021, 0.5000000000000000000 ) ;
#2786 = VECTOR ( 'NONE', #315, 1000.000000000000000 ) ;
#2787 = DIRECTION ( 'NONE',  ( -1.000000000000000000, 0.000000000000000000, 0.000000000000000000 ) ) ;
#2788 = EDGE_LOOP ( 'NONE', ( #3784, #386, #1216, #194 ) ) ;
#2789 = CARTESIAN_POINT ( 'NONE',  ( 16.53461559754572363, 14.03996332800754132, 15.50000000000000000 ) ) ;
#2790 = FACE_OUTER_BOUND ( 'NONE', #4251, .T. ) ;
#2791 = DIRECTION ( 'NONE',  ( -0.2087993391107791918, 0.9779585042254613780, -0.000000000000000000 ) ) ;
#2792 = AXIS2_PLACEMENT_3D ( 'NONE', #1457, #4367, #3573 ) ;
#2793 = CARTESIAN_POINT ( 'NONE',  ( -32.00000000000000000, 5.000000000000000000, 1.000000000000000000 ) ) ;
#2794 = FACE_OUTER_BOUND ( 'NONE', #1373, .T. ) ;
#2795 = CARTESIAN_POINT ( 'NONE',  ( 22.00000000000000000, -7.999999999999998224, 14.49999999999999822 ) ) ;
#2796 = EDGE_CURVE ( 'NONE', #2432, #3702, #4371, .T. ) ;
#2797 = ORIENTED_EDGE ( 'NONE', *, *, #2469, .T. ) ;
#2798 = EDGE_LOOP ( 'NONE', ( #3332, #4880 ) ) ;
#2800 = DIRECTION ( 'NONE',  ( 1.000000000000000000, 0.000000000000000000, 0.000000000000000000 ) ) ;
#2799 = CARTESIAN_POINT ( 'NONE',  ( 0.000000000000000000, 21.00000000000000355, 0.000000000000000000 ) ) ;
#2801 = CARTESIAN_POINT ( 'NONE',  ( 17.06144779606504258, 17.01798743300968653, 2.500000000000000888 ) ) ;
#2802 = EDGE_CURVE ( 'NONE', #5156, #1569, #3737, .T. ) ;
#2803 = DIRECTION ( 'NONE',  ( -1.000000000000000000, 0.000000000000000000, 0.000000000000000000 ) ) ;
#2804 = CARTESIAN_POINT ( 'NONE',  ( 24.00000000000000000, 6.000000000000000000, 0.000000000000000000 ) ) ;
#2805 = EDGE_CURVE ( 'NONE', #1084, #2432, #2875, .T. ) ;
#2806 = ORIENTED_EDGE ( 'NONE', *, *, #5059, .T. ) ;
#2807 = CYLINDRICAL_SURFACE ( 'NONE', #5407, 1.000000000000000888 ) ;
#2808 = ORIENTED_EDGE ( 'NONE', *, *, #4009, .F. ) ;
#2809 = AXIS2_PLACEMENT_3D ( 'NONE', #487, #1319, #1291 ) ;
#2810 = CARTESIAN_POINT ( 'NONE',  ( 34.00000000000000000, 5.000000000000000000, 1.000000000000000000 ) ) ;
#2811 = DIRECTION ( 'NONE',  ( -1.224646799147353207E-16, 1.000000000000000000, 0.000000000000000000 ) ) ;
#2812 = ORIENTED_EDGE ( 'NONE', *, *, #863, .T. ) ;
#2813 = PLANE ( 'NONE',  #2945 ) ;
#2814 = FACE_OUTER_BOUND ( 'NONE', #341, .T. ) ;
#2815 = ORIENTED_EDGE ( 'NONE', *, *, #591, .T. ) ;
#2816 = DIRECTION ( 'NONE',  ( -1.000000000000000000, 0.000000000000000000, 0.000000000000000000 ) ) ;
#2817 = DIRECTION ( 'NONE',  ( 1.000000000000000000, 0.000000000000000000, 0.000000000000000000 ) ) ;
#2818 = DIRECTION ( 'NONE',  ( 0.000000000000000000, 0.000000000000000000, -1.000000000000000000 ) ) ;
#2819 = VECTOR ( 'NONE', #1161, 1000.000000000000000 ) ;
#2820 = CIRCLE ( 'NONE', #4915, 1.900000000000000577 ) ;
#2821 = TOROIDAL_SURFACE ( 'NONE', #420, 0.6500000000000034639, 0.5000000000000000000 ) ;
#2822 = CARTESIAN_POINT ( 'NONE',  ( 22.75735931288071257, -5.585786437626901524, 3.244476573706588632E-16 ) ) ;
#2823 = CARTESIAN_POINT ( 'NONE',  ( 23.99999999999897682, -5.999999999999998224, 14.56545058853951780 ) ) ;
#2824 = ORIENTED_EDGE ( 'NONE', *, *, #4338, .F. ) ;
#2825 = VECTOR ( 'NONE', #5234, 1000.000000000000000 ) ;
#2826 = VERTEX_POINT ( 'NONE', #3583 ) ;
#2827 = CARTESIAN_POINT ( 'NONE',  ( 33.00000000000000000, 4.000000000000000000, 14.49999999999999822 ) ) ;
#2828 = EDGE_CURVE ( 'NONE', #3854, #3180, #5173, .T. ) ;
#2829 = DIRECTION ( 'NONE',  ( 1.000000000000000000, 0.000000000000000000, 0.000000000000000000 ) ) ;
#2830 = VECTOR ( 'NONE', #5211, 1000.000000000000000 ) ;
#2831 = CARTESIAN_POINT ( 'NONE',  ( -21.99999999999999645, 8.000000000000000000, 14.49999999999999822 ) ) ;
#2832 = ORIENTED_EDGE ( 'NONE', *, *, #2959, .T. ) ;
#2833 = VECTOR ( 'NONE', #3898, 1000.000000000000000 ) ;
#2834 = ORIENTED_EDGE ( 'NONE', *, *, #4601, .F. ) ;
#2835 = LINE ( 'NONE', #2475, #2786 ) ;
#2836 = EDGE_CURVE ( 'NONE', #4912, #3842, #1495, .T. ) ;
#2837 = ADVANCED_FACE ( 'NONE', ( #1945 ), #3555, .F. ) ;
#2838 = AXIS2_PLACEMENT_3D ( 'NONE', #4394, #1906, #1541 ) ;
#2839 = CARTESIAN_POINT ( 'NONE',  ( 22.00000000000000355, 8.000000000000000000, 15.08578643762690596 ) ) ;
#2840 = EDGE_LOOP ( 'NONE', ( #4220, #1917, #4447, #2777 ) ) ;
#2841 = CARTESIAN_POINT ( 'NONE',  ( 22.00000000000000000, 22.00000000000000711, 8.500000000000000000 ) ) ;
#2842 = CARTESIAN_POINT ( 'NONE',  ( 34.00000000000000000, -5.000000000000000000, 1.000000000000000000 ) ) ;
#2843 = ORIENTED_EDGE ( 'NONE', *, *, #4997, .F. ) ;
#2844 = ADVANCED_FACE ( 'NONE', ( #3177 ), #4744, .T. ) ;
#2845 =( BOUNDED_CURVE ( )  B_SPLINE_CURVE ( 3, ( #2252, #1417, #2690, #4661 ),
 .UNSPECIFIED., .F., .F. ) 
 B_SPLINE_CURVE_WITH_KNOTS ( ( 4, 4 ),
 ( 1.570796326794896780, 3.141592653589793116 ),
 .UNSPECIFIED. ) 
 CURVE ( )  GEOMETRIC_REPRESENTATION_ITEM ( )  RATIONAL_B_SPLINE_CURVE ( ( 1.000000000000000000, 0.8047378541243650485, 0.8047378541243650485, 1.000000000000000000 ) ) 
 REPRESENTATION_ITEM ( '' )  );
#2846 = AXIS2_PLACEMENT_3D ( 'NONE', #2661, #2632, #4720 ) ;
#2847 = EDGE_CURVE ( 'NONE', #1306, #1091, #131, .T. ) ;
#2848 = CIRCLE ( 'NONE', #5294, 2.400000000000001243 ) ;
#2849 = LINE ( 'NONE', #1598, #1360 ) ;
#2850 = CIRCLE ( 'NONE', #988, 0.6500000000000047962 ) ;
#2851 = CIRCLE ( 'NONE', #2758, 0.6500000000000047962 ) ;
#2852 = TOROIDAL_SURFACE ( 'NONE', #4235, 1.900000000000001021, 0.5000000000000000000 ) ;
#2853 = DIRECTION ( 'NONE',  ( 0.000000000000000000, 0.000000000000000000, -1.000000000000000000 ) ) ;
#2854 = CARTESIAN_POINT ( 'NONE',  ( 34.00000000000000000, -4.000000000000000000, 1.000000000000000000 ) ) ;
#2855 = CARTESIAN_POINT ( 'NONE',  ( 22.00000000000000000, -7.999999999998294697, 14.56545058853950181 ) ) ;
#2856 = VERTEX_POINT ( 'NONE', #1001 ) ;
#2857 = ORIENTED_EDGE ( 'NONE', *, *, #1584, .F. ) ;
#2858 = LINE ( 'NONE', #3242, #4134 ) ;
#2859 = FACE_OUTER_BOUND ( 'NONE', #1974, .T. ) ;
#2860 = CYLINDRICAL_SURFACE ( 'NONE', #1170, 1.000000000000000000 ) ;
#2861 = ORIENTED_EDGE ( 'NONE', *, *, #4040, .T. ) ;
#2862 = CARTESIAN_POINT ( 'NONE',  ( 0.000000000000000000, 0.000000000000000000, 0.000000000000000000 ) ) ;
#2863 = ORIENTED_EDGE ( 'NONE', *, *, #2982, .F. ) ;
#2864 = CIRCLE ( 'NONE', #1623, 1.000000000000000000 ) ;
#2865 = LINE ( 'NONE', #413, #3435 ) ;
#2866 = EDGE_CURVE ( 'NONE', #3724, #5230, #2515, .T. ) ;
#2867 = ORIENTED_EDGE ( 'NONE', *, *, #4576, .T. ) ;
#2868 = DIRECTION ( 'NONE',  ( -1.000000000000000000, -7.885106708985489034E-17, 0.000000000000000000 ) ) ;
#2869 = VERTEX_POINT ( 'NONE', #5232 ) ;
#2870 = CIRCLE ( 'NONE', #470, 1.000000000000000888 ) ;
#2871 = FACE_OUTER_BOUND ( 'NONE', #4141, .T. ) ;
#2872 = EDGE_CURVE ( 'NONE', #2121, #2856, #1910, .T. ) ;
#2873 = CIRCLE ( 'NONE', #666, 9.000000000000000000 ) ;
#2874 = EDGE_CURVE ( 'NONE', #1393, #334, #4540, .T. ) ;
#2875 = CIRCLE ( 'NONE', #3131, 1.999999999999998224 ) ;
#2876 = CARTESIAN_POINT ( 'NONE',  ( 21.00000000000000000, -20.99999999999998934, 14.49999999999999822 ) ) ;
#2877 = DIRECTION ( 'NONE',  ( -0.000000000000000000, 0.000000000000000000, 1.000000000000000000 ) ) ;
#2878 = AXIS2_PLACEMENT_3D ( 'NONE', #1221, #2473, #3216 ) ;
#2879 = CARTESIAN_POINT ( 'NONE',  ( 22.00000000000000000, 21.00000000000000355, 1.000000000000000000 ) ) ;
#2880 = VERTEX_POINT ( 'NONE', #725 ) ;
#2881 = ORIENTED_EDGE ( 'NONE', *, *, #4604, .F. ) ;
#2882 = LINE ( 'NONE', #2799, #4942 ) ;
#2883 = DIRECTION ( 'NONE',  ( 0.000000000000000000, -0.000000000000000000, -1.000000000000000000 ) ) ;
#2884 = CARTESIAN_POINT ( 'NONE',  ( -21.99999999999999645, 7.999999999998296474, 14.56545058853955688 ) ) ;
#2885 = EDGE_LOOP ( 'NONE', ( #2619, #5441 ) ) ;
#2886 = APPLICATION_CONTEXT ( 'automotive_design' ) ;
#2887 = ORIENTED_EDGE ( 'NONE', *, *, #2992, .T. ) ;
#2888 = CARTESIAN_POINT ( 'NONE',  ( -21.99999999999999645, -7.999999999999998224, 14.49999999999999822 ) ) ;
#2889 = ORIENTED_EDGE ( 'NONE', *, *, #3856, .F. ) ;
#2890 = CARTESIAN_POINT ( 'NONE',  ( -19.49999999999999289, -17.73045648002682384, 4.000000000000000888 ) ) ;
#2891 = ORIENTED_EDGE ( 'NONE', *, *, #1079, .F. ) ;
#2892 = EDGE_CURVE ( 'NONE', #679, #5365, #4967, .T. ) ;
#2893 = DIRECTION ( 'NONE',  ( 0.000000000000000000, -1.000000000000000000, 0.000000000000000000 ) ) ;
#2894 = EDGE_CURVE ( 'NONE', #3582, #334, #4468, .T. ) ;
#2895 = CARTESIAN_POINT ( 'NONE',  ( -7.228014483236686695E-16, -4.999999999999994671, 15.50000000000000000 ) ) ;
#2896 = CARTESIAN_POINT ( 'NONE',  ( 21.94892610418526857, 7.846778312555721335, 0.6777843406611936405 ) ) ;
#2897 = EDGE_CURVE ( 'NONE', #1854, #807, #4351, .T. ) ;
#2898 = DIRECTION ( 'NONE',  ( 1.000000000000000000, 0.000000000000000000, 0.000000000000000000 ) ) ;
#2899 = DIRECTION ( 'NONE',  ( 0.000000000000000000, -1.000000000000000000, 0.000000000000000000 ) ) ;
#2900 = ADVANCED_FACE ( 'NONE', ( #5388 ), #4546, .T. ) ;
#2901 = CIRCLE ( 'NONE', #3687, 1.000000000000000888 ) ;
#2902 = EDGE_LOOP ( 'NONE', ( #5266, #1572, #1027 ) ) ;
#2903 = CARTESIAN_POINT ( 'NONE',  ( 21.00000000000000000, -4.999999999999998224, 0.000000000000000000 ) ) ;
#2904 = CARTESIAN_POINT ( 'NONE',  ( 24.00000000000000000, 6.000000000000000000, 1.000000000000000000 ) ) ;
#2905 = DIRECTION ( 'NONE',  ( -0.000000000000000000, -0.000000000000000000, 1.000000000000000000 ) ) ;
#2906 = CARTESIAN_POINT ( 'NONE',  ( -20.99999999999998934, 0.000000000000000000, 1.000000000000000000 ) ) ;
#2907 = ORIENTED_EDGE ( 'NONE', *, *, #668, .T. ) ;
#2908 = DIRECTION ( 'NONE',  ( 0.000000000000000000, -1.000000000000000000, 0.000000000000000000 ) ) ;
#2909 = VERTEX_POINT ( 'NONE', #4078 ) ;
#2910 = DIRECTION ( 'NONE',  ( 0.000000000000000000, -1.000000000000000000, 0.000000000000000000 ) ) ;
#2911 = AXIS2_PLACEMENT_3D ( 'NONE', #3811, #553, #2981 ) ;
#2912 = DIRECTION ( 'NONE',  ( 0.000000000000000000, 0.000000000000000000, 1.000000000000000000 ) ) ;
#2913 = ORIENTED_EDGE ( 'NONE', *, *, #4485, .F. ) ;
#2914 = DIRECTION ( 'NONE',  ( 1.000000000000000000, 0.000000000000000000, 0.000000000000000000 ) ) ;
#2915 = DIRECTION ( 'NONE',  ( 1.224646799147353207E-16, 1.000000000000000000, 0.000000000000000000 ) ) ;
#2916 = ORIENTED_EDGE ( 'NONE', *, *, #1612, .T. ) ;
#2917 = CIRCLE ( 'NONE', #4129, 10.00000000000000178 ) ;
#2918 = AXIS2_PLACEMENT_3D ( 'NONE', #1218, #2883, #356 ) ;
#2919 = CARTESIAN_POINT ( 'NONE',  ( -22.22877093707588614, 6.228770937076175684, 0.9577428085092994925 ) ) ;
#2920 = DIRECTION ( 'NONE',  ( 0.000000000000000000, 0.000000000000000000, -1.000000000000000000 ) ) ;
#2921 = CARTESIAN_POINT ( 'NONE',  ( 23.98066173567824677, 5.993553911892789188, 14.63089807666826658 ) ) ;
#2922 = FACE_BOUND ( 'NONE', #2798, .T. ) ;
#2923 = AXIS2_PLACEMENT_3D ( 'NONE', #710, #2402, #4069 ) ;
#2924 = AXIS2_PLACEMENT_3D ( 'NONE', #2468, #756, #5366 ) ;
#2925 = VERTEX_POINT ( 'NONE', #1971 ) ;
#2926 = CARTESIAN_POINT ( 'NONE',  ( -22.00000000005318057, -6.000000000052663651, 14.43407002061632838 ) ) ;
#2927 = FACE_OUTER_BOUND ( 'NONE', #56, .T. ) ;
#2928 = ADVANCED_FACE ( 'NONE', ( #2462 ), #5358, .T. ) ;
#2929 = CARTESIAN_POINT ( 'NONE',  ( 24.00000000000000000, 6.000000000000000000, 1.000000000000000000 ) ) ;
#2930 = VERTEX_POINT ( 'NONE', #3688 ) ;
#2931 = EDGE_LOOP ( 'NONE', ( #4981, #83, #3692, #5355 ) ) ;
#2932 = ADVANCED_FACE ( 'NONE', ( #4120 ), #926, .T. ) ;
#2933 = FACE_OUTER_BOUND ( 'NONE', #550, .T. ) ;
#2934 = DIRECTION ( 'NONE',  ( 1.000000000000000000, -0.000000000000000000, -0.000000000000000000 ) ) ;
#2935 = FACE_OUTER_BOUND ( 'NONE', #1482, .T. ) ;
#2936 = ORIENTED_EDGE ( 'NONE', *, *, #1153, .T. ) ;
#2937 = DIRECTION ( 'NONE',  ( -0.000000000000000000, 0.000000000000000000, 1.000000000000000000 ) ) ;
#2938 = ORIENTED_EDGE ( 'NONE', *, *, #4404, .F. ) ;
#2939 = AXIS2_PLACEMENT_3D ( 'NONE', #3403, #2101, #3328 ) ;
#2940 = CARTESIAN_POINT ( 'NONE',  ( -21.79510762609605479, 7.385322878288383741, 0.3900102088818101498 ) ) ;
#2941 = CARTESIAN_POINT ( 'NONE',  ( -13.86538440245398718, -13.96003667199245868, 9.000000000000001776 ) ) ;
#2942 = CARTESIAN_POINT ( 'NONE',  ( 20.00000000000000000, -20.09759305442772259, 1.000000000000000000 ) ) ;
#2943 = DIRECTION ( 'NONE',  ( 1.000000000000000000, 0.000000000000000000, 0.000000000000000000 ) ) ;
#2944 = CARTESIAN_POINT ( 'NONE',  ( -16.93855220393531269, -16.98201256699031703, 2.000000000000000888 ) ) ;
#2945 = AXIS2_PLACEMENT_3D ( 'NONE', #3730, #5408, #5383 ) ;
#2946 = AXIS2_PLACEMENT_3D ( 'NONE', #465, #4984, #3722 ) ;
#2947 = AXIS2_PLACEMENT_3D ( 'NONE', #4678, #2181, #2898 ) ;
#2948 = ORIENTED_EDGE ( 'NONE', *, *, #3760, .F. ) ;
#2949 = LINE ( 'NONE', #4206, #3280 ) ;
#2950 = AXIS2_PLACEMENT_3D ( 'NONE', #1702, #1257, #3820 ) ;
#2951 = EDGE_CURVE ( 'NONE', #2178, #3626, #2519, .T. ) ;
#2952 = CARTESIAN_POINT ( 'NONE',  ( -19.99999999999998934, 20.00000000000000355, 8.000000000000000000 ) ) ;
#2953 = DIRECTION ( 'NONE',  ( 0.000000000000000000, 0.000000000000000000, -1.000000000000000000 ) ) ;
#2954 = ORIENTED_EDGE ( 'NONE', *, *, #2766, .T. ) ;
#2955 = CIRCLE ( 'NONE', #660, 0.5000000000000004441 ) ;
#2956 = ORIENTED_EDGE ( 'NONE', *, *, #1562, .F. ) ;
#2957 = PLANE ( 'NONE',  #380 ) ;
#2958 = CARTESIAN_POINT ( 'NONE',  ( 24.00000000000000000, -5.999999999999997335, 15.08578643762690596 ) ) ;
#2959 = EDGE_CURVE ( 'NONE', #789, #3702, #1601, .T. ) ;
#2960 = DIRECTION ( 'NONE',  ( 1.000000000000000000, 0.000000000000000000, 0.000000000000000000 ) ) ;
#2961 = ADVANCED_FACE ( 'NONE', ( #3642 ), #3283, .T. ) ;
#2962 = VERTEX_POINT ( 'NONE', #4526 ) ;
#2963 = DIRECTION ( 'NONE',  ( 0.000000000000000000, 0.000000000000000000, 1.000000000000000000 ) ) ;
#2964 = ORIENTED_EDGE ( 'NONE', *, *, #3228, .F. ) ;
#2965 = FACE_OUTER_BOUND ( 'NONE', #3950, .T. ) ;
#2966 = ORIENTED_EDGE ( 'NONE', *, *, #1885, .F. ) ;
#2967 = CARTESIAN_POINT ( 'NONE',  ( -22.19286351564860027, -6.192863515648688200, 1.163301135231074479 ) ) ;
#2968 = DIRECTION ( 'NONE',  ( 0.000000000000000000, -1.000000000000000000, 0.000000000000000000 ) ) ;
#2969 = LINE ( 'NONE', #375, #33 ) ;
#2970 = AXIS2_PLACEMENT_3D ( 'NONE', #580, #3935, #3031 ) ;
#2971 = DIRECTION ( 'NONE',  ( -1.000000000000000000, 0.000000000000000000, -0.000000000000000000 ) ) ;
#2972 = DIRECTION ( 'NONE',  ( 0.000000000000000000, 0.000000000000000000, 1.000000000000000000 ) ) ;
#2973 = ORIENTED_EDGE ( 'NONE', *, *, #1821, .F. ) ;
#2974 = CARTESIAN_POINT ( 'NONE',  ( 20.95120347278613337, -21.04879652721385597, 0.001191260084361161695 ) ) ;
#2975 = CARTESIAN_POINT ( 'NONE',  ( -19.99999999999998934, 20.00000000000000711, 8.292893218813450318 ) ) ;
#2976 = FACE_OUTER_BOUND ( 'NONE', #2577, .T. ) ;
#2977 = ORIENTED_EDGE ( 'NONE', *, *, #295, .T. ) ;
#2978 = ORIENTED_EDGE ( 'NONE', *, *, #4524, .T. ) ;
#2979 = ORIENTED_EDGE ( 'NONE', *, *, #4437, .T. ) ;
#2980 = DIRECTION ( 'NONE',  ( 0.000000000000000000, 0.000000000000000000, 1.000000000000000000 ) ) ;
#2981 = DIRECTION ( 'NONE',  ( -1.000000000000000000, 0.000000000000000000, 0.000000000000000000 ) ) ;
#2982 = EDGE_CURVE ( 'NONE', #31, #3294, #1134, .T. ) ;
#2983 = DIRECTION ( 'NONE',  ( -0.000000000000000000, -0.000000000000000000, 1.000000000000000000 ) ) ;
#2984 = LINE ( 'NONE', #1332, #4065 ) ;
#2985 = ORIENTED_EDGE ( 'NONE', *, *, #4601, .T. ) ;
#2986 = DIRECTION ( 'NONE',  ( 1.000000000000000000, -0.000000000000000000, -0.000000000000000000 ) ) ;
#2987 = ORIENTED_EDGE ( 'NONE', *, *, #3527, .T. ) ;
#2988 = CIRCLE ( 'NONE', #343, 1.900000000000000577 ) ;
#2989 = CARTESIAN_POINT ( 'NONE',  ( 14.13461559754601460, -13.96003667199245868, 9.000000000000001776 ) ) ;
#2990 = AXIS2_PLACEMENT_3D ( 'NONE', #597, #2293, #178 ) ;
#2991 = CARTESIAN_POINT ( 'NONE',  ( -23.99999999999999289, 6.000000000000000000, 1.000000000000000222 ) ) ;
#2992 = EDGE_CURVE ( 'NONE', #48, #2391, #5136, .T. ) ;
#2993 = DIRECTION ( 'NONE',  ( 0.000000000000000000, -1.000000000000000000, 0.000000000000000000 ) ) ;
#2994 = CIRCLE ( 'NONE', #3779, 0.5000000000000004441 ) ;
#2995 = ORIENTED_EDGE ( 'NONE', *, *, #2091, .T. ) ;
#2996 = LINE ( 'NONE', #1314, #1279 ) ;
#2997 = CIRCLE ( 'NONE', #4754, 1.150000000000001688 ) ;
#2998 = CARTESIAN_POINT ( 'NONE',  ( -1.956731028661455429, 15.81623619398624037, 8.000000000000000000 ) ) ;
#2999 = EDGE_CURVE ( 'NONE', #4255, #5119, #3665, .T. ) ;
#3000 = DIRECTION ( 'NONE',  ( -0.000000000000000000, 0.000000000000000000, 1.000000000000000000 ) ) ;
#3001 = CYLINDRICAL_SURFACE ( 'NONE', #462, 1.150000000000001688 ) ;
#3002 = AXIS2_PLACEMENT_3D ( 'NONE', #453, #2177, #3081 ) ;
#3003 = ORIENTED_EDGE ( 'NONE', *, *, #1821, .T. ) ;
#3004 = CARTESIAN_POINT ( 'NONE',  ( -21.93565644969626049, -5.935656449695611236, 15.11974680204326305 ) ) ;
#3005 =( BOUNDED_CURVE ( )  B_SPLINE_CURVE ( 3, ( #2974, #2159, #44, #3580 ),
 .UNSPECIFIED., .F., .F. ) 
 B_SPLINE_CURVE_WITH_KNOTS ( ( 4, 4 ),
 ( 1.619612239698145384, 3.141592653589793116 ),
 .UNSPECIFIED. ) 
 CURVE ( )  GEOMETRIC_REPRESENTATION_ITEM ( )  RATIONAL_B_SPLINE_CURVE ( ( 1.000000000000000000, 0.8161023204652894103, 0.8161023204652894103, 1.000000000000000000 ) ) 
 REPRESENTATION_ITEM ( '' )  );
#3006 = VECTOR ( 'NONE', #367, 1000.000000000000000 ) ;
#3007 = CIRCLE ( 'NONE', #4854, 1.000000000000000888 ) ;
#3008 = CARTESIAN_POINT ( 'NONE',  ( 22.02042741724600816, -6.020427417245828750, 1.129391679111417135 ) ) ;
#3009 = DIRECTION ( 'NONE',  ( 1.000000000000000000, 0.000000000000000000, 0.000000000000000000 ) ) ;
#3010 = ORIENTED_EDGE ( 'NONE', *, *, #153, .T. ) ;
#3011 = CIRCLE ( 'NONE', #2322, 0.5000000000000004441 ) ;
#3012 = ORIENTED_EDGE ( 'NONE', *, *, #3671, .F. ) ;
#3013 = TOROIDAL_SURFACE ( 'NONE', #4170, 1.900000000000001021, 0.5000000000000000000 ) ;
#3014 = DIRECTION ( 'NONE',  ( 0.000000000000000000, -1.000000000000000000, 0.000000000000000000 ) ) ;
#3015 = CARTESIAN_POINT ( 'NONE',  ( 32.00000000000000000, 6.000000000000000000, 1.000000000000000000 ) ) ;
#3016 = DIRECTION ( 'NONE',  ( 1.000000000000000000, 0.000000000000000000, 0.000000000000000000 ) ) ;
#3017 = DIRECTION ( 'NONE',  ( 0.000000000000000000, -0.000000000000000000, -1.000000000000000000 ) ) ;
#3018 = EDGE_LOOP ( 'NONE', ( #5149, #4574, #2560 ) ) ;
#3019 = DIRECTION ( 'NONE',  ( -0.000000000000000000, 0.000000000000000000, 1.000000000000000000 ) ) ;
#3020 = VERTEX_POINT ( 'NONE', #244 ) ;
#3021 = EDGE_CURVE ( 'NONE', #3207, #1537, #3740, .T. ) ;
#3022 = CARTESIAN_POINT ( 'NONE',  ( 20.99999999999999645, 22.00000000000000711, 1.000000000000000000 ) ) ;
#3023 = CARTESIAN_POINT ( 'NONE',  ( 30.28395306043829649, 0.000000000000000000, 1.000000000000000000 ) ) ;
#3024 = ORIENTED_EDGE ( 'NONE', *, *, #5269, .T. ) ;
#3025 = DIRECTION ( 'NONE',  ( 0.000000000000000000, 0.000000000000000000, 1.000000000000000000 ) ) ;
#3026 = TOROIDAL_SURFACE ( 'NONE', #2939, 1.900000000000001021, 0.5000000000000000000 ) ;
#3027 = CARTESIAN_POINT ( 'NONE',  ( 15.89223014806248280, -2.057588382246215986, 8.000000000000000000 ) ) ;
#3028 = DIRECTION ( 'NONE',  ( 1.000000000000000000, 0.000000000000000000, 0.000000000000000000 ) ) ;
#3029 = EDGE_CURVE ( 'NONE', #2880, #328, #4456, .T. ) ;
#3030 = EDGE_CURVE ( 'NONE', #1191, #2145, #3809, .T. ) ;
#3031 = DIRECTION ( 'NONE',  ( -0.1965251405870916124, -0.9804987858825852109, 0.000000000000000000 ) ) ;
#3032 = ORIENTED_EDGE ( 'NONE', *, *, #4566, .T. ) ;
#3033 = VERTEX_POINT ( 'NONE', #5332 ) ;
#3034 = CARTESIAN_POINT ( 'NONE',  ( -22.21836484238074050, -6.218364842380745827, 14.39140526341799564 ) ) ;
#3035 = VECTOR ( 'NONE', #1325, 1000.000000000000000 ) ;
#3036 = VECTOR ( 'NONE', #1085, 1000.000000000000000 ) ;
#3037 = CARTESIAN_POINT ( 'NONE',  ( 23.60349479552699137, -5.867831598508979951, 0.4988493250789147182 ) ) ;
#3038 = AXIS2_PLACEMENT_3D ( 'NONE', #1448, #2719, #4389 ) ;
#3039 = DIRECTION ( 'NONE',  ( 1.224646799147353207E-16, 1.000000000000000000, 0.000000000000000000 ) ) ;
#3040 = ORIENTED_EDGE ( 'NONE', *, *, #3065, .F. ) ;
#3041 = ORIENTED_EDGE ( 'NONE', *, *, #1475, .T. ) ;
#3042 = CARTESIAN_POINT ( 'NONE',  ( -21.99999999999999289, -20.99999999999998934, 8.500000000000000000 ) ) ;
#3043 = CIRCLE ( 'NONE', #667, 2.400000000000001243 ) ;
#3044 = CARTESIAN_POINT ( 'NONE',  ( 22.75735931288071257, -5.585786437626901524, 15.49999999999999822 ) ) ;
#3045 = DIRECTION ( 'NONE',  ( 1.000000000000000000, 0.000000000000000000, 0.000000000000000000 ) ) ;
#3046 = DIRECTION ( 'NONE',  ( 1.000000000000000000, 0.000000000000000000, 0.000000000000000000 ) ) ;
#3047 = CARTESIAN_POINT ( 'NONE',  ( -20.98372641315705422, -21.01627358684292801, 2.198298439027781916E-16 ) ) ;
#3048 = ORIENTED_EDGE ( 'NONE', *, *, #398, .T. ) ;
#3049 = AXIS2_PLACEMENT_3D ( 'NONE', #2842, #339, #5384 ) ;
#3050 = CARTESIAN_POINT ( 'NONE',  ( 14.13461559754601460, -13.96003667199245868, 14.49999999999999822 ) ) ;
#3051 = ORIENTED_EDGE ( 'NONE', *, *, #2409, .T. ) ;
#3052 = EDGE_CURVE ( 'NONE', #4324, #1312, #577, .T. ) ;
#3053 = CARTESIAN_POINT ( 'NONE',  ( 21.13092329385165868, -5.392769881551121358, 3.407698961500987855E-16 ) ) ;
#3054 = DIRECTION ( 'NONE',  ( 1.000000000000000000, 7.885106708985491499E-17, 0.000000000000000000 ) ) ;
#3055 = ORIENTED_EDGE ( 'NONE', *, *, #1921, .F. ) ;
#3056 = ADVANCED_FACE ( 'NONE', ( #4999 ), #1344, .T. ) ;
#3057 = CARTESIAN_POINT ( 'NONE',  ( 17.58153507763701029, 19.50000000000000355, 4.000000000000000888 ) ) ;
#3058 = CARTESIAN_POINT ( 'NONE',  ( 21.13092329384905455, 5.392769881551977562, 15.49999999999999822 ) ) ;
#3059 = DIRECTION ( 'NONE',  ( -0.000000000000000000, 0.000000000000000000, 1.000000000000000000 ) ) ;
#3060 = EDGE_CURVE ( 'NONE', #2201, #2869, #4172, .T. ) ;
#3061 = DIRECTION ( 'NONE',  ( 1.000000000000000000, 0.000000000000000000, 0.000000000000000000 ) ) ;
#3062 = EDGE_CURVE ( 'NONE', #1476, #2375, #3308, .T. ) ;
#3063 = EDGE_CURVE ( 'NONE', #4964, #3337, #2152, .T. ) ;
#3064 = DIRECTION ( 'NONE',  ( -0.000000000000000000, -0.000000000000000000, 1.000000000000000000 ) ) ;
#3065 = EDGE_CURVE ( 'NONE', #3377, #3360, #848, .T. ) ;
#3066 = CARTESIAN_POINT ( 'NONE',  ( 12.23461559754572114, 14.03996332800754132, 9.000000000000001776 ) ) ;
#3067 = CARTESIAN_POINT ( 'NONE',  ( 20.00000000000000000, -20.09759305442772259, 3.500000000000001332 ) ) ;
#3068 = EDGE_CURVE ( 'NONE', #3872, #317, #2996, .T. ) ;
#3069 = ORIENTED_EDGE ( 'NONE', *, *, #5160, .F. ) ;
#3070 = EDGE_LOOP ( 'NONE', ( #1466, #753, #930, #2881 ) ) ;
#3072 = DIRECTION ( 'NONE',  ( 1.000000000000000000, 0.000000000000000000, 0.000000000000000000 ) ) ;
#3071 = CARTESIAN_POINT ( 'NONE',  ( 19.50000000000000000, 0.000000000000000000, 3.500000000000000888 ) ) ;
#3073 = CARTESIAN_POINT ( 'NONE',  ( -24.88395306043829436, 0.000000000000000000, 0.000000000000000000 ) ) ;
#3074 = CARTESIAN_POINT ( 'NONE',  ( 17.06144779606504258, 17.01798743300968653, 8.000000000000000000 ) ) ;
#3075 = DIRECTION ( 'NONE',  ( 0.000000000000000000, 1.000000000000000000, 0.000000000000000000 ) ) ;
#3076 = CARTESIAN_POINT ( 'NONE',  ( -20.96745767355462675, -21.03254232644535904, 0.0003971655611127963598 ) ) ;
#3077 = VERTEX_POINT ( 'NONE', #2538 ) ;
#3078 = AXIS2_PLACEMENT_3D ( 'NONE', #5114, #100, #3072 ) ;
#3079 = ORIENTED_EDGE ( 'NONE', *, *, #522, .T. ) ;
#3080 = PLANE ( 'NONE',  #3703 ) ;
#3081 = DIRECTION ( 'NONE',  ( 1.000000000000000000, 0.000000000000000000, 0.000000000000000000 ) ) ;
#3082 = VECTOR ( 'NONE', #1469, 1000.000000000000000 ) ;
#3083 = ORIENTED_EDGE ( 'NONE', *, *, #330, .T. ) ;
#3084 = CARTESIAN_POINT ( 'NONE',  ( -21.66082675115209710, -6.982480253456190056, 0.2466131887790077304 ) ) ;
#3085 = CARTESIAN_POINT ( 'NONE',  ( 22.82996937387689229, 5.609989791292314898, 15.29510762597971230 ) ) ;
#3086 = CARTESIAN_POINT ( 'NONE',  ( -19.99999999999998934, 20.00000000000000355, 8.500000000000000000 ) ) ;
#3087 = AXIS2_PLACEMENT_3D ( 'NONE', #1330, #2607, #861 ) ;
#3088 = CARTESIAN_POINT ( 'NONE',  ( 32.00000000000000000, 4.000000000000000000, 1.000000000000000000 ) ) ;
#3089 = DIRECTION ( 'NONE',  ( 1.000000000000000000, 0.000000000000000000, 0.000000000000000000 ) ) ;
#3090 = LINE ( 'NONE', #1826, #3537 ) ;
#3091 = AXIS2_PLACEMENT_3D ( 'NONE', #4837, #1841, #1874 ) ;
#3092 = ADVANCED_FACE ( 'NONE', ( #4702 ), #4676, .F. ) ;
#3093 = VERTEX_POINT ( 'NONE', #903 ) ;
#3094 = ORIENTED_EDGE ( 'NONE', *, *, #2999, .F. ) ;
#3096 = DIRECTION ( 'NONE',  ( 1.577021341797097807E-16, -1.000000000000000000, 0.000000000000000000 ) ) ;
#3095 = DIRECTION ( 'NONE',  ( 0.000000000000000000, 1.000000000000000000, 0.000000000000000000 ) ) ;
#3097 = CARTESIAN_POINT ( 'NONE',  ( -16.18586732693570696, 2.135654740322692202, 4.000000000000000888 ) ) ;
#3098 = CIRCLE ( 'NONE', #3790, 1.400000000000000133 ) ;
#3099 = CIRCLE ( 'NONE', #2318, 2.000000000000001776 ) ;
#3100 = EDGE_CURVE ( 'NONE', #3377, #2292, #606, .T. ) ;
#3101 = DIRECTION ( 'NONE',  ( 1.000000000000000000, 0.000000000000000000, 0.000000000000000000 ) ) ;
#3102 = CARTESIAN_POINT ( 'NONE',  ( 17.06144779606469086, -16.98201256699031703, 2.500000000000001332 ) ) ;
#3103 = VECTOR ( 'NONE', #4829, 999.9999999999998863 ) ;
#3104 = CARTESIAN_POINT ( 'NONE',  ( -18.98274071226160231, 19.79289182727063334, 4.000000000000000000 ) ) ;
#3105 = ORIENTED_EDGE ( 'NONE', *, *, #4551, .F. ) ;
#3106 = EDGE_CURVE ( 'NONE', #2055, #3872, #4012, .T. ) ;
#3107 = DIRECTION ( 'NONE',  ( -0.000000000000000000, 0.000000000000000000, 1.000000000000000000 ) ) ;
#3108 = ORIENTED_EDGE ( 'NONE', *, *, #117, .T. ) ;
#3109 = CARTESIAN_POINT ( 'NONE',  ( -21.84231792614574630, 5.842317926144697360, 0.2938744280093127381 ) ) ;
#3110 = CARTESIAN_POINT ( 'NONE',  ( -19.99999172203718345, -20.09759129940549371, 3.792894823274632010 ) ) ;
#3111 = ORIENTED_EDGE ( 'NONE', *, *, #2836, .F. ) ;
#3112 = DIRECTION ( 'NONE',  ( 0.000000000000000000, -0.000000000000000000, -1.000000000000000000 ) ) ;
#3113 = DIRECTION ( 'NONE',  ( 1.000000000000000000, 0.000000000000000000, 0.000000000000000000 ) ) ;
#3114 = ORIENTED_EDGE ( 'NONE', *, *, #4101, .T. ) ;
#3115 = CARTESIAN_POINT ( 'NONE',  ( 21.78524365670348573, 5.261747885567724659, 15.47397267616776162 ) ) ;
#3116 = DIRECTION ( 'NONE',  ( -0.9782559316841347163, -0.2074013792741154771, 0.000000000000000000 ) ) ;
#3117 = DIRECTION ( 'NONE',  ( -0.000000000000000000, 0.000000000000000000, 1.000000000000000000 ) ) ;
#3118 = CARTESIAN_POINT ( 'NONE',  ( 0.000000000000000000, 0.000000000000000000, 15.50000000000000000 ) ) ;
#3119 = CARTESIAN_POINT ( 'NONE',  ( 19.50000000000000355, 17.50541131034565012, 4.000000000000000888 ) ) ;
#3120 = ORIENTED_EDGE ( 'NONE', *, *, #1408, .T. ) ;
#3121 = EDGE_LOOP ( 'NONE', ( #229, #2767, #143, #352 ) ) ;
#3123 = DIRECTION ( 'NONE',  ( -0.2093069875508638267, -0.9778499808060449050, 0.000000000000000000 ) ) ;
#3122 = CARTESIAN_POINT ( 'NONE',  ( -25.96545236919031652, 0.04766134921489825760, 4.000000000000000888 ) ) ;
#3124 = EDGE_CURVE ( 'NONE', #5231, #2925, #3043, .T. ) ;
#3125 = AXIS2_PLACEMENT_3D ( 'NONE', #109, #3482, #1392 ) ;
#3126 = DIRECTION ( 'NONE',  ( 0.000000000000000000, -1.000000000000000000, 0.000000000000000000 ) ) ;
#3127 = CARTESIAN_POINT ( 'NONE',  ( -20.99999999999998934, -20.99999999999998934, 14.49999999999999822 ) ) ;
#3128 = DIRECTION ( 'NONE',  ( 1.000000000000000000, 0.000000000000000000, 0.000000000000000000 ) ) ;
#3129 = CARTESIAN_POINT ( 'NONE',  ( 22.00000000000000355, -8.000000000000000000, 1.000000000000000000 ) ) ;
#3130 = CARTESIAN_POINT ( 'NONE',  ( -13.86538440245398718, -13.96003667199245868, 14.49999999999999822 ) ) ;
#3131 = AXIS2_PLACEMENT_3D ( 'NONE', #4850, #196, #1028 ) ;
#3132 = EDGE_LOOP ( 'NONE', ( #4649, #2009, #2064, #859 ) ) ;
#3133 = ADVANCED_FACE ( 'NONE', ( #400 ), #4123, .F. ) ;
#3134 = EDGE_CURVE ( 'NONE', #3020, #3815, #3459, .T. ) ;
#3135 = CARTESIAN_POINT ( 'NONE',  ( 21.00000000000000000, 21.00000000000000355, 0.000000000000000000 ) ) ;
#3136 = VERTEX_POINT ( 'NONE', #3057 ) ;
#3137 = CARTESIAN_POINT ( 'NONE',  ( -20.38851479319562543, -20.48610784762335513, 0.02868126129209231517 ) ) ;
#3138 = DIRECTION ( 'NONE',  ( 1.000000000000000000, 0.000000000000000000, 0.000000000000000000 ) ) ;
#3139 = ORIENTED_EDGE ( 'NONE', *, *, #2959, .F. ) ;
#3140 = CARTESIAN_POINT ( 'NONE',  ( -22.32945361729162315, -5.443151205763874678, 0.1011670393169946253 ) ) ;
#3141 = CARTESIAN_POINT ( 'NONE',  ( 21.84231792614480483, 5.842317926145167206, 15.20612557199089387 ) ) ;
#3142 = DIRECTION ( 'NONE',  ( -1.000000000000000000, 0.000000000000000000, 0.000000000000000000 ) ) ;
#3143 = DIRECTION ( 'NONE',  ( -1.577021341797097807E-16, 1.000000000000000000, -0.000000000000000000 ) ) ;
#3144 = ORIENTED_EDGE ( 'NONE', *, *, #3420, .T. ) ;
#3145 = DIRECTION ( 'NONE',  ( -1.000000000000000000, 0.000000000000000000, 0.000000000000000000 ) ) ;
#3146 = DIRECTION ( 'NONE',  ( -0.000000000000000000, -1.000000000000000000, -0.000000000000000000 ) ) ;
#3147 = ORIENTED_EDGE ( 'NONE', *, *, #397, .T. ) ;
#3148 = ORIENTED_EDGE ( 'NONE', *, *, #1004, .T. ) ;
#3150 = DIRECTION ( 'NONE',  ( 0.000000000000000000, -0.000000000000000000, 1.000000000000000000 ) ) ;
#3149 = DIRECTION ( 'NONE',  ( 0.000000000000000000, 1.000000000000000000, 0.000000000000000000 ) ) ;
#3151 = DIRECTION ( 'NONE',  ( -0.000000000000000000, -0.000000000000000000, -1.000000000000000000 ) ) ;
#3152 = DIRECTION ( 'NONE',  ( 1.000000000000000000, 0.000000000000000000, 0.000000000000000000 ) ) ;
#3153 = CARTESIAN_POINT ( 'NONE',  ( -19.99999999999998934, -20.09759305442772259, 8.000000000000000000 ) ) ;
#3154 = CARTESIAN_POINT ( 'NONE',  ( 17.06144779606504258, 17.01798743300968653, 2.000000000000000888 ) ) ;
#3155 = ORIENTED_EDGE ( 'NONE', *, *, #3406, .T. ) ;
#3156 = LINE ( 'NONE', #4832, #2170 ) ;
#3157 = ORIENTED_EDGE ( 'NONE', *, *, #3645, .F. ) ;
#3158 = ADVANCED_FACE ( 'NONE', ( #3487 ), #2323, .T. ) ;
#3159 = LINE ( 'NONE', #2782, #3972 ) ;
#3160 = EDGE_LOOP ( 'NONE', ( #3707, #4888, #1556, #2626 ) ) ;
#3161 = CYLINDRICAL_SURFACE ( 'NONE', #2838, 9.999999999999994671 ) ;
#3162 = AXIS2_PLACEMENT_3D ( 'NONE', #320, #2791, #3254 ) ;
#3163 = VERTEX_POINT ( 'NONE', #5249 ) ;
#3164 = DIRECTION ( 'NONE',  ( 0.000000000000000000, 0.000000000000000000, -1.000000000000000000 ) ) ;
#3165 = FACE_OUTER_BOUND ( 'NONE', #1070, .T. ) ;
#3166 = FACE_OUTER_BOUND ( 'NONE', #865, .T. ) ;
#3167 = LINE ( 'NONE', #1076, #1984 ) ;
#3168 = ADVANCED_FACE ( 'NONE', ( #1483 ), #5128, .T. ) ;
#3169 = EDGE_CURVE ( 'NONE', #1473, #3842, #1843, .T. ) ;
#3170 = EDGE_CURVE ( 'NONE', #3093, #3163, #5361, .T. ) ;
#3171 = FACE_OUTER_BOUND ( 'NONE', #493, .T. ) ;
#3172 = DIRECTION ( 'NONE',  ( 0.9778499808060449050, -0.2093069875508640765, -0.000000000000000000 ) ) ;
#3173 = AXIS2_PLACEMENT_3D ( 'NONE', #3963, #2239, #5226 ) ;
#3174 = ORIENTED_EDGE ( 'NONE', *, *, #742, .F. ) ;
#3175 = CIRCLE ( 'NONE', #4929, 9.000000000000000000 ) ;
#3176 = ORIENTED_EDGE ( 'NONE', *, *, #4709, .F. ) ;
#3178 = CARTESIAN_POINT ( 'NONE',  ( 21.99355391189279629, 7.980661735678424407, 0.8691019233317609505 ) ) ;
#3177 = FACE_OUTER_BOUND ( 'NONE', #4035, .T. ) ;
#3179 = CARTESIAN_POINT ( 'NONE',  ( -19.35160338406751634, 19.35773271489608405, 8.500000000000000000 ) ) ;
#3180 = VERTEX_POINT ( 'NONE', #89 ) ;
#3181 = CIRCLE ( 'NONE', #1860, 1.000000000000000000 ) ;
#3182 = DIRECTION ( 'NONE',  ( 0.000000000000000000, 0.000000000000000000, -1.000000000000000000 ) ) ;
#3183 = LINE ( 'NONE', #1088, #4582 ) ;
#3184 = CARTESIAN_POINT ( 'NONE',  ( -23.99999999999999289, 6.000000000000000000, 14.49999999999999822 ) ) ;
#3185 = ORIENTED_EDGE ( 'NONE', *, *, #717, .F. ) ;
#3186 = ORIENTED_EDGE ( 'NONE', *, *, #3797, .T. ) ;
#3187 = DIRECTION ( 'NONE',  ( 1.000000000000000000, -0.000000000000000000, -0.000000000000000000 ) ) ;
#3188 = ORIENTED_EDGE ( 'NONE', *, *, #3524, .F. ) ;
#3189 = CARTESIAN_POINT ( 'NONE',  ( -21.93565644969583062, 5.935656449695396297, 0.3802531979570059617 ) ) ;
#3190 = AXIS2_PLACEMENT_3D ( 'NONE', #3341, #5016, #1252 ) ;
#3191 = CARTESIAN_POINT ( 'NONE',  ( -1.856980263924100205, 16.30618495144391034, 4.000000000000000888 ) ) ;
#3192 = CIRCLE ( 'NONE', #2572, 1.000000000000000888 ) ;
#3193 = EDGE_LOOP ( 'NONE', ( #248, #2090, #333 ) ) ;
#3194 = DIRECTION ( 'NONE',  ( -1.000000000000000000, 0.000000000000000000, 0.000000000000000000 ) ) ;
#3195 = CARTESIAN_POINT ( 'NONE',  ( -16.28855220393495529, 17.01798743300968653, 2.500000000000000888 ) ) ;
#3196 = ORIENTED_EDGE ( 'NONE', *, *, #4104, .T. ) ;
#3197 = DIRECTION ( 'NONE',  ( 0.000000000000000000, 0.000000000000000000, -1.000000000000000000 ) ) ;
#3198 = DIRECTION ( 'NONE',  ( -0.000000000000000000, 0.000000000000000000, -1.000000000000000000 ) ) ;
#3199 = ADVANCED_FACE ( 'NONE', ( #932 ), #1786, .T. ) ;
#3200 = CYLINDRICAL_SURFACE ( 'NONE', #3162, 0.4999999999999998335 ) ;
#3201 = CARTESIAN_POINT ( 'NONE',  ( 26.18943204352341780, -0.003900693205934752106, 4.000000000000000888 ) ) ;
#3202 = EDGE_CURVE ( 'NONE', #1537, #3654, #2820, .T. ) ;
#3203 = DIRECTION ( 'NONE',  ( 0.000000000000000000, -0.000000000000000000, 1.000000000000000000 ) ) ;
#3204 = CARTESIAN_POINT ( 'NONE',  ( 22.08654621184325961, -6.086546211843703702, 14.93290240449284667 ) ) ;
#3205 = EDGE_CURVE ( 'NONE', #2055, #3683, #2703, .T. ) ;
#3206 = CARTESIAN_POINT ( 'NONE',  ( -21.99355391189277853, 7.980661735678426183, 0.8691019233317087700 ) ) ;
#3207 = VERTEX_POINT ( 'NONE', #2267 ) ;
#3208 = ORIENTED_EDGE ( 'NONE', *, *, #3235, .F. ) ;
#3210 = CARTESIAN_POINT ( 'NONE',  ( 23.26016043366309916, 5.753386811221021802, 0.3391732488479263230 ) ) ;
#3209 = CARTESIAN_POINT ( 'NONE',  ( -16.26538440245428063, 14.03996332800754132, 14.49999999999999822 ) ) ;
#3211 = CARTESIAN_POINT ( 'NONE',  ( -19.35198787631927431, -19.44909342596590562, 8.500000000000000000 ) ) ;
#3212 = TOROIDAL_SURFACE ( 'NONE', #556, 1.000000000000000000, 1.000000000000000000 ) ;
#3213 = CARTESIAN_POINT ( 'NONE',  ( 18.21144779606469299, -16.98201256699031703, 2.500000000000001332 ) ) ;
#3214 = CARTESIAN_POINT ( 'NONE',  ( -21.26174788556772199, 5.785243656702557580, 15.47397267616775984 ) ) ;
#3215 = EDGE_LOOP ( 'NONE', ( #3819, #3410, #2834 ) ) ;
#3216 = DIRECTION ( 'NONE',  ( 1.000000000000000000, 0.000000000000000000, 0.000000000000000000 ) ) ;
#3217 = ORIENTED_EDGE ( 'NONE', *, *, #5208, .F. ) ;
#3218 = CIRCLE ( 'NONE', #1016, 1.000000000000000888 ) ;
#3219 = AXIS2_PLACEMENT_3D ( 'NONE', #3335, #5010, #830 ) ;
#3220 = DIRECTION ( 'NONE',  ( 1.000000000000000000, 1.445602896647338917E-16, -0.000000000000000000 ) ) ;
#3221 = VECTOR ( 'NONE', #3373, 1000.000000000000000 ) ;
#3222 = ORIENTED_EDGE ( 'NONE', *, *, #2662, .F. ) ;
#3223 = DIRECTION ( 'NONE',  ( -0.000000000000000000, -0.000000000000000000, 1.000000000000000000 ) ) ;
#3224 = VERTEX_POINT ( 'NONE', #4370 ) ;
#3225 = DIRECTION ( 'NONE',  ( -0.000000000000000000, -0.000000000000000000, 1.000000000000000000 ) ) ;
#3226 =( BOUNDED_CURVE ( )  B_SPLINE_CURVE ( 3, ( #1406, #997, #4347, #1849 ),
 .UNSPECIFIED., .F., .T. ) 
 B_SPLINE_CURVE_WITH_KNOTS ( ( 4, 4 ),
 ( 3.141592653589793116, 4.712388980384689674 ),
 .UNSPECIFIED. ) 
 CURVE ( )  GEOMETRIC_REPRESENTATION_ITEM ( )  RATIONAL_B_SPLINE_CURVE ( ( 1.000000000000000000, 0.8047378541243649375, 0.8047378541243649375, 1.000000000000000000 ) ) 
 REPRESENTATION_ITEM ( '' )  );
#3227 = DIRECTION ( 'NONE',  ( 1.000000000000000000, 0.000000000000000000, 0.000000000000000000 ) ) ;
#3228 = EDGE_CURVE ( 'NONE', #2382, #4589, #880, .T. ) ;
#3229 = DIRECTION ( 'NONE',  ( 1.000000000000000000, 0.000000000000000000, 0.000000000000000000 ) ) ;
#3230 = CIRCLE ( 'NONE', #4178, 1.150000000000001688 ) ;
#3231 = AXIS2_PLACEMENT_3D ( 'NONE', #3732, #714, #1156 ) ;
#3232 = CARTESIAN_POINT ( 'NONE',  ( 0.000000000000000000, 0.000000000000000000, 15.50000000000000000 ) ) ;
#3233 = SPHERICAL_SURFACE ( 'NONE', #191, 1.000000000000000000 ) ;
#3234 = CARTESIAN_POINT ( 'NONE',  ( 23.98066173567825032, -5.993553911892790964, 14.63089807666824882 ) ) ;
#3235 = EDGE_CURVE ( 'NONE', #785, #3683, #2120, .T. ) ;
#3236 = EDGE_CURVE ( 'NONE', #1707, #2034, #1514, .T. ) ;
#3237 = ORIENTED_EDGE ( 'NONE', *, *, #21, .F. ) ;
#3238 = ORIENTED_EDGE ( 'NONE', *, *, #4883, .F. ) ;
#3239 = EDGE_CURVE ( 'NONE', #317, #2407, #4018, .T. ) ;
#3240 = DIRECTION ( 'NONE',  ( 1.000000000000000000, -0.000000000000000000, 0.000000000000000000 ) ) ;
#3241 = FACE_OUTER_BOUND ( 'NONE', #1220, .T. ) ;
#3242 = CARTESIAN_POINT ( 'NONE',  ( 7.228014483236686695E-16, -4.999999999999994671, 15.50000000000000000 ) ) ;
#3243 = ADVANCED_FACE ( 'NONE', ( #365 ), #5277, .F. ) ;
#3244 = CARTESIAN_POINT ( 'NONE',  ( -22.21836484238075471, 6.218364842380652568, 14.39140526341770254 ) ) ;
#3245 = EDGE_LOOP ( 'NONE', ( #293, #4457 ) ) ;
#3246 = DIRECTION ( 'NONE',  ( 1.000000000000000000, 0.000000000000000000, 0.000000000000000000 ) ) ;
#3247 = EDGE_LOOP ( 'NONE', ( #1907, #1680, #4025, #2444 ) ) ;
#3248 = ADVANCED_FACE ( 'NONE', ( #2502 ), #1664, .T. ) ;
#3249 = AXIS2_PLACEMENT_3D ( 'NONE', #264, #1961, #4734 ) ;
#3250 = DIRECTION ( 'NONE',  ( 0.9782559316841348274, 0.2074013792741153939, -0.000000000000000000 ) ) ;
#3251 = ORIENTED_EDGE ( 'NONE', *, *, #4040, .F. ) ;
#3252 = CARTESIAN_POINT ( 'NONE',  ( -13.86538440245427850, 14.03996332800754132, 9.000000000000001776 ) ) ;
#3253 = ORIENTED_EDGE ( 'NONE', *, *, #5270, .T. ) ;
#3254 = DIRECTION ( 'NONE',  ( -0.9779585042254613780, -0.2087993391107794416, 0.000000000000000000 ) ) ;
#3255 = CIRCLE ( 'NONE', #1226, 1.900000000000000577 ) ;
#3256 =( BOUNDED_CURVE ( )  B_SPLINE_CURVE ( 3, ( #4079, #1602, #4022, #1523 ),
 .UNSPECIFIED., .F., .T. ) 
 B_SPLINE_CURVE_WITH_KNOTS ( ( 4, 4 ),
 ( 4.712388980384689674, 6.283185307179586232 ),
 .UNSPECIFIED. ) 
 CURVE ( )  GEOMETRIC_REPRESENTATION_ITEM ( )  RATIONAL_B_SPLINE_CURVE ( ( 1.000000000000000000, 0.8047378541243649375, 0.8047378541243649375, 1.000000000000000000 ) ) 
 REPRESENTATION_ITEM ( '' )  );
#3257 = DIRECTION ( 'NONE',  ( 1.577021341797097807E-16, -1.000000000000000000, 0.000000000000000000 ) ) ;
#3258 = LINE ( 'NONE', #4875, #733 ) ;
#3259 = DIRECTION ( 'NONE',  ( 0.000000000000000000, 0.000000000000000000, -1.000000000000000000 ) ) ;
#3260 = ORIENTED_EDGE ( 'NONE', *, *, #5339, .T. ) ;
#3261 = VECTOR ( 'NONE', #1300, 1000.000000000000000 ) ;
#3262 = ORIENTED_EDGE ( 'NONE', *, *, #2059, .T. ) ;
#3263 = DIRECTION ( 'NONE',  ( -1.000000000000000000, 0.000000000000000000, 0.000000000000000000 ) ) ;
#3264 = ADVANCED_FACE ( 'NONE', ( #3605 ), #2353, .F. ) ;
#3265 = CIRCLE ( 'NONE', #618, 1.400000000000000133 ) ;
#3266 = DIRECTION ( 'NONE',  ( -1.000000000000000000, 0.000000000000000000, -0.000000000000000000 ) ) ;
#3267 = TOROIDAL_SURFACE ( 'NONE', #619, 1.000000000000000000, 1.000000000000000000 ) ;
#3268 = CARTESIAN_POINT ( 'NONE',  ( -21.79510762609618979, 7.385322878288353543, 15.10998979111798945 ) ) ;
#3269 = ORIENTED_EDGE ( 'NONE', *, *, #2866, .F. ) ;
#3270 = TOROIDAL_SURFACE ( 'NONE', #3962, 10.49999999999999822, 0.5000000000000000000 ) ;
#3271 = ORIENTED_EDGE ( 'NONE', *, *, #4286, .F. ) ;
#3272 = EDGE_CURVE ( 'NONE', #789, #4589, #3504, .T. ) ;
#3273 = TOROIDAL_SURFACE ( 'NONE', #1769, 1.650000000000003464, 0.5000000000000000000 ) ;
#3274 = DIRECTION ( 'NONE',  ( 0.000000000000000000, 0.000000000000000000, 1.000000000000000000 ) ) ;
#3275 = EDGE_CURVE ( 'NONE', #4365, #4611, #3265, .T. ) ;
#3276 = ORIENTED_EDGE ( 'NONE', *, *, #3378, .F. ) ;
#3277 = DIRECTION ( 'NONE',  ( 1.000000000000000000, 0.000000000000000000, 0.000000000000000000 ) ) ;
#3278 = ORIENTED_EDGE ( 'NONE', *, *, #2265, .F. ) ;
#3279 = CIRCLE ( 'NONE', #2751, 1.900000000000000577 ) ;
#3280 = VECTOR ( 'NONE', #433, 1000.000000000000000 ) ;
#3281 = DIRECTION ( 'NONE',  ( -0.000000000000000000, -1.000000000000000000, -0.000000000000000000 ) ) ;
#3282 = AXIS2_PLACEMENT_3D ( 'NONE', #1803, #3391, #555 ) ;
#3283 = PLANE ( 'NONE',  #392 ) ;
#3284 = DIRECTION ( 'NONE',  ( 0.000000000000000000, 1.000000000000000000, 0.000000000000000000 ) ) ;
#3285 = DIRECTION ( 'NONE',  ( 1.445602896647338917E-16, -1.000000000000000000, 0.000000000000000000 ) ) ;
#3286 = ORIENTED_EDGE ( 'NONE', *, *, #4512, .F. ) ;
#3287 = VERTEX_POINT ( 'NONE', #3637 ) ;
#3288 = DIRECTION ( 'NONE',  ( -0.000000000000000000, 0.000000000000000000, 1.000000000000000000 ) ) ;
#3289 = DIRECTION ( 'NONE',  ( -0.000000000000000000, -0.000000000000000000, 1.000000000000000000 ) ) ;
#3290 = DIRECTION ( 'NONE',  ( -0.000000000000000000, -0.000000000000000000, 1.000000000000000000 ) ) ;
#3291 = ORIENTED_EDGE ( 'NONE', *, *, #1930, .F. ) ;
#3292 = CARTESIAN_POINT ( 'NONE',  ( 14.13461559754572328, 14.03996332800754132, 9.000000000000001776 ) ) ;
#3293 = ADVANCED_FACE ( 'NONE', ( #1 ), #3321, .F. ) ;
#3294 = VERTEX_POINT ( 'NONE', #5303 ) ;
#3295 = AXIS2_PLACEMENT_3D ( 'NONE', #4819, #5279, #2732 ) ;
#3296 = DIRECTION ( 'NONE',  ( 1.000000000000000000, 0.000000000000000000, 0.000000000000000000 ) ) ;
#3297 = ORIENTED_EDGE ( 'NONE', *, *, #486, .T. ) ;
#3298 = ADVANCED_FACE ( 'NONE', ( #5400 ), #4585, .F. ) ;
#3299 = LINE ( 'NONE', #1155, #4348 ) ;
#3300 = CARTESIAN_POINT ( 'NONE',  ( 34.00000000000000000, -4.000000000000000000, 0.000000000000000000 ) ) ;
#3301 = ORIENTED_EDGE ( 'NONE', *, *, #4031, .T. ) ;
#3302 = AXIS2_PLACEMENT_3D ( 'NONE', #437, #4184, #3317 ) ;
#3303 = EDGE_CURVE ( 'NONE', #755, #4611, #4608, .T. ) ;
#3304 = TOROIDAL_SURFACE ( 'NONE', #2696, 2.400000000000001243, 1.000000000000000000 ) ;
#3305 = DIRECTION ( 'NONE',  ( -0.000000000000000000, 0.000000000000000000, 1.000000000000000000 ) ) ;
#3306 = AXIS2_PLACEMENT_3D ( 'NONE', #3130, #3507, #2369 ) ;
#3307 = CIRCLE ( 'NONE', #1633, 1.400000000000000133 ) ;
#3308 = CIRCLE ( 'NONE', #2354, 9.999999999999994671 ) ;
#3309 = DIRECTION ( 'NONE',  ( -1.000000000000000000, 0.000000000000000000, 0.000000000000000000 ) ) ;
#3310 = PLANE ( 'NONE',  #1939 ) ;
#3311 = CARTESIAN_POINT ( 'NONE',  ( -13.86538440245427850, 14.03996332800754132, 9.000000000000001776 ) ) ;
#3312 = CARTESIAN_POINT ( 'NONE',  ( -15.46545236919032007, 0.04766134921489825760, 8.000000000000000000 ) ) ;
#3313 = AXIS2_PLACEMENT_3D ( 'NONE', #3195, #1128, #2787 ) ;
#3314 = ORIENTED_EDGE ( 'NONE', *, *, #3228, .T. ) ;
#3315 = CARTESIAN_POINT ( 'NONE',  ( 14.13461559754572328, 14.03996332800754132, 14.49999999999999822 ) ) ;
#3316 = DIRECTION ( 'NONE',  ( 1.000000000000000000, 0.000000000000000000, 0.000000000000000000 ) ) ;
#3317 = DIRECTION ( 'NONE',  ( 1.000000000000000000, 0.000000000000000000, 0.000000000000000000 ) ) ;
#3318 = CARTESIAN_POINT ( 'NONE',  ( 21.00000000000000000, -4.999999999999998224, 15.50000000000000000 ) ) ;
#3319 = ORIENTED_EDGE ( 'NONE', *, *, #1546, .T. ) ;
#3320 = VERTEX_POINT ( 'NONE', #2789 ) ;
#3321 = CYLINDRICAL_SURFACE ( 'NONE', #4214, 1.400000000000000133 ) ;
#3322 = ORIENTED_EDGE ( 'NONE', *, *, #3592, .T. ) ;
#3323 = DIRECTION ( 'NONE',  ( 1.000000000000000000, 0.000000000000000000, 0.000000000000000000 ) ) ;
#3324 = EDGE_LOOP ( 'NONE', ( #706, #4464, #4966 ) ) ;
#3325 = CARTESIAN_POINT ( 'NONE',  ( -22.08421465096713376, 6.084214650966972115, 1.202681265156563484 ) ) ;
#3326 = DIRECTION ( 'NONE',  ( 0.000000000000000000, 0.000000000000000000, 1.000000000000000000 ) ) ;
#3327 = CARTESIAN_POINT ( 'NONE',  ( 22.00000000005421441, 6.000000000050440541, 14.43407002061631772 ) ) ;
#3328 = DIRECTION ( 'NONE',  ( 1.000000000000000000, 0.000000000000000000, 0.000000000000000000 ) ) ;
#3329 = ADVANCED_FACE ( 'NONE', ( #2528 ), #813, .T. ) ;
#3330 = EDGE_CURVE ( 'NONE', #3981, #2930, #2058, .T. ) ;
#3331 = AXIS2_PLACEMENT_3D ( 'NONE', #1441, #2247, #4801 ) ;
#3332 = ORIENTED_EDGE ( 'NONE', *, *, #50, .T. ) ;
#3333 = CARTESIAN_POINT ( 'NONE',  ( -21.84231792614620815, -5.842317926144809270, 15.20612557199112480 ) ) ;
#3334 = CYLINDRICAL_SURFACE ( 'NONE', #1239, 2.200000000000000622 ) ;
#3335 = CARTESIAN_POINT ( 'NONE',  ( -15.76538440245427886, 14.03996332800754132, 9.000000000000001776 ) ) ;
#3336 = ORIENTED_EDGE ( 'NONE', *, *, #3303, .F. ) ;
#3337 = VERTEX_POINT ( 'NONE', #388 ) ;
#3338 = LINE ( 'NONE', #26, #4904 ) ;
#3339 = DIRECTION ( 'NONE',  ( -0.000000000000000000, -0.000000000000000000, 1.000000000000000000 ) ) ;
#3340 = CIRCLE ( 'NONE', #4055, 10.50000000000000178 ) ;
#3341 = CARTESIAN_POINT ( 'NONE',  ( -16.93855220393531269, -16.98201256699031703, 2.000000000000000888 ) ) ;
#3342 = ORIENTED_EDGE ( 'NONE', *, *, #770, .T. ) ;
#3343 = SPHERICAL_SURFACE ( 'NONE', #5043, 1.000000000000000000 ) ;
#3344 = FACE_OUTER_BOUND ( 'NONE', #2763, .T. ) ;
#3345 = ORIENTED_EDGE ( 'NONE', *, *, #3062, .T. ) ;
#3346 = AXIS2_PLACEMENT_3D ( 'NONE', #1175, #2024, #1563 ) ;
#3347 = ADVANCED_FACE ( 'NONE', ( #4495 ), #689, .T. ) ;
#3348 = CARTESIAN_POINT ( 'NONE',  ( -22.08421465096713376, -6.084214650966966786, 1.202681265156564150 ) ) ;
#3349 = CARTESIAN_POINT ( 'NONE',  ( 21.93565644969583417, 5.935656449695509096, 0.3802531979568453679 ) ) ;
#3350 = CARTESIAN_POINT ( 'NONE',  ( 23.90404994674113226, 5.968016648913672562, 14.75928256736398581 ) ) ;
#3351 = CARTESIAN_POINT ( 'NONE',  ( 0.000000000000000000, 0.000000000000000000, 4.000000000000000888 ) ) ;
#3352 = VECTOR ( 'NONE', #1065, 1000.000000000000000 ) ;
#3353 = AXIS2_PLACEMENT_3D ( 'NONE', #3462, #4314, #3489 ) ;
#3354 = EDGE_CURVE ( 'NONE', #2771, #5119, #2408, .T. ) ;
#3355 = EDGE_LOOP ( 'NONE', ( #4629, #3148, #2987, #1241 ) ) ;
#3356 = CARTESIAN_POINT ( 'NONE',  ( -21.13092329384909718, -5.392769881552122335, 15.49999999999999822 ) ) ;
#3357 = EDGE_CURVE ( 'NONE', #31, #1473, #1181, .T. ) ;
#3358 = CARTESIAN_POINT ( 'NONE',  ( 22.98248025345618828, -5.660826751152073122, 0.2466131887789803634 ) ) ;
#3359 = CARTESIAN_POINT ( 'NONE',  ( -21.99999999999999289, -20.99999999999998934, 1.000000000000000000 ) ) ;
#3360 = VERTEX_POINT ( 'NONE', #5058 ) ;
#3361 = ORIENTED_EDGE ( 'NONE', *, *, #5348, .F. ) ;
#3362 = CARTESIAN_POINT ( 'NONE',  ( 14.13461559754601460, -13.96003667199245868, 14.49999999999999822 ) ) ;
#3363 = FILL_AREA_STYLE_COLOUR ( '', #4395 ) ;
#3364 = VERTEX_POINT ( 'NONE', #3073 ) ;
#3365 = CARTESIAN_POINT ( 'NONE',  ( 17.66407707585870313, -19.59759305442772259, 4.000000000000000888 ) ) ;
#3366 = ORIENTED_EDGE ( 'NONE', *, *, #3068, .F. ) ;
#3367 = AXIS2_PLACEMENT_3D ( 'NONE', #3490, #3117, #4793 ) ;
#3368 = CARTESIAN_POINT ( 'NONE',  ( -21.99999999999999645, 7.999999999998808065, 0.9345494114605067404 ) ) ;
#3369 = DIRECTION ( 'NONE',  ( 1.000000000000000000, 0.000000000000000000, 0.000000000000000000 ) ) ;
#3370 = ORIENTED_EDGE ( 'NONE', *, *, #4375, .T. ) ;
#3371 = CARTESIAN_POINT ( 'NONE',  ( -21.99355391189278564, -7.980661735678420854, 0.8691019233317401893 ) ) ;
#3372 = CARTESIAN_POINT ( 'NONE',  ( -20.99999999999999645, 21.00000000000000355, 15.50000000000000000 ) ) ;
#3373 = DIRECTION ( 'NONE',  ( -1.000000000000000000, 0.000000000000000000, -0.000000000000000000 ) ) ;
#3374 = DIRECTION ( 'NONE',  ( -1.000000000000000000, 0.000000000000000000, 0.000000000000000000 ) ) ;
#3375 = AXIS2_PLACEMENT_3D ( 'NONE', #3050, #2635, #2226 ) ;
#3376 = TOROIDAL_SURFACE ( 'NONE', #757, 1.650000000000003464, 0.5000000000000000000 ) ;
#3377 = VERTEX_POINT ( 'NONE', #5084 ) ;
#3378 = EDGE_CURVE ( 'NONE', #1944, #4302, #5440, .T. ) ;
#3379 = CARTESIAN_POINT ( 'NONE',  ( -21.89883296083730357, -7.696498882512015527, 14.94315120539134867 ) ) ;
#3380 =( BOUNDED_SURFACE ( )  B_SPLINE_SURFACE ( 3, 2, ( 
 ( #2795, #3614, #1213 ),
 ( #2855, #1108, #2823 ),
 ( #1166, #752, #3234 ),
 ( #5360, #348, #2043 ),
 ( #2018, #2488, #1603 ),
 ( #694, #796, #4901 ),
 ( #1629, #5286, #1194 ),
 ( #4980, #2440, #2385 ),
 ( #776, #5334, #1524 ),
 ( #1136, #246, #2463 ),
 ( #4470, #3204, #4054 ),
 ( #4103, #274, #4122 ),
 ( #3690, #1998, #4502 ),
 ( #727, #2419, #4080 ),
 ( #325, #301, #3670 ),
 ( #4907, #1141, #5392 ) ),
 .UNSPECIFIED., .F., .F., .T. ) 
 B_SPLINE_SURFACE_WITH_KNOTS ( ( 4, 2, 2, 2, 2, 2, 2, 4 ),
 ( 3, 3 ),
 ( 6.283185307179586232, 6.479534848028948524, 6.675884388878310816, 6.872233929727672219, 7.068583470577034511, 7.264933011426396803, 7.461282552275758206, 7.853981633974482790 ),
 ( 0.000000000000000000, 1.000000000000000000 ),
 .UNSPECIFIED. ) 
 GEOMETRIC_REPRESENTATION_ITEM ( )  RATIONAL_B_SPLINE_SURFACE ( (
 ( 1.000000000000000000, 0.7071067811865482389, 1.000000000000000000),
 ( 1.000000000000000000, 0.7070717276407505469, 1.000000000000000000),
 ( 1.000000000000000000, 0.7117460035099099080, 1.000000000000000000),
 ( 1.000000000000000000, 0.7291288930334065554, 1.000000000000000000),
 ( 1.000000000000000000, 0.7418334192087702172, 1.000000000000000000),
 ( 1.000000000000000000, 0.7723968204884334998, 1.000000000000000000),
 ( 1.000000000000000000, 0.7902180097995593622, 1.000000000000000000),
 ( 1.000000000000000000, 0.8275942684437818109, 1.000000000000000000),
 ( 1.000000000000000000, 0.8471316612622696862, 1.000000000000000000),
 ( 1.000000000000000000, 0.8849191463066055086, 1.000000000000000000),
 ( 1.000000000000000000, 0.9031650999538335389, 1.000000000000000000),
 ( 1.000000000000000000, 0.9360421837325612060, 1.000000000000000000),
 ( 1.000000000000000000, 0.9506740357170546663, 1.000000000000000000),
 ( 1.000000000000000000, 0.9867291882093596200, 1.000000000000000000),
 ( 1.000000000000000000, 1.000158581554873916, 1.000000000000000000),
 ( 1.000000000000000000, 1.000000000000000000, 1.000000000000000000) ) ) 
 REPRESENTATION_ITEM ( '' )  SURFACE ( )  );
#3381 = CARTESIAN_POINT ( 'NONE',  ( 21.89883296083738173, -7.696498882511925821, 0.5568487946088180873 ) ) ;
#3382 = CARTESIAN_POINT ( 'NONE',  ( -15.69213029501579548, -2.122327950362073334, 8.000000000000000000 ) ) ;
#3383 = EDGE_CURVE ( 'NONE', #3648, #5288, #1498, .T. ) ;
#3384 = EDGE_LOOP ( 'NONE', ( #2776, #2604, #1749, #1540 ) ) ;
#3385 = VERTEX_POINT ( 'NONE', #1742 ) ;
#3386 = VERTEX_POINT ( 'NONE', #4718 ) ;
#3387 = FACE_OUTER_BOUND ( 'NONE', #4454, .T. ) ;
#3388 = SURFACE_STYLE_USAGE ( .BOTH. , #5038 ) ;
#3389 = EDGE_CURVE ( 'NONE', #2429, #4708, #4213, .T. ) ;
#3390 = DIRECTION ( 'NONE',  ( 0.000000000000000000, 0.000000000000000000, 1.000000000000000000 ) ) ;
#3391 = DIRECTION ( 'NONE',  ( 0.000000000000000000, -0.000000000000000000, -1.000000000000000000 ) ) ;
#3392 = ORIENTED_EDGE ( 'NONE', *, *, #2199, .F. ) ;
#3393 = EDGE_CURVE ( 'NONE', #3968, #207, #4295, .T. ) ;
#3394 = LINE ( 'NONE', #922, #5401 ) ;
#3395 = VERTEX_POINT ( 'NONE', #3015 ) ;
#3396 = CARTESIAN_POINT ( 'NONE',  ( -17.58855220393496310, 17.01798743300968653, 2.000000000000000888 ) ) ;
#3397 = ORIENTED_EDGE ( 'NONE', *, *, #3865, .F. ) ;
#3398 = FACE_OUTER_BOUND ( 'NONE', #409, .T. ) ;
#3399 = ORIENTED_EDGE ( 'NONE', *, *, #591, .F. ) ;
#3400 = CARTESIAN_POINT ( 'NONE',  ( -22.22877093707625207, -6.228770937075879921, 0.9577428085095701649 ) ) ;
#3401 = CARTESIAN_POINT ( 'NONE',  ( 21.26174788556751594, 5.785243656702558468, 0.02602732383215432266 ) ) ;
#3402 = DIRECTION ( 'NONE',  ( 1.000000000000000000, 0.000000000000000000, 0.000000000000000000 ) ) ;
#3403 = CARTESIAN_POINT ( 'NONE',  ( -13.86538440245427850, 14.03996332800754132, 9.000000000000001776 ) ) ;
#3404 = ORIENTED_EDGE ( 'NONE', *, *, #3785, .F. ) ;
#3405 = CARTESIAN_POINT ( 'NONE',  ( -21.94892610418525436, -7.846778312555702684, 14.82221565933882701 ) ) ;
#3406 = EDGE_CURVE ( 'NONE', #3578, #1083, #2736, .T. ) ;
#3407 = AXIS2_PLACEMENT_3D ( 'NONE', #3840, #3016, #4691 ) ;
#3408 = DIRECTION ( 'NONE',  ( -1.000000000000000000, 0.000000000000000000, -0.000000000000000000 ) ) ;
#3409 = EDGE_LOOP ( 'NONE', ( #957, #4814, #561, #3901 ) ) ;
#3410 = ORIENTED_EDGE ( 'NONE', *, *, #1517, .T. ) ;
#3411 =( BOUNDED_CURVE ( )  B_SPLINE_CURVE ( 3, ( #4497, #1133, #1625, #4974 ),
 .UNSPECIFIED., .F., .T. ) 
 B_SPLINE_CURVE_WITH_KNOTS ( ( 4, 4 ),
 ( 3.141592653589793116, 4.712388980384689674 ),
 .UNSPECIFIED. ) 
 CURVE ( )  GEOMETRIC_REPRESENTATION_ITEM ( )  RATIONAL_B_SPLINE_CURVE ( ( 1.000000000000000000, 0.8047378541243649375, 0.8047378541243649375, 1.000000000000000000 ) ) 
 REPRESENTATION_ITEM ( '' )  );
#3412 = FACE_OUTER_BOUND ( 'NONE', #4894, .T. ) ;
#3413 = FACE_OUTER_BOUND ( 'NONE', #5069, .T. ) ;
#3414 = ADVANCED_FACE ( 'NONE', ( #1772 ), #2169, .F. ) ;
#3415 = CARTESIAN_POINT ( 'NONE',  ( 14.13461559754601460, -13.96003667199245868, 9.000000000000001776 ) ) ;
#3416 = DIRECTION ( 'NONE',  ( 0.000000000000000000, 0.000000000000000000, 1.000000000000000000 ) ) ;
#3417 = ORIENTED_EDGE ( 'NONE', *, *, #2599, .F. ) ;
#3418 = DIRECTION ( 'NONE',  ( -0.000000000000000000, 0.000000000000000000, 1.000000000000000000 ) ) ;
#3419 = ORIENTED_EDGE ( 'NONE', *, *, #908, .F. ) ;
#3420 = EDGE_CURVE ( 'NONE', #1454, #3724, #430, .T. ) ;
#3421 = AXIS2_PLACEMENT_3D ( 'NONE', #521, #3446, #2193 ) ;
#3422 = ADVANCED_FACE ( 'NONE', ( #4658 ), #69, .F. ) ;
#3423 = FACE_OUTER_BOUND ( 'NONE', #5302, .T. ) ;
#3424 = FACE_OUTER_BOUND ( 'NONE', #3609, .T. ) ;
#3425 = AXIS2_PLACEMENT_3D ( 'NONE', #3562, #5148, #3128 ) ;
#3426 = ORIENTED_EDGE ( 'NONE', *, *, #1555, .F. ) ;
#3427 = CARTESIAN_POINT ( 'NONE',  ( 20.00000000000000000, 20.00000000000000355, 3.500000000000001332 ) ) ;
#3428 = CARTESIAN_POINT ( 'NONE',  ( 20.99999999999999645, 4.999999999999997335, 4.336808689942017736E-16 ) ) ;
#3429 = CARTESIAN_POINT ( 'NONE',  ( 34.00000000000000000, 6.000000000000000000, 0.000000000000000000 ) ) ;
#3430 = CARTESIAN_POINT ( 'NONE',  ( 22.00000000000000355, -21.99999999999999289, 14.49999999999999822 ) ) ;
#3431 = CIRCLE ( 'NONE', #1072, 0.4999999999999993894 ) ;
#3432 = DIRECTION ( 'NONE',  ( -0.000000000000000000, 0.000000000000000000, 1.000000000000000000 ) ) ;
#3433 = ORIENTED_EDGE ( 'NONE', *, *, #937, .T. ) ;
#3434 = CARTESIAN_POINT ( 'NONE',  ( -20.99999999999998934, -4.999999999999993783, 15.49999999999999822 ) ) ;
#3435 = VECTOR ( 'NONE', #4140, 1000.000000000000000 ) ;
#3436 = AXIS2_PLACEMENT_3D ( 'NONE', #241, #1544, #294 ) ;
#3437 = CARTESIAN_POINT ( 'NONE',  ( -19.35160338406751634, 19.35773271489608405, 8.500000000000000000 ) ) ;
#3438 = CARTESIAN_POINT ( 'NONE',  ( -33.00000000000000000, -4.000000000000000000, 15.50000000000000000 ) ) ;
#3439 = ORIENTED_EDGE ( 'NONE', *, *, #1184, .F. ) ;
#3440 = CIRCLE ( 'NONE', #1688, 1.000000000000000888 ) ;
#3441 = ORIENTED_EDGE ( 'NONE', *, *, #5176, .F. ) ;
#3442 = ORIENTED_EDGE ( 'NONE', *, *, #1379, .F. ) ;
#3443 = ORIENTED_EDGE ( 'NONE', *, *, #1111, .F. ) ;
#3444 = AXIS2_PLACEMENT_3D ( 'NONE', #2210, #1884, #1914 ) ;
#3445 = DIRECTION ( 'NONE',  ( 0.000000000000000000, 0.000000000000000000, 1.000000000000000000 ) ) ;
#3446 = DIRECTION ( 'NONE',  ( 0.000000000000000000, -0.000000000000000000, 1.000000000000000000 ) ) ;
#3447 = DIRECTION ( 'NONE',  ( -0.000000000000000000, 0.000000000000000000, 1.000000000000000000 ) ) ;
#3448 = DIRECTION ( 'NONE',  ( 0.000000000000000000, -0.000000000000000000, 1.000000000000000000 ) ) ;
#3449 = ADVANCED_FACE ( 'NONE', ( #3413 ), #878, .T. ) ;
#3450 = DIRECTION ( 'NONE',  ( -0.000000000000000000, -0.000000000000000000, -1.000000000000000000 ) ) ;
#3451 = ORIENTED_EDGE ( 'NONE', *, *, #4296, .T. ) ;
#3452 = DIRECTION ( 'NONE',  ( 1.000000000000000000, 0.000000000000000000, 0.000000000000000000 ) ) ;
#3453 = VERTEX_POINT ( 'NONE', #5115 ) ;
#3454 = ADVANCED_FACE ( 'NONE', ( #1358 ), #891, .T. ) ;
#3455 = EDGE_CURVE ( 'NONE', #3759, #716, #5145, .T. ) ;
#3456 = DIRECTION ( 'NONE',  ( 1.000000000000000000, 0.000000000000000000, 0.000000000000000000 ) ) ;
#3457 = ORIENTED_EDGE ( 'NONE', *, *, #2688, .F. ) ;
#3458 = EDGE_CURVE ( 'NONE', #1312, #2084, #2581, .T. ) ;
#3459 = LINE ( 'NONE', #990, #1554 ) ;
#3460 = AXIS2_PLACEMENT_3D ( 'NONE', #630, #5223, #4843 ) ;
#3461 = CARTESIAN_POINT ( 'NONE',  ( 22.12560186952649133, 6.125601869526303922, 14.28802234809545624 ) ) ;
#3462 = CARTESIAN_POINT ( 'NONE',  ( -33.00000000000000000, 4.000000000000000000, 14.49999999999999822 ) ) ;
#3463 = CIRCLE ( 'NONE', #4167, 0.5000000000000004441 ) ;
#3464 = CARTESIAN_POINT ( 'NONE',  ( -20.99999999999999289, 5.000000000000000000, 15.50000000000000000 ) ) ;
#3465 = CARTESIAN_POINT ( 'NONE',  ( -16.93855220393531269, -16.98201256699031703, 8.000000000000000000 ) ) ;
#3466 = AXIS2_PLACEMENT_3D ( 'NONE', #4579, #2497, #4156 ) ;
#3467 = CIRCLE ( 'NONE', #5399, 1.400000000000000133 ) ;
#3468 = CARTESIAN_POINT ( 'NONE',  ( -16.93855220393531269, -16.98201256699031703, 2.500000000000001332 ) ) ;
#3469 = AXIS2_PLACEMENT_3D ( 'NONE', #1127, #4563, #4588 ) ;
#3470 = DIRECTION ( 'NONE',  ( 0.9784116261118592783, -0.2066656475787580494, 0.000000000000000000 ) ) ;
#3471 = EDGE_LOOP ( 'NONE', ( #4352, #746, #2674, #110 ) ) ;
#3472 = ORIENTED_EDGE ( 'NONE', *, *, #3859, .F. ) ;
#3473 = LINE ( 'NONE', #3042, #4288 ) ;
#3474 = AXIS2_PLACEMENT_3D ( 'NONE', #3612, #5284, #4874 ) ;
#3475 = DIRECTION ( 'NONE',  ( -1.000000000000000000, -1.577021341797094356E-16, 0.000000000000000000 ) ) ;
#3476 = MANIFOLD_SOLID_BREP ( 'Fillet27', #3879 ) ;
#3477 = CYLINDRICAL_SURFACE ( 'NONE', #3603, 1.000000000000000000 ) ;
#3478 = LINE ( 'NONE', #976, #186 ) ;
#3479 = CARTESIAN_POINT ( 'NONE',  ( -33.00000000000000000, 4.000000000000000000, 15.50000000000000000 ) ) ;
#3480 = ORIENTED_EDGE ( 'NONE', *, *, #5202, .T. ) ;
#3481 = CIRCLE ( 'NONE', #3231, 0.5000000000000004441 ) ;
#3482 = DIRECTION ( 'NONE',  ( 1.000000000000000000, 1.445602896647338917E-16, 0.000000000000000000 ) ) ;
#3483 = ORIENTED_EDGE ( 'NONE', *, *, #4137, .F. ) ;
#3484 = DIRECTION ( 'NONE',  ( 0.2087993391107811625, -0.9779585042254611560, 0.000000000000000000 ) ) ;
#3485 = DIRECTION ( 'NONE',  ( -0.000000000000000000, 0.000000000000000000, 1.000000000000000000 ) ) ;
#3486 = EDGE_LOOP ( 'NONE', ( #5066, #3680, #2370, #3552 ) ) ;
#3487 = FACE_OUTER_BOUND ( 'NONE', #3355, .T. ) ;
#3488 = CARTESIAN_POINT ( 'NONE',  ( 17.06144779606469086, -16.98201256699031703, 8.000000000000000000 ) ) ;
#3489 = DIRECTION ( 'NONE',  ( 0.000000000000000000, 0.000000000000000000, -1.000000000000000000 ) ) ;
#3490 = CARTESIAN_POINT ( 'NONE',  ( -16.93855220393495742, 17.01798743300968653, 8.000000000000000000 ) ) ;
#3491 = CARTESIAN_POINT ( 'NONE',  ( -20.99999999999998934, -20.99999999999998934, 0.000000000000000000 ) ) ;
#3492 = AXIS2_PLACEMENT_3D ( 'NONE', #2187, #941, #3113 ) ;
#3493 = ADVANCED_FACE ( 'NONE', ( #4826 ), #3693, .T. ) ;
#3494 = CARTESIAN_POINT ( 'NONE',  ( -19.79289182727062268, 19.02996245257357089, 3.999999999999999112 ) ) ;
#3495 = EDGE_CURVE ( 'NONE', #5119, #5204, #5175, .T. ) ;
#3496 = ORIENTED_EDGE ( 'NONE', *, *, #2951, .F. ) ;
#3497 = EDGE_LOOP ( 'NONE', ( #2533, #1253 ) ) ;
#3499 = CARTESIAN_POINT ( 'NONE',  ( 17.06144779606469086, -16.98201256699031703, 2.500000000000000888 ) ) ;
#3498 = CARTESIAN_POINT ( 'NONE',  ( -13.86538440245427850, 14.03996332800754132, 9.000000000000001776 ) ) ;
#3500 = DIRECTION ( 'NONE',  ( 0.000000000000000000, 0.000000000000000000, -1.000000000000000000 ) ) ;
#3501 = CARTESIAN_POINT ( 'NONE',  ( 24.00000000000000355, -5.999999999999998224, 14.49999999999999822 ) ) ;
#3502 = AXIS2_PLACEMENT_3D ( 'NONE', #5330, #1574, #771 ) ;
#3503 = CARTESIAN_POINT ( 'NONE',  ( -13.86538440245427850, 14.03996332800754132, -4.500000000000000888 ) ) ;
#3504 = CIRCLE ( 'NONE', #2549, 1.000000000000000888 ) ;
#3505 = CARTESIAN_POINT ( 'NONE',  ( 0.000000000000000000, 21.00000000000000355, 14.49999999999999822 ) ) ;
#3506 = ORIENTED_EDGE ( 'NONE', *, *, #2874, .F. ) ;
#3507 = DIRECTION ( 'NONE',  ( -0.000000000000000000, 0.000000000000000000, 1.000000000000000000 ) ) ;
#3508 = ORIENTED_EDGE ( 'NONE', *, *, #1453, .T. ) ;
#3509 = CARTESIAN_POINT ( 'NONE',  ( 20.99999999999999645, 22.00000000000000711, 8.500000000000000000 ) ) ;
#3510 = ORIENTED_EDGE ( 'NONE', *, *, #3828, .F. ) ;
#3511 = CARTESIAN_POINT ( 'NONE',  ( 32.00000000000000000, -5.000000000000000000, 0.000000000000000000 ) ) ;
#3512 = VECTOR ( 'NONE', #3151, 1000.000000000000000 ) ;
#3513 = VERTEX_POINT ( 'NONE', #3179 ) ;
#3514 = CARTESIAN_POINT ( 'NONE',  ( -21.44315120576386846, -6.329453617291628476, 0.1011670393169944587 ) ) ;
#3515 = DIRECTION ( 'NONE',  ( 0.000000000000000000, -1.000000000000000000, 0.000000000000000000 ) ) ;
#3516 = AXIS2_PLACEMENT_3D ( 'NONE', #835, #4188, #5015 ) ;
#3517 = DIRECTION ( 'NONE',  ( 0.000000000000000000, 0.000000000000000000, -1.000000000000000000 ) ) ;
#3518 = AXIS2_PLACEMENT_3D ( 'NONE', #4644, #427, #874 ) ;
#3519 = EDGE_CURVE ( 'NONE', #5230, #3756, #1442, .T. ) ;
#3520 = AXIS2_PLACEMENT_3D ( 'NONE', #4307, #534, #2587 ) ;
#3521 = LINE ( 'NONE', #5164, #4144 ) ;
#3522 = CARTESIAN_POINT ( 'NONE',  ( -32.00000000000000000, -6.000000000000000000, 14.49999999999999822 ) ) ;
#3523 = AXIS2_PLACEMENT_3D ( 'NONE', #2320, #3542, #1456 ) ;
#3524 = EDGE_CURVE ( 'NONE', #2737, #2771, #162, .T. ) ;
#3525 = ORIENTED_EDGE ( 'NONE', *, *, #4669, .T. ) ;
#3526 = ORIENTED_EDGE ( 'NONE', *, *, #192, .F. ) ;
#3527 = EDGE_CURVE ( 'NONE', #4278, #1335, #4001, .T. ) ;
#3529 = CARTESIAN_POINT ( 'NONE',  ( 2.283373485651019053, -15.79405589854077796, 8.500000000000000000 ) ) ;
#3528 = DIRECTION ( 'NONE',  ( 0.000000000000000000, 0.000000000000000000, 1.000000000000000000 ) ) ;
#3530 = CYLINDRICAL_SURFACE ( 'NONE', #3952, 2.200000000000000622 ) ;
#3531 = AXIS2_PLACEMENT_3D ( 'NONE', #1389, #3017, #950 ) ;
#3532 = TOROIDAL_SURFACE ( 'NONE', #6, 10.50000000000000533, 0.5000000000000000000 ) ;
#3533 = CARTESIAN_POINT ( 'NONE',  ( -18.08855220393531482, -16.98201256699031703, 2.000000000000000888 ) ) ;
#3534 = LINE ( 'NONE', #2310, #366 ) ;
#3535 = AXIS2_PLACEMENT_3D ( 'NONE', #165, #1531, #1863 ) ;
#3536 = CARTESIAN_POINT ( 'NONE',  ( -19.99999137980582731, 19.99999824497777468, 3.792894823274632454 ) ) ;
#3537 = VECTOR ( 'NONE', #965, 1000.000000000000000 ) ;
#3538 = CARTESIAN_POINT ( 'NONE',  ( 34.00000000000000000, -6.000000000000000000, 1.000000000000000000 ) ) ;
#3539 = ORIENTED_EDGE ( 'NONE', *, *, #1621, .T. ) ;
#3540 = DIRECTION ( 'NONE',  ( 1.000000000000000000, 0.000000000000000000, 0.000000000000000000 ) ) ;
#3541 = EDGE_LOOP ( 'NONE', ( #2352, #3888, #5423, #2047 ) ) ;
#3542 = DIRECTION ( 'NONE',  ( 0.000000000000000000, 0.000000000000000000, -1.000000000000000000 ) ) ;
#3543 = VERTEX_POINT ( 'NONE', #4852 ) ;
#3544 = DIRECTION ( 'NONE',  ( 0.000000000000000000, -0.000000000000000000, 1.000000000000000000 ) ) ;
#3545 = CARTESIAN_POINT ( 'NONE',  ( 22.22877093707550955, 6.228770937075794656, 14.54225719149022922 ) ) ;
#3546 = DIRECTION ( 'NONE',  ( 1.000000000000000000, 0.000000000000000000, 0.000000000000000000 ) ) ;
#3547 = FACE_OUTER_BOUND ( 'NONE', #5321, .T. ) ;
#3548 = FACE_OUTER_BOUND ( 'NONE', #511, .T. ) ;
#3549 = AXIS2_PLACEMENT_3D ( 'NONE', #3088, #5195, #4763 ) ;
#3550 = DIRECTION ( 'NONE',  ( -0.000000000000000000, 0.000000000000000000, -1.000000000000000000 ) ) ;
#3551 = FACE_OUTER_BOUND ( 'NONE', #1328, .T. ) ;
#3552 = ORIENTED_EDGE ( 'NONE', *, *, #421, .F. ) ;
#3553 = CIRCLE ( 'NONE', #1901, 0.4999999999999997224 ) ;
#3554 = EDGE_LOOP ( 'NONE', ( #2368, #2175, #670, #36 ) ) ;
#3556 = DIRECTION ( 'NONE',  ( -0.000000000000000000, -0.000000000000000000, 1.000000000000000000 ) ) ;
#3555 = CYLINDRICAL_SURFACE ( 'NONE', #4617, 0.5000000000000000000 ) ;
#3557 =( LENGTH_UNIT ( ) NAMED_UNIT ( * ) SI_UNIT ( .MILLI., .METRE. ) );
#3558 = ORIENTED_EDGE ( 'NONE', *, *, #2982, .T. ) ;
#3559 = CIRCLE ( 'NONE', #3910, 0.5000000000000004441 ) ;
#3560 = FACE_OUTER_BOUND ( 'NONE', #4562, .T. ) ;
#3561 = CARTESIAN_POINT ( 'NONE',  ( 0.000000000000000000, 0.000000000000000000, 4.000000000000000888 ) ) ;
#3562 = CARTESIAN_POINT ( 'NONE',  ( -16.93855220393531269, -16.98201256699031703, 8.000000000000000000 ) ) ;
#3563 = ORIENTED_EDGE ( 'NONE', *, *, #908, .T. ) ;
#3564 = CARTESIAN_POINT ( 'NONE',  ( 0.000000000000000000, 5.000000000000000000, 14.49999999999999822 ) ) ;
#3565 = CIRCLE ( 'NONE', #308, 0.4999999999999986122 ) ;
#3566 = EDGE_LOOP ( 'NONE', ( #915, #4694, #3510, #779 ) ) ;
#3567 = ADVANCED_FACE ( 'NONE', ( #1087 ), #3530, .F. ) ;
#3568 =( BOUNDED_CURVE ( )  B_SPLINE_CURVE ( 3, ( #2418, #5285, #4501, #1552 ),
 .UNSPECIFIED., .F., .T. ) 
 B_SPLINE_CURVE_WITH_KNOTS ( ( 4, 4 ),
 ( 4.712388980384693227, 4.761204893287938056 ),
 .UNSPECIFIED. ) 
 CURVE ( )  GEOMETRIC_REPRESENTATION_ITEM ( )  RATIONAL_B_SPLINE_CURVE ( ( 1.000000000000000000, 0.9998014270792028313, 0.9998014270792028313, 1.000000000000000000 ) ) 
 REPRESENTATION_ITEM ( '' )  );
#3569 = DIRECTION ( 'NONE',  ( 1.000000000000000000, 0.000000000000000000, 0.000000000000000000 ) ) ;
#3570 = EDGE_CURVE ( 'NONE', #625, #3453, #1150, .T. ) ;
#3571 = ORIENTED_EDGE ( 'NONE', *, *, #1479, .T. ) ;
#3572 = LINE ( 'NONE', #1934, #723 ) ;
#3573 = DIRECTION ( 'NONE',  ( 1.000000000000000000, 0.000000000000000000, 0.000000000000000000 ) ) ;
#3574 = ORIENTED_EDGE ( 'NONE', *, *, #2265, .T. ) ;
#3575 = CARTESIAN_POINT ( 'NONE',  ( -21.13092329384927126, -5.392769881551913613, 3.166818661556086608E-16 ) ) ;
#3576 = CARTESIAN_POINT ( 'NONE',  ( 21.52859211757116853, 5.528592117570493514, 15.41617642229578067 ) ) ;
#3577 = DIRECTION ( 'NONE',  ( 0.2024611334656767903, -0.9792902988571843270, 0.000000000000000000 ) ) ;
#3578 = VERTEX_POINT ( 'NONE', #2714 ) ;
#3579 = CARTESIAN_POINT ( 'NONE',  ( 32.00000000000000000, 4.000000000000000000, 15.50000000000000000 ) ) ;
#3580 = CARTESIAN_POINT ( 'NONE',  ( 20.00000000000000000, -20.09759305442772259, 1.000000000000000000 ) ) ;
#3581 = ORIENTED_EDGE ( 'NONE', *, *, #421, .T. ) ;
#3582 = VERTEX_POINT ( 'NONE', #1530 ) ;
#3584 = DIRECTION ( 'NONE',  ( -1.000000000000000000, 1.224646799147352468E-16, 0.000000000000000000 ) ) ;
#3583 = CARTESIAN_POINT ( 'NONE',  ( -20.99999999999999289, -4.999999999999998224, 15.50000000000000000 ) ) ;
#3585 = LINE ( 'NONE', #2363, #1591 ) ;
#3586 = EDGE_CURVE ( 'NONE', #5033, #169, #674, .T. ) ;
#3587 = DIRECTION ( 'NONE',  ( 1.000000000000000000, 0.000000000000000000, 0.000000000000000000 ) ) ;
#3588 = DIRECTION ( 'NONE',  ( 0.000000000000000000, 0.000000000000000000, 1.000000000000000000 ) ) ;
#3589 = CARTESIAN_POINT ( 'NONE',  ( -22.00000000005283596, 6.000000000052838622, 14.43407002061645272 ) ) ;
#3590 = VERTEX_POINT ( 'NONE', #2307 ) ;
#3591 = EDGE_LOOP ( 'NONE', ( #4185, #5422, #4535, #1177, #4418 ) ) ;
#3592 = EDGE_CURVE ( 'NONE', #1090, #1393, #225, .T. ) ;
#3593 = DIRECTION ( 'NONE',  ( 0.9798975149153361652, -0.1995015294747100598, 0.000000000000000000 ) ) ;
#3594 = EDGE_CURVE ( 'NONE', #2421, #5365, #3585, .T. ) ;
#3595 = VERTEX_POINT ( 'NONE', #3211 ) ;
#3596 = CARTESIAN_POINT ( 'NONE',  ( -22.21530969695821867, 6.215309696958224883, 0.8641790907335131777 ) ) ;
#3597 = CARTESIAN_POINT ( 'NONE',  ( 17.06144779606469086, -16.98201256699031703, 8.000000000000000000 ) ) ;
#3598 = VECTOR ( 'NONE', #3939, 1000.000000000000000 ) ;
#3599 = ORIENTED_EDGE ( 'NONE', *, *, #1067, .F. ) ;
#3600 = ADVANCED_FACE ( 'NONE', ( #5259 ), #708, .T. ) ;
#3601 = DIRECTION ( 'NONE',  ( 1.000000000000000000, 0.000000000000000000, 0.000000000000000000 ) ) ;
#3602 = LINE ( 'NONE', #4865, #2527 ) ;
#3603 = AXIS2_PLACEMENT_3D ( 'NONE', #554, #4747, #3390 ) ;
#3604 = ORIENTED_EDGE ( 'NONE', *, *, #4669, .F. ) ;
#3605 = FACE_OUTER_BOUND ( 'NONE', #3937, .T. ) ;
#3606 =( BOUNDED_CURVE ( )  B_SPLINE_CURVE ( 3, ( #5341, #3748, #5369, #2904 ),
 .UNSPECIFIED., .F., .F. ) 
 B_SPLINE_CURVE_WITH_KNOTS ( ( 4, 4 ),
 ( 4.712388980384689674, 6.283185307179586232 ),
 .UNSPECIFIED. ) 
 CURVE ( )  GEOMETRIC_REPRESENTATION_ITEM ( )  RATIONAL_B_SPLINE_CURVE ( ( 1.000000000000000000, 0.8047378541243649375, 0.8047378541243649375, 1.000000000000000000 ) ) 
 REPRESENTATION_ITEM ( '' )  );
#3607 = EDGE_CURVE ( 'NONE', #1146, #3648, #4652, .T. ) ;
#3608 = DIRECTION ( 'NONE',  ( 0.000000000000000000, -0.000000000000000000, 1.000000000000000000 ) ) ;
#3609 = EDGE_LOOP ( 'NONE', ( #2472, #2117, #2102, #549 ) ) ;
#3610 = CARTESIAN_POINT ( 'NONE',  ( -32.00000000000000000, -5.000000000000000000, 1.000000000000000000 ) ) ;
#3611 = ORIENTED_EDGE ( 'NONE', *, *, #799, .F. ) ;
#3612 = CARTESIAN_POINT ( 'NONE',  ( -20.99999999999998934, -20.99999999999998934, 1.000000000000000000 ) ) ;
#3613 = DIRECTION ( 'NONE',  ( 0.2066656475787591041, 0.9784116261118589453, 0.000000000000000000 ) ) ;
#3614 = CARTESIAN_POINT ( 'NONE',  ( 21.99999999999999645, -6.000000000000001776, 14.50000000000000000 ) ) ;
#3615 = AXIS2_PLACEMENT_3D ( 'NONE', #2552, #2630, #497 ) ;
#3616 = ORIENTED_EDGE ( 'NONE', *, *, #5342, .T. ) ;
#3617 = AXIS2_PLACEMENT_3D ( 'NONE', #2998, #2592, #482 ) ;
#3618 = ORIENTED_EDGE ( 'NONE', *, *, #1967, .T. ) ;
#3620 = CARTESIAN_POINT ( 'NONE',  ( 22.14328425823935120, 6.143284258239451567, 0.6686814844196524721 ) ) ;
#3619 = DIRECTION ( 'NONE',  ( -0.000000000000000000, -0.000000000000000000, 1.000000000000000000 ) ) ;
#3621 = DIRECTION ( 'NONE',  ( 1.000000000000000000, 0.000000000000000000, 0.000000000000000000 ) ) ;
#3622 = AXIS2_PLACEMENT_3D ( 'NONE', #3022, #1753, #5123 ) ;
#3623 = DIRECTION ( 'NONE',  ( 0.000000000000000000, 0.000000000000000000, -1.000000000000000000 ) ) ;
#3624 = CARTESIAN_POINT ( 'NONE',  ( -21.44315120576377254, 6.329453617291630252, 15.39883296068304652 ) ) ;
#3625 = DIRECTION ( 'NONE',  ( -1.000000000000000000, 0.000000000000000000, 0.000000000000000000 ) ) ;
#3626 = VERTEX_POINT ( 'NONE', #1003 ) ;
#3627 = CARTESIAN_POINT ( 'NONE',  ( -28.08395306043829365, 0.000000000000000000, 0.000000000000000000 ) ) ;
#3628 = ORIENTED_EDGE ( 'NONE', *, *, #3804, .T. ) ;
#3629 = CARTESIAN_POINT ( 'NONE',  ( -21.26174788556751238, 5.785243656702558468, 0.02602732383215345530 ) ) ;
#3630 = EDGE_CURVE ( 'NONE', #2334, #4210, #2988, .T. ) ;
#3631 = AXIS2_PLACEMENT_3D ( 'NONE', #1182, #2033, #1227 ) ;
#3632 = DIRECTION ( 'NONE',  ( -0.000000000000000000, 0.000000000000000000, 1.000000000000000000 ) ) ;
#3633 = ORIENTED_EDGE ( 'NONE', *, *, #112, .F. ) ;
#3634 = FACE_OUTER_BOUND ( 'NONE', #2321, .T. ) ;
#3635 = EDGE_CURVE ( 'NONE', #1454, #2375, #2279, .T. ) ;
#3636 = ORIENTED_EDGE ( 'NONE', *, *, #1120, .T. ) ;
#3637 = CARTESIAN_POINT ( 'NONE',  ( -32.00000000000000000, 5.000000000000000000, 15.50000000000000000 ) ) ;
#3638 = DIRECTION ( 'NONE',  ( -0.000000000000000000, -0.000000000000000000, 1.000000000000000000 ) ) ;
#3639 = EDGE_CURVE ( 'NONE', #2711, #3709, #5005, .T. ) ;
#3640 = DIRECTION ( 'NONE',  ( 1.000000000000000000, 0.000000000000000000, 0.000000000000000000 ) ) ;
#3641 = ADVANCED_FACE ( 'NONE', ( #3241 ), #1977, .T. ) ;
#3642 = FACE_OUTER_BOUND ( 'NONE', #4519, .T. ) ;
#3643 = DIRECTION ( 'NONE',  ( -1.000000000000000000, 0.000000000000000000, -0.000000000000000000 ) ) ;
#3644 = DIRECTION ( 'NONE',  ( 1.000000000000000000, 1.445602896647338917E-16, 0.000000000000000000 ) ) ;
#3645 = EDGE_CURVE ( 'NONE', #3543, #801, #2208, .T. ) ;
#3646 = EDGE_CURVE ( 'NONE', #519, #2178, #3993, .T. ) ;
#3647 = ORIENTED_EDGE ( 'NONE', *, *, #1343, .T. ) ;
#3648 = VERTEX_POINT ( 'NONE', #2357 ) ;
#3649 = CARTESIAN_POINT ( 'NONE',  ( 17.06144779606504258, 17.01798743300968653, 2.500000000000001332 ) ) ;
#3650 = DIRECTION ( 'NONE',  ( -0.000000000000000000, -0.000000000000000000, 1.000000000000000000 ) ) ;
#3651 = EDGE_LOOP ( 'NONE', ( #480, #3525, #1661, #2887 ) ) ;
#3652 = FACE_OUTER_BOUND ( 'NONE', #4781, .T. ) ;
#3653 = DIRECTION ( 'NONE',  ( 1.000000000000000000, -0.000000000000000000, -0.000000000000000000 ) ) ;
#3654 = VERTEX_POINT ( 'NONE', #1050 ) ;
#3655 =( NAMED_UNIT ( * ) SI_UNIT ( $, .STERADIAN. ) SOLID_ANGLE_UNIT ( ) );
#3656 = VERTEX_POINT ( 'NONE', #4403 ) ;
#3657 = CARTESIAN_POINT ( 'NONE',  ( -23.99999999999999645, 6.000000000000000000, 0.000000000000000000 ) ) ;
#3658 = VECTOR ( 'NONE', #5387, 1000.000000000000114 ) ;
#3659 = FACE_OUTER_BOUND ( 'NONE', #88, .T. ) ;
#3660 = VECTOR ( 'NONE', #272, 1000.000000000000000 ) ;
#3661 = ORIENTED_EDGE ( 'NONE', *, *, #2061, .T. ) ;
#3662 = CARTESIAN_POINT ( 'NONE',  ( 17.71144779606504827, 17.01798743300968653, 2.500000000000000888 ) ) ;
#3663 = CARTESIAN_POINT ( 'NONE',  ( 32.00000000000000000, -6.000000000000000000, 14.49999999999999822 ) ) ;
#3664 = ORIENTED_EDGE ( 'NONE', *, *, #4816, .F. ) ;
#3665 = CIRCLE ( 'NONE', #3915, 1.000000000000000000 ) ;
#3666 = DIRECTION ( 'NONE',  ( 1.000000000000000000, 0.000000000000000000, 0.000000000000000000 ) ) ;
#3667 = ORIENTED_EDGE ( 'NONE', *, *, #4845, .F. ) ;
#3668 = CARTESIAN_POINT ( 'NONE',  ( -20.99999999999999289, 5.999999999999998224, 15.50000000000000000 ) ) ;
#3669 = CYLINDRICAL_SURFACE ( 'NONE', #638, 1.000000000000000888 ) ;
#3670 = CARTESIAN_POINT ( 'NONE',  ( 21.39276988155107873, -5.130923293851640032, 15.49999999999999822 ) ) ;
#3671 = EDGE_CURVE ( 'NONE', #594, #2603, #2393, .T. ) ;
#3672 = ORIENTED_EDGE ( 'NONE', *, *, #4199, .F. ) ;
#3673 = VERTEX_POINT ( 'NONE', #2648 ) ;
#3674 = CARTESIAN_POINT ( 'NONE',  ( -20.99999999999998934, -20.99999999999998934, 1.000000000000000000 ) ) ;
#3675 = EDGE_CURVE ( 'NONE', #48, #5, #4735, .T. ) ;
#3676 = DIRECTION ( 'NONE',  ( -1.000000000000000000, 1.224646799147353454E-16, 0.000000000000000000 ) ) ;
#3677 = CARTESIAN_POINT ( 'NONE',  ( -23.69649888251218073, 5.898832960837340877, 14.94315120539127939 ) ) ;
#3678 = ORIENTED_EDGE ( 'NONE', *, *, #1081, .T. ) ;
#3679 = FACE_OUTER_BOUND ( 'NONE', #3861, .T. ) ;
#3680 = ORIENTED_EDGE ( 'NONE', *, *, #4222, .T. ) ;
#3681 = CIRCLE ( 'NONE', #4636, 10.50000000000000533 ) ;
#3682 = CARTESIAN_POINT ( 'NONE',  ( -20.99999999999998934, -20.99999999999998934, 15.50000000000000000 ) ) ;
#3683 = VERTEX_POINT ( 'NONE', #2330 ) ;
#3684 = LINE ( 'NONE', #1185, #4449 ) ;
#3685 = ORIENTED_EDGE ( 'NONE', *, *, #1562, .T. ) ;
#3686 = CARTESIAN_POINT ( 'NONE',  ( 17.06144779606504258, 17.01798743300968653, 2.000000000000000888 ) ) ;
#3687 = AXIS2_PLACEMENT_3D ( 'NONE', #5236, #3182, #226 ) ;
#3688 = CARTESIAN_POINT ( 'NONE',  ( 15.53461559754601495, -13.96003667199245868, 14.49999999999999822 ) ) ;
#3689 = DIRECTION ( 'NONE',  ( -1.577021341797097807E-16, 1.000000000000000000, -0.000000000000000000 ) ) ;
#3690 = CARTESIAN_POINT ( 'NONE',  ( 21.44315120576377609, -6.329453617291628476, 15.39883296068304652 ) ) ;
#3691 = ADVANCED_FACE ( 'NONE', ( #4794 ), #1489, .T. ) ;
#3692 = ORIENTED_EDGE ( 'NONE', *, *, #2185, .T. ) ;
#3693 = TOROIDAL_SURFACE ( 'NONE', #3873, 2.400000000000001243, 1.000000000000000000 ) ;
#3694 = EDGE_LOOP ( 'NONE', ( #2386, #5398, #3719, #2578 ) ) ;
#3695 = DIRECTION ( 'NONE',  ( -1.577021341797097807E-16, 1.000000000000000000, 0.000000000000000000 ) ) ;
#3696 = EDGE_CURVE ( 'NONE', #1656, #317, #1731, .T. ) ;
#3697 = AXIS2_PLACEMENT_3D ( 'NONE', #4790, #3164, #4311 ) ;
#3698 = DIRECTION ( 'NONE',  ( -1.000000000000000000, -7.885106708985489034E-17, 0.000000000000000000 ) ) ;
#3699 = AXIS2_PLACEMENT_3D ( 'NONE', #587, #5238, #1472 ) ;
#3700 = CARTESIAN_POINT ( 'NONE',  ( -21.99355391189279274, 7.980661735678249435, 14.63089807666821685 ) ) ;
#3701 = EDGE_CURVE ( 'NONE', #3136, #3377, #1313, .T. ) ;
#3702 = VERTEX_POINT ( 'NONE', #3464 ) ;
#3703 = AXIS2_PLACEMENT_3D ( 'NONE', #5094, #4279, #3874 ) ;
#3704 = ORIENTED_EDGE ( 'NONE', *, *, #3607, .T. ) ;
#3705 = VECTOR ( 'NONE', #1814, 1000.000000000000000 ) ;
#3706 = DIRECTION ( 'NONE',  ( 1.000000000000000000, 0.000000000000000000, 0.000000000000000000 ) ) ;
#3707 = ORIENTED_EDGE ( 'NONE', *, *, #2892, .F. ) ;
#3708 = CARTESIAN_POINT ( 'NONE',  ( 16.03461559754572363, 14.03996332800754132, 9.000000000000001776 ) ) ;
#3709 = VERTEX_POINT ( 'NONE', #544 ) ;
#3710 = ORIENTED_EDGE ( 'NONE', *, *, #3106, .T. ) ;
#3711 = AXIS2_PLACEMENT_3D ( 'NONE', #5271, #3632, #4364 ) ;
#3712 = AXIS2_PLACEMENT_3D ( 'NONE', #5304, #1965, #3227 ) ;
#3713 = DIRECTION ( 'NONE',  ( 0.000000000000000000, 0.000000000000000000, -1.000000000000000000 ) ) ;
#3714 = AXIS2_PLACEMENT_3D ( 'NONE', #3561, #2341, #2803 ) ;
#3715 = CIRCLE ( 'NONE', #1338, 1.000000000000000888 ) ;
#3716 = DIRECTION ( 'NONE',  ( -0.2087993391107792196, 0.9779585042254614891, 0.000000000000000000 ) ) ;
#3717 = LINE ( 'NONE', #1234, #4215 ) ;
#3718 = DIRECTION ( 'NONE',  ( 7.885106708985489034E-17, -1.000000000000000000, 0.000000000000000000 ) ) ;
#3719 = ORIENTED_EDGE ( 'NONE', *, *, #1990, .T. ) ;
#3720 = FACE_OUTER_BOUND ( 'NONE', #1488, .T. ) ;
#3721 = EDGE_CURVE ( 'NONE', #4390, #3180, #793, .T. ) ;
#3722 = DIRECTION ( 'NONE',  ( 1.000000000000000000, 0.000000000000000000, 0.000000000000000000 ) ) ;
#3723 = DIRECTION ( 'NONE',  ( 0.000000000000000000, -0.000000000000000000, -1.000000000000000000 ) ) ;
#3724 = VERTEX_POINT ( 'NONE', #1883 ) ;
#3725 = ORIENTED_EDGE ( 'NONE', *, *, #4995, .F. ) ;
#3726 = AXIS2_PLACEMENT_3D ( 'NONE', #4646, #458, #3957 ) ;
#3727 = CARTESIAN_POINT ( 'NONE',  ( 20.99999999999999645, 21.00000000000000355, 8.500000000000000000 ) ) ;
#3728 = CARTESIAN_POINT ( 'NONE',  ( 24.00000000000000000, 8.000000000000000000, 0.000000000000000000 ) ) ;
#3729 = ORIENTED_EDGE ( 'NONE', *, *, #1587, .T. ) ;
#3731 = AXIS2_PLACEMENT_3D ( 'NONE', #1662, #2605, #833 ) ;
#3730 = CARTESIAN_POINT ( 'NONE',  ( -19.99999999999998934, 20.00000000000000355, 4.000000000000000888 ) ) ;
#3732 = CARTESIAN_POINT ( 'NONE',  ( 15.41144779606504045, 17.01798743300968653, 8.000000000000000000 ) ) ;
#3733 = ORIENTED_EDGE ( 'NONE', *, *, #5087, .T. ) ;
#3734 = ADVANCED_FACE ( 'NONE', ( #3171 ), #1825, .T. ) ;
#3735 = CIRCLE ( 'NONE', #1269, 1.000000000000000000 ) ;
#3736 = EDGE_CURVE ( 'NONE', #3590, #4687, #3340, .T. ) ;
#3737 = CIRCLE ( 'NONE', #5229, 1.400000000000000133 ) ;
#3738 = DIRECTION ( 'NONE',  ( 1.000000000000000000, 0.000000000000000000, 0.000000000000000000 ) ) ;
#3739 = CIRCLE ( 'NONE', #3375, 1.400000000000000133 ) ;
#3740 = CIRCLE ( 'NONE', #5323, 0.5000000000000004441 ) ;
#3741 = CARTESIAN_POINT ( 'NONE',  ( 14.13461559754601460, -13.96003667199245868, 15.50000000000000000 ) ) ;
#3742 = CARTESIAN_POINT ( 'NONE',  ( 23.38532287828844858, 5.795107626096097420, 0.3900102088818639401 ) ) ;
#3743 = CARTESIAN_POINT ( 'NONE',  ( -32.00000000000000000, -4.000000000000000000, 0.000000000000000000 ) ) ;
#3744 = FACE_OUTER_BOUND ( 'NONE', #4043, .T. ) ;
#3745 = VECTOR ( 'NONE', #2263, 1000.000000000000000 ) ;
#3746 = ORIENTED_EDGE ( 'NONE', *, *, #3239, .F. ) ;
#3747 = CARTESIAN_POINT ( 'NONE',  ( -21.96801664891365391, -7.904049946740958177, 14.75928256736403554 ) ) ;
#3748 = CARTESIAN_POINT ( 'NONE',  ( 22.75735931288071257, 5.585786437626905965, 1.092332116235429474E-16 ) ) ;
#3749 = CARTESIAN_POINT ( 'NONE',  ( 2.162646365479769184, 16.31225711202542783, 8.000000000000000000 ) ) ;
#3750 = ORIENTED_EDGE ( 'NONE', *, *, #2469, .F. ) ;
#3751 = ORIENTED_EDGE ( 'NONE', *, *, #4003, .F. ) ;
#3752 = DIRECTION ( 'NONE',  ( 0.000000000000000000, 0.000000000000000000, 1.000000000000000000 ) ) ;
#3753 = CARTESIAN_POINT ( 'NONE',  ( 3.014053089089216098, 14.80421297820582716, 8.000000000000000000 ) ) ;
#3754 = CARTESIAN_POINT ( 'NONE',  ( -14.59276522994685976, 3.082366557924544725, 8.000000000000000000 ) ) ;
#3755 = ADVANCED_FACE ( 'NONE', ( #2764 ), #4434, .F. ) ;
#3756 = VERTEX_POINT ( 'NONE', #4766 ) ;
#3758 = CIRCLE ( 'NONE', #2809, 1.000000000000000888 ) ;
#3757 = LINE ( 'NONE', #768, #4004 ) ;
#3759 = VERTEX_POINT ( 'NONE', #1791 ) ;
#3760 = EDGE_CURVE ( 'NONE', #1596, #831, #3226, .T. ) ;
#3761 = CARTESIAN_POINT ( 'NONE',  ( -22.12560186952686792, 6.125601869526872356, 1.211977651904142750 ) ) ;
#3762 = EDGE_CURVE ( 'NONE', #2880, #2421, #3521, .T. ) ;
#3763 = DIRECTION ( 'NONE',  ( -1.000000000000000000, -0.000000000000000000, 0.000000000000000000 ) ) ;
#3764 = CARTESIAN_POINT ( 'NONE',  ( 22.08421465096714087, 6.084214650967314064, 1.202681265156431145 ) ) ;
#3765 = DIRECTION ( 'NONE',  ( -7.885106708985489034E-17, 1.000000000000000000, -0.000000000000000000 ) ) ;
#3766 = CARTESIAN_POINT ( 'NONE',  ( 34.00000000000000000, -6.000000000000000000, 0.000000000000000000 ) ) ;
#3767 = AXIS2_PLACEMENT_3D ( 'NONE', #4075, #4146, #372 ) ;
#3768 = VECTOR ( 'NONE', #2741, 1000.000000000000227 ) ;
#3769 = VERTEX_POINT ( 'NONE', #2373 ) ;
#3770 = CARTESIAN_POINT ( 'NONE',  ( -23.84677831255578795, -5.948926104185246366, 14.82221565933885898 ) ) ;
#3771 = CARTESIAN_POINT ( 'NONE',  ( 22.12560186952649488, -6.125601869526487775, 1.211977651904682318 ) ) ;
#3772 = AXIS2_PLACEMENT_3D ( 'NONE', #3579, #5253, #1435 ) ;
#3773 = DIRECTION ( 'NONE',  ( 0.000000000000000000, 0.000000000000000000, -1.000000000000000000 ) ) ;
#3774 = ORIENTED_EDGE ( 'NONE', *, *, #3030, .T. ) ;
#3775 = ORIENTED_EDGE ( 'NONE', *, *, #235, .T. ) ;
#3776 = DIRECTION ( 'NONE',  ( -1.000000000000000000, 0.000000000000000000, 0.000000000000000000 ) ) ;
#3777 = CARTESIAN_POINT ( 'NONE',  ( 34.00000000000000000, 5.000000000000000000, 0.000000000000000000 ) ) ;
#3778 = VECTOR ( 'NONE', #3225, 1000.000000000000000 ) ;
#3779 = AXIS2_PLACEMENT_3D ( 'NONE', #3792, #2968, #1363 ) ;
#3780 = DIRECTION ( 'NONE',  ( 0.000000000000000000, -1.000000000000000000, 0.000000000000000000 ) ) ;
#3781 = CIRCLE ( 'NONE', #2126, 2.400000000000001243 ) ;
#3782 = EDGE_LOOP ( 'NONE', ( #4010, #2554, #5299, #2403 ) ) ;
#3783 = CARTESIAN_POINT ( 'NONE',  ( 32.00000000000000000, -4.000000000000000000, 14.49999999999999822 ) ) ;
#3784 = ORIENTED_EDGE ( 'NONE', *, *, #2688, .T. ) ;
#3785 = EDGE_CURVE ( 'NONE', #2429, #3815, #1520, .T. ) ;
#3786 = AXIS2_PLACEMENT_3D ( 'NONE', #2351, #595, #3951 ) ;
#3787 = EDGE_CURVE ( 'NONE', #4941, #4168, #2313, .T. ) ;
#3788 = CARTESIAN_POINT ( 'NONE',  ( -19.99999999999998934, 20.00000000000000355, 8.500000000000000000 ) ) ;
#3789 = ORIENTED_EDGE ( 'NONE', *, *, #4195, .T. ) ;
#3791 = DIRECTION ( 'NONE',  ( 0.000000000000000000, -0.000000000000000000, -1.000000000000000000 ) ) ;
#3790 = AXIS2_PLACEMENT_3D ( 'NONE', #4423, #206, #3540 ) ;
#3792 = CARTESIAN_POINT ( 'NONE',  ( -11.96538440245427815, 14.03996332800754132, 9.000000000000001776 ) ) ;
#3793 = ADVANCED_FACE ( 'NONE', ( #1871 ), #4853, .T. ) ;
#3794 = DIRECTION ( 'NONE',  ( 0.000000000000000000, 1.000000000000000000, -0.000000000000000000 ) ) ;
#3795 = VECTOR ( 'NONE', #4532, 1000.000000000000000 ) ;
#3796 = FACE_OUTER_BOUND ( 'NONE', #1246, .T. ) ;
#3797 = EDGE_CURVE ( 'NONE', #2057, #4964, #3159, .T. ) ;
#3798 = AXIS2_PLACEMENT_3D ( 'NONE', #3503, #2774, #2365 ) ;
#3799 = AXIS2_PLACEMENT_3D ( 'NONE', #4767, #3882, #1850 ) ;
#3800 = PLANE ( 'NONE',  #3932 ) ;
#3801 = ORIENTED_EDGE ( 'NONE', *, *, #3272, .T. ) ;
#3802 = EDGE_CURVE ( 'NONE', #199, #5351, #4, .T. ) ;
#3803 = FACE_OUTER_BOUND ( 'NONE', #4190, .T. ) ;
#3804 = EDGE_CURVE ( 'NONE', #5365, #1009, #4041, .T. ) ;
#3805 = CARTESIAN_POINT ( 'NONE',  ( -20.99999999999999645, 22.00000000000000711, 14.49999999999999822 ) ) ;
#3806 = DIRECTION ( 'NONE',  ( 1.000000000000000000, 0.000000000000000000, 0.000000000000000000 ) ) ;
#3807 = EDGE_LOOP ( 'NONE', ( #2007, #2507, #4514, #3628 ) ) ;
#3808 = ORIENTED_EDGE ( 'NONE', *, *, #4928, .T. ) ;
#3809 =( BOUNDED_CURVE ( )  B_SPLINE_CURVE ( 3, ( #299, #692, #2822, #2383 ),
 .UNSPECIFIED., .F., .T. ) 
 B_SPLINE_CURVE_WITH_KNOTS ( ( 4, 4 ),
 ( 3.141592653589793116, 4.712388980384689674 ),
 .UNSPECIFIED. ) 
 CURVE ( )  GEOMETRIC_REPRESENTATION_ITEM ( )  RATIONAL_B_SPLINE_CURVE ( ( 1.000000000000000000, 0.8047378541243649375, 0.8047378541243649375, 1.000000000000000000 ) ) 
 REPRESENTATION_ITEM ( '' )  );
#3810 = DIRECTION ( 'NONE',  ( 0.000000000000000000, -1.000000000000000000, 0.000000000000000000 ) ) ;
#3811 = CARTESIAN_POINT ( 'NONE',  ( 17.06144779606469086, -16.98201256699031703, 2.000000000000000888 ) ) ;
#3812 = CARTESIAN_POINT ( 'NONE',  ( 14.88960062451318400, 2.969601820740103371, 8.000000000000000000 ) ) ;
#3813 = ORIENTED_EDGE ( 'NONE', *, *, #5410, .T. ) ;
#3814 = CARTESIAN_POINT ( 'NONE',  ( 14.88345475458223000, -2.983148046871886727, 8.500000000000000000 ) ) ;
#3815 = VERTEX_POINT ( 'NONE', #2347 ) ;
#3816 = CARTESIAN_POINT ( 'NONE',  ( 20.99999999999999645, -4.999999999999993783, 4.336808689942017736E-16 ) ) ;
#3817 = CARTESIAN_POINT ( 'NONE',  ( -21.99999999999999289, -20.99999999999998934, 14.49999999999999822 ) ) ;
#3818 = VECTOR ( 'NONE', #1659, 1000.000000000000000 ) ;
#3819 = ORIENTED_EDGE ( 'NONE', *, *, #18, .F. ) ;
#3820 = DIRECTION ( 'NONE',  ( -0.000000000000000000, 0.000000000000000000, -1.000000000000000000 ) ) ;
#3821 = CARTESIAN_POINT ( 'NONE',  ( 21.26183884622362541, 5.261838846226760680, 2.413191403726156884E-13 ) ) ;
#3822 = FACE_OUTER_BOUND ( 'NONE', #5395, .T. ) ;
#3823 = VERTEX_POINT ( 'NONE', #1932 ) ;
#3824 = CARTESIAN_POINT ( 'NONE',  ( -24.88395306043829436, 0.000000000000000000, 15.50000000000000000 ) ) ;
#3825 = TOROIDAL_SURFACE ( 'NONE', #4615, 3.200000000000001954, 1.000000000000000000 ) ;
#3826 = EDGE_CURVE ( 'NONE', #2135, #147, #2698, .T. ) ;
#3827 = AXIS2_PLACEMENT_3D ( 'NONE', #4824, #2740, #2712 ) ;
#3828 = EDGE_CURVE ( 'NONE', #3093, #24, #5245, .T. ) ;
#3829 = FACE_OUTER_BOUND ( 'NONE', #5267, .T. ) ;
#3830 = EDGE_LOOP ( 'NONE', ( #3672, #260, #5017, #818 ) ) ;
#3831 = CARTESIAN_POINT ( 'NONE',  ( -21.99999999999999645, -5.999999999999996447, 14.49999999999999822 ) ) ;
#3832 = CARTESIAN_POINT ( 'NONE',  ( -20.99999999999998934, 21.00000000000000355, 0.000000000000000000 ) ) ;
#3833 = EDGE_CURVE ( 'NONE', #2869, #2201, #3098, .T. ) ;
#3834 = PLANE ( 'NONE',  #5126 ) ;
#3835 = ORIENTED_EDGE ( 'NONE', *, *, #123, .F. ) ;
#3836 = VERTEX_POINT ( 'NONE', #1039 ) ;
#3837 = ADVANCED_FACE ( 'NONE', ( #3659 ), #2663, .F. ) ;
#3838 = DIRECTION ( 'NONE',  ( -0.000000000000000000, -1.000000000000000000, -0.000000000000000000 ) ) ;
#3839 = FILL_AREA_STYLE ('',( #3363 ) ) ;
#3840 = CARTESIAN_POINT ( 'NONE',  ( 20.99999999999999645, 21.00000000000000355, 14.49999999999999822 ) ) ;
#3841 = DIRECTION ( 'NONE',  ( -1.000000000000000000, 0.000000000000000000, 0.000000000000000000 ) ) ;
#3842 = VERTEX_POINT ( 'NONE', #1509 ) ;
#3843 = DIRECTION ( 'NONE',  ( 0.000000000000000000, -1.000000000000000000, 0.000000000000000000 ) ) ;
#3844 = ORIENTED_EDGE ( 'NONE', *, *, #4369, .T. ) ;
#3845 = CARTESIAN_POINT ( 'NONE',  ( -22.00000000000000000, 22.00000000000000711, 1.000000000000000000 ) ) ;
#3846 = DIRECTION ( 'NONE',  ( -1.577021341797097807E-16, 1.000000000000000000, 0.000000000000000000 ) ) ;
#3847 = VERTEX_POINT ( 'NONE', #3191 ) ;
#3848 = CIRCLE ( 'NONE', #1477, 10.49999999999999645 ) ;
#3849 = CARTESIAN_POINT ( 'NONE',  ( 20.99999999999999645, 21.00000000000000355, 1.000000000000000000 ) ) ;
#3850 = CARTESIAN_POINT ( 'NONE',  ( 21.13092329384840795, 5.392769881552209377, 2.237708933146058468E-16 ) ) ;
#3851 = FACE_OUTER_BOUND ( 'NONE', #4242, .T. ) ;
#3852 = CARTESIAN_POINT ( 'NONE',  ( -15.26538440245427886, 14.03996332800754132, 9.000000000000001776 ) ) ;
#3853 = CARTESIAN_POINT ( 'NONE',  ( 0.000000000000000000, 5.000000000000000000, 14.49999999999999822 ) ) ;
#3854 = VERTEX_POINT ( 'NONE', #4862 ) ;
#3855 = CARTESIAN_POINT ( 'NONE',  ( -23.26016043366308494, -5.753386811221029795, 15.16082675115206158 ) ) ;
#3856 = EDGE_CURVE ( 'NONE', #5351, #334, #989, .T. ) ;
#3857 = CARTESIAN_POINT ( 'NONE',  ( 22.00000000000000355, -7.999999999999998224, 1.000000000000000222 ) ) ;
#3858 = VECTOR ( 'NONE', #2744, 1000.000000000000000 ) ;
#3859 = EDGE_CURVE ( 'NONE', #4390, #4302, #5098, .T. ) ;
#3860 = DIRECTION ( 'NONE',  ( -0.000000000000000000, -0.000000000000000000, 1.000000000000000000 ) ) ;
#3861 = EDGE_LOOP ( 'NONE', ( #3370, #1168, #1367, #3443 ) ) ;
#3862 = EDGE_LOOP ( 'NONE', ( #4587, #3055, #5447, #3889 ) ) ;
#3863 = CARTESIAN_POINT ( 'NONE',  ( 0.000000000000000000, 0.000000000000000000, 9.000000000000001776 ) ) ;
#3864 = DIRECTION ( 'NONE',  ( -0.000000000000000000, 0.000000000000000000, 1.000000000000000000 ) ) ;
#3865 = EDGE_CURVE ( 'NONE', #4938, #467, #362, .T. ) ;
#3866 = CARTESIAN_POINT ( 'NONE',  ( 18.21144779606469299, -16.98201256699031703, 8.000000000000000000 ) ) ;
#3867 = DIRECTION ( 'NONE',  ( 1.000000000000000000, 0.000000000000000000, 0.000000000000000000 ) ) ;
#3868 = EDGE_CURVE ( 'NONE', #1780, #467, #538, .T. ) ;
#3869 = DIRECTION ( 'NONE',  ( -1.000000000000000000, 0.000000000000000000, -0.000000000000000000 ) ) ;
#3870 = EDGE_LOOP ( 'NONE', ( #4270, #4771, #1666, #3451, #4089 ) ) ;
#3871 = DIRECTION ( 'NONE',  ( 0.000000000000000000, 1.000000000000000000, -0.000000000000000000 ) ) ;
#3872 = VERTEX_POINT ( 'NONE', #621 ) ;
#3873 = AXIS2_PLACEMENT_3D ( 'NONE', #1891, #1947, #2742 ) ;
#3874 = DIRECTION ( 'NONE',  ( -1.000000000000000000, 0.000000000000000000, -0.000000000000000000 ) ) ;
#3875 = DIRECTION ( 'NONE',  ( 1.224646799147353207E-16, 1.000000000000000000, 0.000000000000000000 ) ) ;
#3876 = ORIENTED_EDGE ( 'NONE', *, *, #4097, .F. ) ;
#3877 = CARTESIAN_POINT ( 'NONE',  ( -21.39276988155132386, -5.130923293851002320, 1.750213087937301771E-16 ) ) ;
#3878 = VECTOR ( 'NONE', #4555, 1000.000000000000000 ) ;
#3879 = CLOSED_SHELL ( 'NONE', ( #2503, #4659, #5368, #2465, #3837, #4663, #1678, #2374, #4975, #4776, #4770, #1667, #4609, #676, #5244, #514, #1955, #3893, #2094, #774, #4489, #4903, #5152, #3567, #4520, #3293, #1437, #1266, #4234, #3641, #4743, #1996, #2624, #2928, #810, #1137, #4871, #1824, #4377, #702, #4968, #3973, #4739, #2498, #1969, #559, #1174, #4786, #4950, #3755, #4472, #1214, #2844, #1811, #1710, #4638, #3158, #826, #3734, #1735, #459, #4267, #1931, #350, #5135, #3199, #303, #1151, #1847, #2435, #4842, #2961, #5031, #1307, #4992, #3298, #645, #2731, #516, #2031, #2052, #5402, #2596, #3056, #1706, #3414, #1243, #4182, #2461, #1232, #5239, #5036, #5235, #292, #3454, #533, #1549, #4733, #875, #2229, #3691, #1333, #1743, #4023, #359, #1381, #2900, #5380, #182, #355, #3347, #144, #1149, #2271, #3168, #3248, #2618, #4597, #2495, #5122, #600, #2259, #1047, #1651, #2404, #2700, #43, #3329, #1309, #326, #1519, #4911, #5170, #2733, #3493, #1579, #2522, #942, #4263, #157, #382, #2000, #1852, #5308, #1624, #3904, #3793, #2652, #3995, #748, #2088, #461, #4594, #980, #3092, #75, #2249, #2371, #3133, #2133, #3600, #2932, #485, #463, #602, #2019, #4067, #4336, #4711, #4030, #414, #2156, #1923, #1277, #2534, #3243, #3422, #4808, #2300, #2704, #1783, #869, #3449, #5310, #4232, #3264, #2837, #4039 ) ) ;
#3880 = CARTESIAN_POINT ( 'NONE',  ( 21.79510762609605123, 7.385322878288382853, 15.10998979111820617 ) ) ;
#3881 = DIRECTION ( 'NONE',  ( 0.000000000000000000, -1.000000000000000000, 0.000000000000000000 ) ) ;
#3882 = DIRECTION ( 'NONE',  ( 0.000000000000000000, -0.000000000000000000, 1.000000000000000000 ) ) ;
#3883 = AXIS2_PLACEMENT_3D ( 'NONE', #3728, #2452, #4586 ) ;
#3884 = AXIS2_PLACEMENT_3D ( 'NONE', #2380, #3285, #3644 ) ;
#3885 = CARTESIAN_POINT ( 'NONE',  ( 23.99999999999897682, -5.999999999999998224, 0.9345494114605109592 ) ) ;
#3886 = CARTESIAN_POINT ( 'NONE',  ( 19.50000000000000000, -17.59059017604142028, 4.000000000000000888 ) ) ;
#3887 = ORIENTED_EDGE ( 'NONE', *, *, #283, .T. ) ;
#3888 = ORIENTED_EDGE ( 'NONE', *, *, #155, .T. ) ;
#3889 = ORIENTED_EDGE ( 'NONE', *, *, #1339, .F. ) ;
#3890 = LINE ( 'NONE', #643, #960 ) ;
#3891 = EDGE_CURVE ( 'NONE', #3872, #1785, #4902, .T. ) ;
#3892 = DIRECTION ( 'NONE',  ( 1.577021341797097807E-16, -1.000000000000000000, 0.000000000000000000 ) ) ;
#3893 = ADVANCED_FACE ( 'NONE', ( #1902 ), #4675, .T. ) ;
#3894 = DIRECTION ( 'NONE',  ( 0.000000000000000000, 1.000000000000000000, -0.000000000000000000 ) ) ;
#3895 = ORIENTED_EDGE ( 'NONE', *, *, #3899, .F. ) ;
#3896 = DIRECTION ( 'NONE',  ( 0.000000000000000000, 0.000000000000000000, -1.000000000000000000 ) ) ;
#3897 = ORIENTED_EDGE ( 'NONE', *, *, #4369, .F. ) ;
#3898 = DIRECTION ( 'NONE',  ( -1.000000000000000000, 0.000000000000000000, 0.000000000000000000 ) ) ;
#3899 = EDGE_CURVE ( 'NONE', #4210, #2334, #3279, .T. ) ;
#3900 = CARTESIAN_POINT ( 'NONE',  ( 17.06144779606469086, -16.98201256699031703, 8.000000000000000000 ) ) ;
#3901 = ORIENTED_EDGE ( 'NONE', *, *, #3527, .F. ) ;
#3902 = CARTESIAN_POINT ( 'NONE',  ( 22.00000000000000000, 21.00000000000000355, 8.500000000000000000 ) ) ;
#3903 = CIRCLE ( 'NONE', #1426, 1.000000000000000000 ) ;
#3904 = ADVANCED_FACE ( 'NONE', ( #336 ), #5379, .T. ) ;
#3905 = FACE_OUTER_BOUND ( 'NONE', #1768, .T. ) ;
#3906 = DIRECTION ( 'NONE',  ( -1.000000000000000000, 0.000000000000000000, 0.000000000000000000 ) ) ;
#3907 = CARTESIAN_POINT ( 'NONE',  ( -22.00000000000000000, 22.00000000000000711, 14.49999999999999822 ) ) ;
#3908 = DIRECTION ( 'NONE',  ( 1.000000000000000000, 0.000000000000000000, 0.000000000000000000 ) ) ;
#3909 = CARTESIAN_POINT ( 'NONE',  ( 20.99999999999999645, 5.000000000000000000, 0.000000000000000000 ) ) ;
#3910 = AXIS2_PLACEMENT_3D ( 'NONE', #3662, #5328, #1570 ) ;
#3911 = DIRECTION ( 'NONE',  ( -0.000000000000000000, 0.000000000000000000, 1.000000000000000000 ) ) ;
#3912 = ORIENTED_EDGE ( 'NONE', *, *, #1037, .F. ) ;
#3913 = VERTEX_POINT ( 'NONE', #4970 ) ;
#3914 = DIRECTION ( 'NONE',  ( 1.000000000000000000, 0.000000000000000000, 0.000000000000000000 ) ) ;
#3915 = AXIS2_PLACEMENT_3D ( 'NONE', #4569, #4021, #2016 ) ;
#3916 = CARTESIAN_POINT ( 'NONE',  ( -20.99999999999999289, -3.311744817773904704E-15, 14.49999999999999822 ) ) ;
#3917 = DIRECTION ( 'NONE',  ( 1.000000000000000000, 0.000000000000000000, 0.000000000000000000 ) ) ;
#3918 = DIRECTION ( 'NONE',  ( -1.000000000000000000, 0.000000000000000000, 0.000000000000000000 ) ) ;
#3919 = CYLINDRICAL_SURFACE ( 'NONE', #2211, 1.000000000000000888 ) ;
#3920 = VERTEX_POINT ( 'NONE', #3682 ) ;
#3921 = EDGE_LOOP ( 'NONE', ( #4197, #3032, #4368, #979 ) ) ;
#3922 = EDGE_CURVE ( 'NONE', #1751, #327, #632, .T. ) ;
#3923 = DIRECTION ( 'NONE',  ( -0.000000000000000000, 0.000000000000000000, 1.000000000000000000 ) ) ;
#3924 = ORIENTED_EDGE ( 'NONE', *, *, #4566, .F. ) ;
#3925 = CARTESIAN_POINT ( 'NONE',  ( 2.283373485651019053, -15.79405589854077796, 8.000000000000000000 ) ) ;
#3926 = EDGE_LOOP ( 'NONE', ( #1615, #4056, #2863, #4722 ) ) ;
#3927 = CARTESIAN_POINT ( 'NONE',  ( -22.50345202424071900, -5.501150674746876135, 0.1321684013746168562 ) ) ;
#3928 = CARTESIAN_POINT ( 'NONE',  ( 23.84677831255579861, 5.948926104185249031, 14.82221565933885898 ) ) ;
#3929 = CARTESIAN_POINT ( 'NONE',  ( 0.000000000000000000, 0.000000000000000000, 14.49999999999999822 ) ) ;
#3930 = EDGE_CURVE ( 'NONE', #304, #1656, #2865, .T. ) ;
#3931 = EDGE_CURVE ( 'NONE', #4481, #3759, #1152, .T. ) ;
#3932 = AXIS2_PLACEMENT_3D ( 'NONE', #2209, #1761, #1790 ) ;
#3933 = CARTESIAN_POINT ( 'NONE',  ( 18.99823902903365891, 19.79289321881345387, 4.000000000000000888 ) ) ;
#3934 = DIRECTION ( 'NONE',  ( -0.000000000000000000, -0.000000000000000000, -1.000000000000000000 ) ) ;
#3935 = DIRECTION ( 'NONE',  ( -0.9804987858825853220, 0.1965251405870916401, 0.000000000000000000 ) ) ;
#3936 = ORIENTED_EDGE ( 'NONE', *, *, #5305, .F. ) ;
#3937 = EDGE_LOOP ( 'NONE', ( #3725, #5248, #4836, #1526 ) ) ;
#3939 = DIRECTION ( 'NONE',  ( -7.885106708985489034E-17, 1.000000000000000000, 0.000000000000000000 ) ) ;
#3938 = DIRECTION ( 'NONE',  ( -0.000000000000000000, 0.000000000000000000, 1.000000000000000000 ) ) ;
#3940 = DIRECTION ( 'NONE',  ( -1.000000000000000000, 0.000000000000000000, 0.000000000000000000 ) ) ;
#3941 = CARTESIAN_POINT ( 'NONE',  ( 18.71144779606504471, 17.01798743300968653, 8.000000000000000000 ) ) ;
#3942 = CIRCLE ( 'NONE', #1308, 1.000000000000000888 ) ;
#3943 = CARTESIAN_POINT ( 'NONE',  ( 22.75735931288071612, 5.585786437626905077, 15.49999999999999822 ) ) ;
#3944 = CARTESIAN_POINT ( 'NONE',  ( -16.93855220393531269, -16.98201256699031703, 8.000000000000000000 ) ) ;
#3945 = ORIENTED_EDGE ( 'NONE', *, *, #2557, .F. ) ;
#3946 = CARTESIAN_POINT ( 'NONE',  ( -21.99999999999999645, -7.999999999999996447, 0.4142135623730951455 ) ) ;
#3947 = ORIENTED_EDGE ( 'NONE', *, *, #3239, .T. ) ;
#3948 =( BOUNDED_CURVE ( )  B_SPLINE_CURVE ( 3, ( #978, #3076, #3047, #557 ),
 .UNSPECIFIED., .F., .F. ) 
 B_SPLINE_CURVE_WITH_KNOTS ( ( 4, 4 ),
 ( 4.663573067481440404, 4.712388980384689674 ),
 .UNSPECIFIED. ) 
 CURVE ( )  GEOMETRIC_REPRESENTATION_ITEM ( )  RATIONAL_B_SPLINE_CURVE ( ( 1.000000000000000000, 0.9998014270792028313, 0.9998014270792028313, 1.000000000000000000 ) ) 
 REPRESENTATION_ITEM ( '' )  );
#3949 = CARTESIAN_POINT ( 'NONE',  ( -19.99999999999998934, -20.09759305442772259, 3.500002996009259792 ) ) ;
#3950 = EDGE_LOOP ( 'NONE', ( #3835, #2191, #4340, #3506 ) ) ;
#3951 = DIRECTION ( 'NONE',  ( 1.000000000000000000, 0.000000000000000000, 0.000000000000000000 ) ) ;
#3952 = AXIS2_PLACEMENT_3D ( 'NONE', #1030, #2390, #3621 ) ;
#3953 = ADVANCED_BREP_SHAPE_REPRESENTATION ( 'Front Enclosure', ( #3476, #1637 ), #4458 ) ;
#3954 = ORIENTED_EDGE ( 'NONE', *, *, #4191, .T. ) ;
#3955 = DIRECTION ( 'NONE',  ( 0.000000000000000000, 0.000000000000000000, 1.000000000000000000 ) ) ;
#3956 = CARTESIAN_POINT ( 'NONE',  ( 23.69649888251192849, 5.898832960837325778, 14.94315120539131492 ) ) ;
#3957 = DIRECTION ( 'NONE',  ( 1.000000000000000000, 0.000000000000000000, 0.000000000000000000 ) ) ;
#3958 = VECTOR ( 'NONE', #1817, 1000.000000000000000 ) ;
#3959 = EDGE_CURVE ( 'NONE', #3656, #304, #787, .T. ) ;
#3960 = LINE ( 'NONE', #5252, #2339 ) ;
#3961 = AXIS2_PLACEMENT_3D ( 'NONE', #3154, #2717, #1804 ) ;
#3962 = AXIS2_PLACEMENT_3D ( 'NONE', #4671, #3485, #3369 ) ;
#3963 = CARTESIAN_POINT ( 'NONE',  ( -20.99999999999998934, -20.99999999999998934, 14.49999999999999822 ) ) ;
#3964 = CARTESIAN_POINT ( 'NONE',  ( 21.00000000000000000, 0.000000000000000000, 1.000000000000000000 ) ) ;
#3965 = AXIS2_PLACEMENT_3D ( 'NONE', #5155, #1784, #5068 ) ;
#3966 = EDGE_CURVE ( 'NONE', #3823, #594, #4539, .T. ) ;
#3967 = ORIENTED_EDGE ( 'NONE', *, *, #4104, .F. ) ;
#3968 = VERTEX_POINT ( 'NONE', #2888 ) ;
#3970 = DIRECTION ( 'NONE',  ( 0.000000000000000000, 0.000000000000000000, -1.000000000000000000 ) ) ;
#3969 = DIRECTION ( 'NONE',  ( 0.000000000000000000, -0.000000000000000000, 1.000000000000000000 ) ) ;
#3971 = DIRECTION ( 'NONE',  ( -0.000000000000000000, -0.000000000000000000, 1.000000000000000000 ) ) ;
#3972 = VECTOR ( 'NONE', #3220, 1000.000000000000000 ) ;
#3973 = ADVANCED_FACE ( 'NONE', ( #788 ), #2060, .F. ) ;
#3974 = CIRCLE ( 'NONE', #992, 0.5000000000000004441 ) ;
#3975 = FACE_OUTER_BOUND ( 'NONE', #1896, .T. ) ;
#3976 = LINE ( 'NONE', #3153, #3103 ) ;
#3977 = AXIS2_PLACEMENT_3D ( 'NONE', #28, #3075, #2172 ) ;
#3978 = CARTESIAN_POINT ( 'NONE',  ( -28.08395306043829365, 0.000000000000000000, 1.000000000000000000 ) ) ;
#3979 = AXIS2_PLACEMENT_3D ( 'NONE', #604, #3146, #1407 ) ;
#3980 = CARTESIAN_POINT ( 'NONE',  ( -16.18586732693571051, 2.135654740322691758, 4.000000000000000888 ) ) ;
#3981 = VERTEX_POINT ( 'NONE', #2428 ) ;
#3982 = CARTESIAN_POINT ( 'NONE',  ( 20.00000000000000000, 20.00000000000000355, 0.4142135623730949789 ) ) ;
#3983 = EDGE_LOOP ( 'NONE', ( #1899, #4461, #2108, #2481, #47, #1255 ) ) ;
#3984 = FACE_OUTER_BOUND ( 'NONE', #3983, .T. ) ;
#3985 = ORIENTED_EDGE ( 'NONE', *, *, #3330, .T. ) ;
#3986 = CARTESIAN_POINT ( 'NONE',  ( -23.26016043366309560, -5.753386811221018249, 0.3391732488479269891 ) ) ;
#3987 =( BOUNDED_SURFACE ( )  B_SPLINE_SURFACE ( 3, 2, ( 
 ( #2042, #5389, #5000 ),
 ( #4978, #2362, #1627 ),
 ( #3178, #1211, #2389 ),
 ( #2098, #3764, #5025 ),
 ( #2896, #1946, #4593 ),
 ( #4570, #4059, #4174 ),
 ( #849, #2539, #794 ),
 ( #1919, #2069, #3742 ),
 ( #4851, #401, #3210 ),
 ( #4445, #3620, #5291 ),
 ( #673, #5434, #1674 ),
 ( #4028, #3349, #4882 ),
 ( #251, #1116, #1258 ),
 ( #3401, #2153, #5047 ),
 ( #3850, #3821, #4228 ),
 ( #2564, #3428, #5100 ) ),
 .UNSPECIFIED., .F., .F., .F. ) 
 B_SPLINE_SURFACE_WITH_KNOTS ( ( 4, 2, 2, 2, 2, 2, 2, 4 ),
 ( 3, 3 ),
 ( 6.283185307179586232, 6.479534848028948524, 6.675884388878310816, 6.872233929727672219, 7.068583470577034511, 7.264933011426396803, 7.461282552275758206, 7.853981633974482790 ),
 ( 0.000000000000000000, 1.000000000000000000 ),
 .UNSPECIFIED. ) 
 GEOMETRIC_REPRESENTATION_ITEM ( )  RATIONAL_B_SPLINE_SURFACE ( (
 ( 1.000000000000000000, 0.7071067811865475727, 1.000000000000000000),
 ( 1.000000000000000000, 0.7070717276407502139, 1.000000000000000000),
 ( 1.000000000000000000, 0.7117460035099104632, 1.000000000000000000),
 ( 1.000000000000000000, 0.7291288930334071106, 1.000000000000000000),
 ( 1.000000000000000000, 0.7418334192088397172, 1.000000000000000000),
 ( 1.000000000000000000, 0.7723968204883628896, 1.000000000000000000),
 ( 1.000000000000000000, 0.7902180097994969676, 1.000000000000000000),
 ( 1.000000000000000000, 0.8275942684438442054, 1.000000000000000000),
 ( 1.000000000000000000, 0.8471316612622431519, 1.000000000000000000),
 ( 1.000000000000000000, 0.8849191463066324870, 1.000000000000000000),
 ( 1.000000000000000000, 0.9031650999538478608, 1.000000000000000000),
 ( 1.000000000000000000, 0.9360421837325471062, 1.000000000000000000),
 ( 1.000000000000000000, 0.9506740357170694322, 1.000000000000000000),
 ( 1.000000000000000000, 0.9867291882093298661, 1.000000000000000000),
 ( 1.000000000000000000, 1.000158581554896342, 1.000000000000000000),
 ( 1.000000000000000000, 1.000000000000000000, 1.000000000000000000) ) ) 
 REPRESENTATION_ITEM ( '' )  SURFACE ( )  );
#3988 = CARTESIAN_POINT ( 'NONE',  ( 22.21836484238115261, 6.218364842380848856, 14.39140526341799564 ) ) ;
#3989 = DIRECTION ( 'NONE',  ( 0.9792902988571844380, 0.2024611334656768180, 0.000000000000000000 ) ) ;
#3990 = DIRECTION ( 'NONE',  ( 1.000000000000000000, 0.000000000000000000, 0.000000000000000000 ) ) ;
#3991 = ORIENTED_EDGE ( 'NONE', *, *, #5001, .F. ) ;
#3992 = AXIS2_PLACEMENT_3D ( 'NONE', #661, #3517, #242 ) ;
#3993 = LINE ( 'NONE', #5137, #1851 ) ;
#3994 = CARTESIAN_POINT ( 'NONE',  ( -19.49999999999998934, 20.00000000000000355, 4.000000000000000888 ) ) ;
#3995 = ADVANCED_FACE ( 'NONE', ( #2477 ), #4090, .F. ) ;
#3996 = ORIENTED_EDGE ( 'NONE', *, *, #1184, .T. ) ;
#3997 = AXIS2_PLACEMENT_3D ( 'NONE', #2189, #3039, #4714 ) ;
#3998 = ORIENTED_EDGE ( 'NONE', *, *, #740, .F. ) ;
#4000 = CARTESIAN_POINT ( 'NONE',  ( -3.132549332474714454, -14.63478759346246427, 8.000000000000000000 ) ) ;
#3999 = DIRECTION ( 'NONE',  ( -0.000000000000000000, 0.000000000000000000, 1.000000000000000000 ) ) ;
#4001 = LINE ( 'NONE', #4477, #2825 ) ;
#4002 = AXIS2_PLACEMENT_3D ( 'NONE', #1440, #3938, #5143 ) ;
#4003 = EDGE_CURVE ( 'NONE', #2292, #48, #316, .T. ) ;
#4004 = VECTOR ( 'NONE', #4117, 1000.000000000000000 ) ;
#4005 = DIRECTION ( 'NONE',  ( 0.000000000000000000, -0.000000000000000000, 1.000000000000000000 ) ) ;
#4006 = VECTOR ( 'NONE', #4560, 1000.000000000000000 ) ;
#4007 = DIRECTION ( 'NONE',  ( -0.000000000000000000, -1.000000000000000000, -0.000000000000000000 ) ) ;
#4008 = DIRECTION ( 'NONE',  ( 0.000000000000000000, 0.000000000000000000, -1.000000000000000000 ) ) ;
#4009 = EDGE_CURVE ( 'NONE', #207, #4964, #1776, .T. ) ;
#4010 = ORIENTED_EDGE ( 'NONE', *, *, #1897, .F. ) ;
#4011 = LINE ( 'NONE', #231, #2258 ) ;
#4012 = CIRCLE ( 'NONE', #1636, 1.000000000000000000 ) ;
#4013 = ORIENTED_EDGE ( 'NONE', *, *, #772, .F. ) ;
#4014 = CARTESIAN_POINT ( 'NONE',  ( -17.64163590640541202, -19.59759305442772614, 4.000000000000000888 ) ) ;
#4015 = EDGE_LOOP ( 'NONE', ( #867, #3319 ) ) ;
#4016 = CARTESIAN_POINT ( 'NONE',  ( -13.86538440245427850, 14.03996332800754132, 14.49999999999999822 ) ) ;
#4017 = ORIENTED_EDGE ( 'NONE', *, *, #1990, .F. ) ;
#4018 = LINE ( 'NONE', #3777, #1595 ) ;
#4019 = PLANE ( 'NONE',  #2666 ) ;
#4020 = DIRECTION ( 'NONE',  ( -0.000000000000000000, -0.000000000000000000, -1.000000000000000000 ) ) ;
#4021 = DIRECTION ( 'NONE',  ( 0.000000000000000000, 1.000000000000000000, 0.000000000000000000 ) ) ;
#4022 = CARTESIAN_POINT ( 'NONE',  ( -23.99999999999998934, -5.999999999999997335, 0.4142135623730951455 ) ) ;
#4023 = ADVANCED_FACE ( 'NONE', ( #4945 ), #4990, .T. ) ;
#4024 = CARTESIAN_POINT ( 'NONE',  ( -23.69649888251228731, 5.898832960837348871, 0.5568487946087349316 ) ) ;
#4025 = ORIENTED_EDGE ( 'NONE', *, *, #5393, .F. ) ;
#4026 = ORIENTED_EDGE ( 'NONE', *, *, #2662, .T. ) ;
#4028 = CARTESIAN_POINT ( 'NONE',  ( 21.50115067474674646, 6.503452024240504947, 0.1321684013745310637 ) ) ;
#4027 = DIRECTION ( 'NONE',  ( 1.000000000000000000, 0.000000000000000000, 0.000000000000000000 ) ) ;
#4029 = ORIENTED_EDGE ( 'NONE', *, *, #4877, .F. ) ;
#4030 = ADVANCED_FACE ( 'NONE', ( #4115 ), #815, .F. ) ;
#4031 = EDGE_CURVE ( 'NONE', #467, #1780, #4068, .T. ) ;
#4032 = CARTESIAN_POINT ( 'NONE',  ( -15.76538440245398753, -13.96003667199245868, 9.000000000000001776 ) ) ;
#4033 = CARTESIAN_POINT ( 'NONE',  ( -22.08654621184280487, 6.086546211843931964, 14.93290240449262107 ) ) ;
#4034 = ORIENTED_EDGE ( 'NONE', *, *, #4674, .F. ) ;
#4035 = EDGE_LOOP ( 'NONE', ( #4323, #5188, #4116, #3844 ) ) ;
#4036 = CARTESIAN_POINT ( 'NONE',  ( 21.00000000000000000, -20.99999999999998934, 8.500000000000000000 ) ) ;
#4037 = ORIENTED_EDGE ( 'NONE', *, *, #4784, .F. ) ;
#4038 = CARTESIAN_POINT ( 'NONE',  ( -22.82996937387732928, 5.609989791292340655, 0.2048923740203024424 ) ) ;
#4039 = ADVANCED_FACE ( 'NONE', ( #2935 ), #4610, .F. ) ;
#4040 = EDGE_CURVE ( 'NONE', #5090, #2110, #5021, .T. ) ;
#4041 = LINE ( 'NONE', #1539, #3352 ) ;
#4042 = CIRCLE ( 'NONE', #1663, 1.000000000000000888 ) ;
#4043 = EDGE_LOOP ( 'NONE', ( #1886, #1738, #4861, #5190 ) ) ;
#4044 = DIRECTION ( 'NONE',  ( 0.000000000000000000, -1.000000000000000000, 0.000000000000000000 ) ) ;
#4045 = DIRECTION ( 'NONE',  ( -1.000000000000000000, 0.000000000000000000, 0.000000000000000000 ) ) ;
#4046 = ORIENTED_EDGE ( 'NONE', *, *, #4549, .F. ) ;
#4047 = EDGE_CURVE ( 'NONE', #3453, #1026, #4318, .T. ) ;
#4048 = DIRECTION ( 'NONE',  ( 1.000000000000000000, 0.000000000000000000, 0.000000000000000000 ) ) ;
#4049 = LINE ( 'NONE', #1131, #2045 ) ;
#4050 = CARTESIAN_POINT ( 'NONE',  ( 20.00000000000000000, 20.00000000000000355, 8.000000000000000000 ) ) ;
#4051 = ORIENTED_EDGE ( 'NONE', *, *, #2671, .T. ) ;
#4052 = DIRECTION ( 'NONE',  ( 1.000000000000000000, -0.000000000000000000, 0.000000000000000000 ) ) ;
#4053 = CARTESIAN_POINT ( 'NONE',  ( -21.99999999999999645, 8.000000000000000000, 14.49999999999999822 ) ) ;
#4054 = CARTESIAN_POINT ( 'NONE',  ( 22.82996937387689229, -5.609989791292440131, 15.29510762597962703 ) ) ;
#4055 = AXIS2_PLACEMENT_3D ( 'NONE', #1078, #4820, #94 ) ;
#4056 = ORIENTED_EDGE ( 'NONE', *, *, #1114, .T. ) ;
#4057 = ORIENTED_EDGE ( 'NONE', *, *, #398, .F. ) ;
#4059 = CARTESIAN_POINT ( 'NONE',  ( 22.19286351564824855, 6.192863515648605599, 1.163301135231318728 ) ) ;
#4058 = DIRECTION ( 'NONE',  ( 1.000000000000000000, 0.000000000000000000, 0.000000000000000000 ) ) ;
#4060 = ORIENTED_EDGE ( 'NONE', *, *, #3675, .T. ) ;
#4061 = TOROIDAL_SURFACE ( 'NONE', #5282, 1.900000000000001021, 0.5000000000000000000 ) ;
#4062 = DIRECTION ( 'NONE',  ( 0.9804987858825853220, -0.1965251405870919732, 0.000000000000000000 ) ) ;
#4063 = CARTESIAN_POINT ( 'NONE',  ( -23.99999999999862865, 6.000000000000000000, 14.56545058853950891 ) ) ;
#4064 = ORIENTED_EDGE ( 'NONE', *, *, #2802, .F. ) ;
#4065 = VECTOR ( 'NONE', #3894, 1000.000000000000000 ) ;
#4066 = ORIENTED_EDGE ( 'NONE', *, *, #3275, .F. ) ;
#4067 = ADVANCED_FACE ( 'NONE', ( #2221 ), #1303, .F. ) ;
#4068 = CIRCLE ( 'NONE', #3190, 0.6500000000000047962 ) ;
#4069 = DIRECTION ( 'NONE',  ( -1.000000000000000000, 0.000000000000000000, 0.000000000000000000 ) ) ;
#4070 = VECTOR ( 'NONE', #3638, 1000.000000000000000 ) ;
#4071 = ORIENTED_EDGE ( 'NONE', *, *, #4101, .F. ) ;
#4072 = FACE_BOUND ( 'NONE', #2093, .T. ) ;
#4073 = CARTESIAN_POINT ( 'NONE',  ( 24.00000000000000000, 8.000000000000000000, 14.49999999999999822 ) ) ;
#4074 = ORIENTED_EDGE ( 'NONE', *, *, #1525, .F. ) ;
#4075 = CARTESIAN_POINT ( 'NONE',  ( 14.13461559754572328, 14.03996332800754132, -4.500000000000000888 ) ) ;
#4076 = EDGE_CURVE ( 'NONE', #2145, #317, #2984, .T. ) ;
#4077 = EDGE_CURVE ( 'NONE', #4863, #640, #1870, .T. ) ;
#4078 = CARTESIAN_POINT ( 'NONE',  ( 2.178719991875586626, -16.28298088894380058, 8.000000000000000000 ) ) ;
#4079 = CARTESIAN_POINT ( 'NONE',  ( -20.99999999999999289, -4.999999999999998224, 0.000000000000000000 ) ) ;
#4080 = CARTESIAN_POINT ( 'NONE',  ( 21.78524365670255847, -5.261747885567721994, 15.47397267616775984 ) ) ;
#4081 = EDGE_LOOP ( 'NONE', ( #5217, #2134, #4715, #3599 ) ) ;
#4082 = ORIENTED_EDGE ( 'NONE', *, *, #2796, .F. ) ;
#4083 = CARTESIAN_POINT ( 'NONE',  ( -25.96545236919031652, 0.04766134921489825760, 8.000000000000000000 ) ) ;
#4084 = CARTESIAN_POINT ( 'NONE',  ( -32.00000000000000000, -4.000000000000000000, 15.50000000000000000 ) ) ;
#4085 = CARTESIAN_POINT ( 'NONE',  ( -21.60998979129220388, 6.829969373877002425, 15.29510762597977980 ) ) ;
#4086 = DIRECTION ( 'NONE',  ( 1.000000000000000000, 0.000000000000000000, 0.000000000000000000 ) ) ;
#4087 = ORIENTED_EDGE ( 'NONE', *, *, #5393, .T. ) ;
#4088 = CARTESIAN_POINT ( 'NONE',  ( 14.13461559754572328, 14.03996332800754132, 9.000000000000001776 ) ) ;
#4089 = ORIENTED_EDGE ( 'NONE', *, *, #3787, .T. ) ;
#4090 = CYLINDRICAL_SURFACE ( 'NONE', #3883, 2.000000000000001776 ) ;
#4091 = AXIS2_PLACEMENT_3D ( 'NONE', #5221, #211, #1845 ) ;
#4092 = EDGE_LOOP ( 'NONE', ( #1648, #3108, #3967, #581 ) ) ;
#4093 = AXIS2_PLACEMENT_3D ( 'NONE', #1928, #2315, #1837 ) ;
#4094 = CARTESIAN_POINT ( 'NONE',  ( -19.99999999999998934, -20.09759305442772259, 3.500002996009259792 ) ) ;
#4095 = DIRECTION ( 'NONE',  ( 0.000000000000000000, 0.000000000000000000, -1.000000000000000000 ) ) ;
#4096 = ORIENTED_EDGE ( 'NONE', *, *, #2332, .T. ) ;
#4097 = EDGE_CURVE ( 'NONE', #1473, #1191, #5088, .T. ) ;
#4098 = FACE_OUTER_BOUND ( 'NONE', #424, .T. ) ;
#4099 = ORIENTED_EDGE ( 'NONE', *, *, #5377, .F. ) ;
#4100 = DIRECTION ( 'NONE',  ( 1.224646799147353207E-16, 1.000000000000000000, 0.000000000000000000 ) ) ;
#4101 = EDGE_CURVE ( 'NONE', #4132, #5338, #5196, .T. ) ;
#4102 = FACE_OUTER_BOUND ( 'NONE', #3591, .T. ) ;
#4103 = CARTESIAN_POINT ( 'NONE',  ( 21.50115067474699515, -6.503452024240502283, 15.36783159862530468 ) ) ;
#4104 = EDGE_CURVE ( 'NONE', #2084, #3287, #444, .T. ) ;
#4105 = EDGE_LOOP ( 'NONE', ( #3012, #2979, #4111, #1713 ) ) ;
#4106 = VERTEX_POINT ( 'NONE', #4216 ) ;
#4107 = CYLINDRICAL_SURFACE ( 'NONE', #5197, 1.000000000000000888 ) ;
#4108 = CYLINDRICAL_SURFACE ( 'NONE', #5363, 1.150000000000001688 ) ;
#4109 = CARTESIAN_POINT ( 'NONE',  ( -21.66082675115227119, 6.982480253456296637, 15.25338681122082285 ) ) ;
#4110 = CIRCLE ( 'NONE', #934, 1.000000000000000888 ) ;
#4111 = ORIENTED_EDGE ( 'NONE', *, *, #2441, .F. ) ;
#4112 = APPLICATION_PROTOCOL_DEFINITION ( 'draft international standard', 'automotive_design', 1998, #1747 ) ;
#4113 = ORIENTED_EDGE ( 'NONE', *, *, #4003, .T. ) ;
#4114 = CARTESIAN_POINT ( 'NONE',  ( -20.99999999999999289, 4.999999999999995559, 0.000000000000000000 ) ) ;
#4115 = FACE_OUTER_BOUND ( 'NONE', #3070, .T. ) ;
#4116 = ORIENTED_EDGE ( 'NONE', *, *, #2894, .T. ) ;
#4117 = DIRECTION ( 'NONE',  ( -0.000000000000000000, -0.000000000000000000, 1.000000000000000000 ) ) ;
#4118 = ORIENTED_EDGE ( 'NONE', *, *, #185, .T. ) ;
#4119 = DIRECTION ( 'NONE',  ( -1.000000000000000000, 0.000000000000000000, -0.000000000000000000 ) ) ;
#4120 = FACE_OUTER_BOUND ( 'NONE', #3471, .T. ) ;
#4121 = LINE ( 'NONE', #5333, #4946 ) ;
#4122 = CARTESIAN_POINT ( 'NONE',  ( 22.50345202424072610, -5.501150674746761560, 15.36783159862545922 ) ) ;
#4123 =( BOUNDED_SURFACE ( )  B_SPLINE_SURFACE ( 3, 2, ( 
 ( #4257, #426, #2590 ),
 ( #481, #4592, #13 ),
 ( #3371, #819, #2509 ),
 ( #1673, #3348, #2097 ),
 ( #2179, #5046, #4227 ),
 ( #1286, #2967, #4643 ),
 ( #1727, #873, #2562 ),
 ( #455, #3400, #4815 ),
 ( #1043, #2728, #3986 ),
 ( #3084, #1459, #2234 ),
 ( #210, #5157, #5220 ),
 ( #4282, #1878, #3927 ),
 ( #3514, #1374, #3140 ),
 ( #570, #506, #2641 ),
 ( #3575, #4397, #3877 ),
 ( #1908, #626, #148 ) ),
 .UNSPECIFIED., .F., .F., .F. ) 
 B_SPLINE_SURFACE_WITH_KNOTS ( ( 4, 2, 2, 2, 2, 2, 2, 4 ),
 ( 3, 3 ),
 ( 6.283185307179586232, 6.479534848028948524, 6.675884388878310816, 6.872233929727672219, 7.068583470577034511, 7.264933011426396803, 7.461282552275758206, 7.853981633974482790 ),
 ( 0.000000000000000000, 1.000000000000000000 ),
 .UNSPECIFIED. ) 
 GEOMETRIC_REPRESENTATION_ITEM ( )  RATIONAL_B_SPLINE_SURFACE ( (
 ( 1.000000000000000000, 0.7071067811865475727, 1.000000000000000000),
 ( 1.000000000000000000, 0.7070717276407094687, 1.000000000000000000),
 ( 1.000000000000000000, 0.7117460035099654192, 1.000000000000000000),
 ( 1.000000000000000000, 0.7291288930333510443, 1.000000000000000000),
 ( 1.000000000000000000, 0.7418334192087584489, 1.000000000000000000),
 ( 1.000000000000000000, 0.7723968204884450461, 1.000000000000000000),
 ( 1.000000000000000000, 0.7902180097995971098, 1.000000000000000000),
 ( 1.000000000000000000, 0.8275942684437447294, 1.000000000000000000),
 ( 1.000000000000000000, 0.8471316612622565856, 1.000000000000000000),
 ( 1.000000000000000000, 0.8849191463066190533, 1.000000000000000000),
 ( 1.000000000000000000, 0.9031650999538620717, 1.000000000000000000),
 ( 1.000000000000000000, 0.9360421837325328953, 1.000000000000000000),
 ( 1.000000000000000000, 0.9506740357170694322, 1.000000000000000000),
 ( 1.000000000000000000, 0.9867291882093298661, 1.000000000000000000),
 ( 1.000000000000000000, 1.000158581554896342, 1.000000000000000000),
 ( 1.000000000000000000, 1.000000000000000000, 1.000000000000000000) ) ) 
 REPRESENTATION_ITEM ( '' )  SURFACE ( )  );
#4124 = ORIENTED_EDGE ( 'NONE', *, *, #2669, .T. ) ;
#4125 = CARTESIAN_POINT ( 'NONE',  ( 17.06144779606469086, -16.98201256699031703, 2.500000000000000888 ) ) ;
#4126 = PRODUCT_DEFINITION_CONTEXT ( 'detailed design', #2886, 'design' ) ;
#4127 = LINE ( 'NONE', #2496, #2308 ) ;
#4128 = EDGE_CURVE ( 'NONE', #3395, #1063, #3478, .T. ) ;
#4129 = AXIS2_PLACEMENT_3D ( 'NONE', #1496, #699, #2800 ) ;
#4130 = CARTESIAN_POINT ( 'NONE',  ( -25.88395306043829436, 0.000000000000000000, 14.49999999999999822 ) ) ;
#4131 = DIRECTION ( 'NONE',  ( 0.000000000000000000, 1.000000000000000000, 0.000000000000000000 ) ) ;
#4132 = VERTEX_POINT ( 'NONE', #52 ) ;
#4133 = DIRECTION ( 'NONE',  ( 1.000000000000000000, 0.000000000000000000, 0.000000000000000000 ) ) ;
#4134 = VECTOR ( 'NONE', #4909, 1000.000000000000000 ) ;
#4135 = ORIENTED_EDGE ( 'NONE', *, *, #397, .F. ) ;
#4136 = CARTESIAN_POINT ( 'NONE',  ( -19.99999999999998934, 20.00000000000000355, 8.000000000000000000 ) ) ;
#4137 = EDGE_CURVE ( 'NONE', #3595, #622, #219, .T. ) ;
#4138 = CARTESIAN_POINT ( 'NONE',  ( -15.26538440245427886, 14.03996332800754132, -4.500000000000000888 ) ) ;
#4139 = TOROIDAL_SURFACE ( 'NONE', #3091, 3.200000000000001954, 1.000000000000000000 ) ;
#4140 = DIRECTION ( 'NONE',  ( -0.000000000000000000, -0.000000000000000000, -1.000000000000000000 ) ) ;
#4141 = EDGE_LOOP ( 'NONE', ( #4269, #2812 ) ) ;
#4142 = CARTESIAN_POINT ( 'NONE',  ( 11.73461559754572114, 14.03996332800754132, 15.50000000000000000 ) ) ;
#4143 = ORIENTED_EDGE ( 'NONE', *, *, #4779, .F. ) ;
#4144 = VECTOR ( 'NONE', #4488, 1000.000000000000000 ) ;
#4145 = CIRCLE ( 'NONE', #187, 1.400000000000000133 ) ;
#4146 = DIRECTION ( 'NONE',  ( -0.000000000000000000, -0.000000000000000000, 1.000000000000000000 ) ) ;
#4147 = CARTESIAN_POINT ( 'NONE',  ( -23.90404994674078409, 5.968016648913676114, 0.7407174326360215222 ) ) ;
#4148 = AXIS2_PLACEMENT_3D ( 'NONE', #2735, #5138, #2331 ) ;
#4149 = CARTESIAN_POINT ( 'NONE',  ( 20.00000000000000000, 20.00000000000000000, 3.792893218813452094 ) ) ;
#4150 = DIRECTION ( 'NONE',  ( 1.000000000000000000, 0.000000000000000000, 0.000000000000000000 ) ) ;
#4151 = ORIENTED_EDGE ( 'NONE', *, *, #3420, .F. ) ;
#4152 = DIRECTION ( 'NONE',  ( 1.000000000000000000, 0.000000000000000000, 0.000000000000000000 ) ) ;
#4153 =( BOUNDED_CURVE ( )  B_SPLINE_CURVE ( 3, ( #3437, #490, #2975, #2952 ),
 .UNSPECIFIED., .F., .T. ) 
 B_SPLINE_CURVE_WITH_KNOTS ( ( 4, 4 ),
 ( 1.570796326794901887, 3.141592653589793116 ),
 .UNSPECIFIED. ) 
 CURVE ( )  GEOMETRIC_REPRESENTATION_ITEM ( )  RATIONAL_B_SPLINE_CURVE ( ( 1.000000000000000000, 0.8047378541243662697, 0.8047378541243662697, 1.000000000000000000 ) ) 
 REPRESENTATION_ITEM ( '' )  );
#4154 = EDGE_CURVE ( 'NONE', #1770, #625, #2576, .T. ) ;
#4155 = CARTESIAN_POINT ( 'NONE',  ( 15.89419479175627536, 2.059613282958526970, 8.000000000000000000 ) ) ;
#4156 = DIRECTION ( 'NONE',  ( 1.000000000000000000, 0.000000000000000000, 0.000000000000000000 ) ) ;
#4157 = VERTEX_POINT ( 'NONE', #5147 ) ;
#4158 = ORIENTED_EDGE ( 'NONE', *, *, #3455, .F. ) ;
#4159 = CIRCLE ( 'NONE', #3295, 1.650000000000002132 ) ;
#4160 = FACE_OUTER_BOUND ( 'NONE', #5064, .T. ) ;
#4161 = DIRECTION ( 'NONE',  ( -1.000000000000000000, 0.000000000000000000, 0.000000000000000000 ) ) ;
#4162 = EDGE_CURVE ( 'NONE', #5351, #199, #732, .T. ) ;
#4163 = CARTESIAN_POINT ( 'NONE',  ( 20.99999999999999645, 5.000000000000000000, 15.50000000000000000 ) ) ;
#4164 = EDGE_CURVE ( 'NONE', #328, #1337, #190, .T. ) ;
#4165 = ORIENTED_EDGE ( 'NONE', *, *, #3966, .T. ) ;
#4167 = AXIS2_PLACEMENT_3D ( 'NONE', #1299, #3810, #5057 ) ;
#4166 = CARTESIAN_POINT ( 'NONE',  ( -19.79289182727062268, -19.11708639337767224, 3.999999999999999112 ) ) ;
#4168 = VERTEX_POINT ( 'NONE', #4331 ) ;
#4169 = AXIS2_PLACEMENT_3D ( 'NONE', #691, #3305, #3738 ) ;
#4170 = AXIS2_PLACEMENT_3D ( 'NONE', #457, #3000, #402 ) ;
#4171 = VECTOR ( 'NONE', #1696, 1000.000000000000114 ) ;
#4172 = CIRCLE ( 'NONE', #4707, 1.400000000000000133 ) ;
#4173 = DIRECTION ( 'NONE',  ( 0.000000000000000000, 0.000000000000000000, -1.000000000000000000 ) ) ;
#4174 = CARTESIAN_POINT ( 'NONE',  ( 23.69649888251182190, 5.898832960837355976, 0.5568487946087520291 ) ) ;
#4175 = CARTESIAN_POINT ( 'NONE',  ( 6.938893903907228378E-15, -21.04879652721385597, 0.001191260084361161695 ) ) ;
#4176 = AXIS2_PLACEMENT_3D ( 'NONE', #1953, #5298, #5345 ) ;
#4177 = DIRECTION ( 'NONE',  ( 0.2087993391107792196, -0.9779585042254614891, -0.000000000000000000 ) ) ;
#4178 = AXIS2_PLACEMENT_3D ( 'NONE', #2167, #4689, #4631 ) ;
#4179 = CIRCLE ( 'NONE', #2792, 1.000000000000000888 ) ;
#4180 = EDGE_LOOP ( 'NONE', ( #2916, #4932 ) ) ;
#4181 = CARTESIAN_POINT ( 'NONE',  ( -21.66082675115205447, -6.982480253456287755, 15.25338681122103068 ) ) ;
#4182 = ADVANCED_FACE ( 'NONE', ( #2253 ), #2141, .T. ) ;
#4183 = CARTESIAN_POINT ( 'NONE',  ( 23.38532287828828515, -5.795107626096107190, 0.3900102088818830914 ) ) ;
#4184 = DIRECTION ( 'NONE',  ( -0.000000000000000000, 0.000000000000000000, 1.000000000000000000 ) ) ;
#4185 = ORIENTED_EDGE ( 'NONE', *, *, #3635, .T. ) ;
#4186 = ORIENTED_EDGE ( 'NONE', *, *, #105, .F. ) ;
#4187 = CARTESIAN_POINT ( 'NONE',  ( 0.000000000000000000, 0.000000000000000000, 4.000000000000000888 ) ) ;
#4188 = DIRECTION ( 'NONE',  ( 0.000000000000000000, 1.000000000000000000, 0.000000000000000000 ) ) ;
#4189 = EDGE_CURVE ( 'NONE', #3582, #1090, #2050, .T. ) ;
#4190 = EDGE_LOOP ( 'NONE', ( #1439, #1660, #4614, #1840 ) ) ;
#4191 = EDGE_CURVE ( 'NONE', #1083, #3578, #2851, .T. ) ;
#4193 = AXIS2_PLACEMENT_3D ( 'NONE', #1237, #1999, #852 ) ;
#4192 = LINE ( 'NONE', #4695, #305 ) ;
#4194 = EDGE_LOOP ( 'NONE', ( #363, #1112, #2245, #2634 ) ) ;
#4195 = EDGE_CURVE ( 'NONE', #3386, #1147, #898, .T. ) ;
#4196 = EDGE_CURVE ( 'NONE', #3093, #3077, #2415, .T. ) ;
#4197 = ORIENTED_EDGE ( 'NONE', *, *, #4298, .F. ) ;
#4198 = DIRECTION ( 'NONE',  ( -0.000000000000000000, 0.000000000000000000, 1.000000000000000000 ) ) ;
#4199 = EDGE_CURVE ( 'NONE', #4278, #4106, #4233, .T. ) ;
#4200 = CYLINDRICAL_SURFACE ( 'NONE', #1366, 1.000000000000000888 ) ;
#4201 = FACE_BOUND ( 'NONE', #4728, .T. ) ;
#4202 = AXIS2_PLACEMENT_3D ( 'NONE', #2413, #1991, #3666 ) ;
#4203 = VECTOR ( 'NONE', #2759, 1000.000000000000000 ) ;
#4204 = LINE ( 'NONE', #431, #593 ) ;
#4205 = ORIENTED_EDGE ( 'NONE', *, *, #302, .F. ) ;
#4206 = CARTESIAN_POINT ( 'NONE',  ( 9.000000000000000000, 1.102182119232617714E-15, 15.50000000000000000 ) ) ;
#4207 = DIRECTION ( 'NONE',  ( 1.000000000000000000, 0.000000000000000000, 0.000000000000000000 ) ) ;
#4208 = VECTOR ( 'NONE', #1920, 1000.000000000000000 ) ;
#4209 = CYLINDRICAL_SURFACE ( 'NONE', #2514, 1.000000000000000000 ) ;
#4210 = VERTEX_POINT ( 'NONE', #4451 ) ;
#4211 = ORIENTED_EDGE ( 'NONE', *, *, #295, .F. ) ;
#4212 = DIRECTION ( 'NONE',  ( -0.000000000000000000, 0.000000000000000000, 1.000000000000000000 ) ) ;
#4213 = LINE ( 'NONE', #948, #3261 ) ;
#4214 = AXIS2_PLACEMENT_3D ( 'NONE', #1130, #1099, #658 ) ;
#4215 = VECTOR ( 'NONE', #820, 1000.000000000000000 ) ;
#4216 = CARTESIAN_POINT ( 'NONE',  ( 15.91144779606468873, -16.98201256699031703, 2.500000000000001332 ) ) ;
#4217 = VECTOR ( 'NONE', #3266, 1000.000000000000000 ) ;
#4218 = ORIENTED_EDGE ( 'NONE', *, *, #1484, .F. ) ;
#4219 = DIRECTION ( 'NONE',  ( 0.000000000000000000, 0.000000000000000000, -1.000000000000000000 ) ) ;
#4220 = ORIENTED_EDGE ( 'NONE', *, *, #4883, .T. ) ;
#4221 = CIRCLE ( 'NONE', #1864, 1.150000000000001688 ) ;
#4222 = EDGE_CURVE ( 'NONE', #2201, #1954, #3011, .T. ) ;
#4223 = FACE_OUTER_BOUND ( 'NONE', #4537, .T. ) ;
#4224 = DIRECTION ( 'NONE',  ( 1.000000000000000000, 0.000000000000000000, 0.000000000000000000 ) ) ;
#4225 = EDGE_LOOP ( 'NONE', ( #71, #3813 ) ) ;
#4227 = CARTESIAN_POINT ( 'NONE',  ( -23.84677831255589808, -5.948926104185231267, 0.6777843406611038235 ) ) ;
#4226 = AXIS2_PLACEMENT_3D ( 'NONE', #4561, #2010, #2529 ) ;
#4228 = CARTESIAN_POINT ( 'NONE',  ( 21.39276988155111425, 5.130923293851656908, 2.444177761636187860E-16 ) ) ;
#4229 = CARTESIAN_POINT ( 'NONE',  ( 20.99999999999999645, 21.00000000000000355, 1.000000000000000000 ) ) ;
#4230 = CIRCLE ( 'NONE', #1690, 1.900000000000000577 ) ;
#4231 = DIRECTION ( 'NONE',  ( 0.000000000000000000, 0.000000000000000000, -1.000000000000000000 ) ) ;
#4232 = ADVANCED_FACE ( 'NONE', ( #253 ), #5295, .F. ) ;
#4233 = CIRCLE ( 'NONE', #5378, 1.150000000000001688 ) ;
#4234 = ADVANCED_FACE ( 'NONE', ( #4415 ), #1119, .F. ) ;
#4235 = AXIS2_PLACEMENT_3D ( 'NONE', #3311, #2877, #4954 ) ;
#4236 = DIRECTION ( 'NONE',  ( -0.9778499808060449050, 0.2093069875508640765, 0.000000000000000000 ) ) ;
#4237 = ORIENTED_EDGE ( 'NONE', *, *, #5176, .T. ) ;
#4238 = DIRECTION ( 'NONE',  ( 1.577021341797097807E-16, -1.000000000000000000, 0.000000000000000000 ) ) ;
#4239 = CARTESIAN_POINT ( 'NONE',  ( 23.98066173567825032, -5.993553911892781194, 0.8691019233317025527 ) ) ;
#4240 = DIRECTION ( 'NONE',  ( 0.000000000000000000, 0.000000000000000000, 1.000000000000000000 ) ) ;
#4241 = EDGE_LOOP ( 'NONE', ( #1364, #5327, #3563, #4017 ) ) ;
#4242 = EDGE_LOOP ( 'NONE', ( #4026, #243, #4665, #3174 ) ) ;
#4243 = ORIENTED_EDGE ( 'NONE', *, *, #3236, .T. ) ;
#4244 = CARTESIAN_POINT ( 'NONE',  ( 14.88345475458223000, -2.983148046871886727, 8.000000000000000000 ) ) ;
#4245 = CARTESIAN_POINT ( 'NONE',  ( -32.00000000000000000, 6.000000000000000000, 0.000000000000000000 ) ) ;
#4246 = DIRECTION ( 'NONE',  ( 1.000000000000000000, -0.000000000000000000, -0.000000000000000000 ) ) ;
#4247 = CARTESIAN_POINT ( 'NONE',  ( 17.06144779606469086, -16.98201256699031703, 2.000000000000000888 ) ) ;
#4248 = AXIS2_PLACEMENT_3D ( 'NONE', #5104, #4231, #2971 ) ;
#4249 = ORIENTED_EDGE ( 'NONE', *, *, #3931, .T. ) ;
#4250 = DIRECTION ( 'NONE',  ( 1.000000000000000000, 0.000000000000000000, 0.000000000000000000 ) ) ;
#4251 = EDGE_LOOP ( 'NONE', ( #2779, #417, #3186, #500 ) ) ;
#4252 = CARTESIAN_POINT ( 'NONE',  ( 2.263876932212608217, 15.82261196259683622, 8.500000000000000000 ) ) ;
#4253 = CARTESIAN_POINT ( 'NONE',  ( 21.00000000000000000, 1.655872408886952944E-15, 14.49999999999999822 ) ) ;
#4254 = VECTOR ( 'NONE', #3773, 1000.000000000000000 ) ;
#4255 = VERTEX_POINT ( 'NONE', #1418 ) ;
#4256 = EDGE_CURVE ( 'NONE', #4811, #3673, #4416, .T. ) ;
#4257 = CARTESIAN_POINT ( 'NONE',  ( -21.99999999999999645, -7.999999999999996447, 1.000000000000000000 ) ) ;
#4258 = DIRECTION ( 'NONE',  ( 0.000000000000000000, 0.000000000000000000, 1.000000000000000000 ) ) ;
#4259 = AXIS2_PLACEMENT_3D ( 'NONE', #5002, #2487, #2099 ) ;
#4260 = DIRECTION ( 'NONE',  ( -1.000000000000000000, 0.000000000000000000, 0.000000000000000000 ) ) ;
#4261 = AXIS2_PLACEMENT_3D ( 'NONE', #3783, #3019, #2531 ) ;
#4262 = AXIS2_PLACEMENT_3D ( 'NONE', #3122, #3969, #1889 ) ;
#4263 = ADVANCED_FACE ( 'NONE', ( #201 ), #1430, .T. ) ;
#4264 = TOROIDAL_SURFACE ( 'NONE', #2520, 1.900000000000001021, 0.5000000000000000000 ) ;
#4265 = EDGE_LOOP ( 'NONE', ( #641, #1856, #1230, #2683 ) ) ;
#4266 = FACE_OUTER_BOUND ( 'NONE', #3193, .T. ) ;
#4267 = ADVANCED_FACE ( 'NONE', ( #1444 ), #5179, .T. ) ;
#4268 = CARTESIAN_POINT ( 'NONE',  ( 18.71144779606469299, -16.98201256699031703, 8.500000000000000000 ) ) ;
#4269 = ORIENTED_EDGE ( 'NONE', *, *, #3645, .T. ) ;
#4270 = ORIENTED_EDGE ( 'NONE', *, *, #721, .F. ) ;
#4271 = ORIENTED_EDGE ( 'NONE', *, *, #3635, .F. ) ;
#4272 = CARTESIAN_POINT ( 'NONE',  ( 24.00000000000000355, -8.000000000000000000, 8.500000000000000000 ) ) ;
#4273 = CARTESIAN_POINT ( 'NONE',  ( -21.99999999999999645, -8.000000000000000000, 8.500000000000000000 ) ) ;
#4274 = CARTESIAN_POINT ( 'NONE',  ( 2.162646365479769184, 16.31225711202542783, 4.000000000000000888 ) ) ;
#4275 = DIRECTION ( 'NONE',  ( -1.000000000000000000, 0.000000000000000000, 0.000000000000000000 ) ) ;
#4276 = ORIENTED_EDGE ( 'NONE', *, *, #4256, .T. ) ;
#4277 = CARTESIAN_POINT ( 'NONE',  ( -34.00000000000000000, -4.000000000000000000, 1.000000000000000000 ) ) ;
#4278 = VERTEX_POINT ( 'NONE', #3213 ) ;
#4279 = DIRECTION ( 'NONE',  ( 0.000000000000000000, 0.000000000000000000, -1.000000000000000000 ) ) ;
#4280 = CARTESIAN_POINT ( 'NONE',  ( -14.55513568042444206, -3.107598837383494406, 8.500000000000000000 ) ) ;
#4281 = EDGE_LOOP ( 'NONE', ( #2028, #3647 ) ) ;
#4282 = CARTESIAN_POINT ( 'NONE',  ( -21.50115067474674646, -6.503452024240501395, 0.1321684013745303976 ) ) ;
#4283 = CARTESIAN_POINT ( 'NONE',  ( 21.96801664891367523, 7.904049946741134924, 14.75928256736396804 ) ) ;
#4284 = CYLINDRICAL_SURFACE ( 'NONE', #1538, 2.000000000000001776 ) ;
#4285 = DIRECTION ( 'NONE',  ( 0.000000000000000000, 0.000000000000000000, 1.000000000000000000 ) ) ;
#4286 = EDGE_CURVE ( 'NONE', #1501, #4811, #4944, .T. ) ;
#4287 = CARTESIAN_POINT ( 'NONE',  ( -23.99999999999760902, -5.999999999999996447, 14.56545058853952490 ) ) ;
#4288 = VECTOR ( 'NONE', #3150, 1000.000000000000000 ) ;
#4289 = CARTESIAN_POINT ( 'NONE',  ( 21.96801664891366457, -7.904049946740959953, 0.7407174326359839966 ) ) ;
#4290 = CIRCLE ( 'NONE', #2466, 1.000000000000000888 ) ;
#4291 = CARTESIAN_POINT ( 'NONE',  ( 0.08565011636694659647, -26.06148069700425296, 4.000000000000000888 ) ) ;
#4292 = ORIENTED_EDGE ( 'NONE', *, *, #2161, .T. ) ;
#4293 = ORIENTED_EDGE ( 'NONE', *, *, #3495, .F. ) ;
#4294 = FACE_OUTER_BOUND ( 'NONE', #5142, .T. ) ;
#4295 = LINE ( 'NONE', #4273, #2476 ) ;
#4296 = EDGE_CURVE ( 'NONE', #1147, #4941, #3534, .T. ) ;
#4297 = DIRECTION ( 'NONE',  ( 0.000000000000000000, 1.000000000000000000, 0.000000000000000000 ) ) ;
#4298 = EDGE_CURVE ( 'NONE', #3854, #3224, #3440, .T. ) ;
#4299 =( BOUNDED_CURVE ( )  B_SPLINE_CURVE ( 3, ( #3886, #1383, #913, #3067 ),
 .UNSPECIFIED., .F., .T. ) 
 B_SPLINE_CURVE_WITH_KNOTS ( ( 4, 4 ),
 ( 1.570796326794897890, 3.141592653589792228 ),
 .UNSPECIFIED. ) 
 CURVE ( )  GEOMETRIC_REPRESENTATION_ITEM ( )  RATIONAL_B_SPLINE_CURVE ( ( 1.000000000000000000, 0.8047378541243654926, 0.8047378541243654926, 1.000000000000000000 ) ) 
 REPRESENTATION_ITEM ( '' )  );
#4300 = DIRECTION ( 'NONE',  ( -0.000000000000000000, 0.000000000000000000, 1.000000000000000000 ) ) ;
#4301 = DIRECTION ( 'NONE',  ( 1.000000000000000000, 0.000000000000000000, 0.000000000000000000 ) ) ;
#4302 = VERTEX_POINT ( 'NONE', #5210 ) ;
#4303 = EDGE_CURVE ( 'NONE', #853, #3656, #2, .T. ) ;
#4304 = FACE_OUTER_BOUND ( 'NONE', #2627, .T. ) ;
#4305 = ORIENTED_EDGE ( 'NONE', *, *, #742, .T. ) ;
#4306 = PRESENTATION_LAYER_ASSIGNMENT (  '', '', ( #2118 ) ) ;
#4307 = CARTESIAN_POINT ( 'NONE',  ( -28.08395306043829365, 0.000000000000000000, 0.000000000000000000 ) ) ;
#4308 = FACE_OUTER_BOUND ( 'NONE', #4105, .T. ) ;
#4309 = CIRCLE ( 'NONE', #4660, 2.200000000000000622 ) ;
#4310 = ORIENTED_EDGE ( 'NONE', *, *, #1715, .T. ) ;
#4311 = DIRECTION ( 'NONE',  ( -1.000000000000000000, 0.000000000000000000, 0.000000000000000000 ) ) ;
#4312 = CIRCLE ( 'NONE', #2918, 1.000000000000000888 ) ;
#4313 = DIRECTION ( 'NONE',  ( 1.000000000000000000, 0.000000000000000000, 0.000000000000000000 ) ) ;
#4314 = DIRECTION ( 'NONE',  ( 0.000000000000000000, -1.000000000000000000, 0.000000000000000000 ) ) ;
#4315 = DIRECTION ( 'NONE',  ( 0.000000000000000000, -0.000000000000000000, -1.000000000000000000 ) ) ;
#4316 = CARTESIAN_POINT ( 'NONE',  ( 22.00000000000000000, 8.000000000000000000, 1.000000000000000000 ) ) ;
#4317 = CARTESIAN_POINT ( 'NONE',  ( 16.38257309546538210, -1.959793730387154875, 4.000000000000000888 ) ) ;
#4318 = CIRCLE ( 'NONE', #1968, 2.200000000000000622 ) ;
#4319 = TOROIDAL_SURFACE ( 'NONE', #2924, 9.999999999999998224, 1.000000000000000000 ) ;
#4320 = CARTESIAN_POINT ( 'NONE',  ( 22.32945361729163025, -5.443151205763874678, 0.1011670393169944310 ) ) ;
#4321 = EDGE_CURVE ( 'NONE', #1009, #3920, #4768, .T. ) ;
#4322 = DIRECTION ( 'NONE',  ( -1.000000000000000000, 0.000000000000000000, 0.000000000000000000 ) ) ;
#4323 = ORIENTED_EDGE ( 'NONE', *, *, #3592, .F. ) ;
#4324 = VERTEX_POINT ( 'NONE', #4386 ) ;
#4325 = ORIENTED_EDGE ( 'NONE', *, *, #5397, .F. ) ;
#4327 = CYLINDRICAL_SURFACE ( 'NONE', #5431, 1.400000000000000133 ) ;
#4326 = CARTESIAN_POINT ( 'NONE',  ( -20.99999999999999289, 5.000000000000000000, 15.50000000000000000 ) ) ;
#4328 = DIRECTION ( 'NONE',  ( -0.000000000000000000, -0.000000000000000000, -1.000000000000000000 ) ) ;
#4329 = EDGE_CURVE ( 'NONE', #2375, #622, #3976, .T. ) ;
#4330 = SPHERICAL_SURFACE ( 'NONE', #5262, 1.000000000000000000 ) ;
#4331 = CARTESIAN_POINT ( 'NONE',  ( -19.99999999999998934, -20.09759305442772259, 3.500002996009259792 ) ) ;
#4332 = DIRECTION ( 'NONE',  ( 1.000000000000000000, 0.000000000000000000, 0.000000000000000000 ) ) ;
#4333 = ORIENTED_EDGE ( 'NONE', *, *, #4321, .T. ) ;
#4334 = DIRECTION ( 'NONE',  ( -0.000000000000000000, -0.000000000000000000, 1.000000000000000000 ) ) ;
#4335 = EDGE_LOOP ( 'NONE', ( #1535, #306, #4165, #4696 ) ) ;
#4336 = ADVANCED_FACE ( 'NONE', ( #2745 ), #227, .F. ) ;
#4337 =( BOUNDED_CURVE ( )  B_SPLINE_CURVE ( 3, ( #5250, #1485, #4773, #5257 ),
 .UNSPECIFIED., .F., .T. ) 
 B_SPLINE_CURVE_WITH_KNOTS ( ( 4, 4 ),
 ( 3.141592653589793116, 4.712388980384689674 ),
 .UNSPECIFIED. ) 
 CURVE ( )  GEOMETRIC_REPRESENTATION_ITEM ( )  RATIONAL_B_SPLINE_CURVE ( ( 1.000000000000000000, 0.8047378541243649375, 0.8047378541243649375, 1.000000000000000000 ) ) 
 REPRESENTATION_ITEM ( '' )  );
#4338 = EDGE_CURVE ( 'NONE', #716, #215, #3183, .T. ) ;
#4339 = CARTESIAN_POINT ( 'NONE',  ( 14.13461559754601460, -13.96003667199245868, 14.49999999999999822 ) ) ;
#4340 = ORIENTED_EDGE ( 'NONE', *, *, #3856, .T. ) ;
#4341 = LINE ( 'NONE', #1017, #5446 ) ;
#4342 = VERTEX_POINT ( 'NONE', #4983 ) ;
#4343 = DIRECTION ( 'NONE',  ( 0.1955893037181222760, -0.9806858948058038150, 0.000000000000000000 ) ) ;
#4344 = CARTESIAN_POINT ( 'NONE',  ( 21.93565644969583062, 5.935656449695504655, 15.11974680204282784 ) ) ;
#4345 = FACE_OUTER_BOUND ( 'NONE', #3870, .T. ) ;
#4346 = DIRECTION ( 'NONE',  ( 0.000000000000000000, 0.000000000000000000, 1.000000000000000000 ) ) ;
#4347 = CARTESIAN_POINT ( 'NONE',  ( -22.75735931288070546, 5.585786437626905965, 1.076072228735579641E-16 ) ) ;
#4348 = VECTOR ( 'NONE', #318, 1000.000000000000000 ) ;
#4349 = AXIS2_PLACEMENT_3D ( 'NONE', #2458, #4869, #3229 ) ;
#4350 = CARTESIAN_POINT ( 'NONE',  ( -15.78855220393495706, 17.01798743300968653, 8.000000000000000000 ) ) ;
#4351 = CIRCLE ( 'NONE', #1369, 9.999999999999998224 ) ;
#4352 = ORIENTED_EDGE ( 'NONE', *, *, #155, .F. ) ;
#4353 = EDGE_LOOP ( 'NONE', ( #5337, #1272, #5121, #1762 ) ) ;
#4355 = CARTESIAN_POINT ( 'NONE',  ( -19.99999999999998934, -20.09759305442772259, 8.000000000000000000 ) ) ;
#4354 = DIRECTION ( 'NONE',  ( 1.000000000000000000, 0.000000000000000000, 0.000000000000000000 ) ) ;
#4356 = DIRECTION ( 'NONE',  ( -0.000000000000000000, 0.000000000000000000, 1.000000000000000000 ) ) ;
#4357 = DIRECTION ( 'NONE',  ( 0.000000000000000000, -0.000000000000000000, -1.000000000000000000 ) ) ;
#4358 = DIRECTION ( 'NONE',  ( 0.000000000000000000, -1.000000000000000000, 0.000000000000000000 ) ) ;
#4359 = CARTESIAN_POINT ( 'NONE',  ( -28.08395306043829365, 0.000000000000000000, 1.000000000000000000 ) ) ;
#4360 = ORIENTED_EDGE ( 'NONE', *, *, #1885, .T. ) ;
#4361 = DIRECTION ( 'NONE',  ( -0.2087993391107791641, 0.9779585042254613780, 0.000000000000000000 ) ) ;
#4362 = ORIENTED_EDGE ( 'NONE', *, *, #2329, .F. ) ;
#4363 = EDGE_CURVE ( 'NONE', #1438, #3136, #4127, .T. ) ;
#4364 = DIRECTION ( 'NONE',  ( 1.000000000000000000, 0.000000000000000000, 0.000000000000000000 ) ) ;
#4365 = VERTEX_POINT ( 'NONE', #1979 ) ;
#4366 = CARTESIAN_POINT ( 'NONE',  ( -19.99999999999998934, -20.09759305442772259, 1.000000000000000000 ) ) ;
#4367 = DIRECTION ( 'NONE',  ( -0.000000000000000000, 0.000000000000000000, 1.000000000000000000 ) ) ;
#4368 = ORIENTED_EDGE ( 'NONE', *, *, #1114, .F. ) ;
#4369 = EDGE_CURVE ( 'NONE', #334, #1393, #1323, .T. ) ;
#4370 = CARTESIAN_POINT ( 'NONE',  ( 34.00000000000000000, -4.000000000000000000, 14.49999999999999822 ) ) ;
#4371 =( BOUNDED_CURVE ( )  B_SPLINE_CURVE ( 3, ( #223, #2769, #250, #4326 ),
 .UNSPECIFIED., .F., .F. ) 
 B_SPLINE_CURVE_WITH_KNOTS ( ( 4, 4 ),
 ( 0.000000000000000000, 1.570796326794896780 ),
 .UNSPECIFIED. ) 
 CURVE ( )  GEOMETRIC_REPRESENTATION_ITEM ( )  RATIONAL_B_SPLINE_CURVE ( ( 1.000000000000000000, 0.8047378541243649375, 0.8047378541243649375, 1.000000000000000000 ) ) 
 REPRESENTATION_ITEM ( '' )  );
#4372 = CARTESIAN_POINT ( 'NONE',  ( 21.60998979129241704, 6.829969373877114336, 15.29510762597964479 ) ) ;
#4373 = FACE_OUTER_BOUND ( 'NONE', #5405, .T. ) ;
#4374 = DIRECTION ( 'NONE',  ( -1.000000000000000000, 0.000000000000000000, -0.000000000000000000 ) ) ;
#4375 = EDGE_CURVE ( 'NONE', #1502, #5365, #4312, .T. ) ;
#4376 = VERTEX_POINT ( 'NONE', #310 ) ;
#4377 = ADVANCED_FACE ( 'NONE', ( #2927 ), #735, .F. ) ;
#4378 = DIRECTION ( 'NONE',  ( -0.000000000000000000, -0.000000000000000000, 1.000000000000000000 ) ) ;
#4379 = DIRECTION ( 'NONE',  ( -1.000000000000000000, -1.445602896647338917E-16, 0.000000000000000000 ) ) ;
#4380 = ORIENTED_EDGE ( 'NONE', *, *, #4047, .F. ) ;
#4381 = EDGE_LOOP ( 'NONE', ( #98, #1877, #2720, #2556 ) ) ;
#4383 = FACE_OUTER_BOUND ( 'NONE', #2748, .T. ) ;
#4382 = DIRECTION ( 'NONE',  ( -0.9792902988571843270, -0.2024611334656767903, -0.000000000000000000 ) ) ;
#4384 = CARTESIAN_POINT ( 'NONE',  ( 12.23461559754601424, -13.96003667199245868, 8.500000000000000000 ) ) ;
#4385 = TOROIDAL_SURFACE ( 'NONE', #510, 9.999999999999998224, 1.000000000000000000 ) ;
#4386 = CARTESIAN_POINT ( 'NONE',  ( -32.00000000000000000, 5.000000000000000000, 0.000000000000000000 ) ) ;
#4387 = DIRECTION ( 'NONE',  ( 1.000000000000000000, 0.000000000000000000, 0.000000000000000000 ) ) ;
#4388 = ORIENTED_EDGE ( 'NONE', *, *, #680, .F. ) ;
#4389 = DIRECTION ( 'NONE',  ( 1.000000000000000000, 0.000000000000000000, 0.000000000000000000 ) ) ;
#4390 = VERTEX_POINT ( 'NONE', #4602 ) ;
#4391 = CARTESIAN_POINT ( 'NONE',  ( -21.52859211756936020, 5.528592117571404785, 0.08382357770382911633 ) ) ;
#4392 = DIRECTION ( 'NONE',  ( 0.000000000000000000, 0.000000000000000000, 1.000000000000000000 ) ) ;
#4393 = EDGE_LOOP ( 'NONE', ( #1355, #1040, #29, #5427 ) ) ;
#4394 = CARTESIAN_POINT ( 'NONE',  ( -25.96545236919031652, 0.04766134921489825760, 4.000000000000000888 ) ) ;
#4395 = COLOUR_RGB ( '',0.7921568627450980005, 0.8196078431372548767, 0.9333333333333333481 ) ;
#4396 = EDGE_LOOP ( 'NONE', ( #1721, #4440, #314, #2615 ) ) ;
#4397 = CARTESIAN_POINT ( 'NONE',  ( -21.26183884622514597, -5.261838846226106980, 2.413191403713537129E-13 ) ) ;
#4398 = CARTESIAN_POINT ( 'NONE',  ( 16.03461559754601495, -13.96003667199245868, 9.000000000000001776 ) ) ;
#4399 = DIRECTION ( 'NONE',  ( 0.000000000000000000, 0.000000000000000000, 1.000000000000000000 ) ) ;
#4400 = DIRECTION ( 'NONE',  ( 0.000000000000000000, -1.000000000000000000, 0.000000000000000000 ) ) ;
#4401 = VECTOR ( 'NONE', #1703, 1000.000000000000000 ) ;
#4402 = AXIS2_PLACEMENT_3D ( 'NONE', #803, #2394, #3676 ) ;
#4403 = CARTESIAN_POINT ( 'NONE',  ( 20.99999999999999645, 5.000000000000000000, 15.50000000000000000 ) ) ;
#4404 = EDGE_CURVE ( 'NONE', #4483, #1158, #1957, .T. ) ;
#4405 = DIRECTION ( 'NONE',  ( 1.000000000000000000, 0.000000000000000000, 0.000000000000000000 ) ) ;
#4406 = AXIS2_PLACEMENT_3D ( 'NONE', #4253, #901, #3054 ) ;
#4407 = EDGE_CURVE ( 'NONE', #5042, #3320, #3781, .T. ) ;
#4408 = EDGE_LOOP ( 'NONE', ( #445, #4029, #4559, #4064 ) ) ;
#4409 = ORIENTED_EDGE ( 'NONE', *, *, #1264, .F. ) ;
#4411 = CYLINDRICAL_SURFACE ( 'NONE', #4737, 1.000000000000000888 ) ;
#4410 = DIRECTION ( 'NONE',  ( 0.000000000000000000, -0.000000000000000000, -1.000000000000000000 ) ) ;
#4412 = DIRECTION ( 'NONE',  ( 0.000000000000000000, 0.000000000000000000, 1.000000000000000000 ) ) ;
#4413 = AXIS2_PLACEMENT_3D ( 'NONE', #5131, #3059, #120 ) ;
#4414 = CARTESIAN_POINT ( 'NONE',  ( 3.113626071996446587, -14.68612785815277277, 8.500000000000000000 ) ) ;
#4415 = FACE_OUTER_BOUND ( 'NONE', #832, .T. ) ;
#4416 = CIRCLE ( 'NONE', #449, 1.000000000000000000 ) ;
#4417 = CARTESIAN_POINT ( 'NONE',  ( -9.999999999999998224, 1.224646799147353059E-15, 15.50000000000000000 ) ) ;
#4418 = ORIENTED_EDGE ( 'NONE', *, *, #565, .T. ) ;
#4419 = CIRCLE ( 'NONE', #1781, 9.500000000000000000 ) ;
#4420 = FACE_OUTER_BOUND ( 'NONE', #1606, .T. ) ;
#4421 = ORIENTED_EDGE ( 'NONE', *, *, #1450, .F. ) ;
#4422 = CARTESIAN_POINT ( 'NONE',  ( -22.50345202424027491, 5.501150674746866365, 0.1321684013746071695 ) ) ;
#4423 = CARTESIAN_POINT ( 'NONE',  ( -13.86538440245398718, -13.96003667199245868, 9.000000000000001776 ) ) ;
#4424 = ORIENTED_EDGE ( 'NONE', *, *, #3630, .F. ) ;
#4425 = CARTESIAN_POINT ( 'NONE',  ( -25.88395306043829436, 0.000000000000000000, 1.000000000000000000 ) ) ;
#4426 = CARTESIAN_POINT ( 'NONE',  ( 28.08395306043829365, 0.000000000000000000, 0.000000000000000000 ) ) ;
#4427 = ORIENTED_EDGE ( 'NONE', *, *, #3646, .F. ) ;
#4428 = CARTESIAN_POINT ( 'NONE',  ( 15.53461559754601495, -13.96003667199245868, -4.500000000000000888 ) ) ;
#4429 = CARTESIAN_POINT ( 'NONE',  ( 0.08565011636694659647, -26.06148069700425296, 8.000000000000000000 ) ) ;
#4430 = LINE ( 'NONE', #3907, #5035 ) ;
#4431 = EDGE_LOOP ( 'NONE', ( #1739, #2891, #4276, #1699 ) ) ;
#4432 = EDGE_CURVE ( 'NONE', #5, #5040, #2399, .T. ) ;
#4433 = CIRCLE ( 'NONE', #823, 9.000000000000000000 ) ;
#4434 = CYLINDRICAL_SURFACE ( 'NONE', #1424, 9.000000000000000000 ) ;
#4435 = CARTESIAN_POINT ( 'NONE',  ( -22.75735931288070546, 5.585786437626905965, 15.49999999999999822 ) ) ;
#4436 = EDGE_CURVE ( 'NONE', #3920, #679, #2053, .T. ) ;
#4437 = EDGE_CURVE ( 'NONE', #594, #4132, #2401, .T. ) ;
#4438 = CARTESIAN_POINT ( 'NONE',  ( -23.98066173567859138, 5.993553911892789188, 0.8691019233317233139 ) ) ;
#4439 = TOROIDAL_SURFACE ( 'NONE', #2780, 2.400000000000001243, 1.000000000000000000 ) ;
#4440 = ORIENTED_EDGE ( 'NONE', *, *, #2836, .T. ) ;
#4441 = CIRCLE ( 'NONE', #1103, 1.000000000000000888 ) ;
#4442 = ORIENTED_EDGE ( 'NONE', *, *, #4432, .F. ) ;
#4443 = EDGE_CURVE ( 'NONE', #317, #1063, #3606, .T. ) ;
#4445 = CARTESIAN_POINT ( 'NONE',  ( 21.66082675115209000, 6.982480253456193608, 0.2466131887789954347 ) ) ;
#4444 = DIRECTION ( 'NONE',  ( 1.000000000000000000, 0.000000000000000000, 0.000000000000000000 ) ) ;
#4446 = DIRECTION ( 'NONE',  ( 1.224646799147353207E-16, 1.000000000000000000, 0.000000000000000000 ) ) ;
#4447 = ORIENTED_EDGE ( 'NONE', *, *, #3922, .F. ) ;
#4448 = CIRCLE ( 'NONE', #4091, 2.000000000000001776 ) ;
#4449 = VECTOR ( 'NONE', #3223, 1000.000000000000000 ) ;
#4450 = VECTOR ( 'NONE', #5375, 1000.000000000000000 ) ;
#4451 = CARTESIAN_POINT ( 'NONE',  ( 16.03461559754572363, 14.03996332800754132, 8.500000000000000000 ) ) ;
#4452 = CARTESIAN_POINT ( 'NONE',  ( -34.00000000000000000, 6.000000000000000000, 14.49999999999999822 ) ) ;
#4453 = EDGE_LOOP ( 'NONE', ( #3439, #3251, #3079, #3419 ) ) ;
#4454 = EDGE_LOOP ( 'NONE', ( #405, #809, #2359, #2364 ) ) ;
#4455 = DIRECTION ( 'NONE',  ( -0.000000000000000000, -0.000000000000000000, -1.000000000000000000 ) ) ;
#4456 = CIRCLE ( 'NONE', #3474, 1.000000000000000000 ) ;
#4457 = ORIENTED_EDGE ( 'NONE', *, *, #3639, .T. ) ;
#4458 =( GEOMETRIC_REPRESENTATION_CONTEXT ( 3 ) GLOBAL_UNCERTAINTY_ASSIGNED_CONTEXT ( ( #4960 ) ) GLOBAL_UNIT_ASSIGNED_CONTEXT ( ( #4482, #1589, #3655 ) ) REPRESENTATION_CONTEXT ( 'NONE', 'WORKASPACE' ) );
#4459 = DIRECTION ( 'NONE',  ( 1.577021341797097807E-16, -1.000000000000000000, 0.000000000000000000 ) ) ;
#4460 = CIRCLE ( 'NONE', #2086, 1.400000000000000133 ) ;
#4461 = ORIENTED_EDGE ( 'NONE', *, *, #1681, .T. ) ;
#4462 = FACE_BOUND ( 'NONE', #1409, .T. ) ;
#4463 = CYLINDRICAL_SURFACE ( 'NONE', #5139, 2.000000000000001776 ) ;
#4464 = ORIENTED_EDGE ( 'NONE', *, *, #2892, .T. ) ;
#4465 = DIRECTION ( 'NONE',  ( 0.000000000000000000, 0.000000000000000000, -1.000000000000000000 ) ) ;
#4466 = FACE_OUTER_BOUND ( 'NONE', #2840, .T. ) ;
#4467 = CARTESIAN_POINT ( 'NONE',  ( -19.99999999999998934, -20.09759305442772259, 3.500000000000000888 ) ) ;
#4468 = LINE ( 'NONE', #1626, #3660 ) ;
#4469 = FACE_OUTER_BOUND ( 'NONE', #3486, .T. ) ;
#4470 = CARTESIAN_POINT ( 'NONE',  ( 21.60998979129221098, -6.829969373877111671, 15.29510762597977980 ) ) ;
#4471 = VECTOR ( 'NONE', #4285, 1000.000000000000000 ) ;
#4472 = ADVANCED_FACE ( 'NONE', ( #3720 ), #4108, .T. ) ;
#4473 = EDGE_LOOP ( 'NONE', ( #3271, #2451, #2001, #824 ) ) ;
#4474 = ORIENTED_EDGE ( 'NONE', *, *, #2493, .T. ) ;
#4476 = DIRECTION ( 'NONE',  ( -0.000000000000000000, 0.000000000000000000, 1.000000000000000000 ) ) ;
#4475 = CARTESIAN_POINT ( 'NONE',  ( 21.00000000000000000, -5.999999999999998224, 15.50000000000000000 ) ) ;
#4477 = CARTESIAN_POINT ( 'NONE',  ( 18.21144779606469299, -16.98201256699031703, 2.000000000000000888 ) ) ;
#4478 = DIRECTION ( 'NONE',  ( -0.9782559316841348274, -0.2074013792741155326, 0.000000000000000000 ) ) ;
#4479 = CARTESIAN_POINT ( 'NONE',  ( -22.08421465096713732, 6.084214650967142646, 14.29731873484353777 ) ) ;
#4480 = DIRECTION ( 'NONE',  ( 0.000000000000000000, 0.000000000000000000, 1.000000000000000000 ) ) ;
#4481 = VERTEX_POINT ( 'NONE', #1585 ) ;
#4482 =( LENGTH_UNIT ( ) NAMED_UNIT ( * ) SI_UNIT ( .MILLI., .METRE. ) );
#4483 = VERTEX_POINT ( 'NONE', #1244 ) ;
#4484 = CARTESIAN_POINT ( 'NONE',  ( -20.99999999999998934, 4.999999999999998224, 0.000000000000000000 ) ) ;
#4485 = EDGE_CURVE ( 'NONE', #4390, #3656, #5420, .T. ) ;
#4486 = AXIS2_PLACEMENT_3D ( 'NONE', #4777, #1361, #3045 ) ;
#4487 = AXIS2_PLACEMENT_3D ( 'NONE', #1643, #3339, #240 ) ;
#4488 = DIRECTION ( 'NONE',  ( 1.000000000000000000, -0.000000000000000000, 0.000000000000000000 ) ) ;
#4489 = ADVANCED_FACE ( 'NONE', ( #3652 ), #5012, .T. ) ;
#4490 = CIRCLE ( 'NONE', #3331, 1.000000000000000888 ) ;
#4491 = ORIENTED_EDGE ( 'NONE', *, *, #2762, .T. ) ;
#4492 = PLANE ( 'NONE',  #121 ) ;
#4493 = LINE ( 'NONE', #745, #1376 ) ;
#4494 = VERTEX_POINT ( 'NONE', #1638 ) ;
#4495 = FACE_OUTER_BOUND ( 'NONE', #369, .T. ) ;
#4496 = DIRECTION ( 'NONE',  ( 0.000000000000000000, 1.000000000000000000, 0.000000000000000000 ) ) ;
#4497 = CARTESIAN_POINT ( 'NONE',  ( 20.00000000000000000, 20.00000000000000355, 8.000000000000000000 ) ) ;
#4498 = VECTOR ( 'NONE', #1718, 1000.000000000000000 ) ;
#4499 = ORIENTED_EDGE ( 'NONE', *, *, #4443, .F. ) ;
#4500 = CARTESIAN_POINT ( 'NONE',  ( -20.99999999999998934, -20.99999999999998934, 8.500000000000000000 ) ) ;
#4501 = CARTESIAN_POINT ( 'NONE',  ( 20.96745767355463741, -21.03254232644536259, 0.0003971655611128892217 ) ) ;
#4502 = CARTESIAN_POINT ( 'NONE',  ( 22.32945361729163025, -5.443151205763772538, 15.39883296068304652 ) ) ;
#4503 = AXIS2_PLACEMENT_3D ( 'NONE', #4729, #3544, #1431 ) ;
#4504 = CIRCLE ( 'NONE', #349, 2.200000000000000622 ) ;
#4505 = VECTOR ( 'NONE', #2176, 1000.000000000000000 ) ;
#4506 = ORIENTED_EDGE ( 'NONE', *, *, #1412, .F. ) ;
#4507 = ORIENTED_EDGE ( 'NONE', *, *, #668, .F. ) ;
#4508 = DIRECTION ( 'NONE',  ( 0.000000000000000000, 0.000000000000000000, -1.000000000000000000 ) ) ;
#4509 = CARTESIAN_POINT ( 'NONE',  ( -28.08395306043829365, 0.000000000000000000, 0.000000000000000000 ) ) ;
#4510 = CARTESIAN_POINT ( 'NONE',  ( -22.14328425823975977, 6.143284258239351203, 14.83131851558009906 ) ) ;
#4511 = ORIENTED_EDGE ( 'NONE', *, *, #1684, .T. ) ;
#4512 = EDGE_CURVE ( 'NONE', #4483, #2826, #2858, .T. ) ;
#4513 = AXIS2_PLACEMENT_3D ( 'NONE', #3597, #2287, #3569 ) ;
#4514 = ORIENTED_EDGE ( 'NONE', *, *, #3594, .T. ) ;
#4515 = TOROIDAL_SURFACE ( 'NONE', #2225, 10.49999999999999645, 0.5000000000000000000 ) ;
#4516 = AXIS2_PLACEMENT_3D ( 'NONE', #5039, #78, #2960 ) ;
#4517 = CARTESIAN_POINT ( 'NONE',  ( 20.00000000000000000, -20.09759305442772259, 8.500000000000000000 ) ) ;
#4518 = CIRCLE ( 'NONE', #3799, 1.999999999999998224 ) ;
#4519 = EDGE_LOOP ( 'NONE', ( #954, #3003, #1634, #3024, #1196 ) ) ;
#4520 = ADVANCED_FACE ( 'NONE', ( #1144 ), #3334, .F. ) ;
#4521 = FACE_OUTER_BOUND ( 'NONE', #2426, .T. ) ;
#4522 = DIRECTION ( 'NONE',  ( 1.000000000000000000, 0.000000000000000000, 0.000000000000000000 ) ) ;
#4523 = ORIENTED_EDGE ( 'NONE', *, *, #836, .T. ) ;
#4524 = EDGE_CURVE ( 'NONE', #3968, #3337, #1508, .T. ) ;
#4525 = FACE_OUTER_BOUND ( 'NONE', #4431, .T. ) ;
#4526 = CARTESIAN_POINT ( 'NONE',  ( -12.46538440245427815, 14.03996332800754132, 14.49999999999999822 ) ) ;
#4527 = DIRECTION ( 'NONE',  ( 0.000000000000000000, 0.000000000000000000, -1.000000000000000000 ) ) ;
#4528 = LINE ( 'NONE', #4926, #729 ) ;
#4529 =( BOUNDED_CURVE ( )  B_SPLINE_CURVE ( 3, ( #4979, #4435, #665, #1997 ),
 .UNSPECIFIED., .F., .T. ) 
 B_SPLINE_CURVE_WITH_KNOTS ( ( 4, 4 ),
 ( 4.712388980384689674, 6.283185307179586232 ),
 .UNSPECIFIED. ) 
 CURVE ( )  GEOMETRIC_REPRESENTATION_ITEM ( )  RATIONAL_B_SPLINE_CURVE ( ( 1.000000000000000000, 0.8047378541243649375, 0.8047378541243649375, 1.000000000000000000 ) ) 
 REPRESENTATION_ITEM ( '' )  );
#4530 = ORIENTED_EDGE ( 'NONE', *, *, #2409, .F. ) ;
#4531 = ORIENTED_EDGE ( 'NONE', *, *, #931, .F. ) ;
#4532 = DIRECTION ( 'NONE',  ( -7.885106708985489034E-17, 1.000000000000000000, -0.000000000000000000 ) ) ;
#4533 = DIRECTION ( 'NONE',  ( 0.000000000000000000, 0.000000000000000000, 1.000000000000000000 ) ) ;
#4534 = CARTESIAN_POINT ( 'NONE',  ( -20.99999999999999289, 4.999999999999994671, 15.49999999999999822 ) ) ;
#4535 = ORIENTED_EDGE ( 'NONE', *, *, #721, .T. ) ;
#4536 = DIRECTION ( 'NONE',  ( 0.000000000000000000, 0.000000000000000000, 1.000000000000000000 ) ) ;
#4537 = EDGE_LOOP ( 'NONE', ( #1866, #3301 ) ) ;
#4538 = CIRCLE ( 'NONE', #2513, 1.400000000000000133 ) ;
#4539 = LINE ( 'NONE', #2114, #3006 ) ;
#4540 = CIRCLE ( 'NONE', #1274, 1.150000000000001688 ) ;
#4541 = ORIENTED_EDGE ( 'NONE', *, *, #2847, .F. ) ;
#4542 = AXIS2_PLACEMENT_3D ( 'NONE', #3292, #1203, #4965 ) ;
#4543 = EDGE_CURVE ( 'NONE', #3513, #81, #4153, .T. ) ;
#4544 = ORIENTED_EDGE ( 'NONE', *, *, #5202, .F. ) ;
#4545 = DIRECTION ( 'NONE',  ( 0.000000000000000000, -1.000000000000000000, 0.000000000000000000 ) ) ;
#4546 = CYLINDRICAL_SURFACE ( 'NONE', #220, 1.000000000000000888 ) ;
#4547 = CARTESIAN_POINT ( 'NONE',  ( 0.000000000000000000, 0.000000000000000000, 8.500000000000000000 ) ) ;
#4548 = CARTESIAN_POINT ( 'NONE',  ( -32.00000000000000000, 6.000000000000000000, 14.49999999999999822 ) ) ;
#4549 = EDGE_CURVE ( 'NONE', #2319, #3077, #4725, .T. ) ;
#4550 = FACE_OUTER_BOUND ( 'NONE', #422, .T. ) ;
#4551 = EDGE_CURVE ( 'NONE', #4938, #2702, #2997, .T. ) ;
#4552 = ORIENTED_EDGE ( 'NONE', *, *, #749, .F. ) ;
#4553 = ORIENTED_EDGE ( 'NONE', *, *, #1301, .T. ) ;
#4554 = CARTESIAN_POINT ( 'NONE',  ( 15.89223014806248280, -2.057588382246215986, 8.500000000000000000 ) ) ;
#4555 = DIRECTION ( 'NONE',  ( 1.000000000000000000, -0.000000000000000000, 0.000000000000000000 ) ) ;
#4556 = CARTESIAN_POINT ( 'NONE',  ( 11.73461559754601247, -13.96003667199245868, 14.49999999999999822 ) ) ;
#4557 = ORIENTED_EDGE ( 'NONE', *, *, #1048, .T. ) ;
#4558 = DIRECTION ( 'NONE',  ( 0.000000000000000000, 0.000000000000000000, -1.000000000000000000 ) ) ;
#4559 = ORIENTED_EDGE ( 'NONE', *, *, #2431, .T. ) ;
#4560 = DIRECTION ( 'NONE',  ( -0.9798975149153361652, 0.1995015294747100598, -0.000000000000000000 ) ) ;
#4561 = CARTESIAN_POINT ( 'NONE',  ( -13.86538440245427850, 14.03996332800754132, 14.49999999999999822 ) ) ;
#4562 = EDGE_LOOP ( 'NONE', ( #558, #3539, #3392, #1842 ) ) ;
#4563 = DIRECTION ( 'NONE',  ( -0.000000000000000000, -0.000000000000000000, 1.000000000000000000 ) ) ;
#4564 = EDGE_LOOP ( 'NONE', ( #4523, #1755, #410, #4724 ) ) ;
#4565 = FACE_OUTER_BOUND ( 'NONE', #337, .T. ) ;
#4566 = EDGE_CURVE ( 'NONE', #3854, #3294, #5089, .T. ) ;
#4567 = VECTOR ( 'NONE', #200, 1000.000000000000114 ) ;
#4568 = EDGE_CURVE ( 'NONE', #2702, #4938, #620, .T. ) ;
#4569 = CARTESIAN_POINT ( 'NONE',  ( -33.00000000000000000, -4.000000000000000000, 1.000000000000000000 ) ) ;
#4570 = CARTESIAN_POINT ( 'NONE',  ( 21.89883296083730357, 7.696498882512003981, 0.5568487946086303486 ) ) ;
#4571 = FACE_OUTER_BOUND ( 'NONE', #2157, .T. ) ;
#4572 = CARTESIAN_POINT ( 'NONE',  ( 21.00000000000000000, 1.655872408886952944E-15, 0.000000000000000000 ) ) ;
#4573 = EDGE_CURVE ( 'NONE', #19, #3626, #464, .T. ) ;
#4574 = ORIENTED_EDGE ( 'NONE', *, *, #2218, .T. ) ;
#4575 = CARTESIAN_POINT ( 'NONE',  ( 34.00000000000000000, 4.000000000000000000, 0.000000000000000000 ) ) ;
#4576 = EDGE_CURVE ( 'NONE', #137, #2334, #2483, .T. ) ;
#4577 = DIRECTION ( 'NONE',  ( 7.885106708985489034E-17, -1.000000000000000000, 0.000000000000000000 ) ) ;
#4578 = VECTOR ( 'NONE', #2254, 1000.000000000000000 ) ;
#4579 = CARTESIAN_POINT ( 'NONE',  ( 28.08395306043829365, 0.000000000000000000, 14.49999999999999822 ) ) ;
#4580 = ORIENTED_EDGE ( 'NONE', *, *, #3865, .T. ) ;
#4581 = CARTESIAN_POINT ( 'NONE',  ( -16.93855220393531269, -16.98201256699031703, 8.500000000000000000 ) ) ;
#4582 = VECTOR ( 'NONE', #781, 1000.000000000000000 ) ;
#4583 = ORIENTED_EDGE ( 'NONE', *, *, #2228, .T. ) ;
#4584 = DIRECTION ( 'NONE',  ( 0.000000000000000000, 0.000000000000000000, -1.000000000000000000 ) ) ;
#4585 = CYLINDRICAL_SURFACE ( 'NONE', #4487, 1.400000000000000133 ) ;
#4586 = DIRECTION ( 'NONE',  ( 1.000000000000000000, 0.000000000000000000, 0.000000000000000000 ) ) ;
#4587 = ORIENTED_EDGE ( 'NONE', *, *, #185, .F. ) ;
#4588 = DIRECTION ( 'NONE',  ( 1.000000000000000000, 0.000000000000000000, 0.000000000000000000 ) ) ;
#4589 = VERTEX_POINT ( 'NONE', #3805 ) ;
#4590 = AXIS2_PLACEMENT_3D ( 'NONE', #4835, #5300, #1452 ) ;
#4591 = CIRCLE ( 'NONE', #633, 1.000000000000000888 ) ;
#4592 = CARTESIAN_POINT ( 'NONE',  ( -22.00000000005318057, -6.000000000052663651, 1.065929979383630544 ) ) ;
#4593 = CARTESIAN_POINT ( 'NONE',  ( 23.84677831255590519, 5.948926104185221497, 0.6777843406610708499 ) ) ;
#4594 = ADVANCED_FACE ( 'NONE', ( #5140 ), #390, .F. ) ;
#4595 = CARTESIAN_POINT ( 'NONE',  ( 22.02042741724565289, 6.020427417245657331, 14.37060832088875806 ) ) ;
#4596 = DIRECTION ( 'NONE',  ( -1.445602896647338917E-16, -1.000000000000000000, 0.000000000000000000 ) ) ;
#4597 = ADVANCED_FACE ( 'NONE', ( #57 ), #451, .T. ) ;
#4598 = ORIENTED_EDGE ( 'NONE', *, *, #217, .T. ) ;
#4599 = EDGE_CURVE ( 'NONE', #4157, #4890, #2202, .T. ) ;
#4600 = CARTESIAN_POINT ( 'NONE',  ( -21.60998979129240993, -6.829969373877111671, 15.29510762597964479 ) ) ;
#4601 = EDGE_CURVE ( 'NONE', #108, #2421, #3181, .T. ) ;
#4602 = CARTESIAN_POINT ( 'NONE',  ( 32.00000000000000000, 5.000000000000000000, 15.50000000000000000 ) ) ;
#4603 = CARTESIAN_POINT ( 'NONE',  ( 20.99999999999999645, 22.00000000000000711, 15.50000000000000000 ) ) ;
#4604 = EDGE_CURVE ( 'NONE', #3595, #1796, #1370, .T. ) ;
#4605 = VERTEX_POINT ( 'NONE', #1340 ) ;
#4606 = ORIENTED_EDGE ( 'NONE', *, *, #452, .F. ) ;
#4607 = DIRECTION ( 'NONE',  ( -0.000000000000000000, -0.000000000000000000, 1.000000000000000000 ) ) ;
#4608 = LINE ( 'NONE', #1543, #4203 ) ;
#4609 = ADVANCED_FACE ( 'NONE', ( #3423 ), #800, .T. ) ;
#4610 = CYLINDRICAL_SURFACE ( 'NONE', #1247, 0.5000000000000000000 ) ;
#4611 = VERTEX_POINT ( 'NONE', #113 ) ;
#4612 = EDGE_CURVE ( 'NONE', #4890, #3163, #1812, .T. ) ;
#4613 = CARTESIAN_POINT ( 'NONE',  ( -33.00000000000000000, 4.000000000000000000, 1.000000000000000000 ) ) ;
#4614 = ORIENTED_EDGE ( 'NONE', *, *, #4639, .F. ) ;
#4615 = AXIS2_PLACEMENT_3D ( 'NONE', #416, #2937, #1305 ) ;
#4616 = AXIS2_PLACEMENT_3D ( 'NONE', #1057, #2340, #5261 ) ;
#4617 = AXIS2_PLACEMENT_3D ( 'NONE', #3071, #3095, #3528 ) ;
#4618 = CIRCLE ( 'NONE', #4176, 1.999999999999998224 ) ;
#4619 = AXIS2_PLACEMENT_3D ( 'NONE', #750, #345, #773 ) ;
#4620 = CARTESIAN_POINT ( 'NONE',  ( -25.96545236919031652, 0.04766134921489825760, 8.000000000000000000 ) ) ;
#4621 = DIRECTION ( 'NONE',  ( 1.000000000000000000, 0.000000000000000000, 0.000000000000000000 ) ) ;
#4622 = CARTESIAN_POINT ( 'NONE',  ( -16.28855220393495529, 17.01798743300968653, 2.000000000000000888 ) ) ;
#4623 = LINE ( 'NONE', #5049, #4693 ) ;
#4624 = AXIS2_PLACEMENT_3D ( 'NONE', #3863, #4212, #1691 ) ;
#4625 = VERTEX_POINT ( 'NONE', #3396 ) ;
#4626 = CARTESIAN_POINT ( 'NONE',  ( -21.26174788556692619, -5.785243656702554915, 15.47397267616809025 ) ) ;
#4627 = CARTESIAN_POINT ( 'NONE',  ( 21.60998979129245612, -6.829969373877000649, 0.2048923740203794364 ) ) ;
#4628 = CARTESIAN_POINT ( 'NONE',  ( -21.58578643762690064, 6.757359312880714342, 5.090064209260729951E-17 ) ) ;
#4629 = ORIENTED_EDGE ( 'NONE', *, *, #257, .F. ) ;
#4630 = ORIENTED_EDGE ( 'NONE', *, *, #5439, .F. ) ;
#4631 = DIRECTION ( 'NONE',  ( 1.000000000000000000, 0.000000000000000000, 0.000000000000000000 ) ) ;
#4632 = CARTESIAN_POINT ( 'NONE',  ( 24.00000000000000355, -5.999999999999998224, 14.49999999999999822 ) ) ;
#4633 = CARTESIAN_POINT ( 'NONE',  ( -16.93855220393531269, -16.98201256699031703, 8.500000000000000000 ) ) ;
#4634 = ORIENTED_EDGE ( 'NONE', *, *, #1746, .T. ) ;
#4636 = AXIS2_PLACEMENT_3D ( 'NONE', #1823, #5162, #576 ) ;
#4635 = CARTESIAN_POINT ( 'NONE',  ( 11.73461559754601247, -13.96003667199245868, 15.50000000000000000 ) ) ;
#4637 = ORIENTED_EDGE ( 'NONE', *, *, #2228, .F. ) ;
#4638 = ADVANCED_FACE ( 'NONE', ( #4223 ), #3080, .T. ) ;
#4639 = EDGE_CURVE ( 'NONE', #1916, #1504, #2148, .T. ) ;
#4640 = CARTESIAN_POINT ( 'NONE',  ( 21.26174788556751949, -5.785243656702555803, 0.02602732383215337550 ) ) ;
#4641 = DIRECTION ( 'NONE',  ( 1.000000000000000000, 1.577021341797097807E-16, -0.000000000000000000 ) ) ;
#4642 = ORIENTED_EDGE ( 'NONE', *, *, #2442, .T. ) ;
#4643 = CARTESIAN_POINT ( 'NONE',  ( -23.69649888251181480, -5.898832960837337325, 0.5568487946087206097 ) ) ;
#4644 = CARTESIAN_POINT ( 'NONE',  ( 24.00000000000000000, 8.000000000000000000, 1.000000000000000000 ) ) ;
#4645 = FACE_OUTER_BOUND ( 'NONE', #2158, .T. ) ;
#4646 = CARTESIAN_POINT ( 'NONE',  ( 0.000000000000000000, 0.000000000000000000, 15.50000000000000000 ) ) ;
#4647 = AXIS2_PLACEMENT_3D ( 'NONE', #2433, #4952, #1518 ) ;
#4648 = DIRECTION ( 'NONE',  ( 1.000000000000000000, 0.000000000000000000, 0.000000000000000000 ) ) ;
#4649 = ORIENTED_EDGE ( 'NONE', *, *, #3828, .T. ) ;
#4650 = CARTESIAN_POINT ( 'NONE',  ( -22.21530969695821511, -6.215309696958116525, 14.63582090926657386 ) ) ;
#4651 = DIRECTION ( 'NONE',  ( -0.000000000000000000, -0.000000000000000000, 1.000000000000000000 ) ) ;
#4652 = CIRCLE ( 'NONE', #5079, 1.650000000000002132 ) ;
#4653 = LINE ( 'NONE', #1219, #883 ) ;
#4654 = ORIENTED_EDGE ( 'NONE', *, *, #1240, .T. ) ;
#4655 = ORIENTED_EDGE ( 'NONE', *, *, #1271, .T. ) ;
#4656 = ORIENTED_EDGE ( 'NONE', *, *, #2151, .F. ) ;
#4657 = LINE ( 'NONE', #5083, #1101 ) ;
#4658 = FACE_OUTER_BOUND ( 'NONE', #3862, .T. ) ;
#4659 = ADVANCED_FACE ( 'NONE', ( #86 ), #4061, .T. ) ;
#4660 = AXIS2_PLACEMENT_3D ( 'NONE', #5258, #4198, #4150 ) ;
#4661 = CARTESIAN_POINT ( 'NONE',  ( -21.99999999999999645, -7.999999999999998224, 14.49999999999999822 ) ) ;
#4662 = CARTESIAN_POINT ( 'NONE',  ( -19.99999999999998224, -20.09759305442771193, 8.292893218813450318 ) ) ;
#4663 = ADVANCED_FACE ( 'NONE', ( #1782 ), #173, .F. ) ;
#4664 = AXIS2_PLACEMENT_3D ( 'NONE', #2559, #4641, #3846 ) ;
#4665 = ORIENTED_EDGE ( 'NONE', *, *, #777, .F. ) ;
#4666 = DIRECTION ( 'NONE',  ( 0.000000000000000000, -0.000000000000000000, -1.000000000000000000 ) ) ;
#4667 = ORIENTED_EDGE ( 'NONE', *, *, #4077, .F. ) ;
#4668 = CIRCLE ( 'NONE', #2131, 1.150000000000001688 ) ;
#4669 = EDGE_CURVE ( 'NONE', #378, #5, #271, .T. ) ;
#4670 = DIRECTION ( 'NONE',  ( -0.000000000000000000, 0.000000000000000000, 1.000000000000000000 ) ) ;
#4671 = CARTESIAN_POINT ( 'NONE',  ( 26.18943204352341780, -0.003900693205934752106, 8.000000000000000000 ) ) ;
#4672 = ORIENTED_EDGE ( 'NONE', *, *, #2628, .T. ) ;
#4673 = AXIS2_PLACEMENT_3D ( 'NONE', #5212, #4806, #4008 ) ;
#4674 = EDGE_CURVE ( 'NONE', #3364, #1557, #977, .T. ) ;
#4676 = CYLINDRICAL_SURFACE ( 'NONE', #2606, 1.999999999999998224 ) ;
#4675 = TOROIDAL_SURFACE ( 'NONE', #4226, 2.400000000000001243, 1.000000000000000000 ) ;
#4677 = LINE ( 'NONE', #456, #4401 ) ;
#4678 = CARTESIAN_POINT ( 'NONE',  ( -32.00000000000000000, 4.000000000000000000, 14.49999999999999822 ) ) ;
#4679 = AXIS2_PLACEMENT_3D ( 'NONE', #961, #3989, #2706 ) ;
#4680 = DIRECTION ( 'NONE',  ( 0.000000000000000000, -1.000000000000000000, 0.000000000000000000 ) ) ;
#4681 = AXIS2_PLACEMENT_3D ( 'NONE', #1745, #3448, #3046 ) ;
#4682 = VECTOR ( 'NONE', #4736, 1000.000000000000000 ) ;
#4683 = ORIENTED_EDGE ( 'NONE', *, *, #2272, .T. ) ;
#4684 = CARTESIAN_POINT ( 'NONE',  ( -20.99999999999998934, -4.999999999999995559, 15.49999999999999822 ) ) ;
#4685 = CARTESIAN_POINT ( 'NONE',  ( 21.99355391189279629, -7.980661735678422630, 0.8691019233317607284 ) ) ;
#4686 = FACE_OUTER_BOUND ( 'NONE', #1981, .T. ) ;
#4687 = VERTEX_POINT ( 'NONE', #4252 ) ;
#4688 = ORIENTED_EDGE ( 'NONE', *, *, #12, .T. ) ;
#4689 = DIRECTION ( 'NONE',  ( 0.000000000000000000, -0.000000000000000000, -1.000000000000000000 ) ) ;
#4690 = DIRECTION ( 'NONE',  ( 1.000000000000000000, 0.000000000000000000, 0.000000000000000000 ) ) ;
#4691 = DIRECTION ( 'NONE',  ( 0.000000000000000000, 0.000000000000000000, -1.000000000000000000 ) ) ;
#4692 = DIRECTION ( 'NONE',  ( 0.000000000000000000, 0.000000000000000000, -1.000000000000000000 ) ) ;
#4693 = VECTOR ( 'NONE', #2072, 1000.000000000000227 ) ;
#4694 = ORIENTED_EDGE ( 'NONE', *, *, #1012, .T. ) ;
#4695 = CARTESIAN_POINT ( 'NONE',  ( 22.00000000000000000, 6.000000000000000000, 14.49999999999999822 ) ) ;
#4696 = ORIENTED_EDGE ( 'NONE', *, *, #3671, .T. ) ;
#4697 = DIRECTION ( 'NONE',  ( 0.000000000000000000, 0.000000000000000000, -1.000000000000000000 ) ) ;
#4698 = EDGE_CURVE ( 'NONE', #2657, #3756, #1679, .T. ) ;
#4699 = DIRECTION ( 'NONE',  ( 0.000000000000000000, -0.000000000000000000, -1.000000000000000000 ) ) ;
#4700 = CIRCLE ( 'NONE', #4349, 1.000000000000000888 ) ;
#4701 = ORIENTED_EDGE ( 'NONE', *, *, #2493, .F. ) ;
#4702 = FACE_OUTER_BOUND ( 'NONE', #3247, .T. ) ;
#4703 = CARTESIAN_POINT ( 'NONE',  ( 20.99999999999999645, 4.999999999999996447, 15.49999999999999822 ) ) ;
#4704 = CIRCLE ( 'NONE', #5318, 1.000000000000000888 ) ;
#4705 = LINE ( 'NONE', #935, #2508 ) ;
#4706 = AXIS2_PLACEMENT_3D ( 'NONE', #682, #5150, #650 ) ;
#4707 = AXIS2_PLACEMENT_3D ( 'NONE', #2941, #2485, #373 ) ;
#4708 = VERTEX_POINT ( 'NONE', #2670 ) ;
#4709 = EDGE_CURVE ( 'NONE', #2930, #2150, #4760, .T. ) ;
#4710 = CARTESIAN_POINT ( 'NONE',  ( -22.14328425823933699, -6.143284258239450679, 14.83131851558009373 ) ) ;
#4711 = ADVANCED_FACE ( 'NONE', ( #3398 ), #3270, .F. ) ;
#4712 = AXIS2_PLACEMENT_3D ( 'NONE', #2036, #2915, #340 ) ;
#4713 = CARTESIAN_POINT ( 'NONE',  ( 22.22877093707627694, -6.228770937075885250, 0.9577428085093671051 ) ) ;
#4714 = DIRECTION ( 'NONE',  ( -1.000000000000000000, 0.000000000000000000, 0.000000000000000000 ) ) ;
#4715 = ORIENTED_EDGE ( 'NONE', *, *, #871, .F. ) ;
#4716 = ORIENTED_EDGE ( 'NONE', *, *, #2722, .T. ) ;
#4717 = CARTESIAN_POINT ( 'NONE',  ( -9.000000000000000000, 0.000000000000000000, 9.000000000000001776 ) ) ;
#4718 = CARTESIAN_POINT ( 'NONE',  ( 2.178719991875586626, -16.28298088894380058, 4.000000000000000888 ) ) ;
#4719 = CARTESIAN_POINT ( 'NONE',  ( -15.96545236919032185, 0.04766134921489825760, 4.000000000000000888 ) ) ;
#4720 = DIRECTION ( 'NONE',  ( 1.000000000000000000, 0.000000000000000000, 0.000000000000000000 ) ) ;
#4721 = DIRECTION ( 'NONE',  ( 1.000000000000000000, 0.000000000000000000, 0.000000000000000000 ) ) ;
#4722 = ORIENTED_EDGE ( 'NONE', *, *, #3357, .T. ) ;
#4723 = CARTESIAN_POINT ( 'NONE',  ( 26.18943204352341780, -0.003900693205934752106, 4.000000000000000888 ) ) ;
#4724 = ORIENTED_EDGE ( 'NONE', *, *, #1684, .F. ) ;
#4725 =( BOUNDED_CURVE ( )  B_SPLINE_CURVE ( 3, ( #5030, #1295, #1324, #3832 ),
 .UNSPECIFIED., .F., .T. ) 
 B_SPLINE_CURVE_WITH_KNOTS ( ( 4, 4 ),
 ( 0.000000000000000000, 1.570796326794896558 ),
 .UNSPECIFIED. ) 
 CURVE ( )  GEOMETRIC_REPRESENTATION_ITEM ( )  RATIONAL_B_SPLINE_CURVE ( ( 1.000000000000000000, 0.8047378541243649375, 0.8047378541243649375, 1.000000000000000000 ) ) 
 REPRESENTATION_ITEM ( '' )  );
#4726 = DIRECTION ( 'NONE',  ( 0.000000000000000000, -0.000000000000000000, -1.000000000000000000 ) ) ;
#4727 = CARTESIAN_POINT ( 'NONE',  ( -19.99999999999998934, 20.00000000000000355, 1.000000000000000000 ) ) ;
#4728 = EDGE_LOOP ( 'NONE', ( #5075, #1297 ) ) ;
#4729 = CARTESIAN_POINT ( 'NONE',  ( 24.00000000000000000, -7.999999999999998224, 14.49999999999999822 ) ) ;
#4730 = CARTESIAN_POINT ( 'NONE',  ( 21.50115067474678909, 6.503452024240504947, 15.36783159862544323 ) ) ;
#4731 = CARTESIAN_POINT ( 'NONE',  ( -1.988363676374208744, -16.27892138016290247, 4.000000000000000888 ) ) ;
#4732 = DIRECTION ( 'NONE',  ( 0.000000000000000000, 0.000000000000000000, -1.000000000000000000 ) ) ;
#4733 = ADVANCED_FACE ( 'NONE', ( #847 ), #5096, .T. ) ;
#4734 = DIRECTION ( 'NONE',  ( 1.000000000000000000, 0.000000000000000000, 0.000000000000000000 ) ) ;
#4735 = LINE ( 'NONE', #964, #4838 ) ;
#4736 = DIRECTION ( 'NONE',  ( 0.000000000000000000, 1.000000000000000000, 0.000000000000000000 ) ) ;
#4737 = AXIS2_PLACEMENT_3D ( 'NONE', #2686, #4825, #4745 ) ;
#4738 = CARTESIAN_POINT ( 'NONE',  ( 21.93565644969583417, -5.935656449695938086, 0.3802531979568729570 ) ) ;
#4739 = ADVANCED_FACE ( 'NONE', ( #956 ), #2639, .F. ) ;
#4740 = DIRECTION ( 'NONE',  ( 1.000000000000000000, 0.000000000000000000, 0.000000000000000000 ) ) ;
#4741 = EDGE_LOOP ( 'NONE', ( #4654, #2147, #3222, #4541 ) ) ;
#4742 = ORIENTED_EDGE ( 'NONE', *, *, #1915, .F. ) ;
#4743 = ADVANCED_FACE ( 'NONE', ( #479 ), #58, .T. ) ;
#4745 = DIRECTION ( 'NONE',  ( 0.000000000000000000, 0.000000000000000000, 1.000000000000000000 ) ) ;
#4744 = CYLINDRICAL_SURFACE ( 'NONE', #1903, 1.150000000000001688 ) ;
#4746 = CARTESIAN_POINT ( 'NONE',  ( 20.00000000000000000, -20.09759305442772259, 8.500000000000000000 ) ) ;
#4747 = DIRECTION ( 'NONE',  ( 0.000000000000000000, 1.000000000000000000, 0.000000000000000000 ) ) ;
#4748 = DIRECTION ( 'NONE',  ( 1.000000000000000000, 0.000000000000000000, 0.000000000000000000 ) ) ;
#4749 = DIRECTION ( 'NONE',  ( -0.000000000000000000, 0.000000000000000000, 1.000000000000000000 ) ) ;
#4750 = ORIENTED_EDGE ( 'NONE', *, *, #927, .T. ) ;
#4751 = CARTESIAN_POINT ( 'NONE',  ( -11.96538440245427815, 14.03996332800754132, 8.500000000000000000 ) ) ;
#4752 = ORIENTED_EDGE ( 'NONE', *, *, #839, .T. ) ;
#4753 = VECTOR ( 'NONE', #973, 1000.000000000000000 ) ;
#4754 = AXIS2_PLACEMENT_3D ( 'NONE', #3468, #4651, #943 ) ;
#4755 = CARTESIAN_POINT ( 'NONE',  ( -34.00000000000000000, -5.000000000000000000, 0.000000000000000000 ) ) ;
#4756 = CARTESIAN_POINT ( 'NONE',  ( -13.86538440245398718, -13.96003667199245868, 15.50000000000000000 ) ) ;
#4757 = FACE_OUTER_BOUND ( 'NONE', #4092, .T. ) ;
#4758 = ORIENTED_EDGE ( 'NONE', *, *, #2272, .F. ) ;
#4759 = DIRECTION ( 'NONE',  ( 0.000000000000000000, 1.000000000000000000, -0.000000000000000000 ) ) ;
#4760 = CIRCLE ( 'NONE', #4930, 1.400000000000000133 ) ;
#4761 = CARTESIAN_POINT ( 'NONE',  ( -15.69688807482297754, 2.240054409878082797, 8.500000000000000000 ) ) ;
#4762 = CARTESIAN_POINT ( 'NONE',  ( 17.71144779606469655, -16.98201256699031703, 2.500000000000000888 ) ) ;
#4763 = DIRECTION ( 'NONE',  ( 1.000000000000000000, 0.000000000000000000, 0.000000000000000000 ) ) ;
#4764 = EDGE_CURVE ( 'NONE', #5204, #1158, #888, .T. ) ;
#4765 = CIRCLE ( 'NONE', #446, 1.650000000000002132 ) ;
#4766 = CARTESIAN_POINT ( 'NONE',  ( -16.18586732693570696, 2.135654740322692202, 8.000000000000000000 ) ) ;
#4767 = CARTESIAN_POINT ( 'NONE',  ( 24.00000000000000355, -7.999999999999998224, 1.000000000000000000 ) ) ;
#4768 = CIRCLE ( 'NONE', #8, 1.000000000000000888 ) ;
#4769 = VECTOR ( 'NONE', #1608, 1000.000000000000000 ) ;
#4770 = ADVANCED_FACE ( 'NONE', ( #2232 ), #627, .T. ) ;
#4771 = ORIENTED_EDGE ( 'NONE', *, *, #1209, .T. ) ;
#4772 = ORIENTED_EDGE ( 'NONE', *, *, #1104, .T. ) ;
#4774 = DIRECTION ( 'NONE',  ( -1.000000000000000000, 0.000000000000000000, 0.000000000000000000 ) ) ;
#4773 = CARTESIAN_POINT ( 'NONE',  ( -22.75735931288070546, -5.585786437626901524, 15.49999999999999822 ) ) ;
#4775 = DIRECTION ( 'NONE',  ( 1.000000000000000000, 0.000000000000000000, 0.000000000000000000 ) ) ;
#4776 = ADVANCED_FACE ( 'NONE', ( #4308 ), #5367, .T. ) ;
#4777 = CARTESIAN_POINT ( 'NONE',  ( 20.99999999999999645, 21.00000000000000355, 14.49999999999999822 ) ) ;
#4778 = DIRECTION ( 'NONE',  ( -0.000000000000000000, -0.000000000000000000, 1.000000000000000000 ) ) ;
#4779 = EDGE_CURVE ( 'NONE', #3320, #5042, #5093, .T. ) ;
#4780 = DIRECTION ( 'NONE',  ( -0.000000000000000000, 0.000000000000000000, 1.000000000000000000 ) ) ;
#4781 = EDGE_LOOP ( 'NONE', ( #4667, #3571, #4958, #4742 ) ) ;
#4782 = DIRECTION ( 'NONE',  ( 1.000000000000000000, -1.445602896647338917E-16, 0.000000000000000000 ) ) ;
#4783 = EDGE_LOOP ( 'NONE', ( #4360, #1298, #222, #564 ) ) ;
#4784 = EDGE_CURVE ( 'NONE', #872, #1557, #4934, .T. ) ;
#4785 = CARTESIAN_POINT ( 'NONE',  ( -16.28855220393530701, -16.98201256699031703, 2.500000000000000888 ) ) ;
#4786 = ADVANCED_FACE ( 'NONE', ( #3424 ), #1725, .T. ) ;
#4787 = ORIENTED_EDGE ( 'NONE', *, *, #1109, .F. ) ;
#4788 = CARTESIAN_POINT ( 'NONE',  ( 17.06144779606504258, 17.01798743300968653, 2.500000000000001332 ) ) ;
#4789 = EDGE_LOOP ( 'NONE', ( #3433, #2002, #1458, #221 ) ) ;
#4790 = CARTESIAN_POINT ( 'NONE',  ( -20.99999999999999645, 21.00000000000000355, 1.000000000000000000 ) ) ;
#4791 = DIRECTION ( 'NONE',  ( 0.000000000000000000, 0.000000000000000000, 1.000000000000000000 ) ) ;
#4792 = CYLINDRICAL_SURFACE ( 'NONE', #4679, 0.4999999999999992228 ) ;
#4793 = DIRECTION ( 'NONE',  ( 1.000000000000000000, 0.000000000000000000, 0.000000000000000000 ) ) ;
#4794 = FACE_OUTER_BOUND ( 'NONE', #1646, .T. ) ;
#4795 = CARTESIAN_POINT ( 'NONE',  ( -25.96545236919031652, 0.04766134921489825760, 8.000000000000000000 ) ) ;
#4796 = PLANE ( 'NONE',  #2970 ) ;
#4797 = AXIS2_PLACEMENT_3D ( 'NONE', #540, #933, #4791 ) ;
#4798 = ORIENTED_EDGE ( 'NONE', *, *, #1209, .F. ) ;
#4799 = VERTEX_POINT ( 'NONE', #1700 ) ;
#4801 = DIRECTION ( 'NONE',  ( 0.000000000000000000, 0.000000000000000000, 1.000000000000000000 ) ) ;
#4800 = DIRECTION ( 'NONE',  ( -0.000000000000000000, 0.000000000000000000, 1.000000000000000000 ) ) ;
#4802 =( NAMED_UNIT ( * ) SI_UNIT ( $, .STERADIAN. ) SOLID_ANGLE_UNIT ( ) );
#4803 = CARTESIAN_POINT ( 'NONE',  ( -31.28395306043829649, 3.918869757271532432E-16, 0.000000000000000000 ) ) ;
#4804 = CARTESIAN_POINT ( 'NONE',  ( 20.99999999999999645, 5.000000000000000000, 15.50000000000000000 ) ) ;
#4805 = CARTESIAN_POINT ( 'NONE',  ( -20.99999999999999289, 5.000000000000000000, 0.000000000000000000 ) ) ;
#4806 = DIRECTION ( 'NONE',  ( -0.000000000000000000, 1.000000000000000000, -0.000000000000000000 ) ) ;
#4807 = CARTESIAN_POINT ( 'NONE',  ( -20.99999999999999289, -4.999999999999998224, 0.000000000000000000 ) ) ;
#4808 = ADVANCED_FACE ( 'NONE', ( #2965 ), #3273, .F. ) ;
#4809 = VERTEX_POINT ( 'NONE', #3817 ) ;
#4810 = CARTESIAN_POINT ( 'NONE',  ( 20.41421356237309581, 20.41421356237310292, 1.809713602059149193E-16 ) ) ;
#4811 = VERTEX_POINT ( 'NONE', #3023 ) ;
#4812 = EDGE_CURVE ( 'NONE', #1335, #5288, #4668, .T. ) ;
#4813 = CARTESIAN_POINT ( 'NONE',  ( -20.95120347278612272, -21.04879652721385597, 0.001191260084361378535 ) ) ;
#4814 = ORIENTED_EDGE ( 'NONE', *, *, #257, .T. ) ;
#4815 = CARTESIAN_POINT ( 'NONE',  ( -23.38532287828844147, -5.795107626096105413, 0.3900102088818815926 ) ) ;
#4816 = EDGE_CURVE ( 'NONE', #2657, #3513, #2614, .T. ) ;
#4817 = CARTESIAN_POINT ( 'NONE',  ( 21.44315120576385780, 6.329453617291631140, 15.39883296068301455 ) ) ;
#4818 = CARTESIAN_POINT ( 'NONE',  ( 31.28395306043829649, 0.000000000000000000, 14.49999999999999822 ) ) ;
#4819 = CARTESIAN_POINT ( 'NONE',  ( 17.06144779606469086, -16.98201256699031703, 8.500000000000000000 ) ) ;
#4820 = DIRECTION ( 'NONE',  ( -0.000000000000000000, 0.000000000000000000, 1.000000000000000000 ) ) ;
#4821 = CARTESIAN_POINT ( 'NONE',  ( 20.00000000000000355, -20.09759305442772259, 8.000000000000000000 ) ) ;
#4822 = VERTEX_POINT ( 'NONE', #87 ) ;
#4823 = ORIENTED_EDGE ( 'NONE', *, *, #2894, .F. ) ;
#4825 = DIRECTION ( 'NONE',  ( -1.000000000000000000, 0.000000000000000000, -0.000000000000000000 ) ) ;
#4824 = CARTESIAN_POINT ( 'NONE',  ( -13.86538440245398718, -13.96003667199245868, -4.500000000000000888 ) ) ;
#4826 = FACE_OUTER_BOUND ( 'NONE', #4408, .T. ) ;
#4827 = CYLINDRICAL_SURFACE ( 'NONE', #4616, 1.000000000000000888 ) ;
#4828 = CIRCLE ( 'NONE', #1139, 1.400000000000000133 ) ;
#4829 = DIRECTION ( 'NONE',  ( -0.2066656475787591041, -0.9784116261118590563, -0.000000000000000000 ) ) ;
#4830 = LINE ( 'NONE', #529, #4578 ) ;
#4831 = ORIENTED_EDGE ( 'NONE', *, *, #5283, .F. ) ;
#4832 = CARTESIAN_POINT ( 'NONE',  ( 20.00000000000000000, 20.00000000000000355, 8.500000000000000000 ) ) ;
#4833 = ORIENTED_EDGE ( 'NONE', *, *, #5167, .T. ) ;
#4834 = EDGE_CURVE ( 'NONE', #215, #2319, #5125, .T. ) ;
#4835 = CARTESIAN_POINT ( 'NONE',  ( -16.93855220393495742, 17.01798743300968653, 8.500000000000000000 ) ) ;
#4836 = ORIENTED_EDGE ( 'NONE', *, *, #2301, .F. ) ;
#4837 = CARTESIAN_POINT ( 'NONE',  ( -28.08395306043829365, 0.000000000000000000, 1.000000000000000000 ) ) ;
#4838 = VECTOR ( 'NONE', #4378, 1000.000000000000000 ) ;
#4839 = ORIENTED_EDGE ( 'NONE', *, *, #2336, .F. ) ;
#4840 = DIRECTION ( 'NONE',  ( 0.000000000000000000, 0.000000000000000000, -1.000000000000000000 ) ) ;
#4841 = DIRECTION ( 'NONE',  ( 0.9792902988571843270, 0.2024611334656767903, 0.000000000000000000 ) ) ;
#4842 = ADVANCED_FACE ( 'NONE', ( #1372 ), #3161, .T. ) ;
#4843 = DIRECTION ( 'NONE',  ( -1.000000000000000000, 1.224646799147351482E-16, 0.000000000000000000 ) ) ;
#4844 = TOROIDAL_SURFACE ( 'NONE', #1410, 3.200000000000001954, 1.000000000000000000 ) ;
#4845 = EDGE_CURVE ( 'NONE', #831, #1916, #4341, .T. ) ;
#4846 = AXIS2_PLACEMENT_3D ( 'NONE', #331, #1766, #68 ) ;
#4847 = DIRECTION ( 'NONE',  ( -0.000000000000000000, 0.000000000000000000, 1.000000000000000000 ) ) ;
#4848 = VERTEX_POINT ( 'NONE', #4425 ) ;
#4849 = ORIENTED_EDGE ( 'NONE', *, *, #3802, .F. ) ;
#4851 = CARTESIAN_POINT ( 'NONE',  ( 21.75338681122100937, 7.260160433663104484, 0.3391732488479137220 ) ) ;
#4850 = CARTESIAN_POINT ( 'NONE',  ( -23.99999999999999645, 8.000000000000000000, 14.49999999999999822 ) ) ;
#4852 = CARTESIAN_POINT ( 'NONE',  ( 16.41144779606504045, 17.01798743300968653, 2.000000000000000888 ) ) ;
#4853 = TOROIDAL_SURFACE ( 'NONE', #3711, 1.000000000000000000, 1.000000000000000000 ) ;
#4854 = AXIS2_PLACEMENT_3D ( 'NONE', #3209, #4881, #2003 ) ;
#4855 = CARTESIAN_POINT ( 'NONE',  ( 0.000000000000000000, 0.000000000000000000, 15.50000000000000000 ) ) ;
#4856 = DIRECTION ( 'NONE',  ( 0.000000000000000000, 0.000000000000000000, 1.000000000000000000 ) ) ;
#4857 = CARTESIAN_POINT ( 'NONE',  ( -21.89883296083733555, 7.696498882512003981, 14.94315120539127939 ) ) ;
#4858 = ORIENTED_EDGE ( 'NONE', *, *, #2659, .T. ) ;
#4859 = ORIENTED_EDGE ( 'NONE', *, *, #5004, .T. ) ;
#4860 = LINE ( 'NONE', #1035, #2350 ) ;
#4861 = ORIENTED_EDGE ( 'NONE', *, *, #3134, .F. ) ;
#4862 = CARTESIAN_POINT ( 'NONE',  ( 33.00000000000000000, -4.000000000000000000, 15.50000000000000000 ) ) ;
#4863 = VERTEX_POINT ( 'NONE', #237 ) ;
#4864 = CARTESIAN_POINT ( 'NONE',  ( -17.64163590640541202, -19.59759305442772614, 4.000000000000000888 ) ) ;
#4865 = CARTESIAN_POINT ( 'NONE',  ( -19.99999999999998934, -19.59759305442772259, 4.000000000000000888 ) ) ;
#4866 = EDGE_LOOP ( 'NONE', ( #589, #2184, #1113, #3618 ) ) ;
#4867 = CARTESIAN_POINT ( 'NONE',  ( -20.99999999999999645, 21.00000000000000355, 14.49999999999999822 ) ) ;
#4868 = CARTESIAN_POINT ( 'NONE',  ( -34.00000000000000000, 6.000000000000000000, 0.000000000000000000 ) ) ;
#4869 = DIRECTION ( 'NONE',  ( -0.000000000000000000, 0.000000000000000000, 1.000000000000000000 ) ) ;
#4870 = EDGE_CURVE ( 'NONE', #2537, #4625, #2746, .T. ) ;
#4871 = ADVANCED_FACE ( 'NONE', ( #623, #3984 ), #208, .F. ) ;
#4872 = ORIENTED_EDGE ( 'NONE', *, *, #1853, .T. ) ;
#4873 = VECTOR ( 'NONE', #2707, 1000.000000000000000 ) ;
#4874 = DIRECTION ( 'NONE',  ( 0.000000000000000000, 0.000000000000000000, 1.000000000000000000 ) ) ;
#4875 = CARTESIAN_POINT ( 'NONE',  ( -34.00000000000000000, 6.000000000000000000, 1.000000000000000000 ) ) ;
#4876 = LINE ( 'NONE', #4572, #2753 ) ;
#4877 = EDGE_CURVE ( 'NONE', #1869, #3033, #5192, .T. ) ;
#4878 = ORIENTED_EDGE ( 'NONE', *, *, #3393, .F. ) ;
#4879 = AXIS2_PLACEMENT_3D ( 'NONE', #2066, #2893, #2818 ) ;
#4880 = ORIENTED_EDGE ( 'NONE', *, *, #4077, .T. ) ;
#4882 = CARTESIAN_POINT ( 'NONE',  ( 22.50345202424072255, 5.501150674746865477, 0.1321684013746071973 ) ) ;
#4881 = DIRECTION ( 'NONE',  ( 1.224646799147353207E-16, 1.000000000000000000, 0.000000000000000000 ) ) ;
#4883 = EDGE_CURVE ( 'NONE', #548, #2909, #3431, .T. ) ;
#4884 = VECTOR ( 'NONE', #4382, 1000.000000000000114 ) ;
#4885 = AXIS2_PLACEMENT_3D ( 'NONE', #3252, #4666, #3452 ) ;
#4886 = CARTESIAN_POINT ( 'NONE',  ( 24.00000000000000000, 6.000000000000000000, 15.08578643762690596 ) ) ;
#4887 = DIRECTION ( 'NONE',  ( 1.000000000000000000, 0.000000000000000000, 0.000000000000000000 ) ) ;
#4888 = ORIENTED_EDGE ( 'NONE', *, *, #4436, .F. ) ;
#4889 = VECTOR ( 'NONE', #3763, 1000.000000000000000 ) ;
#4890 = VERTEX_POINT ( 'NONE', #567 ) ;
#4891 = AXIS2_PLACEMENT_3D ( 'NONE', #5372, #5396, #2056 ) ;
#4892 = CIRCLE ( 'NONE', #1359, 1.150000000000001688 ) ;
#4893 = CARTESIAN_POINT ( 'NONE',  ( -15.28855220393495351, 17.01798743300968653, 8.000000000000000000 ) ) ;
#4894 = EDGE_LOOP ( 'NONE', ( #3397, #2654, #1129, #1887 ) ) ;
#4895 = DIRECTION ( 'NONE',  ( -0.000000000000000000, 0.000000000000000000, 1.000000000000000000 ) ) ;
#4896 = ORIENTED_EDGE ( 'NONE', *, *, #1264, .T. ) ;
#4897 = CARTESIAN_POINT ( 'NONE',  ( -19.49999999999998934, 0.000000000000000000, 3.500000000000000888 ) ) ;
#4898 = LINE ( 'NONE', #719, #4070 ) ;
#4899 = DIRECTION ( 'NONE',  ( 0.000000000000000000, -0.000000000000000000, 1.000000000000000000 ) ) ;
#4900 = CARTESIAN_POINT ( 'NONE',  ( 20.99999999999999645, 21.00000000000000355, 1.000000000000000000 ) ) ;
#4901 = CARTESIAN_POINT ( 'NONE',  ( 23.69649888251218783, -5.898832960837353312, 14.94315120539124564 ) ) ;
#4902 =( BOUNDED_CURVE ( )  B_SPLINE_CURVE ( 3, ( #3135, #4810, #3982, #2723 ),
 .UNSPECIFIED., .F., .T. ) 
 B_SPLINE_CURVE_WITH_KNOTS ( ( 4, 4 ),
 ( 1.570796326794896558, 3.141592653589793116 ),
 .UNSPECIFIED. ) 
 CURVE ( )  GEOMETRIC_REPRESENTATION_ITEM ( )  RATIONAL_B_SPLINE_CURVE ( ( 1.000000000000000000, 0.8047378541243649375, 0.8047378541243649375, 1.000000000000000000 ) ) 
 REPRESENTATION_ITEM ( '' )  );
#4903 = ADVANCED_FACE ( 'NONE', ( #3634 ), #4139, .T. ) ;
#4904 = VECTOR ( 'NONE', #5448, 1000.000000000000000 ) ;
#4905 = VERTEX_POINT ( 'NONE', #3511 ) ;
#4906 = ORIENTED_EDGE ( 'NONE', *, *, #5213, .F. ) ;
#4907 = CARTESIAN_POINT ( 'NONE',  ( 21.00000000000000000, -4.999999999999992006, 15.49999999999999822 ) ) ;
#4908 = EDGE_CURVE ( 'NONE', #3386, #2909, #3572, .T. ) ;
#4909 = DIRECTION ( 'NONE',  ( 1.000000000000000000, 1.445602896647338917E-16, 0.000000000000000000 ) ) ;
#4910 = CARTESIAN_POINT ( 'NONE',  ( -20.99999999999998934, 4.999999999999998224, 15.49999999999999822 ) ) ;
#4911 = ADVANCED_FACE ( 'NONE', ( #655 ), #1419, .T. ) ;
#4912 = VERTEX_POINT ( 'NONE', #5247 ) ;
#4913 = ORIENTED_EDGE ( 'NONE', *, *, #2332, .F. ) ;
#4914 = CIRCLE ( 'NONE', #4647, 1.000000000000000888 ) ;
#4915 = AXIS2_PLACEMENT_3D ( 'NONE', #2616, #958, #539 ) ;
#4916 = DIRECTION ( 'NONE',  ( -0.000000000000000000, 0.000000000000000000, 1.000000000000000000 ) ) ;
#4917 = ORIENTED_EDGE ( 'NONE', *, *, #2847, .T. ) ;
#4918 = CYLINDRICAL_SURFACE ( 'NONE', #3469, 1.400000000000000133 ) ;
#4919 = DIRECTION ( 'NONE',  ( 0.000000000000000000, 0.000000000000000000, 1.000000000000000000 ) ) ;
#4920 = ORIENTED_EDGE ( 'NONE', *, *, #5406, .F. ) ;
#4921 = FACE_OUTER_BOUND ( 'NONE', #4866, .T. ) ;
#4922 = AXIS2_PLACEMENT_3D ( 'NONE', #2217, #469, #2248 ) ;
#4923 = EDGE_LOOP ( 'NONE', ( #2029, #5314, #2977, #4557 ) ) ;
#4924 = DIRECTION ( 'NONE',  ( 0.000000000000000000, -0.000000000000000000, -1.000000000000000000 ) ) ;
#4925 = FACE_OUTER_BOUND ( 'NONE', #204, .T. ) ;
#4926 = CARTESIAN_POINT ( 'NONE',  ( 34.00000000000000000, -6.000000000000000000, 14.49999999999999822 ) ) ;
#4927 = VECTOR ( 'NONE', #2910, 1000.000000000000000 ) ;
#4928 = EDGE_CURVE ( 'NONE', #3759, #5219, #5061, .T. ) ;
#4929 = AXIS2_PLACEMENT_3D ( 'NONE', #1390, #4749, #4332 ) ;
#4930 = AXIS2_PLACEMENT_3D ( 'NONE', #4339, #563, #2203 ) ;
#4931 = ORIENTED_EDGE ( 'NONE', *, *, #1650, .T. ) ;
#4932 = ORIENTED_EDGE ( 'NONE', *, *, #3124, .T. ) ;
#4933 = CARTESIAN_POINT ( 'NONE',  ( 15.41144779606504045, 17.01798743300968653, 8.500000000000000000 ) ) ;
#4934 = CIRCLE ( 'NONE', #2311, 1.000000000000000888 ) ;
#4935 = EDGE_CURVE ( 'NONE', #19, #519, #4221, .T. ) ;
#4936 = DIRECTION ( 'NONE',  ( 0.000000000000000000, -0.000000000000000000, -1.000000000000000000 ) ) ;
#4937 = CARTESIAN_POINT ( 'NONE',  ( -23.26016043366267994, 5.753386811221035124, 15.16082675115206158 ) ) ;
#4938 = VERTEX_POINT ( 'NONE', #175 ) ;
#4939 = PRODUCT_CONTEXT ( 'NONE', #1747, 'mechanical' ) ;
#4940 = AXIS2_PLACEMENT_3D ( 'NONE', #4785, #2811, #592 ) ;
#4941 = VERTEX_POINT ( 'NONE', #4864 ) ;
#4942 = VECTOR ( 'NONE', #3240, 1000.000000000000000 ) ;
#4943 = EDGE_CURVE ( 'NONE', #215, #139, #184, .T. ) ;
#4944 = CIRCLE ( 'NONE', #1172, 2.200000000000000622 ) ;
#4945 = FACE_OUTER_BOUND ( 'NONE', #1797, .T. ) ;
#4946 = VECTOR ( 'NONE', #347, 1000.000000000000000 ) ;
#4947 = ORIENTED_EDGE ( 'NONE', *, *, #2185, .F. ) ;
#4948 = CARTESIAN_POINT ( 'NONE',  ( 0.000000000000000000, 0.000000000000000000, 8.500000000000000000 ) ) ;
#4949 = EDGE_LOOP ( 'NONE', ( #2165, #2378, #5045 ) ) ;
#4950 = ADVANCED_FACE ( 'NONE', ( #1041, #2725, #4462, #1480, #2755, #687, #2701, #2376, #262, #4072 ), #4492, .F. ) ;
#4951 = EDGE_CURVE ( 'NONE', #5040, #2135, #1107, .T. ) ;
#4952 = DIRECTION ( 'NONE',  ( 0.000000000000000000, -1.000000000000000000, 0.000000000000000000 ) ) ;
#4953 = CARTESIAN_POINT ( 'NONE',  ( -16.93855220393495742, 17.01798743300968653, 2.500000000000000888 ) ) ;
#4954 = DIRECTION ( 'NONE',  ( 1.000000000000000000, 0.000000000000000000, 0.000000000000000000 ) ) ;
#4955 = DIRECTION ( 'NONE',  ( -1.000000000000000000, 1.445602896647338917E-16, -0.000000000000000000 ) ) ;
#4956 = AXIS2_PLACEMENT_3D ( 'NONE', #1031, #4400, #2270 ) ;
#4957 = ORIENTED_EDGE ( 'NONE', *, *, #4076, .T. ) ;
#4958 = ORIENTED_EDGE ( 'NONE', *, *, #1048, .F. ) ;
#4959 = LINE ( 'NONE', #698, #541 ) ;
#4960 = UNCERTAINTY_MEASURE_WITH_UNIT (LENGTH_MEASURE( 1.000000000000000082E-05 ), #4482, 'distance_accuracy_value', 'NONE');
#4961 = DIRECTION ( 'NONE',  ( 0.000000000000000000, -0.000000000000000000, -1.000000000000000000 ) ) ;
#4962 = CARTESIAN_POINT ( 'NONE',  ( -32.00000000000000000, -4.000000000000000000, 14.49999999999999822 ) ) ;
#4963 = CARTESIAN_POINT ( 'NONE',  ( -21.99999999999999645, 8.000000000000000000, 1.000000000000000000 ) ) ;
#4964 = VERTEX_POINT ( 'NONE', #1207 ) ;
#4965 = DIRECTION ( 'NONE',  ( 1.000000000000000000, 0.000000000000000000, 0.000000000000000000 ) ) ;
#4966 = ORIENTED_EDGE ( 'NONE', *, *, #4375, .F. ) ;
#4967 = CIRCLE ( 'NONE', #573, 1.000000000000000888 ) ;
#4968 = ADVANCED_FACE ( 'NONE', ( #1594 ), #2454, .F. ) ;
#4969 = AXIS2_PLACEMENT_3D ( 'NONE', #1750, #3418, #5018 ) ;
#4970 = CARTESIAN_POINT ( 'NONE',  ( 30.28395306043829649, 0.000000000000000000, 14.49999999999999822 ) ) ;
#4971 = ORIENTED_EDGE ( 'NONE', *, *, #565, .F. ) ;
#4972 = FACE_OUTER_BOUND ( 'NONE', #3926, .T. ) ;
#4973 = ORIENTED_EDGE ( 'NONE', *, *, #772, .T. ) ;
#4974 = CARTESIAN_POINT ( 'NONE',  ( 19.36125053522835415, 19.35736937109183486, 8.500000000000000000 ) ) ;
#4975 = ADVANCED_FACE ( 'NONE', ( #1987 ), #566, .F. ) ;
#4976 = EDGE_CURVE ( 'NONE', #2201, #5156, #3757, .T. ) ;
#4977 = DIRECTION ( 'NONE',  ( 0.000000000000000000, -0.000000000000000000, -1.000000000000000000 ) ) ;
#4978 = CARTESIAN_POINT ( 'NONE',  ( 22.00000000000000000, 7.999999999998126832, 0.9345494114604674385 ) ) ;
#4979 = CARTESIAN_POINT ( 'NONE',  ( -20.99999999999999289, 5.000000000000000000, 15.50000000000000000 ) ) ;
#4980 = CARTESIAN_POINT ( 'NONE',  ( 21.79510762609619690, -7.385322878288449466, 15.10998979111798945 ) ) ;
#4981 = ORIENTED_EDGE ( 'NONE', *, *, #4599, .T. ) ;
#4982 = CARTESIAN_POINT ( 'NONE',  ( -18.58855220393531482, -16.98201256699031703, 8.500000000000000000 ) ) ;
#4983 = CARTESIAN_POINT ( 'NONE',  ( 22.00000000000000355, -20.99999999999998934, 1.000000000000000000 ) ) ;
#4984 = DIRECTION ( 'NONE',  ( 0.000000000000000000, -0.000000000000000000, -1.000000000000000000 ) ) ;
#4985 = DIRECTION ( 'NONE',  ( 1.000000000000000000, 0.000000000000000000, 0.000000000000000000 ) ) ;
#4986 = ORIENTED_EDGE ( 'NONE', *, *, #4935, .T. ) ;
#4987 = ORIENTED_EDGE ( 'NONE', *, *, #117, .F. ) ;
#4988 = CARTESIAN_POINT ( 'NONE',  ( -11.96538440245398505, -13.96003667199245868, 9.000000000000001776 ) ) ;
#4989 = CARTESIAN_POINT ( 'NONE',  ( -34.00000000000000000, -6.000000000000000000, 1.000000000000000000 ) ) ;
#4990 = SPHERICAL_SURFACE ( 'NONE', #3631, 1.000000000000000000 ) ;
#4991 = ORIENTED_EDGE ( 'NONE', *, *, #4404, .T. ) ;
#4992 = ADVANCED_FACE ( 'NONE', ( #712 ), #4918, .F. ) ;
#4993 = CARTESIAN_POINT ( 'NONE',  ( -32.00000000000000000, 4.000000000000000000, 15.50000000000000000 ) ) ;
#4994 = ORIENTED_EDGE ( 'NONE', *, *, #3383, .T. ) ;
#4995 = EDGE_CURVE ( 'NONE', #4168, #1593, #1533, .T. ) ;
#4996 = CIRCLE ( 'NONE', #2112, 1.000000000000000888 ) ;
#4997 = EDGE_CURVE ( 'NONE', #3207, #3981, #4538, .T. ) ;
#4998 = CARTESIAN_POINT ( 'NONE',  ( -22.21836484238074050, 6.218364842380448287, 1.108594736582514395 ) ) ;
#4999 = FACE_OUTER_BOUND ( 'NONE', #651, .T. ) ;
#5000 = CARTESIAN_POINT ( 'NONE',  ( 23.99999999999999645, 6.000000000000000000, 1.000000000000000000 ) ) ;
#5001 = EDGE_CURVE ( 'NONE', #755, #4210, #1268, .T. ) ;
#5002 = CARTESIAN_POINT ( 'NONE',  ( 0.1380350308230020306, 26.10516010059727066, 8.000000000000000000 ) ) ;
#5003 = LINE ( 'NONE', #5027, #5117 ) ;
#5004 = EDGE_CURVE ( 'NONE', #3847, #2219, #3684, .T. ) ;
#5005 = CIRCLE ( 'NONE', #2644, 2.400000000000001243 ) ;
#5006 = ORIENTED_EDGE ( 'NONE', *, *, #491, .T. ) ;
#5007 = EDGE_CURVE ( 'NONE', #2319, #1785, #3299, .T. ) ;
#5008 = CARTESIAN_POINT ( 'NONE',  ( -22.02042741724600816, -6.020427417246094315, 14.37060832088875273 ) ) ;
#5009 = DIRECTION ( 'NONE',  ( 0.9792902988571843270, 0.2024611334656767903, 0.000000000000000000 ) ) ;
#5010 = DIRECTION ( 'NONE',  ( 1.224646799147353207E-16, 1.000000000000000000, 0.000000000000000000 ) ) ;
#5011 = ORIENTED_EDGE ( 'NONE', *, *, #936, .T. ) ;
#5012 = TOROIDAL_SURFACE ( 'NONE', #3346, 3.200000000000001954, 1.000000000000000000 ) ;
#5013 = EDGE_LOOP ( 'NONE', ( #4872, #731, #1936, #3526 ) ) ;
#5014 = DIRECTION ( 'NONE',  ( -0.1965251405870916401, -0.9804987858825853220, 0.000000000000000000 ) ) ;
#5015 = DIRECTION ( 'NONE',  ( 0.000000000000000000, 0.000000000000000000, 1.000000000000000000 ) ) ;
#5016 = DIRECTION ( 'NONE',  ( 0.000000000000000000, 0.000000000000000000, -1.000000000000000000 ) ) ;
#5017 = ORIENTED_EDGE ( 'NONE', *, *, #4191, .F. ) ;
#5018 = DIRECTION ( 'NONE',  ( 1.000000000000000000, 0.000000000000000000, 0.000000000000000000 ) ) ;
#5019 = EDGE_LOOP ( 'NONE', ( #4158, #2115, #3616, #3297 ) ) ;
#5020 = CIRCLE ( 'NONE', #1429, 3.200000000000001510 ) ;
#5021 = CIRCLE ( 'NONE', #2411, 1.650000000000003908 ) ;
#5022 = AXIS2_PLACEMENT_3D ( 'NONE', #3649, #1583, #3263 ) ;
#5023 = CARTESIAN_POINT ( 'NONE',  ( -23.60349479552698426, 5.867831598508974622, 0.4988493250789026168 ) ) ;
#5024 = CARTESIAN_POINT ( 'NONE',  ( -19.99999999999998934, 20.00000000000000355, 3.500000000000000888 ) ) ;
#5025 = CARTESIAN_POINT ( 'NONE',  ( 23.90404994674113226, 5.968016648913676114, 0.7407174326360319583 ) ) ;
#5026 = CARTESIAN_POINT ( 'NONE',  ( 22.08421465096748548, 6.084214650967486371, 14.29731873484337434 ) ) ;
#5027 = CARTESIAN_POINT ( 'NONE',  ( -16.18586732693571051, 2.135654740322691758, 8.000000000000000000 ) ) ;
#5028 = ORIENTED_EDGE ( 'NONE', *, *, #527, .F. ) ;
#5029 = CARTESIAN_POINT ( 'NONE',  ( -23.38532287828827805, -5.795107626096107190, 15.10998979111811558 ) ) ;
#5030 = CARTESIAN_POINT ( 'NONE',  ( -19.99999999999998934, 20.00000000000000355, 1.000000000000000000 ) ) ;
#5031 = ADVANCED_FACE ( 'NONE', ( #4521 ), #2813, .T. ) ;
#5032 = CARTESIAN_POINT ( 'NONE',  ( 32.00000000000000000, -5.000000000000000000, 14.49999999999999822 ) ) ;
#5033 = VERTEX_POINT ( 'NONE', #2506 ) ;
#5034 = ORIENTED_EDGE ( 'NONE', *, *, #2119, .T. ) ;
#5035 = VECTOR ( 'NONE', #3143, 1000.000000000000000 ) ;
#5036 = ADVANCED_FACE ( 'NONE', ( #4972 ), #817, .T. ) ;
#5037 = DIRECTION ( 'NONE',  ( 1.000000000000000000, 0.000000000000000000, 0.000000000000000000 ) ) ;
#5038 = SURFACE_SIDE_STYLE ('',( #917 ) ) ;
#5039 = CARTESIAN_POINT ( 'NONE',  ( -28.08395306043829365, 0.000000000000000000, 1.000000000000000000 ) ) ;
#5040 = VERTEX_POINT ( 'NONE', #2479 ) ;
#5041 = CARTESIAN_POINT ( 'NONE',  ( 18.71144779606469299, -16.98201256699031703, 8.000000000000000000 ) ) ;
#5042 = VERTEX_POINT ( 'NONE', #4142 ) ;
#5043 = AXIS2_PLACEMENT_3D ( 'NONE', #2200, #3871, #2146 ) ;
#5044 = VECTOR ( 'NONE', #795, 1000.000000000000114 ) ;
#5045 = ORIENTED_EDGE ( 'NONE', *, *, #5095, .F. ) ;
#5046 = CARTESIAN_POINT ( 'NONE',  ( -22.12560186952681107, -6.125601869526718701, 1.211977651904345032 ) ) ;
#5047 = CARTESIAN_POINT ( 'NONE',  ( 21.78524365670255492, 5.261747885567519489, 0.02602732383215358367 ) ) ;
#5048 = DIRECTION ( 'NONE',  ( 0.000000000000000000, 0.000000000000000000, -1.000000000000000000 ) ) ;
#5049 = CARTESIAN_POINT ( 'NONE',  ( 16.38257309546538210, -1.959793730387154875, 4.000000000000000888 ) ) ;
#5050 = ORIENTED_EDGE ( 'NONE', *, *, #4784, .T. ) ;
#5051 = CARTESIAN_POINT ( 'NONE',  ( -21.39276988155107873, -5.130923293851642697, 15.49999999999999822 ) ) ;
#5052 = EDGE_CURVE ( 'NONE', #1009, #4809, #3218, .T. ) ;
#5053 = DIRECTION ( 'NONE',  ( -0.000000000000000000, -0.000000000000000000, 1.000000000000000000 ) ) ;
#5054 = DIRECTION ( 'NONE',  ( 0.000000000000000000, 0.000000000000000000, -1.000000000000000000 ) ) ;
#5055 = ORIENTED_EDGE ( 'NONE', *, *, #1621, .F. ) ;
#5056 = ORIENTED_EDGE ( 'NONE', *, *, #123, .T. ) ;
#5057 = DIRECTION ( 'NONE',  ( 0.000000000000000000, 0.000000000000000000, -1.000000000000000000 ) ) ;
#5058 = CARTESIAN_POINT ( 'NONE',  ( -19.99999999999998934, 20.00000000000000355, 3.500002996009259792 ) ) ;
#5059 = EDGE_CURVE ( 'NONE', #519, #801, #3559, .T. ) ;
#5060 = CARTESIAN_POINT ( 'NONE',  ( -18.08855220393495955, 17.01798743300968653, 8.000000000000000000 ) ) ;
#5061 =( BOUNDED_CURVE ( )  B_SPLINE_CURVE ( 3, ( #1068, #1097, #5218, #5273 ),
 .UNSPECIFIED., .F., .T. ) 
 B_SPLINE_CURVE_WITH_KNOTS ( ( 4, 4 ),
 ( 0.000000000000000000, 1.570796326794893671 ),
 .UNSPECIFIED. ) 
 CURVE ( )  GEOMETRIC_REPRESENTATION_ITEM ( )  RATIONAL_B_SPLINE_CURVE ( ( 1.000000000000000000, 0.8047378541243657146, 0.8047378541243657146, 1.000000000000000000 ) ) 
 REPRESENTATION_ITEM ( '' )  );
#5062 = DIRECTION ( 'NONE',  ( -1.000000000000000000, 0.000000000000000000, 0.000000000000000000 ) ) ;
#5063 = EDGE_CURVE ( 'NONE', #1707, #4605, #1547, .T. ) ;
#5064 = EDGE_LOOP ( 'NONE', ( #2665, #2124, #3176, #1805 ) ) ;
#5065 = DIRECTION ( 'NONE',  ( 1.000000000000000000, 0.000000000000000000, 0.000000000000000000 ) ) ;
#5066 = ORIENTED_EDGE ( 'NONE', *, *, #3060, .F. ) ;
#5067 = CARTESIAN_POINT ( 'NONE',  ( 21.39276988155140913, -5.130923293850788269, 1.750213087941425788E-16 ) ) ;
#5068 = DIRECTION ( 'NONE',  ( -1.000000000000000000, 0.000000000000000000, 0.000000000000000000 ) ) ;
#5069 = EDGE_LOOP ( 'NONE', ( #5076, #130, #4124, #841 ) ) ;
#5070 = DIRECTION ( 'NONE',  ( 0.000000000000000000, -0.000000000000000000, 1.000000000000000000 ) ) ;
#5071 = CARTESIAN_POINT ( 'NONE',  ( -28.08395306043829365, 0.000000000000000000, 14.49999999999999822 ) ) ;
#5072 = LINE ( 'NONE', #4175, #3221 ) ;
#5073 = CARTESIAN_POINT ( 'NONE',  ( 20.00000000000000000, 20.00000000000000355, 1.000000000000000000 ) ) ;
#5074 = AXIS2_PLACEMENT_3D ( 'NONE', #1497, #4005, #5209 ) ;
#5075 = ORIENTED_EDGE ( 'NONE', *, *, #4154, .T. ) ;
#5076 = ORIENTED_EDGE ( 'NONE', *, *, #3021, .F. ) ;
#5077 = CARTESIAN_POINT ( 'NONE',  ( -22.19286351564890936, -6.192863515648912909, 14.33669886476911337 ) ) ;
#5078 = CARTESIAN_POINT ( 'NONE',  ( 24.00000000000000000, -5.999999999999998224, 1.000000000000000222 ) ) ;
#5079 = AXIS2_PLACEMENT_3D ( 'NONE', #1415, #1117, #4775 ) ;
#5080 = CARTESIAN_POINT ( 'NONE',  ( -21.99999999999999645, 8.000000000000000000, 1.000000000000000000 ) ) ;
#5081 = ORIENTED_EDGE ( 'NONE', *, *, #3068, .T. ) ;
#5082 = ORIENTED_EDGE ( 'NONE', *, *, #631, .T. ) ;
#5083 = CARTESIAN_POINT ( 'NONE',  ( 20.00000000000000000, -20.09759305442772259, 1.000000000000000000 ) ) ;
#5084 = CARTESIAN_POINT ( 'NONE',  ( 20.00000000000000000, 20.00000000000000355, 3.500000000000001332 ) ) ;
#5085 = CIRCLE ( 'NONE', #2482, 1.000000000000000000 ) ;
#5086 = FACE_OUTER_BOUND ( 'NONE', #1527, .T. ) ;
#5087 = EDGE_CURVE ( 'NONE', #1501, #2679, #3394, .T. ) ;
#5088 = LINE ( 'NONE', #920, #2137 ) ;
#5089 = CIRCLE ( 'NONE', #2039, 1.000000000000000888 ) ;
#5090 = VERTEX_POINT ( 'NONE', #447 ) ;
#5091 = CYLINDRICAL_SURFACE ( 'NONE', #2075, 9.999999999999994671 ) ;
#5092 = ORIENTED_EDGE ( 'NONE', *, *, #5283, .T. ) ;
#5093 = CIRCLE ( 'NONE', #1163, 2.400000000000001243 ) ;
#5094 = CARTESIAN_POINT ( 'NONE',  ( -16.93855220393531269, -16.98201256699031703, 2.000000000000000888 ) ) ;
#5095 = EDGE_CURVE ( 'NONE', #3077, #3163, #2163, .T. ) ;
#5096 = CYLINDRICAL_SURFACE ( 'NONE', #4406, 1.000000000000000888 ) ;
#5097 = EDGE_LOOP ( 'NONE', ( #5141, #441, #3185, #1304 ) ) ;
#5099 = CARTESIAN_POINT ( 'NONE',  ( -23.99999999999999289, -5.999999999999998224, 0.000000000000000000 ) ) ;
#5098 = CIRCLE ( 'NONE', #1334, 1.000000000000000888 ) ;
#5100 = CARTESIAN_POINT ( 'NONE',  ( 20.99999999999999289, 4.999999999999998224, 4.336808689942017736E-16 ) ) ;
#5101 = EDGE_CURVE ( 'NONE', #1502, #679, #1455, .T. ) ;
#5102 = CARTESIAN_POINT ( 'NONE',  ( 20.00000000000000000, 20.00000000000000355, 8.000000000000000000 ) ) ;
#5103 = TOROIDAL_SURFACE ( 'NONE', #4413, 2.400000000000001243, 1.000000000000000000 ) ;
#5104 = CARTESIAN_POINT ( 'NONE',  ( -16.93855220393495742, 17.01798743300968653, 2.000000000000000888 ) ) ;
#5105 = AXIS2_PLACEMENT_3D ( 'NONE', #1775, #864, #5062 ) ;
#5106 = AXIS2_PLACEMENT_3D ( 'NONE', #1193, #1941, #3613 ) ;
#5107 = ORIENTED_EDGE ( 'NONE', *, *, #1512, .F. ) ;
#5108 = SPHERICAL_SURFACE ( 'NONE', #3492, 1.000000000000000000 ) ;
#5109 = CARTESIAN_POINT ( 'NONE',  ( 22.00000000000000355, -7.999999999998294697, 0.9345494114604682157 ) ) ;
#5110 = PLANE ( 'NONE',  #568 ) ;
#5111 = ORIENTED_EDGE ( 'NONE', *, *, #5052, .T. ) ;
#5112 = ORIENTED_EDGE ( 'NONE', *, *, #5243, .F. ) ;
#5113 = ORIENTED_EDGE ( 'NONE', *, *, #3959, .F. ) ;
#5114 = CARTESIAN_POINT ( 'NONE',  ( -13.86538440245427850, 14.03996332800754132, 8.500000000000000000 ) ) ;
#5115 = CARTESIAN_POINT ( 'NONE',  ( -30.28395306043829649, 2.694222958124181444E-16, 14.49999999999999822 ) ) ;
#5116 = DIRECTION ( 'NONE',  ( 0.1955893037181222760, -0.9806858948058038150, 0.000000000000000000 ) ) ;
#5117 = VECTOR ( 'NONE', #4177, 999.9999999999998863 ) ;
#5118 = DIRECTION ( 'NONE',  ( 0.000000000000000000, -0.000000000000000000, -1.000000000000000000 ) ) ;
#5119 = VERTEX_POINT ( 'NONE', #4277 ) ;
#5120 = CARTESIAN_POINT ( 'NONE',  ( -20.99999999999999645, 21.00000000000000355, 1.000000000000000000 ) ) ;
#5121 = ORIENTED_EDGE ( 'NONE', *, *, #1915, .T. ) ;
#5122 = ADVANCED_FACE ( 'NONE', ( #2116 ), #3343, .T. ) ;
#5123 = DIRECTION ( 'NONE',  ( -1.000000000000000000, 0.000000000000000000, 0.000000000000000000 ) ) ;
#5124 = TOROIDAL_SURFACE ( 'NONE', #4624, 9.500000000000000000, 0.5000000000000000000 ) ;
#5125 = LINE ( 'NONE', #4727, #3705 ) ;
#5126 = AXIS2_PLACEMENT_3D ( 'NONE', #2547, #2139, #3806 ) ;
#5127 = EDGE_LOOP ( 'NONE', ( #1695, #2517, #683, #4071 ) ) ;
#5128 = SPHERICAL_SURFACE ( 'NONE', #5168, 1.000000000000000000 ) ;
#5129 = CARTESIAN_POINT ( 'NONE',  ( 21.86783159850904568, 7.603494795526891004, 15.00115067492099463 ) ) ;
#5130 = AXIS2_PLACEMENT_3D ( 'NONE', #90, #572, #2729 ) ;
#5131 = CARTESIAN_POINT ( 'NONE',  ( 14.13461559754572328, 14.03996332800754132, 14.49999999999999822 ) ) ;
#5132 = EDGE_CURVE ( 'NONE', #2771, #3385, #5228, .T. ) ;
#5133 = TOROIDAL_SURFACE ( 'NONE', #3038, 1.000000000000000000, 1.000000000000000000 ) ;
#5134 = DIRECTION ( 'NONE',  ( -0.000000000000000000, 0.000000000000000000, 1.000000000000000000 ) ) ;
#5135 = ADVANCED_FACE ( 'NONE', ( #1336 ), #5091, .T. ) ;
#5136 = CIRCLE ( 'NONE', #840, 9.999999999999994671 ) ;
#5137 = CARTESIAN_POINT ( 'NONE',  ( 18.21144779606504471, 17.01798743300968653, 2.000000000000000888 ) ) ;
#5138 = DIRECTION ( 'NONE',  ( 0.000000000000000000, 0.000000000000000000, 1.000000000000000000 ) ) ;
#5139 = AXIS2_PLACEMENT_3D ( 'NONE', #1186, #1962, #715 ) ;
#5140 = FACE_OUTER_BOUND ( 'NONE', #1838, .T. ) ;
#5141 = ORIENTED_EDGE ( 'NONE', *, *, #2620, .F. ) ;
#5142 = EDGE_LOOP ( 'NONE', ( #1613, #4474, #5260, #116 ) ) ;
#5144 = CARTESIAN_POINT ( 'NONE',  ( 11.73461559754572114, 14.03996332800754132, 14.49999999999999822 ) ) ;
#5143 = DIRECTION ( 'NONE',  ( 1.000000000000000000, 0.000000000000000000, 0.000000000000000000 ) ) ;
#5145 = LINE ( 'NONE', #4746, #4498 ) ;
#5146 = DIRECTION ( 'NONE',  ( 0.000000000000000000, -0.000000000000000000, -1.000000000000000000 ) ) ;
#5147 = CARTESIAN_POINT ( 'NONE',  ( 20.99999999999999645, 22.00000000000000711, 14.49999999999999822 ) ) ;
#5148 = DIRECTION ( 'NONE',  ( 0.000000000000000000, -0.000000000000000000, -1.000000000000000000 ) ) ;
#5149 = ORIENTED_EDGE ( 'NONE', *, *, #3029, .F. ) ;
#5150 = DIRECTION ( 'NONE',  ( -0.000000000000000000, 0.000000000000000000, 1.000000000000000000 ) ) ;
#5151 = EDGE_LOOP ( 'NONE', ( #2640, #2584, #129, #4424 ) ) ;
#5152 = ADVANCED_FACE ( 'NONE', ( #953 ), #3825, .T. ) ;
#5153 = CARTESIAN_POINT ( 'NONE',  ( 26.18943204352341780, -0.003900693205934752106, 8.000000000000000000 ) ) ;
#5154 = VECTOR ( 'NONE', #938, 1000.000000000000000 ) ;
#5155 = CARTESIAN_POINT ( 'NONE',  ( -16.93855220393531269, -16.98201256699031703, 2.500000000000000888 ) ) ;
#5156 = VERTEX_POINT ( 'NONE', #55 ) ;
#5157 = CARTESIAN_POINT ( 'NONE',  ( -22.08654621184324185, -6.086546211843927523, 0.5670975955067265595 ) ) ;
#5158 = CARTESIAN_POINT ( 'NONE',  ( 22.14328425823894975, 6.143284258239554596, 14.83131851558009906 ) ) ;
#5159 = FACE_OUTER_BOUND ( 'NONE', #415, .T. ) ;
#5160 = EDGE_CURVE ( 'NONE', #169, #3224, #1711, .T. ) ;
#5161 = FACE_OUTER_BOUND ( 'NONE', #607, .T. ) ;
#5162 = DIRECTION ( 'NONE',  ( -0.000000000000000000, 0.000000000000000000, 1.000000000000000000 ) ) ;
#5163 = EDGE_CURVE ( 'NONE', #2603, #594, #2873, .T. ) ;
#5164 = CARTESIAN_POINT ( 'NONE',  ( -21.99999999999999289, -21.99999999999999289, 1.000000000000000000 ) ) ;
#5165 = LINE ( 'NONE', #3994, #4682 ) ;
#5166 = CIRCLE ( 'NONE', #2682, 0.5000000000000004441 ) ;
#5167 = EDGE_CURVE ( 'NONE', #831, #3077, #2555, .T. ) ;
#5168 = AXIS2_PLACEMENT_3D ( 'NONE', #2205, #4759, #3955 ) ;
#5169 = AXIS2_PLACEMENT_3D ( 'NONE', #4000, #224, #3123 ) ;
#5170 = ADVANCED_FACE ( 'NONE', ( #4304 ), #2689, .T. ) ;
#5171 = EDGE_LOOP ( 'NONE', ( #2843, #887, #4920, #1411 ) ) ;
#5172 = ORIENTED_EDGE ( 'NONE', *, *, #102, .T. ) ;
#5174 = FACE_OUTER_BOUND ( 'NONE', #1952, .T. ) ;
#5173 = LINE ( 'NONE', #672, #663 ) ;
#5175 = LINE ( 'NONE', #700, #612 ) ;
#5176 = EDGE_CURVE ( 'NONE', #1146, #1335, #2250, .T. ) ;
#5177 = CARTESIAN_POINT ( 'NONE',  ( -32.00000000000000000, 4.000000000000000000, 1.000000000000000000 ) ) ;
#5178 = AXIS2_PLACEMENT_3D ( 'NONE', #3916, #27, #3475 ) ;
#5179 = PLANE ( 'NONE',  #3714 ) ;
#5180 = CARTESIAN_POINT ( 'NONE',  ( -34.00000000000000000, 6.000000000000000000, 14.49999999999999822 ) ) ;
#5181 = EDGE_LOOP ( 'NONE', ( #3120, #1061, #2739, #686 ) ) ;
#5182 = CARTESIAN_POINT ( 'NONE',  ( -13.86538440245398718, -13.96003667199245868, 9.000000000000001776 ) ) ;
#5183 = VERTEX_POINT ( 'NONE', #1254 ) ;
#5184 = AXIS2_PLACEMENT_3D ( 'NONE', #4897, #1964, #3197 ) ;
#5185 = TOROIDAL_SURFACE ( 'NONE', #798, 1.900000000000001021, 0.5000000000000000000 ) ;
#5186 = VECTOR ( 'NONE', #4697, 1000.000000000000000 ) ;
#5187 = DIRECTION ( 'NONE',  ( -1.000000000000000000, -0.000000000000000000, -0.000000000000000000 ) ) ;
#5188 = ORIENTED_EDGE ( 'NONE', *, *, #495, .T. ) ;
#5189 = DIRECTION ( 'NONE',  ( -0.000000000000000000, -0.000000000000000000, 1.000000000000000000 ) ) ;
#5190 = ORIENTED_EDGE ( 'NONE', *, *, #5437, .T. ) ;
#5191 = DIRECTION ( 'NONE',  ( -0.000000000000000000, -1.000000000000000000, 0.000000000000000000 ) ) ;
#5192 = CIRCLE ( 'NONE', #354, 2.400000000000001243 ) ;
#5193 = DIRECTION ( 'NONE',  ( -0.000000000000000000, 0.000000000000000000, 1.000000000000000000 ) ) ;
#5194 = PLANE ( 'NONE',  #2772 ) ;
#5195 = DIRECTION ( 'NONE',  ( -0.000000000000000000, 0.000000000000000000, 1.000000000000000000 ) ) ;
#5196 = CIRCLE ( 'NONE', #2846, 9.500000000000000000 ) ;
#5197 = AXIS2_PLACEMENT_3D ( 'NONE', #329, #3695, #1199 ) ;
#5198 = CARTESIAN_POINT ( 'NONE',  ( -25.96545236919031652, 0.04766134921489825760, 4.000000000000000888 ) ) ;
#5199 = CARTESIAN_POINT ( 'NONE',  ( -19.99999999999998934, -20.09759305442772259, 8.500000000000000000 ) ) ;
#5200 = AXIS2_PLACEMENT_3D ( 'NONE', #472, #2196, #3867 ) ;
#5201 = CIRCLE ( 'NONE', #1082, 9.999999999999994671 ) ;
#5202 = EDGE_CURVE ( 'NONE', #3683, #304, #4192, .T. ) ;
#5203 = ORIENTED_EDGE ( 'NONE', *, *, #2329, .T. ) ;
#5204 = VERTEX_POINT ( 'NONE', #1779 ) ;
#5206 = DIRECTION ( 'NONE',  ( -0.000000000000000000, -0.000000000000000000, 1.000000000000000000 ) ) ;
#5205 = CARTESIAN_POINT ( 'NONE',  ( -16.93855220393495742, 17.01798743300968653, 2.000000000000000888 ) ) ;
#5207 =( NAMED_UNIT ( * ) PLANE_ANGLE_UNIT ( ) SI_UNIT ( $, .RADIAN. ) );
#5208 = EDGE_CURVE ( 'NONE', #1263, #5040, #1365, .T. ) ;
#5209 = DIRECTION ( 'NONE',  ( 1.000000000000000000, 0.000000000000000000, 0.000000000000000000 ) ) ;
#5210 = CARTESIAN_POINT ( 'NONE',  ( 32.00000000000000000, 6.000000000000000000, 14.49999999999999822 ) ) ;
#5211 = DIRECTION ( 'NONE',  ( -0.000000000000000000, 1.000000000000000000, -0.000000000000000000 ) ) ;
#5212 = CARTESIAN_POINT ( 'NONE',  ( 21.00000000000000000, -20.99999999999998934, 1.000000000000000000 ) ) ;
#5213 = EDGE_CURVE ( 'NONE', #2150, #2930, #3739, .T. ) ;
#5214 = CARTESIAN_POINT ( 'NONE',  ( 9.500000000000000000, 0.000000000000000000, 8.500000000000000000 ) ) ;
#5215 = EDGE_LOOP ( 'NONE', ( #4849, #5056, #3897, #2889 ) ) ;
#5216 = CARTESIAN_POINT ( 'NONE',  ( -21.13092329384905455, 5.392769881551996214, -1.858219456844867188E-16 ) ) ;
#5217 = ORIENTED_EDGE ( 'NONE', *, *, #1445, .F. ) ;
#5218 = CARTESIAN_POINT ( 'NONE',  ( 19.03242904416245906, -19.89048627324118357, 4.000000000000000000 ) ) ;
#5219 = VERTEX_POINT ( 'NONE', #3365 ) ;
#5220 = CARTESIAN_POINT ( 'NONE',  ( -22.82996937387688519, -5.609989791292325556, 0.2048923740202949206 ) ) ;
#5221 = CARTESIAN_POINT ( 'NONE',  ( 32.00000000000000000, 4.000000000000000000, 1.000000000000000000 ) ) ;
#5222 = DIRECTION ( 'NONE',  ( -0.000000000000000000, 0.000000000000000000, 1.000000000000000000 ) ) ;
#5223 = DIRECTION ( 'NONE',  ( 1.224646799147353207E-16, 1.000000000000000000, 0.000000000000000000 ) ) ;
#5224 = CIRCLE ( 'NONE', #3466, 2.200000000000000622 ) ;
#5225 = CARTESIAN_POINT ( 'NONE',  ( -1.988363676374209188, -16.27892138016290247, 8.000000000000000000 ) ) ;
#5226 = DIRECTION ( 'NONE',  ( 1.000000000000000000, 0.000000000000000000, 0.000000000000000000 ) ) ;
#5227 = DIRECTION ( 'NONE',  ( -0.000000000000000000, 0.000000000000000000, 1.000000000000000000 ) ) ;
#5228 = CIRCLE ( 'NONE', #2516, 1.000000000000000000 ) ;
#5229 = AXIS2_PLACEMENT_3D ( 'NONE', #1386, #1918, #4444 ) ;
#5230 = VERTEX_POINT ( 'NONE', #1282 ) ;
#5231 = VERTEX_POINT ( 'NONE', #4635 ) ;
#5233 = DIRECTION ( 'NONE',  ( 0.000000000000000000, -0.000000000000000000, 1.000000000000000000 ) ) ;
#5232 = CARTESIAN_POINT ( 'NONE',  ( -12.46538440245398682, -13.96003667199245868, 9.000000000000001776 ) ) ;
#5234 = DIRECTION ( 'NONE',  ( -0.000000000000000000, -0.000000000000000000, 1.000000000000000000 ) ) ;
#5235 = ADVANCED_FACE ( 'NONE', ( #1503 ), #588, .T. ) ;
#5236 = CARTESIAN_POINT ( 'NONE',  ( 21.00000000000000000, -20.99999999999998934, 1.000000000000000000 ) ) ;
#5237 = DIRECTION ( 'NONE',  ( 0.000000000000000000, 0.000000000000000000, 1.000000000000000000 ) ) ;
#5238 = DIRECTION ( 'NONE',  ( 0.000000000000000000, -0.000000000000000000, -1.000000000000000000 ) ) ;
#5239 = ADVANCED_FACE ( 'NONE', ( #203 ), #1422, .T. ) ;
#5240 = ORIENTED_EDGE ( 'NONE', *, *, #862, .F. ) ;
#5241 = LINE ( 'NONE', #1898, #1022 ) ;
#5242 = ORIENTED_EDGE ( 'NONE', *, *, #1853, .F. ) ;
#5243 = EDGE_CURVE ( 'NONE', #1191, #5033, #2695, .T. ) ;
#5244 = ADVANCED_FACE ( 'NONE', ( #2778 ), #32, .T. ) ;
#5245 = LINE ( 'NONE', #2317, #2044 ) ;
#5246 = ORIENTED_EDGE ( 'NONE', *, *, #3236, .F. ) ;
#5247 = CARTESIAN_POINT ( 'NONE',  ( 22.00000000000000355, -8.000000000000000000, 1.000000000000000000 ) ) ;
#5248 = ORIENTED_EDGE ( 'NONE', *, *, #1301, .F. ) ;
#5249 = CARTESIAN_POINT ( 'NONE',  ( -20.99999999999999645, 22.00000000000000711, 1.000000000000000000 ) ) ;
#5250 = CARTESIAN_POINT ( 'NONE',  ( -23.99999999999999289, -5.999999999999998224, 14.49999999999999822 ) ) ;
#5251 = CARTESIAN_POINT ( 'NONE',  ( 34.00000000000000000, 4.000000000000000000, 14.49999999999999822 ) ) ;
#5252 = CARTESIAN_POINT ( 'NONE',  ( 20.00000000000000000, 20.00000000000000355, 3.500000000000000888 ) ) ;
#5253 = DIRECTION ( 'NONE',  ( 0.000000000000000000, -0.000000000000000000, -1.000000000000000000 ) ) ;
#5254 = CARTESIAN_POINT ( 'NONE',  ( -34.00000000000000000, -5.000000000000000000, 1.000000000000000000 ) ) ;
#5255 = ORIENTED_EDGE ( 'NONE', *, *, #4443, .T. ) ;
#5256 = ORIENTED_EDGE ( 'NONE', *, *, #974, .T. ) ;
#5258 = CARTESIAN_POINT ( 'NONE',  ( -28.08395306043829365, 0.000000000000000000, 14.49999999999999822 ) ) ;
#5257 = CARTESIAN_POINT ( 'NONE',  ( -20.99999999999999289, -4.999999999999998224, 15.50000000000000000 ) ) ;
#5259 = FACE_OUTER_BOUND ( 'NONE', #4194, .T. ) ;
#5260 = ORIENTED_EDGE ( 'NONE', *, *, #3455, .T. ) ;
#5261 = DIRECTION ( 'NONE',  ( 1.000000000000000000, 7.885106708985491499E-17, 0.000000000000000000 ) ) ;
#5262 = AXIS2_PLACEMENT_3D ( 'NONE', #2171, #4297, #1802 ) ;
#5263 = DIRECTION ( 'NONE',  ( 0.2074013792741161155, -0.9782559316841346053, 0.000000000000000000 ) ) ;
#5264 = CARTESIAN_POINT ( 'NONE',  ( -22.19286351564860382, 6.192863515648428852, 14.33669886476879185 ) ) ;
#5265 = ORIENTED_EDGE ( 'NONE', *, *, #749, .T. ) ;
#5266 = ORIENTED_EDGE ( 'NONE', *, *, #4009, .T. ) ;
#5267 = EDGE_LOOP ( 'NONE', ( #1599, #3196, #608, #921 ) ) ;
#5268 = CARTESIAN_POINT ( 'NONE',  ( -21.44315120576386846, 6.329453617291631140, 0.1011670393169941951 ) ) ;
#5269 = EDGE_CURVE ( 'NONE', #5230, #2478, #168, .T. ) ;
#5270 = EDGE_CURVE ( 'NONE', #853, #4302, #2284, .T. ) ;
#5271 = CARTESIAN_POINT ( 'NONE',  ( 32.00000000000000000, 4.000000000000000000, 14.49999999999999822 ) ) ;
#5272 = EDGE_LOOP ( 'NONE', ( #681, #1092, #1015, #952 ) ) ;
#5273 = CARTESIAN_POINT ( 'NONE',  ( 17.66407707585870313, -19.59759305442772259, 4.000000000000000888 ) ) ;
#5274 = AXIS2_PLACEMENT_3D ( 'NONE', #634, #578, #3089 ) ;
#5275 = DIRECTION ( 'NONE',  ( -0.000000000000000000, 0.000000000000000000, 1.000000000000000000 ) ) ;
#5276 = ORIENTED_EDGE ( 'NONE', *, *, #2130, .F. ) ;
#5277 = CYLINDRICAL_SURFACE ( 'NONE', #1142, 0.5000000000000001110 ) ;
#5278 = CARTESIAN_POINT ( 'NONE',  ( -15.26538440245427886, 14.03996332800754132, 14.49999999999999822 ) ) ;
#5279 = DIRECTION ( 'NONE',  ( -0.000000000000000000, 0.000000000000000000, 1.000000000000000000 ) ) ;
#5280 = EDGE_CURVE ( 'NONE', #207, #1916, #2096, .T. ) ;
#5281 = VECTOR ( 'NONE', #648, 1000.000000000000000 ) ;
#5282 = AXIS2_PLACEMENT_3D ( 'NONE', #2989, #4670, #900 ) ;
#5283 = EDGE_CURVE ( 'NONE', #4905, #3815, #476, .T. ) ;
#5284 = DIRECTION ( 'NONE',  ( 1.000000000000000000, 0.000000000000000000, 0.000000000000000000 ) ) ;
#5285 = CARTESIAN_POINT ( 'NONE',  ( 20.98372641315706488, -21.01627358684293156, 2.716664196714668838E-16 ) ) ;
#5286 = CARTESIAN_POINT ( 'NONE',  ( 22.21836484238076181, -6.218364842380354141, 14.39140526341790682 ) ) ;
#5287 =( BOUNDED_SURFACE ( )  B_SPLINE_SURFACE ( 3, 2, ( 
 ( #2991, #535, #2231 ),
 ( #2460, #669, #3368 ),
 ( #4438, #344, #3206 ),
 ( #4147, #3325, #5432 ),
 ( #10, #3761, #1672 ),
 ( #4024, #2067, #247 ),
 ( #5023, #4998, #1256 ),
 ( #1231, #2919, #2940 ),
 ( #140, #3596, #1900 ),
 ( #170, #684, #2346 ),
 ( #4038, #562, #2721 ),
 ( #4422, #3189, #1093 ),
 ( #233, #3109, #5268 ),
 ( #259, #4391, #3629 ),
 ( #590, #2286, #5216 ),
 ( #4484, #2030, #4114 ) ),
 .UNSPECIFIED., .F., .F., .F. ) 
 B_SPLINE_SURFACE_WITH_KNOTS ( ( 4, 2, 2, 2, 2, 2, 2, 4 ),
 ( 3, 3 ),
 ( 3.141592653589793116, 3.337942194439155408, 3.534291735288517255, 3.730641276137879103, 3.926990816987241395, 4.123340357836603687, 4.319689898685965090, 4.712388980384689674 ),
 ( 0.000000000000000000, 1.000000000000000000 ),
 .UNSPECIFIED. ) 
 GEOMETRIC_REPRESENTATION_ITEM ( )  RATIONAL_B_SPLINE_SURFACE ( (
 ( 1.000000000000000000, 0.7071067811865475727, 1.000000000000000000),
 ( 1.000000000000000000, 0.7070717276407092466, 1.000000000000000000),
 ( 1.000000000000000000, 0.7117460035099654192, 1.000000000000000000),
 ( 1.000000000000000000, 0.7291288930333510443, 1.000000000000000000),
 ( 1.000000000000000000, 0.7418334192088620327, 1.000000000000000000),
 ( 1.000000000000000000, 0.7723968204883415734, 1.000000000000000000),
 ( 1.000000000000000000, 0.7902180097995181729, 1.000000000000000000),
 ( 1.000000000000000000, 0.8275942684438226671, 1.000000000000000000),
 ( 1.000000000000000000, 0.8471316612622710185, 1.000000000000000000),
 ( 1.000000000000000000, 0.8849191463066068408, 1.000000000000000000),
 ( 1.000000000000000000, 0.9031650999538621827, 1.000000000000000000),
 ( 1.000000000000000000, 0.9360421837325331174, 1.000000000000000000),
 ( 1.000000000000000000, 0.9506740357170694322, 1.000000000000000000),
 ( 1.000000000000000000, 0.9867291882093298661, 1.000000000000000000),
 ( 1.000000000000000000, 1.000158581554896342, 1.000000000000000000),
 ( 1.000000000000000000, 1.000000000000000000, 1.000000000000000000) ) ) 
 REPRESENTATION_ITEM ( '' )  SURFACE ( )  );
#5288 = VERTEX_POINT ( 'NONE', #138 ) ;
#5289 = EDGE_LOOP ( 'NONE', ( #1385, #2285, #615, #4310, #2936 ) ) ;
#5291 = CARTESIAN_POINT ( 'NONE',  ( 22.98248025345619183, 5.660826751152078451, 0.2466131887789819455 ) ) ;
#5290 = FACE_OUTER_BOUND ( 'NONE', #897, .T. ) ;
#5292 = DIRECTION ( 'NONE',  ( -1.000000000000000000, 1.224646799147352468E-16, 0.000000000000000000 ) ) ;
#5293 = AXIS2_PLACEMENT_3D ( 'NONE', #4893, #5326, #1095 ) ;
#5294 = AXIS2_PLACEMENT_3D ( 'NONE', #1820, #212, #1789 ) ;
#5295 = CYLINDRICAL_SURFACE ( 'NONE', #637, 0.5000000000000000000 ) ;
#5296 = CARTESIAN_POINT ( 'NONE',  ( -22.32945361729116129, 5.443151205763774314, 15.39883296068304830 ) ) ;
#5297 = ORIENTED_EDGE ( 'NONE', *, *, #2766, .F. ) ;
#5298 = DIRECTION ( 'NONE',  ( -0.000000000000000000, 0.000000000000000000, 1.000000000000000000 ) ) ;
#5299 = ORIENTED_EDGE ( 'NONE', *, *, #2397, .T. ) ;
#5300 = DIRECTION ( 'NONE',  ( -0.000000000000000000, 0.000000000000000000, 1.000000000000000000 ) ) ;
#5301 = VERTEX_POINT ( 'NONE', #4751 ) ;
#5302 = EDGE_LOOP ( 'NONE', ( #4637, #2806, #3157, #11 ) ) ;
#5303 = CARTESIAN_POINT ( 'NONE',  ( 32.00000000000000000, -4.999999999999999112, 15.50000000000000000 ) ) ;
#5304 = CARTESIAN_POINT ( 'NONE',  ( 32.00000000000000000, -4.000000000000000000, 1.000000000000000000 ) ) ;
#5305 = EDGE_CURVE ( 'NONE', #4605, #2962, #4860, .T. ) ;
#5306 = AXIS2_PLACEMENT_3D ( 'NONE', #3351, #5436, #4260 ) ;
#5307 = CARTESIAN_POINT ( 'NONE',  ( -16.18586732693571051, 2.135654740322691758, 4.000000000000000888 ) ) ;
#5308 = ADVANCED_FACE ( 'NONE', ( #560 ), #5133, .T. ) ;
#5309 = CARTESIAN_POINT ( 'NONE',  ( -33.00000000000000000, 0.000000000000000000, 15.50000000000000000 ) ) ;
#5310 = ADVANCED_FACE ( 'NONE', ( #981 ), #2785, .T. ) ;
#5311 = ORIENTED_EDGE ( 'NONE', *, *, #4436, .T. ) ;
#5312 = AXIS2_PLACEMENT_3D ( 'NONE', #5041, #3843, #531 ) ;
#5313 = CIRCLE ( 'NONE', #1548, 1.000000000000000888 ) ;
#5314 = ORIENTED_EDGE ( 'NONE', *, *, #4286, .T. ) ;
#5315 = CARTESIAN_POINT ( 'NONE',  ( -32.00000000000000000, -4.000000000000000000, 1.000000000000000000 ) ) ;
#5316 = DIRECTION ( 'NONE',  ( 0.000000000000000000, -0.000000000000000000, -1.000000000000000000 ) ) ;
#5317 = ORIENTED_EDGE ( 'NONE', *, *, #2441, .T. ) ;
#5318 = AXIS2_PLACEMENT_3D ( 'NONE', #4229, #5048, #2128 ) ;
#5319 = CARTESIAN_POINT ( 'NONE',  ( -16.93855220393495742, 17.01798743300968653, 8.000000000000000000 ) ) ;
#5320 = DIRECTION ( 'NONE',  ( -0.000000000000000000, 0.000000000000000000, 1.000000000000000000 ) ) ;
#5321 = EDGE_LOOP ( 'NONE', ( #1988, #2824, #3278, #696 ) ) ;
#5322 = FACE_OUTER_BOUND ( 'NONE', #1126, .T. ) ;
#5323 = AXIS2_PLACEMENT_3D ( 'NONE', #2437, #4100, #1940 ) ;
#5324 = EDGE_LOOP ( 'NONE', ( #4656, #569, #3472, #909 ) ) ;
#5325 = TOROIDAL_SURFACE ( 'NONE', #3731, 0.6500000000000034639, 0.5000000000000000000 ) ;
#5326 = DIRECTION ( 'NONE',  ( 0.000000000000000000, -1.000000000000000000, 0.000000000000000000 ) ) ;
#5327 = ORIENTED_EDGE ( 'NONE', *, *, #1507, .T. ) ;
#5328 = DIRECTION ( 'NONE',  ( -1.224646799147353207E-16, 1.000000000000000000, 0.000000000000000000 ) ) ;
#5329 = ORIENTED_EDGE ( 'NONE', *, *, #777, .T. ) ;
#5330 = CARTESIAN_POINT ( 'NONE',  ( 9.500000000000000000, 0.000000000000000000, 9.000000000000001776 ) ) ;
#5331 = ORIENTED_EDGE ( 'NONE', *, *, #4549, .T. ) ;
#5332 = CARTESIAN_POINT ( 'NONE',  ( -16.26538440245398931, -13.96003667199245868, 15.50000000000000000 ) ) ;
#5333 = CARTESIAN_POINT ( 'NONE',  ( 20.00000000000000000, -20.09759305442772259, 3.500000000000000888 ) ) ;
#5334 = CARTESIAN_POINT ( 'NONE',  ( 22.21530969695822222, -6.215309696958008168, 14.63582090926657031 ) ) ;
#5335 = EDGE_CURVE ( 'NONE', #2925, #2930, #478, .T. ) ;
#5336 = AXIS2_PLACEMENT_3D ( 'NONE', #93, #5134, #3908 ) ;
#5337 = ORIENTED_EDGE ( 'NONE', *, *, #1479, .F. ) ;
#5338 = VERTEX_POINT ( 'NONE', #5214 ) ;
#5339 = EDGE_CURVE ( 'NONE', #1306, #3377, #5241, .T. ) ;
#5340 = FACE_OUTER_BOUND ( 'NONE', #3782, .T. ) ;
#5341 = CARTESIAN_POINT ( 'NONE',  ( 20.99999999999999645, 5.000000000000000000, 0.000000000000000000 ) ) ;
#5342 = EDGE_CURVE ( 'NONE', #3377, #1785, #3156, .T. ) ;
#5343 = CARTESIAN_POINT ( 'NONE',  ( -22.82996937387688519, 5.609989791292365524, 15.29510762597967855 ) ) ;
#5344 = ORIENTED_EDGE ( 'NONE', *, *, #2061, .F. ) ;
#5345 = DIRECTION ( 'NONE',  ( 1.000000000000000000, 0.000000000000000000, 0.000000000000000000 ) ) ;
#5346 = EDGE_LOOP ( 'NONE', ( #778, #5364 ) ) ;
#5347 = CARTESIAN_POINT ( 'NONE',  ( -13.86538440245427850, 14.03996332800754132, 14.49999999999999822 ) ) ;
#5348 = EDGE_CURVE ( 'NONE', #3513, #3590, #4011, .T. ) ;
#5349 = AXIS2_PLACEMENT_3D ( 'NONE', #5177, #3447, #103 ) ;
#5350 = CARTESIAN_POINT ( 'NONE',  ( 20.00000000000000000, 20.00000000000000355, 4.000000000000000888 ) ) ;
#5351 = VERTEX_POINT ( 'NONE', #1062 ) ;
#5352 = DIRECTION ( 'NONE',  ( 0.000000000000000000, -0.000000000000000000, -1.000000000000000000 ) ) ;
#5353 = CARTESIAN_POINT ( 'NONE',  ( -21.99999999999999645, -8.000000000000000000, 1.000000000000000000 ) ) ;
#5354 = CYLINDRICAL_SURFACE ( 'NONE', #846, 1.000000000000000888 ) ;
#5355 = ORIENTED_EDGE ( 'NONE', *, *, #1450, .T. ) ;
#5356 = CARTESIAN_POINT ( 'NONE',  ( -33.00000000000000000, 0.000000000000000000, 14.49999999999999822 ) ) ;
#5357 = VECTOR ( 'NONE', #3650, 1000.000000000000000 ) ;
#5358 = CYLINDRICAL_SURFACE ( 'NONE', #4619, 1.150000000000001688 ) ;
#5359 = CARTESIAN_POINT ( 'NONE',  ( -15.76538440245427886, 14.03996332800754132, 8.500000000000000000 ) ) ;
#5360 = CARTESIAN_POINT ( 'NONE',  ( 21.96801664891367523, -7.904049946740958177, 14.75928256736396804 ) ) ;
#5361 = CIRCLE ( 'NONE', #3697, 1.000000000000000888 ) ;
#5362 = AXIS2_PLACEMENT_3D ( 'NONE', #2510, #374, #2920 ) ;
#5363 = AXIS2_PLACEMENT_3D ( 'NONE', #381, #3289, #2080 ) ;
#5364 = ORIENTED_EDGE ( 'NONE', *, *, #3802, .T. ) ;
#5365 = VERTEX_POINT ( 'NONE', #2749 ) ;
#5366 = DIRECTION ( 'NONE',  ( 1.000000000000000000, 0.000000000000000000, 0.000000000000000000 ) ) ;
#5367 = TOROIDAL_SURFACE ( 'NONE', #1600, 9.500000000000000000, 0.5000000000000000000 ) ;
#5368 = ADVANCED_FACE ( 'NONE', ( #4420 ), #4264, .T. ) ;
#5369 = CARTESIAN_POINT ( 'NONE',  ( 23.99999999999998934, 6.000000000000001776, 0.4142135623730951455 ) ) ;
#5370 = CARTESIAN_POINT ( 'NONE',  ( -21.39276988155073056, 5.130923293850567113, 15.49999999999999822 ) ) ;
#5371 = ORIENTED_EDGE ( 'NONE', *, *, #927, .F. ) ;
#5372 = CARTESIAN_POINT ( 'NONE',  ( 14.13461559754601460, -13.96003667199245868, 8.500000000000000000 ) ) ;
#5373 = VECTOR ( 'NONE', #838, 1000.000000000000000 ) ;
#5374 = EDGE_LOOP ( 'NONE', ( #502, #1248, #3746, #5255 ) ) ;
#5375 = DIRECTION ( 'NONE',  ( -0.000000000000000000, 0.000000000000000000, -1.000000000000000000 ) ) ;
#5376 = AXIS2_PLACEMENT_3D ( 'NONE', #4762, #1021, #3142 ) ;
#5377 = EDGE_CURVE ( 'NONE', #2110, #5090, #1813, .T. ) ;
#5378 = AXIS2_PLACEMENT_3D ( 'NONE', #3102, #4778, #3918 ) ;
#5379 = CYLINDRICAL_SURFACE ( 'NONE', #1683, 2.000000000000001776 ) ;
#5380 = ADVANCED_FACE ( 'NONE', ( #3679 ), #2807, .T. ) ;
#5381 = VECTOR ( 'NONE', #324, 1000.000000000000114 ) ;
#5382 = ORIENTED_EDGE ( 'NONE', *, *, #4573, .F. ) ;
#5383 = DIRECTION ( 'NONE',  ( 0.9798975149153361652, -0.1995015294747100598, 0.000000000000000000 ) ) ;
#5384 = DIRECTION ( 'NONE',  ( 0.000000000000000000, -1.000000000000000000, 0.000000000000000000 ) ) ;
#5385 = CARTESIAN_POINT ( 'NONE',  ( -25.96545236919031652, 0.04766134921489825760, 8.500000000000000000 ) ) ;
#5386 = ORIENTED_EDGE ( 'NONE', *, *, #2796, .T. ) ;
#5387 = DIRECTION ( 'NONE',  ( 0.9782559316841347163, 0.2074013792741154771, -0.000000000000000000 ) ) ;
#5388 = FACE_OUTER_BOUND ( 'NONE', #1198, .T. ) ;
#5389 = CARTESIAN_POINT ( 'NONE',  ( 22.00000000000000000, 6.000000000000000000, 1.000000000000000000 ) ) ;
#5390 = CARTESIAN_POINT ( 'NONE',  ( -32.00000000000000000, -6.000000000000000000, 1.000000000000000000 ) ) ;
#5391 = ORIENTED_EDGE ( 'NONE', *, *, #1075, .T. ) ;
#5392 = CARTESIAN_POINT ( 'NONE',  ( 20.99999999999999645, -4.999999999999995559, 15.49999999999999822 ) ) ;
#5393 = EDGE_CURVE ( 'NONE', #1596, #24, #4618, .T. ) ;
#5394 = AXIS2_PLACEMENT_3D ( 'NONE', #5356, #4545, #3713 ) ;
#5395 = EDGE_LOOP ( 'NONE', ( #5344, #4688, #4388, #999 ) ) ;
#5396 = DIRECTION ( 'NONE',  ( -0.000000000000000000, 0.000000000000000000, 1.000000000000000000 ) ) ;
#5397 = EDGE_CURVE ( 'NONE', #2382, #3093, #361, .T. ) ;
#5398 = ORIENTED_EDGE ( 'NONE', *, *, #4568, .T. ) ;
#5399 = AXIS2_PLACEMENT_3D ( 'NONE', #3498, #4410, #4027 ) ;
#5400 = FACE_OUTER_BOUND ( 'NONE', #4381, .T. ) ;
#5401 = VECTOR ( 'NONE', #842, 1000.000000000000000 ) ;
#5402 = ADVANCED_FACE ( 'NONE', ( #5322 ), #2425, .F. ) ;
#5403 = CARTESIAN_POINT ( 'NONE',  ( -23.99999999999999289, -7.999999999999998224, 1.000000000000000000 ) ) ;
#5404 = VECTOR ( 'NONE', #1522, 1000.000000000000000 ) ;
#5405 = EDGE_LOOP ( 'NONE', ( #985, #3633, #3069, #1510 ) ) ;
#5406 = EDGE_CURVE ( 'NONE', #3654, #1537, #1553, .T. ) ;
#5407 = AXIS2_PLACEMENT_3D ( 'NONE', #4036, #2398, #256 ) ;
#5408 = DIRECTION ( 'NONE',  ( -0.1995015294747100598, -0.9798975149153361652, 0.000000000000000000 ) ) ;
#5409 = ORIENTED_EDGE ( 'NONE', *, *, #3052, .F. ) ;
#5410 = EDGE_CURVE ( 'NONE', #2453, #5301, #1719, .T. ) ;
#5411 = AXIS2_PLACEMENT_3D ( 'NONE', #4073, #4919, #4522 ) ;
#5412 = DIRECTION ( 'NONE',  ( 0.000000000000000000, -0.000000000000000000, -1.000000000000000000 ) ) ;
#5413 = DIRECTION ( 'NONE',  ( 1.000000000000000000, 0.000000000000000000, 0.000000000000000000 ) ) ;
#5414 = CARTESIAN_POINT ( 'NONE',  ( 32.00000000000000000, -4.000000000000000000, 1.000000000000000000 ) ) ;
#5415 = CARTESIAN_POINT ( 'NONE',  ( 22.00000000000000000, 8.000000000000000000, 14.49999999999999822 ) ) ;
#5416 = LINE ( 'NONE', #1730, #298 ) ;
#5417 = LINE ( 'NONE', #1329, #1832 ) ;
#5418 = ORIENTED_EDGE ( 'NONE', *, *, #2095, .T. ) ;
#5419 = CARTESIAN_POINT ( 'NONE',  ( -22.12560186952648422, -6.125601869526489551, 14.28802234809545624 ) ) ;
#5420 = LINE ( 'NONE', #284, #4217 ) ;
#5421 = CARTESIAN_POINT ( 'NONE',  ( -18.08855220393495955, 17.01798743300968653, 2.500000000000001332 ) ) ;
#5422 = ORIENTED_EDGE ( 'NONE', *, *, #4329, .T. ) ;
#5423 = ORIENTED_EDGE ( 'NONE', *, *, #54, .F. ) ;
#5424 = DIRECTION ( 'NONE',  ( -1.000000000000000000, 0.000000000000000000, 0.000000000000000000 ) ) ;
#5425 = DIRECTION ( 'NONE',  ( 0.000000000000000000, 0.000000000000000000, 1.000000000000000000 ) ) ;
#5426 = DIRECTION ( 'NONE',  ( 0.2066656475787591318, 0.9784116261118590563, 0.000000000000000000 ) ) ;
#5427 = ORIENTED_EDGE ( 'NONE', *, *, #770, .F. ) ;
#5428 = DIRECTION ( 'NONE',  ( 7.885106708985489034E-17, -1.000000000000000000, 0.000000000000000000 ) ) ;
#5429 = CARTESIAN_POINT ( 'NONE',  ( 12.73461559754572292, 14.03996332800754132, 9.000000000000001776 ) ) ;
#5430 = ORIENTED_EDGE ( 'NONE', *, *, #871, .T. ) ;
#5431 = AXIS2_PLACEMENT_3D ( 'NONE', #161, #3556, #552 ) ;
#5432 = CARTESIAN_POINT ( 'NONE',  ( -21.96801664891366812, 7.904049946740963506, 0.7407174326360363992 ) ) ;
#5433 = CARTESIAN_POINT ( 'NONE',  ( -23.99999999999999645, 8.000000000000000000, 8.500000000000000000 ) ) ;
#5434 = CARTESIAN_POINT ( 'NONE',  ( 22.08654621184370370, 6.086546211844045651, 0.5670975955068123797 ) ) ;
#5435 = DIRECTION ( 'NONE',  ( 1.000000000000000000, 0.000000000000000000, 0.000000000000000000 ) ) ;
#5436 = DIRECTION ( 'NONE',  ( -0.000000000000000000, 0.000000000000000000, -1.000000000000000000 ) ) ;
#5437 = EDGE_CURVE ( 'NONE', #3020, #4708, #309, .T. ) ;
#5438 = AXIS2_PLACEMENT_3D ( 'NONE', #133, #3864, #4690 ) ;
#5439 = EDGE_CURVE ( 'NONE', #137, #755, #575, .T. ) ;
#5440 = CIRCLE ( 'NONE', #3087, 2.000000000000001776 ) ;
#5441 = ORIENTED_EDGE ( 'NONE', *, *, #3202, .T. ) ;
#5442 = CARTESIAN_POINT ( 'NONE',  ( -23.60349479552698426, -5.867831598508979951, 15.00115067492108523 ) ) ;
#5443 = CARTESIAN_POINT ( 'NONE',  ( 23.69649888251229441, -5.898832960837350647, 0.5568487946087481433 ) ) ;
#5444 = CARTESIAN_POINT ( 'NONE',  ( -21.99999999999999645, 8.000000000000000000, 0.4142135623730949789 ) ) ;
#5445 = EDGE_LOOP ( 'NONE', ( #1640, #4701, #2750, #270 ) ) ;
#5446 = VECTOR ( 'NONE', #4044, 1000.000000000000000 ) ;
#5447 = ORIENTED_EDGE ( 'NONE', *, *, #1555, .T. ) ;
#5448 = DIRECTION ( 'NONE',  ( 1.000000000000000000, 0.000000000000000000, 0.000000000000000000 ) ) ;
ENDSEC;
END-ISO-10303-21;
