ISO-10303-21;
HEADER;
/*Generated by software containing ST-Developer
 * from STEP Tools, Inc. (www.steptools.com) 
 */
/*OPTION: using custom renumber hook */
/*description */
/*implementation_level */
FILE_DESCRIPTION(('STEP AP242 Edition 2','STEP AP242 Edition 2''CAx-IF Rec.Pracs.---Representation and Presentation of Product Manufa
cturing Information (PMI)---4.0---2014-10-13','STEP AP242 Edition 2''CAx-IF Rec.Pracs.---Representation and Presentation of Product Manufa
cturing Information (PMI)---4.0---2014-10-13''CAx-IF Rec.Pracs.---3D Tessellated Geometry---0.4---2014-09-14','STEP AP242 Edition 2''CAx-IF Rec.Pracs.---Representation and Presentation of Product Manufa
cturing Information (PMI)---4.0---2014-10-13''CAx-IF Rec.Pracs.---3D Tessellated Geometry---0.4---2014-09-14''2;1','STEP AP242 Edition 2''CAx-IF Rec.Pracs.---Representation and Presentation of Product Manufa
cturing Information (PMI)---4.0---2014-10-13''CAx-IF Rec.Pracs.---3D Tessellated Geometry---0.4---2014-09-14''2;1''CAx-IF Rec.Pracs.---User Defined Attributes---1.5---2016-08-15'),'2;1');
/*name */
/*time_stamp */
/*author */
/*organization */
/*preprocessor_version */
/*originating_system */
/*authorisation */
FILE_NAME('/vol/tmp/translate-18163535421831055558/Swerve Camera Mount Bracket - Swerve Camera Mount Bracket.step','2026-03-05T01:58:05',(''),(''),'ST-DEVELOPER v20','ONSHAPE BY PTC INC, 1.211','  ');
FILE_SCHEMA(('AP242_MANAGED_MODEL_BASED_3D_ENGINEERING_MIM_LF { 1 0 10303 442 3 1 4 }'));
ENDSEC;
DATA;
#10=SHAPE_REPRESENTATION_RELATIONSHIP('','',#651,#11);
#11=ADVANCED_BREP_SHAPE_REPRESENTATION('',(#649),#1099);
#12=CYLINDRICAL_SURFACE('',#658,0.0038227);
#13=CYLINDRICAL_SURFACE('',#674,0.0038227);
#14=CYLINDRICAL_SURFACE('',#679,0.0025527);
#15=CYLINDRICAL_SURFACE('',#683,0.0025527);
#16=CYLINDRICAL_SURFACE('',#703,0.0025527);
#17=CYLINDRICAL_SURFACE('',#704,0.0025527);
#18=CYLINDRICAL_SURFACE('',#705,0.00127);
#19=CYLINDRICAL_SURFACE('',#707,0.00127);
#20=CYLINDRICAL_SURFACE('',#709,0.00127);
#21=CYLINDRICAL_SURFACE('',#711,0.00127);
#22=CYLINDRICAL_SURFACE('',#712,0.00127);
#23=CYLINDRICAL_SURFACE('',#713,0.00127);
#24=CYLINDRICAL_SURFACE('',#714,0.00127);
#25=CYLINDRICAL_SURFACE('',#715,0.00127);
#26=CYLINDRICAL_SURFACE('',#717,0.00127);
#27=CYLINDRICAL_SURFACE('',#718,0.00127);
#28=CYLINDRICAL_SURFACE('',#721,0.0020193);
#29=CIRCLE('',#654,0.00127);
#30=CIRCLE('',#655,0.00127);
#31=CIRCLE('',#656,0.00127);
#32=CIRCLE('',#657,0.00127);
#33=CIRCLE('',#659,0.0038227);
#34=CIRCLE('',#660,0.0038227);
#35=CIRCLE('',#663,0.0025527);
#36=CIRCLE('',#666,0.0025527);
#37=CIRCLE('',#669,0.0025527);
#38=CIRCLE('',#672,0.0025527);
#39=CIRCLE('',#675,0.0038227);
#40=CIRCLE('',#676,0.0038227);
#41=CIRCLE('',#680,0.0025527);
#42=CIRCLE('',#681,0.0025527);
#43=CIRCLE('',#684,0.0025527);
#44=CIRCLE('',#685,0.0025527);
#45=CIRCLE('',#687,0.00127);
#46=CIRCLE('',#688,0.00127);
#47=CIRCLE('',#689,0.00127);
#48=CIRCLE('',#690,0.00127);
#49=CIRCLE('',#692,0.0020193);
#50=CIRCLE('',#693,0.00127);
#51=CIRCLE('',#694,0.00127);
#52=CIRCLE('',#695,0.00127);
#53=CIRCLE('',#696,0.00127);
#54=CIRCLE('',#697,0.00127);
#55=CIRCLE('',#698,0.00127);
#56=CIRCLE('',#699,0.00127);
#57=CIRCLE('',#700,0.00127);
#58=CIRCLE('',#701,0.00127);
#59=CIRCLE('',#702,0.00127);
#60=CIRCLE('',#706,0.00127);
#61=CIRCLE('',#708,0.00127);
#62=CIRCLE('',#710,0.00127);
#63=CIRCLE('',#716,0.00127);
#64=CIRCLE('',#720,0.0020193);
#65=ORIENTED_EDGE('',*,*,#241,.F.);
#66=ORIENTED_EDGE('',*,*,#242,.T.);
#67=ORIENTED_EDGE('',*,*,#243,.T.);
#68=ORIENTED_EDGE('',*,*,#244,.T.);
#69=ORIENTED_EDGE('',*,*,#245,.T.);
#70=ORIENTED_EDGE('',*,*,#246,.T.);
#71=ORIENTED_EDGE('',*,*,#247,.T.);
#72=ORIENTED_EDGE('',*,*,#248,.T.);
#73=ORIENTED_EDGE('',*,*,#249,.F.);
#74=ORIENTED_EDGE('',*,*,#250,.F.);
#75=ORIENTED_EDGE('',*,*,#251,.T.);
#76=ORIENTED_EDGE('',*,*,#252,.T.);
#77=ORIENTED_EDGE('',*,*,#253,.T.);
#78=ORIENTED_EDGE('',*,*,#254,.T.);
#79=ORIENTED_EDGE('',*,*,#255,.F.);
#80=ORIENTED_EDGE('',*,*,#250,.T.);
#81=ORIENTED_EDGE('',*,*,#256,.F.);
#82=ORIENTED_EDGE('',*,*,#243,.F.);
#83=ORIENTED_EDGE('',*,*,#257,.T.);
#84=ORIENTED_EDGE('',*,*,#258,.T.);
#85=ORIENTED_EDGE('',*,*,#259,.T.);
#86=ORIENTED_EDGE('',*,*,#245,.F.);
#87=ORIENTED_EDGE('',*,*,#260,.T.);
#88=ORIENTED_EDGE('',*,*,#261,.T.);
#89=ORIENTED_EDGE('',*,*,#262,.T.);
#90=ORIENTED_EDGE('',*,*,#263,.T.);
#91=ORIENTED_EDGE('',*,*,#247,.F.);
#92=ORIENTED_EDGE('',*,*,#264,.T.);
#93=ORIENTED_EDGE('',*,*,#265,.T.);
#94=ORIENTED_EDGE('',*,*,#266,.T.);
#95=ORIENTED_EDGE('',*,*,#267,.T.);
#96=ORIENTED_EDGE('',*,*,#268,.T.);
#97=ORIENTED_EDGE('',*,*,#269,.T.);
#98=ORIENTED_EDGE('',*,*,#270,.F.);
#99=ORIENTED_EDGE('',*,*,#271,.F.);
#100=ORIENTED_EDGE('',*,*,#272,.T.);
#101=ORIENTED_EDGE('',*,*,#241,.T.);
#102=ORIENTED_EDGE('',*,*,#273,.T.);
#103=ORIENTED_EDGE('',*,*,#274,.F.);
#104=ORIENTED_EDGE('',*,*,#275,.F.);
#105=ORIENTED_EDGE('',*,*,#276,.T.);
#106=ORIENTED_EDGE('',*,*,#277,.T.);
#107=ORIENTED_EDGE('',*,*,#278,.T.);
#108=ORIENTED_EDGE('',*,*,#279,.T.);
#109=ORIENTED_EDGE('',*,*,#280,.T.);
#110=ORIENTED_EDGE('',*,*,#281,.F.);
#111=ORIENTED_EDGE('',*,*,#282,.T.);
#112=ORIENTED_EDGE('',*,*,#283,.T.);
#113=ORIENTED_EDGE('',*,*,#284,.T.);
#114=ORIENTED_EDGE('',*,*,#285,.T.);
#115=ORIENTED_EDGE('',*,*,#286,.F.);
#116=ORIENTED_EDGE('',*,*,#287,.T.);
#117=ORIENTED_EDGE('',*,*,#288,.F.);
#118=ORIENTED_EDGE('',*,*,#289,.T.);
#119=ORIENTED_EDGE('',*,*,#290,.T.);
#120=ORIENTED_EDGE('',*,*,#291,.F.);
#121=ORIENTED_EDGE('',*,*,#292,.T.);
#122=ORIENTED_EDGE('',*,*,#293,.F.);
#123=ORIENTED_EDGE('',*,*,#294,.F.);
#124=ORIENTED_EDGE('',*,*,#288,.T.);
#125=ORIENTED_EDGE('',*,*,#295,.T.);
#126=ORIENTED_EDGE('',*,*,#296,.T.);
#127=ORIENTED_EDGE('',*,*,#297,.F.);
#128=ORIENTED_EDGE('',*,*,#293,.T.);
#129=ORIENTED_EDGE('',*,*,#298,.T.);
#130=ORIENTED_EDGE('',*,*,#299,.T.);
#131=ORIENTED_EDGE('',*,*,#300,.T.);
#132=ORIENTED_EDGE('',*,*,#301,.F.);
#133=ORIENTED_EDGE('',*,*,#302,.T.);
#134=ORIENTED_EDGE('',*,*,#303,.F.);
#135=ORIENTED_EDGE('',*,*,#252,.F.);
#136=ORIENTED_EDGE('',*,*,#304,.T.);
#137=ORIENTED_EDGE('',*,*,#305,.T.);
#138=ORIENTED_EDGE('',*,*,#306,.F.);
#139=ORIENTED_EDGE('',*,*,#307,.F.);
#140=ORIENTED_EDGE('',*,*,#308,.T.);
#141=ORIENTED_EDGE('',*,*,#269,.F.);
#142=ORIENTED_EDGE('',*,*,#309,.T.);
#143=ORIENTED_EDGE('',*,*,#277,.F.);
#144=ORIENTED_EDGE('',*,*,#310,.T.);
#145=ORIENTED_EDGE('',*,*,#279,.F.);
#146=ORIENTED_EDGE('',*,*,#311,.T.);
#147=ORIENTED_EDGE('',*,*,#284,.F.);
#148=ORIENTED_EDGE('',*,*,#312,.T.);
#149=ORIENTED_EDGE('',*,*,#313,.F.);
#150=ORIENTED_EDGE('',*,*,#301,.T.);
#151=ORIENTED_EDGE('',*,*,#314,.T.);
#152=ORIENTED_EDGE('',*,*,#295,.F.);
#153=ORIENTED_EDGE('',*,*,#292,.F.);
#154=ORIENTED_EDGE('',*,*,#291,.T.);
#155=ORIENTED_EDGE('',*,*,#315,.T.);
#156=ORIENTED_EDGE('',*,*,#286,.T.);
#157=ORIENTED_EDGE('',*,*,#316,.T.);
#158=ORIENTED_EDGE('',*,*,#281,.T.);
#159=ORIENTED_EDGE('',*,*,#317,.T.);
#160=ORIENTED_EDGE('',*,*,#275,.T.);
#161=ORIENTED_EDGE('',*,*,#318,.T.);
#162=ORIENTED_EDGE('',*,*,#267,.F.);
#163=ORIENTED_EDGE('',*,*,#319,.T.);
#164=ORIENTED_EDGE('',*,*,#265,.F.);
#165=ORIENTED_EDGE('',*,*,#320,.T.);
#166=ORIENTED_EDGE('',*,*,#261,.F.);
#167=ORIENTED_EDGE('',*,*,#321,.T.);
#168=ORIENTED_EDGE('',*,*,#258,.F.);
#169=ORIENTED_EDGE('',*,*,#322,.T.);
#170=ORIENTED_EDGE('',*,*,#253,.F.);
#171=ORIENTED_EDGE('',*,*,#249,.T.);
#172=ORIENTED_EDGE('',*,*,#306,.T.);
#173=ORIENTED_EDGE('',*,*,#323,.T.);
#174=ORIENTED_EDGE('',*,*,#302,.F.);
#175=ORIENTED_EDGE('',*,*,#307,.T.);
#176=ORIENTED_EDGE('',*,*,#274,.T.);
#177=ORIENTED_EDGE('',*,*,#283,.F.);
#178=ORIENTED_EDGE('',*,*,#256,.T.);
#179=ORIENTED_EDGE('',*,*,#263,.F.);
#180=ORIENTED_EDGE('',*,*,#300,.F.);
#181=ORIENTED_EDGE('',*,*,#324,.F.);
#182=ORIENTED_EDGE('',*,*,#296,.F.);
#183=ORIENTED_EDGE('',*,*,#314,.F.);
#184=ORIENTED_EDGE('',*,*,#305,.F.);
#185=ORIENTED_EDGE('',*,*,#325,.F.);
#186=ORIENTED_EDGE('',*,*,#298,.F.);
#187=ORIENTED_EDGE('',*,*,#323,.F.);
#188=ORIENTED_EDGE('',*,*,#242,.F.);
#189=ORIENTED_EDGE('',*,*,#272,.F.);
#190=ORIENTED_EDGE('',*,*,#326,.F.);
#191=ORIENTED_EDGE('',*,*,#254,.F.);
#192=ORIENTED_EDGE('',*,*,#322,.F.);
#193=ORIENTED_EDGE('',*,*,#257,.F.);
#194=ORIENTED_EDGE('',*,*,#244,.F.);
#195=ORIENTED_EDGE('',*,*,#259,.F.);
#196=ORIENTED_EDGE('',*,*,#321,.F.);
#197=ORIENTED_EDGE('',*,*,#260,.F.);
#198=ORIENTED_EDGE('',*,*,#246,.F.);
#199=ORIENTED_EDGE('',*,*,#262,.F.);
#200=ORIENTED_EDGE('',*,*,#320,.F.);
#201=ORIENTED_EDGE('',*,*,#264,.F.);
#202=ORIENTED_EDGE('',*,*,#310,.F.);
#203=ORIENTED_EDGE('',*,*,#276,.F.);
#204=ORIENTED_EDGE('',*,*,#317,.F.);
#205=ORIENTED_EDGE('',*,*,#280,.F.);
#206=ORIENTED_EDGE('',*,*,#311,.F.);
#207=ORIENTED_EDGE('',*,*,#282,.F.);
#208=ORIENTED_EDGE('',*,*,#316,.F.);
#209=ORIENTED_EDGE('',*,*,#285,.F.);
#210=ORIENTED_EDGE('',*,*,#312,.F.);
#211=ORIENTED_EDGE('',*,*,#287,.F.);
#212=ORIENTED_EDGE('',*,*,#315,.F.);
#213=ORIENTED_EDGE('',*,*,#290,.F.);
#214=ORIENTED_EDGE('',*,*,#327,.F.);
#215=ORIENTED_EDGE('',*,*,#270,.T.);
#216=ORIENTED_EDGE('',*,*,#309,.F.);
#217=ORIENTED_EDGE('',*,*,#268,.F.);
#218=ORIENTED_EDGE('',*,*,#318,.F.);
#219=ORIENTED_EDGE('',*,*,#278,.F.);
#220=ORIENTED_EDGE('',*,*,#248,.F.);
#221=ORIENTED_EDGE('',*,*,#266,.F.);
#222=ORIENTED_EDGE('',*,*,#319,.F.);
#223=ORIENTED_EDGE('',*,*,#273,.F.);
#224=ORIENTED_EDGE('',*,*,#328,.T.);
#225=ORIENTED_EDGE('',*,*,#303,.T.);
#226=ORIENTED_EDGE('',*,*,#308,.F.);
#227=ORIENTED_EDGE('',*,*,#271,.T.);
#228=ORIENTED_EDGE('',*,*,#327,.T.);
#229=ORIENTED_EDGE('',*,*,#289,.F.);
#230=ORIENTED_EDGE('',*,*,#294,.T.);
#231=ORIENTED_EDGE('',*,*,#297,.T.);
#232=ORIENTED_EDGE('',*,*,#324,.T.);
#233=ORIENTED_EDGE('',*,*,#299,.F.);
#234=ORIENTED_EDGE('',*,*,#325,.T.);
#235=ORIENTED_EDGE('',*,*,#304,.F.);
#236=ORIENTED_EDGE('',*,*,#251,.F.);
#237=ORIENTED_EDGE('',*,*,#255,.T.);
#238=ORIENTED_EDGE('',*,*,#326,.T.);
#239=ORIENTED_EDGE('',*,*,#328,.F.);
#240=ORIENTED_EDGE('',*,*,#313,.T.);
#241=EDGE_CURVE('',#329,#330,#391,.T.);
#242=EDGE_CURVE('',#329,#331,#29,.F.);
#243=EDGE_CURVE('',#331,#332,#392,.T.);
#244=EDGE_CURVE('',#332,#333,#30,.T.);
#245=EDGE_CURVE('',#333,#334,#393,.T.);
#246=EDGE_CURVE('',#334,#335,#31,.T.);
#247=EDGE_CURVE('',#335,#336,#394,.T.);
#248=EDGE_CURVE('',#336,#330,#32,.F.);
#249=EDGE_CURVE('',#337,#338,#33,.T.);
#250=EDGE_CURVE('',#339,#337,#395,.T.);
#251=EDGE_CURVE('',#339,#340,#34,.T.);
#252=EDGE_CURVE('',#340,#338,#396,.T.);
#253=EDGE_CURVE('',#337,#341,#397,.T.);
#254=EDGE_CURVE('',#341,#342,#398,.F.);
#255=EDGE_CURVE('',#339,#342,#399,.T.);
#256=EDGE_CURVE('',#343,#343,#35,.T.);
#257=EDGE_CURVE('',#331,#344,#400,.T.);
#258=EDGE_CURVE('',#344,#345,#401,.T.);
#259=EDGE_CURVE('',#345,#332,#402,.F.);
#260=EDGE_CURVE('',#333,#346,#403,.T.);
#261=EDGE_CURVE('',#346,#347,#404,.T.);
#262=EDGE_CURVE('',#347,#334,#405,.F.);
#263=EDGE_CURVE('',#348,#348,#36,.T.);
#264=EDGE_CURVE('',#335,#349,#406,.T.);
#265=EDGE_CURVE('',#349,#350,#407,.T.);
#266=EDGE_CURVE('',#350,#336,#408,.F.);
#267=EDGE_CURVE('',#351,#352,#409,.T.);
#268=EDGE_CURVE('',#352,#353,#410,.F.);
#269=EDGE_CURVE('',#353,#354,#411,.T.);
#270=EDGE_CURVE('',#355,#354,#412,.T.);
#271=EDGE_CURVE('',#356,#355,#413,.T.);
#272=EDGE_CURVE('',#356,#329,#414,.T.);
#273=EDGE_CURVE('',#330,#351,#415,.T.);
#274=EDGE_CURVE('',#357,#357,#37,.T.);
#275=EDGE_CURVE('',#358,#359,#416,.T.);
#276=EDGE_CURVE('',#358,#360,#417,.F.);
#277=EDGE_CURVE('',#360,#361,#418,.T.);
#278=EDGE_CURVE('',#361,#359,#419,.T.);
#279=EDGE_CURVE('',#362,#363,#420,.T.);
#280=EDGE_CURVE('',#363,#364,#421,.T.);
#281=EDGE_CURVE('',#365,#364,#422,.T.);
#282=EDGE_CURVE('',#365,#362,#423,.F.);
#283=EDGE_CURVE('',#366,#366,#38,.F.);
#284=EDGE_CURVE('',#367,#368,#424,.T.);
#285=EDGE_CURVE('',#368,#369,#425,.T.);
#286=EDGE_CURVE('',#370,#369,#426,.T.);
#287=EDGE_CURVE('',#370,#367,#427,.F.);
#288=EDGE_CURVE('',#371,#372,#428,.T.);
#289=EDGE_CURVE('',#371,#373,#429,.T.);
#290=EDGE_CURVE('',#373,#374,#430,.T.);
#291=EDGE_CURVE('',#372,#374,#431,.T.);
#292=EDGE_CURVE('',#372,#375,#39,.T.);
#293=EDGE_CURVE('',#376,#375,#432,.T.);
#294=EDGE_CURVE('',#371,#376,#40,.T.);
#295=EDGE_CURVE('',#375,#377,#433,.T.);
#296=EDGE_CURVE('',#377,#378,#434,.F.);
#297=EDGE_CURVE('',#376,#378,#435,.T.);
#298=EDGE_CURVE('',#379,#380,#436,.F.);
#299=EDGE_CURVE('',#380,#381,#437,.T.);
#300=EDGE_CURVE('',#381,#382,#438,.T.);
#301=EDGE_CURVE('',#379,#382,#439,.T.);
#302=EDGE_CURVE('',#383,#383,#41,.T.);
#303=EDGE_CURVE('',#384,#384,#42,.T.);
#304=EDGE_CURVE('',#340,#385,#440,.T.);
#305=EDGE_CURVE('',#385,#386,#441,.T.);
#306=EDGE_CURVE('',#338,#386,#442,.T.);
#307=EDGE_CURVE('',#387,#387,#43,.T.);
#308=EDGE_CURVE('',#388,#388,#44,.T.);
#309=EDGE_CURVE('',#353,#361,#45,.F.);
#310=EDGE_CURVE('',#360,#363,#46,.T.);
#311=EDGE_CURVE('',#362,#368,#47,.T.);
#312=EDGE_CURVE('',#367,#354,#48,.F.);
#313=EDGE_CURVE('',#389,#389,#49,.F.);
#314=EDGE_CURVE('',#382,#377,#50,.F.);
#315=EDGE_CURVE('',#374,#370,#51,.T.);
#316=EDGE_CURVE('',#369,#365,#52,.F.);
#317=EDGE_CURVE('',#364,#358,#53,.F.);
#318=EDGE_CURVE('',#359,#352,#54,.T.);
#319=EDGE_CURVE('',#351,#350,#55,.T.);
#320=EDGE_CURVE('',#349,#347,#56,.F.);
#321=EDGE_CURVE('',#346,#345,#57,.F.);
#322=EDGE_CURVE('',#344,#341,#58,.T.);
#323=EDGE_CURVE('',#386,#379,#59,.F.);
#324=EDGE_CURVE('',#378,#381,#60,.T.);
#325=EDGE_CURVE('',#380,#385,#61,.T.);
#326=EDGE_CURVE('',#342,#356,#62,.F.);
#327=EDGE_CURVE('',#355,#373,#63,.F.);
#328=EDGE_CURVE('',#390,#390,#64,.T.);
#329=VERTEX_POINT('',#917);
#330=VERTEX_POINT('',#918);
#331=VERTEX_POINT('',#920);
#332=VERTEX_POINT('',#922);
#333=VERTEX_POINT('',#924);
#334=VERTEX_POINT('',#926);
#335=VERTEX_POINT('',#928);
#336=VERTEX_POINT('',#930);
#337=VERTEX_POINT('',#934);
#338=VERTEX_POINT('',#935);
#339=VERTEX_POINT('',#937);
#340=VERTEX_POINT('',#939);
#341=VERTEX_POINT('',#943);
#342=VERTEX_POINT('',#945);
#343=VERTEX_POINT('',#949);
#344=VERTEX_POINT('',#951);
#345=VERTEX_POINT('',#953);
#346=VERTEX_POINT('',#957);
#347=VERTEX_POINT('',#959);
#348=VERTEX_POINT('',#963);
#349=VERTEX_POINT('',#965);
#350=VERTEX_POINT('',#967);
#351=VERTEX_POINT('',#971);
#352=VERTEX_POINT('',#972);
#353=VERTEX_POINT('',#974);
#354=VERTEX_POINT('',#976);
#355=VERTEX_POINT('',#978);
#356=VERTEX_POINT('',#980);
#357=VERTEX_POINT('',#985);
#358=VERTEX_POINT('',#987);
#359=VERTEX_POINT('',#988);
#360=VERTEX_POINT('',#990);
#361=VERTEX_POINT('',#992);
#362=VERTEX_POINT('',#996);
#363=VERTEX_POINT('',#997);
#364=VERTEX_POINT('',#999);
#365=VERTEX_POINT('',#1001);
#366=VERTEX_POINT('',#1005);
#367=VERTEX_POINT('',#1007);
#368=VERTEX_POINT('',#1008);
#369=VERTEX_POINT('',#1010);
#370=VERTEX_POINT('',#1012);
#371=VERTEX_POINT('',#1016);
#372=VERTEX_POINT('',#1017);
#373=VERTEX_POINT('',#1019);
#374=VERTEX_POINT('',#1021);
#375=VERTEX_POINT('',#1025);
#376=VERTEX_POINT('',#1027);
#377=VERTEX_POINT('',#1031);
#378=VERTEX_POINT('',#1033);
#379=VERTEX_POINT('',#1037);
#380=VERTEX_POINT('',#1038);
#381=VERTEX_POINT('',#1040);
#382=VERTEX_POINT('',#1042);
#383=VERTEX_POINT('',#1046);
#384=VERTEX_POINT('',#1048);
#385=VERTEX_POINT('',#1051);
#386=VERTEX_POINT('',#1053);
#387=VERTEX_POINT('',#1057);
#388=VERTEX_POINT('',#1059);
#389=VERTEX_POINT('',#1067);
#390=VERTEX_POINT('',#1096);
#391=LINE('',#916,#443);
#392=LINE('',#921,#444);
#393=LINE('',#925,#445);
#394=LINE('',#929,#446);
#395=LINE('',#936,#447);
#396=LINE('',#940,#448);
#397=LINE('',#942,#449);
#398=LINE('',#944,#450);
#399=LINE('',#946,#451);
#400=LINE('',#950,#452);
#401=LINE('',#952,#453);
#402=LINE('',#954,#454);
#403=LINE('',#956,#455);
#404=LINE('',#958,#456);
#405=LINE('',#960,#457);
#406=LINE('',#964,#458);
#407=LINE('',#966,#459);
#408=LINE('',#968,#460);
#409=LINE('',#970,#461);
#410=LINE('',#973,#462);
#411=LINE('',#975,#463);
#412=LINE('',#977,#464);
#413=LINE('',#979,#465);
#414=LINE('',#981,#466);
#415=LINE('',#982,#467);
#416=LINE('',#986,#468);
#417=LINE('',#989,#469);
#418=LINE('',#991,#470);
#419=LINE('',#993,#471);
#420=LINE('',#995,#472);
#421=LINE('',#998,#473);
#422=LINE('',#1000,#474);
#423=LINE('',#1002,#475);
#424=LINE('',#1006,#476);
#425=LINE('',#1009,#477);
#426=LINE('',#1011,#478);
#427=LINE('',#1013,#479);
#428=LINE('',#1015,#480);
#429=LINE('',#1018,#481);
#430=LINE('',#1020,#482);
#431=LINE('',#1022,#483);
#432=LINE('',#1026,#484);
#433=LINE('',#1030,#485);
#434=LINE('',#1032,#486);
#435=LINE('',#1034,#487);
#436=LINE('',#1036,#488);
#437=LINE('',#1039,#489);
#438=LINE('',#1041,#490);
#439=LINE('',#1043,#491);
#440=LINE('',#1050,#492);
#441=LINE('',#1052,#493);
#442=LINE('',#1054,#494);
#443=VECTOR('',#726,1.);
#444=VECTOR('',#729,1.);
#445=VECTOR('',#732,1.);
#446=VECTOR('',#735,1.);
#447=VECTOR('',#742,1.);
#448=VECTOR('',#745,1.);
#449=VECTOR('',#748,1.);
#450=VECTOR('',#749,1.);
#451=VECTOR('',#750,1.);
#452=VECTOR('',#755,1.);
#453=VECTOR('',#756,1.);
#454=VECTOR('',#757,1.);
#455=VECTOR('',#760,1.);
#456=VECTOR('',#761,1.);
#457=VECTOR('',#762,1.);
#458=VECTOR('',#767,1.);
#459=VECTOR('',#768,1.);
#460=VECTOR('',#769,1.);
#461=VECTOR('',#772,1.);
#462=VECTOR('',#773,1.);
#463=VECTOR('',#774,1.);
#464=VECTOR('',#775,1.);
#465=VECTOR('',#776,1.);
#466=VECTOR('',#777,1.);
#467=VECTOR('',#778,1.);
#468=VECTOR('',#783,1.);
#469=VECTOR('',#784,1.);
#470=VECTOR('',#785,1.);
#471=VECTOR('',#786,1.);
#472=VECTOR('',#789,1.);
#473=VECTOR('',#790,1.);
#474=VECTOR('',#791,1.);
#475=VECTOR('',#792,1.);
#476=VECTOR('',#797,1.);
#477=VECTOR('',#798,1.);
#478=VECTOR('',#799,1.);
#479=VECTOR('',#800,1.);
#480=VECTOR('',#803,1.);
#481=VECTOR('',#804,1.);
#482=VECTOR('',#805,1.);
#483=VECTOR('',#806,1.);
#484=VECTOR('',#811,1.);
#485=VECTOR('',#816,1.);
#486=VECTOR('',#817,1.);
#487=VECTOR('',#818,1.);
#488=VECTOR('',#821,1.);
#489=VECTOR('',#822,1.);
#490=VECTOR('',#823,1.);
#491=VECTOR('',#824,1.);
#492=VECTOR('',#833,1.);
#493=VECTOR('',#834,1.);
#494=VECTOR('',#835,1.);
#495=EDGE_LOOP('',(#65,#66,#67,#68,#69,#70,#71,#72));
#496=EDGE_LOOP('',(#73,#74,#75,#76));
#497=EDGE_LOOP('',(#77,#78,#79,#80));
#498=EDGE_LOOP('',(#81));
#499=EDGE_LOOP('',(#82,#83,#84,#85));
#500=EDGE_LOOP('',(#86,#87,#88,#89));
#501=EDGE_LOOP('',(#90));
#502=EDGE_LOOP('',(#91,#92,#93,#94));
#503=EDGE_LOOP('',(#95,#96,#97,#98,#99,#100,#101,#102));
#504=EDGE_LOOP('',(#103));
#505=EDGE_LOOP('',(#104,#105,#106,#107));
#506=EDGE_LOOP('',(#108,#109,#110,#111));
#507=EDGE_LOOP('',(#112));
#508=EDGE_LOOP('',(#113,#114,#115,#116));
#509=EDGE_LOOP('',(#117,#118,#119,#120));
#510=EDGE_LOOP('',(#121,#122,#123,#124));
#511=EDGE_LOOP('',(#125,#126,#127,#128));
#512=EDGE_LOOP('',(#129,#130,#131,#132));
#513=EDGE_LOOP('',(#133));
#514=EDGE_LOOP('',(#134));
#515=EDGE_LOOP('',(#135,#136,#137,#138));
#516=EDGE_LOOP('',(#139));
#517=EDGE_LOOP('',(#140));
#518=EDGE_LOOP('',(#141,#142,#143,#144,#145,#146,#147,#148));
#519=EDGE_LOOP('',(#149));
#520=EDGE_LOOP('',(#150,#151,#152,#153,#154,#155,#156,#157,#158,#159,#160,#161,#162,#163,#164,#165,#166,#167,#168,#169,#170,#171,#172,#173));
#521=EDGE_LOOP('',(#174));
#522=EDGE_LOOP('',(#175));
#523=EDGE_LOOP('',(#176));
#524=EDGE_LOOP('',(#177));
#525=EDGE_LOOP('',(#178));
#526=EDGE_LOOP('',(#179));
#527=EDGE_LOOP('',(#180,#181,#182,#183));
#528=EDGE_LOOP('',(#184,#185,#186,#187));
#529=EDGE_LOOP('',(#188,#189,#190,#191,#192,#193));
#530=EDGE_LOOP('',(#194,#195,#196,#197));
#531=EDGE_LOOP('',(#198,#199,#200,#201));
#532=EDGE_LOOP('',(#202,#203,#204,#205));
#533=EDGE_LOOP('',(#206,#207,#208,#209));
#534=EDGE_LOOP('',(#210,#211,#212,#213,#214,#215));
#535=EDGE_LOOP('',(#216,#217,#218,#219));
#536=EDGE_LOOP('',(#220,#221,#222,#223));
#537=EDGE_LOOP('',(#224));
#538=EDGE_LOOP('',(#225));
#539=EDGE_LOOP('',(#226));
#540=EDGE_LOOP('',(#227,#228,#229,#230,#231,#232,#233,#234,#235,#236,#237,#238));
#541=EDGE_LOOP('',(#239));
#542=EDGE_LOOP('',(#240));
#543=FACE_BOUND('',#495,.T.);
#544=FACE_BOUND('',#496,.T.);
#545=FACE_BOUND('',#497,.T.);
#546=FACE_BOUND('',#498,.T.);
#547=FACE_BOUND('',#499,.T.);
#548=FACE_BOUND('',#500,.T.);
#549=FACE_BOUND('',#501,.T.);
#550=FACE_BOUND('',#502,.T.);
#551=FACE_BOUND('',#503,.T.);
#552=FACE_BOUND('',#504,.T.);
#553=FACE_BOUND('',#505,.T.);
#554=FACE_BOUND('',#506,.T.);
#555=FACE_BOUND('',#507,.T.);
#556=FACE_BOUND('',#508,.T.);
#557=FACE_BOUND('',#509,.T.);
#558=FACE_BOUND('',#510,.T.);
#559=FACE_BOUND('',#511,.T.);
#560=FACE_BOUND('',#512,.T.);
#561=FACE_BOUND('',#513,.T.);
#562=FACE_BOUND('',#514,.T.);
#563=FACE_BOUND('',#515,.T.);
#564=FACE_BOUND('',#516,.T.);
#565=FACE_BOUND('',#517,.T.);
#566=FACE_BOUND('',#518,.T.);
#567=FACE_BOUND('',#519,.T.);
#568=FACE_BOUND('',#520,.T.);
#569=FACE_BOUND('',#521,.T.);
#570=FACE_BOUND('',#522,.T.);
#571=FACE_BOUND('',#523,.T.);
#572=FACE_BOUND('',#524,.T.);
#573=FACE_BOUND('',#525,.T.);
#574=FACE_BOUND('',#526,.T.);
#575=FACE_BOUND('',#527,.T.);
#576=FACE_BOUND('',#528,.T.);
#577=FACE_BOUND('',#529,.T.);
#578=FACE_BOUND('',#530,.T.);
#579=FACE_BOUND('',#531,.T.);
#580=FACE_BOUND('',#532,.T.);
#581=FACE_BOUND('',#533,.T.);
#582=FACE_BOUND('',#534,.T.);
#583=FACE_BOUND('',#535,.T.);
#584=FACE_BOUND('',#536,.T.);
#585=FACE_BOUND('',#537,.T.);
#586=FACE_BOUND('',#538,.T.);
#587=FACE_BOUND('',#539,.T.);
#588=FACE_BOUND('',#540,.T.);
#589=FACE_BOUND('',#541,.T.);
#590=FACE_BOUND('',#542,.T.);
#591=PLANE('',#653);
#592=PLANE('',#661);
#593=PLANE('',#662);
#594=PLANE('',#664);
#595=PLANE('',#665);
#596=PLANE('',#667);
#597=PLANE('',#668);
#598=PLANE('',#670);
#599=PLANE('',#671);
#600=PLANE('',#673);
#601=PLANE('',#677);
#602=PLANE('',#678);
#603=PLANE('',#682);
#604=PLANE('',#686);
#605=PLANE('',#691);
#606=PLANE('',#719);
#607=ADVANCED_FACE('',(#543),#591,.T.);
#608=ADVANCED_FACE('',(#544),#12,.T.);
#609=ADVANCED_FACE('',(#545),#592,.F.);
#610=ADVANCED_FACE('',(#546,#547),#593,.F.);
#611=ADVANCED_FACE('',(#548),#594,.F.);
#612=ADVANCED_FACE('',(#549,#550),#595,.F.);
#613=ADVANCED_FACE('',(#551),#596,.F.);
#614=ADVANCED_FACE('',(#552,#553),#597,.T.);
#615=ADVANCED_FACE('',(#554),#598,.T.);
#616=ADVANCED_FACE('',(#555,#556),#599,.T.);
#617=ADVANCED_FACE('',(#557),#600,.T.);
#618=ADVANCED_FACE('',(#558),#13,.T.);
#619=ADVANCED_FACE('',(#559),#601,.F.);
#620=ADVANCED_FACE('',(#560),#602,.T.);
#621=ADVANCED_FACE('',(#561,#562),#14,.F.);
#622=ADVANCED_FACE('',(#563),#603,.T.);
#623=ADVANCED_FACE('',(#564,#565),#15,.F.);
#624=ADVANCED_FACE('',(#566),#604,.T.);
#625=ADVANCED_FACE('',(#567,#568,#569,#570),#605,.F.);
#626=ADVANCED_FACE('',(#571,#572),#16,.F.);
#627=ADVANCED_FACE('',(#573,#574),#17,.F.);
#628=ADVANCED_FACE('',(#575),#18,.T.);
#629=ADVANCED_FACE('',(#576),#19,.T.);
#630=ADVANCED_FACE('',(#577),#20,.F.);
#631=ADVANCED_FACE('',(#578),#21,.T.);
#632=ADVANCED_FACE('',(#579),#22,.T.);
#633=ADVANCED_FACE('',(#580),#23,.T.);
#634=ADVANCED_FACE('',(#581),#24,.T.);
#635=ADVANCED_FACE('',(#582),#25,.F.);
#636=ADVANCED_FACE('',(#583),#26,.F.);
#637=ADVANCED_FACE('',(#584),#27,.F.);
#638=ADVANCED_FACE('',(#585,#586,#587,#588),#606,.T.);
#639=ADVANCED_FACE('',(#589,#590),#28,.F.);
#640=CLOSED_SHELL('',(#607,#608,#609,#610,#611,#612,#613,#614,#615,#616,#617,#618,#619,#620,#621,#622,#623,#624,#625,#626,#627,#628,#629,#630,#631,#632,#633,#634,#635,#636,#637,#638,#639));
#641=STYLED_ITEM('',(#642),#649);
#642=PRESENTATION_STYLE_ASSIGNMENT((#643));
#643=SURFACE_STYLE_USAGE(.BOTH.,#644);
#644=SURFACE_SIDE_STYLE('',(#645));
#645=SURFACE_STYLE_FILL_AREA(#646);
#646=FILL_AREA_STYLE('',(#647));
#647=FILL_AREA_STYLE_COLOUR('',#648);
#648=COLOUR_RGB('',0.615686274509804,0.811764705882353,0.929411764705882);
#649=MANIFOLD_SOLID_BREP('Swerve Camera Mount Bracket',#640);
#650=SHAPE_DEFINITION_REPRESENTATION(#1104,#651);
#651=SHAPE_REPRESENTATION('Swerve Camera Mount Bracket',(#652),#1099);
#652=AXIS2_PLACEMENT_3D('',#914,#722,#723);
#653=AXIS2_PLACEMENT_3D('',#915,#724,#725);
#654=AXIS2_PLACEMENT_3D('',#919,#727,#728);
#655=AXIS2_PLACEMENT_3D('',#923,#730,#731);
#656=AXIS2_PLACEMENT_3D('',#927,#733,#734);
#657=AXIS2_PLACEMENT_3D('',#931,#736,#737);
#658=AXIS2_PLACEMENT_3D('',#932,#738,#739);
#659=AXIS2_PLACEMENT_3D('',#933,#740,#741);
#660=AXIS2_PLACEMENT_3D('',#938,#743,#744);
#661=AXIS2_PLACEMENT_3D('',#941,#746,#747);
#662=AXIS2_PLACEMENT_3D('',#947,#751,#752);
#663=AXIS2_PLACEMENT_3D('',#948,#753,#754);
#664=AXIS2_PLACEMENT_3D('',#955,#758,#759);
#665=AXIS2_PLACEMENT_3D('',#961,#763,#764);
#666=AXIS2_PLACEMENT_3D('',#962,#765,#766);
#667=AXIS2_PLACEMENT_3D('',#969,#770,#771);
#668=AXIS2_PLACEMENT_3D('',#983,#779,#780);
#669=AXIS2_PLACEMENT_3D('',#984,#781,#782);
#670=AXIS2_PLACEMENT_3D('',#994,#787,#788);
#671=AXIS2_PLACEMENT_3D('',#1003,#793,#794);
#672=AXIS2_PLACEMENT_3D('',#1004,#795,#796);
#673=AXIS2_PLACEMENT_3D('',#1014,#801,#802);
#674=AXIS2_PLACEMENT_3D('',#1023,#807,#808);
#675=AXIS2_PLACEMENT_3D('',#1024,#809,#810);
#676=AXIS2_PLACEMENT_3D('',#1028,#812,#813);
#677=AXIS2_PLACEMENT_3D('',#1029,#814,#815);
#678=AXIS2_PLACEMENT_3D('',#1035,#819,#820);
#679=AXIS2_PLACEMENT_3D('',#1044,#825,#826);
#680=AXIS2_PLACEMENT_3D('',#1045,#827,#828);
#681=AXIS2_PLACEMENT_3D('',#1047,#829,#830);
#682=AXIS2_PLACEMENT_3D('',#1049,#831,#832);
#683=AXIS2_PLACEMENT_3D('',#1055,#836,#837);
#684=AXIS2_PLACEMENT_3D('',#1056,#838,#839);
#685=AXIS2_PLACEMENT_3D('',#1058,#840,#841);
#686=AXIS2_PLACEMENT_3D('',#1060,#842,#843);
#687=AXIS2_PLACEMENT_3D('',#1061,#844,#845);
#688=AXIS2_PLACEMENT_3D('',#1062,#846,#847);
#689=AXIS2_PLACEMENT_3D('',#1063,#848,#849);
#690=AXIS2_PLACEMENT_3D('',#1064,#850,#851);
#691=AXIS2_PLACEMENT_3D('',#1065,#852,#853);
#692=AXIS2_PLACEMENT_3D('',#1066,#854,#855);
#693=AXIS2_PLACEMENT_3D('',#1068,#856,#857);
#694=AXIS2_PLACEMENT_3D('',#1069,#858,#859);
#695=AXIS2_PLACEMENT_3D('',#1070,#860,#861);
#696=AXIS2_PLACEMENT_3D('',#1071,#862,#863);
#697=AXIS2_PLACEMENT_3D('',#1072,#864,#865);
#698=AXIS2_PLACEMENT_3D('',#1073,#866,#867);
#699=AXIS2_PLACEMENT_3D('',#1074,#868,#869);
#700=AXIS2_PLACEMENT_3D('',#1075,#870,#871);
#701=AXIS2_PLACEMENT_3D('',#1076,#872,#873);
#702=AXIS2_PLACEMENT_3D('',#1077,#874,#875);
#703=AXIS2_PLACEMENT_3D('',#1078,#876,#877);
#704=AXIS2_PLACEMENT_3D('',#1079,#878,#879);
#705=AXIS2_PLACEMENT_3D('',#1080,#880,#881);
#706=AXIS2_PLACEMENT_3D('',#1081,#882,#883);
#707=AXIS2_PLACEMENT_3D('',#1082,#884,#885);
#708=AXIS2_PLACEMENT_3D('',#1083,#886,#887);
#709=AXIS2_PLACEMENT_3D('',#1084,#888,#889);
#710=AXIS2_PLACEMENT_3D('',#1085,#890,#891);
#711=AXIS2_PLACEMENT_3D('',#1086,#892,#893);
#712=AXIS2_PLACEMENT_3D('',#1087,#894,#895);
#713=AXIS2_PLACEMENT_3D('',#1088,#896,#897);
#714=AXIS2_PLACEMENT_3D('',#1089,#898,#899);
#715=AXIS2_PLACEMENT_3D('',#1090,#900,#901);
#716=AXIS2_PLACEMENT_3D('',#1091,#902,#903);
#717=AXIS2_PLACEMENT_3D('',#1092,#904,#905);
#718=AXIS2_PLACEMENT_3D('',#1093,#906,#907);
#719=AXIS2_PLACEMENT_3D('',#1094,#908,#909);
#720=AXIS2_PLACEMENT_3D('',#1095,#910,#911);
#721=AXIS2_PLACEMENT_3D('',#1097,#912,#913);
#722=DIRECTION('',(0.,0.,1.));
#723=DIRECTION('',(1.,0.,0.));
#724=DIRECTION('',(0.,0.,1.));
#725=DIRECTION('',(1.,0.,0.));
#726=DIRECTION('',(1.,0.,0.));
#727=DIRECTION('',(0.,0.,1.));
#728=DIRECTION('',(1.,0.,0.));
#729=DIRECTION('',(0.,-1.,0.));
#730=DIRECTION('',(0.,0.,1.));
#731=DIRECTION('',(1.,0.,0.));
#732=DIRECTION('',(1.,0.,0.));
#733=DIRECTION('',(0.,0.,1.));
#734=DIRECTION('',(1.,0.,0.));
#735=DIRECTION('',(0.,1.,0.));
#736=DIRECTION('',(0.,0.,1.));
#737=DIRECTION('',(1.,0.,0.));
#738=DIRECTION('',(0.,0.,-1.));
#739=DIRECTION('',(-1.,0.,0.));
#740=DIRECTION('',(0.,0.,-1.));
#741=DIRECTION('',(1.,0.,0.));
#742=DIRECTION('',(0.,0.,-1.));
#743=DIRECTION('',(0.,0.,-1.));
#744=DIRECTION('',(1.,0.,0.));
#745=DIRECTION('',(0.,0.,-1.));
#746=DIRECTION('',(0.510294032886921,0.86,0.));
#747=DIRECTION('',(-0.86,0.510294032886921,0.));
#748=DIRECTION('',(0.86,-0.510294032886921,0.));
#749=DIRECTION('',(0.,0.,-1.));
#750=DIRECTION('',(0.86,-0.510294032886921,0.));
#751=DIRECTION('',(1.,0.,0.));
#752=DIRECTION('',(0.,0.,-1.));
#753=DIRECTION('',(-1.,0.,0.));
#754=DIRECTION('',(0.,0.,1.));
#755=DIRECTION('',(0.,0.,-1.));
#756=DIRECTION('',(0.,-1.,0.));
#757=DIRECTION('',(0.,0.,-1.));
#758=DIRECTION('',(0.,1.,0.));
#759=DIRECTION('',(0.,0.,1.));
#760=DIRECTION('',(0.,0.,-1.));
#761=DIRECTION('',(1.,0.,0.));
#762=DIRECTION('',(0.,0.,-1.));
#763=DIRECTION('',(-1.,0.,0.));
#764=DIRECTION('',(0.,0.,1.));
#765=DIRECTION('',(-1.,0.,0.));
#766=DIRECTION('',(0.,0.,1.));
#767=DIRECTION('',(0.,0.,-1.));
#768=DIRECTION('',(0.,1.,0.));
#769=DIRECTION('',(0.,0.,-1.));
#770=DIRECTION('',(0.,1.,0.));
#771=DIRECTION('',(0.,0.,1.));
#772=DIRECTION('',(1.,0.,0.));
#773=DIRECTION('',(0.,0.,-1.));
#774=DIRECTION('',(1.,0.,0.));
#775=DIRECTION('',(0.,0.,-1.));
#776=DIRECTION('',(1.,0.,0.));
#777=DIRECTION('',(0.,0.,-1.));
#778=DIRECTION('',(0.,0.,-1.));
#779=DIRECTION('',(-1.,0.,0.));
#780=DIRECTION('',(0.,0.,1.));
#781=DIRECTION('',(-1.,0.,0.));
#782=DIRECTION('',(0.,0.,1.));
#783=DIRECTION('',(0.,1.,0.));
#784=DIRECTION('',(0.,0.,-1.));
#785=DIRECTION('',(0.,1.,0.));
#786=DIRECTION('',(0.,0.,-1.));
#787=DIRECTION('',(0.,-1.,0.));
#788=DIRECTION('',(0.,0.,-1.));
#789=DIRECTION('',(-1.,0.,0.));
#790=DIRECTION('',(0.,0.,-1.));
#791=DIRECTION('',(-1.,0.,0.));
#792=DIRECTION('',(0.,0.,-1.));
#793=DIRECTION('',(1.,0.,0.));
#794=DIRECTION('',(0.,0.,-1.));
#795=DIRECTION('',(1.,0.,0.));
#796=DIRECTION('',(0.,0.,-1.));
#797=DIRECTION('',(0.,-1.,0.));
#798=DIRECTION('',(0.,0.,-1.));
#799=DIRECTION('',(0.,-1.,0.));
#800=DIRECTION('',(0.,0.,-1.));
#801=DIRECTION('',(0.510294032886922,-0.86,0.));
#802=DIRECTION('',(0.86,0.510294032886922,0.));
#803=DIRECTION('',(0.,0.,-1.));
#804=DIRECTION('',(-0.86,-0.510294032886922,0.));
#805=DIRECTION('',(0.,0.,-1.));
#806=DIRECTION('',(-0.86,-0.510294032886922,0.));
#807=DIRECTION('',(0.,0.,-1.));
#808=DIRECTION('',(-1.,0.,0.));
#809=DIRECTION('',(0.,0.,1.));
#810=DIRECTION('',(1.,0.,0.));
#811=DIRECTION('',(0.,0.,-1.));
#812=DIRECTION('',(0.,0.,1.));
#813=DIRECTION('',(1.,0.,0.));
#814=DIRECTION('',(-0.510294032886922,-0.86,0.));
#815=DIRECTION('',(0.86,-0.510294032886922,0.));
#816=DIRECTION('',(-0.86,0.510294032886922,0.));
#817=DIRECTION('',(0.,0.,-1.));
#818=DIRECTION('',(-0.86,0.510294032886922,0.));
#819=DIRECTION('',(0.,1.,0.));
#820=DIRECTION('',(0.,0.,1.));
#821=DIRECTION('',(0.,0.,-1.));
#822=DIRECTION('',(1.,0.,0.));
#823=DIRECTION('',(0.,0.,-1.));
#824=DIRECTION('',(1.,0.,0.));
#825=DIRECTION('',(0.,0.,-1.));
#826=DIRECTION('',(-1.,0.,0.));
#827=DIRECTION('',(0.,0.,-1.));
#828=DIRECTION('',(1.,0.,0.));
#829=DIRECTION('',(0.,0.,-1.));
#830=DIRECTION('',(1.,0.,0.));
#831=DIRECTION('',(-0.510294032886922,0.86,0.));
#832=DIRECTION('',(-0.86,-0.510294032886922,0.));
#833=DIRECTION('',(0.86,0.510294032886922,0.));
#834=DIRECTION('',(0.,0.,-1.));
#835=DIRECTION('',(0.86,0.510294032886922,0.));
#836=DIRECTION('',(0.,0.,-1.));
#837=DIRECTION('',(-1.,0.,0.));
#838=DIRECTION('',(0.,0.,1.));
#839=DIRECTION('',(1.,0.,0.));
#840=DIRECTION('',(0.,0.,1.));
#841=DIRECTION('',(1.,0.,0.));
#842=DIRECTION('',(0.,0.,1.));
#843=DIRECTION('',(1.,0.,0.));
#844=DIRECTION('',(0.,0.,1.));
#845=DIRECTION('',(1.,0.,0.));
#846=DIRECTION('',(0.,0.,1.));
#847=DIRECTION('',(1.,0.,0.));
#848=DIRECTION('',(0.,0.,1.));
#849=DIRECTION('',(1.,0.,0.));
#850=DIRECTION('',(0.,0.,1.));
#851=DIRECTION('',(1.,0.,0.));
#852=DIRECTION('',(0.,0.,1.));
#853=DIRECTION('',(1.,0.,0.));
#854=DIRECTION('',(0.,0.,1.));
#855=DIRECTION('',(1.,0.,0.));
#856=DIRECTION('',(0.,0.,1.));
#857=DIRECTION('',(1.,0.,0.));
#858=DIRECTION('',(0.,0.,1.));
#859=DIRECTION('',(1.,0.,0.));
#860=DIRECTION('',(0.,0.,1.));
#861=DIRECTION('',(1.,0.,0.));
#862=DIRECTION('',(0.,0.,1.));
#863=DIRECTION('',(1.,0.,0.));
#864=DIRECTION('',(0.,0.,1.));
#865=DIRECTION('',(1.,0.,0.));
#866=DIRECTION('',(0.,0.,1.));
#867=DIRECTION('',(1.,0.,0.));
#868=DIRECTION('',(0.,0.,1.));
#869=DIRECTION('',(1.,0.,0.));
#870=DIRECTION('',(0.,0.,1.));
#871=DIRECTION('',(1.,0.,0.));
#872=DIRECTION('',(0.,0.,1.));
#873=DIRECTION('',(1.,0.,0.));
#874=DIRECTION('',(0.,0.,1.));
#875=DIRECTION('',(1.,0.,0.));
#876=DIRECTION('',(-1.,0.,0.));
#877=DIRECTION('',(0.,0.,1.));
#878=DIRECTION('',(-1.,0.,0.));
#879=DIRECTION('',(0.,0.,1.));
#880=DIRECTION('',(0.,0.,1.));
#881=DIRECTION('',(1.,0.,0.));
#882=DIRECTION('',(0.,0.,1.));
#883=DIRECTION('',(1.,0.,0.));
#884=DIRECTION('',(0.,0.,-1.));
#885=DIRECTION('',(-1.,0.,0.));
#886=DIRECTION('',(0.,0.,1.));
#887=DIRECTION('',(1.,0.,0.));
#888=DIRECTION('',(0.,0.,1.));
#889=DIRECTION('',(1.,0.,0.));
#890=DIRECTION('',(0.,0.,1.));
#891=DIRECTION('',(1.,0.,0.));
#892=DIRECTION('',(0.,0.,-1.));
#893=DIRECTION('',(-1.,0.,0.));
#894=DIRECTION('',(0.,0.,-1.));
#895=DIRECTION('',(-1.,0.,0.));
#896=DIRECTION('',(0.,0.,-1.));
#897=DIRECTION('',(-1.,0.,0.));
#898=DIRECTION('',(0.,0.,-1.));
#899=DIRECTION('',(-1.,0.,0.));
#900=DIRECTION('',(0.,0.,1.));
#901=DIRECTION('',(1.,0.,0.));
#902=DIRECTION('',(0.,0.,1.));
#903=DIRECTION('',(1.,0.,0.));
#904=DIRECTION('',(0.,0.,-1.));
#905=DIRECTION('',(-1.,0.,0.));
#906=DIRECTION('',(0.,0.,1.));
#907=DIRECTION('',(1.,0.,0.));
#908=DIRECTION('',(0.,0.,1.));
#909=DIRECTION('',(1.,0.,0.));
#910=DIRECTION('',(0.,0.,-1.));
#911=DIRECTION('',(-1.,0.,0.));
#912=DIRECTION('',(0.,0.,-1.));
#913=DIRECTION('',(-1.,0.,0.));
#914=CARTESIAN_POINT('',(0.,0.,0.));
#915=CARTESIAN_POINT('',(0.,-0.00127,0.00889));
#916=CARTESIAN_POINT('',(-0.0111125,0.,0.00889));
#917=CARTESIAN_POINT('',(-0.0288010055004982,0.,0.00889));
#918=CARTESIAN_POINT('',(-0.020955,0.,0.00889));
#919=CARTESIAN_POINT('',(-0.029845,-0.000723170439806521,0.00889));
#920=CARTESIAN_POINT('',(-0.028575,-0.000723170439806521,0.00889));
#921=CARTESIAN_POINT('',(-0.028575,-0.005715,0.00889));
#922=CARTESIAN_POINT('',(-0.028575,-0.01016,0.00889));
#923=CARTESIAN_POINT('',(-0.027305,-0.01016,0.00889));
#924=CARTESIAN_POINT('',(-0.027305,-0.01143,0.00889));
#925=CARTESIAN_POINT('',(-0.0254,-0.01143,0.00889));
#926=CARTESIAN_POINT('',(-0.023495,-0.01143,0.00889));
#927=CARTESIAN_POINT('',(-0.023495,-0.01016,0.00889));
#928=CARTESIAN_POINT('',(-0.022225,-0.01016,0.00889));
#929=CARTESIAN_POINT('',(-0.022225,-0.005715,0.00889));
#930=CARTESIAN_POINT('',(-0.022225,-0.00127,0.00889));
#931=CARTESIAN_POINT('',(-0.020955,-0.00127,0.00889));
#932=CARTESIAN_POINT('',(-0.028575,0.004445,0.00889));
#933=CARTESIAN_POINT('',(-0.028575,0.004445,0.));
#934=CARTESIAN_POINT('',(-0.0305257009995169,0.00115747799999999,0.));
#935=CARTESIAN_POINT('',(-0.0305257009995169,0.007732522,0.));
#936=CARTESIAN_POINT('',(-0.0305257009995169,0.00115747799999999,0.00889));
#937=CARTESIAN_POINT('',(-0.0305257009995169,0.00115747799999999,0.012065));
#938=CARTESIAN_POINT('',(-0.028575,0.004445,0.012065));
#939=CARTESIAN_POINT('',(-0.0305257009995169,0.007732522,0.012065));
#940=CARTESIAN_POINT('',(-0.0305257009995169,0.007732522,0.00889));
#941=CARTESIAN_POINT('',(-0.0295503504997585,0.000578739,0.00889));
#942=CARTESIAN_POINT('',(-0.0295503504997585,0.000578739,0.));
#943=CARTESIAN_POINT('',(-0.0291969265782336,0.000369029560193481,0.));
#944=CARTESIAN_POINT('',(-0.0291969265782336,0.000369029560193481,0.00889));
#945=CARTESIAN_POINT('',(-0.0291969265782336,0.000369029560193481,0.012065));
#946=CARTESIAN_POINT('',(-0.0295503504997585,0.000578739,0.012065));
#947=CARTESIAN_POINT('',(-0.028575,-0.005715,0.00889));
#948=CARTESIAN_POINT('',(-0.028575,-0.007112,0.004445));
#949=CARTESIAN_POINT('',(-0.028575,-0.007112,0.0069977));
#950=CARTESIAN_POINT('',(-0.028575,-0.000723170439806521,0.));
#951=CARTESIAN_POINT('',(-0.028575,-0.000723170439806521,0.));
#952=CARTESIAN_POINT('',(-0.028575,-0.005715,0.));
#953=CARTESIAN_POINT('',(-0.028575,-0.01016,0.));
#954=CARTESIAN_POINT('',(-0.028575,-0.01016,0.00889));
#955=CARTESIAN_POINT('',(-0.0254,-0.01143,0.00889));
#956=CARTESIAN_POINT('',(-0.027305,-0.01143,0.00889));
#957=CARTESIAN_POINT('',(-0.027305,-0.01143,0.));
#958=CARTESIAN_POINT('',(-0.0254,-0.01143,0.));
#959=CARTESIAN_POINT('',(-0.023495,-0.01143,0.));
#960=CARTESIAN_POINT('',(-0.023495,-0.01143,0.00889));
#961=CARTESIAN_POINT('',(-0.022225,-0.005715,0.00889));
#962=CARTESIAN_POINT('',(-0.022225,-0.007112,0.004445));
#963=CARTESIAN_POINT('',(-0.022225,-0.007112,0.0069977));
#964=CARTESIAN_POINT('',(-0.022225,-0.01016,0.00889));
#965=CARTESIAN_POINT('',(-0.022225,-0.01016,0.));
#966=CARTESIAN_POINT('',(-0.022225,-0.005715,0.));
#967=CARTESIAN_POINT('',(-0.022225,-0.00127,0.));
#968=CARTESIAN_POINT('',(-0.022225,-0.00127,0.00889));
#969=CARTESIAN_POINT('',(-0.0111125,0.,0.00889));
#970=CARTESIAN_POINT('',(-0.0111125,0.,0.));
#971=CARTESIAN_POINT('',(-0.020955,0.,0.));
#972=CARTESIAN_POINT('',(0.020955,0.,0.));
#973=CARTESIAN_POINT('',(0.020955,0.,0.00889));
#974=CARTESIAN_POINT('',(0.020955,0.,0.00889));
#975=CARTESIAN_POINT('',(-0.0111125,0.,0.00889));
#976=CARTESIAN_POINT('',(0.0288010055004982,0.,0.00889));
#977=CARTESIAN_POINT('',(0.0288010055004982,0.,0.012065));
#978=CARTESIAN_POINT('',(0.0288010055004982,0.,0.012065));
#979=CARTESIAN_POINT('',(-0.0111125,0.,0.012065));
#980=CARTESIAN_POINT('',(-0.0288010055004982,0.,0.012065));
#981=CARTESIAN_POINT('',(-0.0288010055004982,0.,0.012065));
#982=CARTESIAN_POINT('',(-0.020955,0.,0.));
#983=CARTESIAN_POINT('',(0.022225,-0.005715,0.00889));
#984=CARTESIAN_POINT('',(0.022225,-0.007112,0.004445));
#985=CARTESIAN_POINT('',(0.022225,-0.007112,0.0069977));
#986=CARTESIAN_POINT('',(0.022225,-0.005715,0.));
#987=CARTESIAN_POINT('',(0.022225,-0.01016,0.));
#988=CARTESIAN_POINT('',(0.022225,-0.00127,0.));
#989=CARTESIAN_POINT('',(0.022225,-0.01016,0.00889));
#990=CARTESIAN_POINT('',(0.022225,-0.01016,0.00889));
#991=CARTESIAN_POINT('',(0.022225,-0.005715,0.00889));
#992=CARTESIAN_POINT('',(0.022225,-0.00127,0.00889));
#993=CARTESIAN_POINT('',(0.022225,-0.00127,0.00889));
#994=CARTESIAN_POINT('',(0.0254,-0.01143,0.00889));
#995=CARTESIAN_POINT('',(0.0254,-0.01143,0.00889));
#996=CARTESIAN_POINT('',(0.027305,-0.01143,0.00889));
#997=CARTESIAN_POINT('',(0.023495,-0.01143,0.00889));
#998=CARTESIAN_POINT('',(0.023495,-0.01143,0.00889));
#999=CARTESIAN_POINT('',(0.023495,-0.01143,0.));
#1000=CARTESIAN_POINT('',(0.0254,-0.01143,0.));
#1001=CARTESIAN_POINT('',(0.027305,-0.01143,0.));
#1002=CARTESIAN_POINT('',(0.027305,-0.01143,0.00889));
#1003=CARTESIAN_POINT('',(0.028575,-0.005715,0.00889));
#1004=CARTESIAN_POINT('',(0.028575,-0.007112,0.004445));
#1005=CARTESIAN_POINT('',(0.028575,-0.007112,0.0018923));
#1006=CARTESIAN_POINT('',(0.028575,-0.005715,0.00889));
#1007=CARTESIAN_POINT('',(0.028575,-0.000723170439806521,0.00889));
#1008=CARTESIAN_POINT('',(0.028575,-0.01016,0.00889));
#1009=CARTESIAN_POINT('',(0.028575,-0.01016,0.00889));
#1010=CARTESIAN_POINT('',(0.028575,-0.01016,0.));
#1011=CARTESIAN_POINT('',(0.028575,-0.005715,0.));
#1012=CARTESIAN_POINT('',(0.028575,-0.000723170439806521,0.));
#1013=CARTESIAN_POINT('',(0.028575,-0.00072317043980652,0.00889));
#1014=CARTESIAN_POINT('',(0.0295503504997585,0.000578739,0.00889));
#1015=CARTESIAN_POINT('',(0.0305257009995169,0.001157478,0.00889));
#1016=CARTESIAN_POINT('',(0.0305257009995169,0.001157478,0.012065));
#1017=CARTESIAN_POINT('',(0.0305257009995169,0.001157478,0.));
#1018=CARTESIAN_POINT('',(0.0295503504997585,0.000578739,0.012065));
#1019=CARTESIAN_POINT('',(0.0291969265782336,0.000369029560193481,0.012065));
#1020=CARTESIAN_POINT('',(0.0291969265782336,0.000369029560193481,0.));
#1021=CARTESIAN_POINT('',(0.0291969265782336,0.000369029560193481,0.));
#1022=CARTESIAN_POINT('',(0.0295503504997585,0.000578739,0.));
#1023=CARTESIAN_POINT('',(0.028575,0.004445,0.00889));
#1024=CARTESIAN_POINT('',(0.028575,0.004445,0.));
#1025=CARTESIAN_POINT('',(0.0305257009995169,0.007732522,0.));
#1026=CARTESIAN_POINT('',(0.0305257009995169,0.007732522,0.00889));
#1027=CARTESIAN_POINT('',(0.0305257009995169,0.007732522,0.012065));
#1028=CARTESIAN_POINT('',(0.028575,0.004445,0.012065));
#1029=CARTESIAN_POINT('',(0.0295503504997585,0.008311261,0.00889));
#1030=CARTESIAN_POINT('',(0.0295503504997585,0.008311261,0.));
#1031=CARTESIAN_POINT('',(0.0288746468509243,0.0087122,0.));
#1032=CARTESIAN_POINT('',(0.0288746468509243,0.0087122,0.00889));
#1033=CARTESIAN_POINT('',(0.0288746468509243,0.0087122,0.012065));
#1034=CARTESIAN_POINT('',(0.0295503504997585,0.008311261,0.012065));
#1035=CARTESIAN_POINT('',(0.0142875,0.00889,0.00889));
#1036=CARTESIAN_POINT('',(-0.0282265734291578,0.00889,0.00889));
#1037=CARTESIAN_POINT('',(-0.0282265734291578,0.00889,0.));
#1038=CARTESIAN_POINT('',(-0.0282265734291578,0.00889,0.012065));
#1039=CARTESIAN_POINT('',(0.0142875,0.00889,0.012065));
#1040=CARTESIAN_POINT('',(0.0282265734291578,0.00889,0.012065));
#1041=CARTESIAN_POINT('',(0.0282265734291578,0.00889,0.));
#1042=CARTESIAN_POINT('',(0.0282265734291578,0.00889,0.));
#1043=CARTESIAN_POINT('',(0.0142875,0.00889,0.));
#1044=CARTESIAN_POINT('',(-0.028575,0.004445,0.00889));
#1045=CARTESIAN_POINT('',(-0.028575,0.004445,0.));
#1046=CARTESIAN_POINT('',(-0.0260223,0.004445,0.));
#1047=CARTESIAN_POINT('',(-0.028575,0.004445,0.012065));
#1048=CARTESIAN_POINT('',(-0.0260223,0.004445,0.012065));
#1049=CARTESIAN_POINT('',(-0.0295503504997585,0.008311261,0.00889));
#1050=CARTESIAN_POINT('',(-0.0295503504997585,0.008311261,0.012065));
#1051=CARTESIAN_POINT('',(-0.0288746468509243,0.0087122,0.012065));
#1052=CARTESIAN_POINT('',(-0.0288746468509243,0.0087122,0.00889));
#1053=CARTESIAN_POINT('',(-0.0288746468509243,0.0087122,0.));
#1054=CARTESIAN_POINT('',(-0.0295503504997585,0.008311261,0.));
#1055=CARTESIAN_POINT('',(0.028575,0.004445,0.00889));
#1056=CARTESIAN_POINT('',(0.028575,0.004445,0.));
#1057=CARTESIAN_POINT('',(0.0311277,0.004445,0.));
#1058=CARTESIAN_POINT('',(0.028575,0.004445,0.012065));
#1059=CARTESIAN_POINT('',(0.0311277,0.004445,0.012065));
#1060=CARTESIAN_POINT('',(0.,-0.00127,0.00889));
#1061=CARTESIAN_POINT('',(0.020955,-0.00127,0.00889));
#1062=CARTESIAN_POINT('',(0.023495,-0.01016,0.00889));
#1063=CARTESIAN_POINT('',(0.027305,-0.01016,0.00889));
#1064=CARTESIAN_POINT('',(0.029845,-0.00072317043980652,0.00889));
#1065=CARTESIAN_POINT('',(0.,-0.00127,0.));
#1066=CARTESIAN_POINT('',(0.,0.004445,0.));
#1067=CARTESIAN_POINT('',(0.0020193,0.004445,0.));
#1068=CARTESIAN_POINT('',(0.0282265734291578,0.00762,0.));
#1069=CARTESIAN_POINT('',(0.029845,-0.00072317043980652,0.));
#1070=CARTESIAN_POINT('',(0.027305,-0.01016,0.));
#1071=CARTESIAN_POINT('',(0.023495,-0.01016,0.));
#1072=CARTESIAN_POINT('',(0.020955,-0.00127,0.));
#1073=CARTESIAN_POINT('',(-0.020955,-0.00127,0.));
#1074=CARTESIAN_POINT('',(-0.023495,-0.01016,0.));
#1075=CARTESIAN_POINT('',(-0.027305,-0.01016,0.));
#1076=CARTESIAN_POINT('',(-0.029845,-0.000723170439806521,0.));
#1077=CARTESIAN_POINT('',(-0.0282265734291578,0.00762,0.));
#1078=CARTESIAN_POINT('',(0.028577,-0.007112,0.004445));
#1079=CARTESIAN_POINT('',(0.028577,-0.007112,0.004445));
#1080=CARTESIAN_POINT('',(0.0282265734291578,0.00762,0.00889));
#1081=CARTESIAN_POINT('',(0.0282265734291578,0.00762,0.012065));
#1082=CARTESIAN_POINT('',(-0.0282265734291578,0.00762,0.00889));
#1083=CARTESIAN_POINT('',(-0.0282265734291578,0.00762,0.012065));
#1084=CARTESIAN_POINT('',(-0.029845,-0.000723170439806521,0.00889));
#1085=CARTESIAN_POINT('',(-0.029845,-0.000723170439806521,0.012065));
#1086=CARTESIAN_POINT('',(-0.027305,-0.01016,0.00889));
#1087=CARTESIAN_POINT('',(-0.023495,-0.01016,0.00889));
#1088=CARTESIAN_POINT('',(0.023495,-0.01016,0.00889));
#1089=CARTESIAN_POINT('',(0.027305,-0.01016,0.00889));
#1090=CARTESIAN_POINT('',(0.029845,-0.00072317043980652,0.00889));
#1091=CARTESIAN_POINT('',(0.029845,-0.00072317043980652,0.012065));
#1092=CARTESIAN_POINT('',(0.020955,-0.00127,0.00889));
#1093=CARTESIAN_POINT('',(-0.020955,-0.00127,0.00889));
#1094=CARTESIAN_POINT('',(0.,-0.00127,0.012065));
#1095=CARTESIAN_POINT('',(0.,0.004445,0.012065));
#1096=CARTESIAN_POINT('',(-0.0020193,0.004445,0.012065));
#1097=CARTESIAN_POINT('',(0.,0.004445,0.012065));
#1098=MECHANICAL_DESIGN_GEOMETRIC_PRESENTATION_REPRESENTATION('',(#641),#1099);
#1099=(
GEOMETRIC_REPRESENTATION_CONTEXT(3)
GLOBAL_UNCERTAINTY_ASSIGNED_CONTEXT((#1100))
GLOBAL_UNIT_ASSIGNED_CONTEXT((#1103,#1102,#1101))
REPRESENTATION_CONTEXT('Swerve Camera Mount Bracket','TOP_LEVEL_ASSEMBLY_PART')
);
#1100=UNCERTAINTY_MEASURE_WITH_UNIT(LENGTH_MEASURE(1.E-08),#1103,'DISTANCE_ACCURACY_VALUE','Maximum Tolerance applied to model');
#1101=(
NAMED_UNIT(*)
SI_UNIT($,.STERADIAN.)
SOLID_ANGLE_UNIT()
);
#1102=(
NAMED_UNIT(*)
PLANE_ANGLE_UNIT()
SI_UNIT($,.RADIAN.)
);
#1103=(
LENGTH_UNIT()
NAMED_UNIT(*)
SI_UNIT($,.METRE.)
);
#1104=PRODUCT_DEFINITION_SHAPE('','',#1105);
#1105=PRODUCT_DEFINITION('','',#1107,#1106);
#1106=PRODUCT_DEFINITION_CONTEXT('',#1113,'design');
#1107=PRODUCT_DEFINITION_FORMATION_WITH_SPECIFIED_SOURCE('','',#1109,.NOT_KNOWN.);
#1108=PRODUCT_RELATED_PRODUCT_CATEGORY('','',(#1109));
#1109=PRODUCT('Swerve Camera Mount Bracket','Swerve Camera Mount Bracket','Swerve Camera Mount Bracket',(#1111));
#1110=PRODUCT_CATEGORY('','');
#1111=PRODUCT_CONTEXT('',#1113,'mechanical');
#1112=APPLICATION_PROTOCOL_DEFINITION('international standard','ap242_managed_model_based_3d_engineering',2020,#1113);
#1113=APPLICATION_CONTEXT('managed model based 3d engineering');
#1114=SHAPE_ASPECT('hole_callout.F6QCKD7F1RWgEL9_1.JHD.0',$,#1104,.T.);
#1115=GEOMETRIC_ITEM_SPECIFIC_USAGE('','',#1114,#11,#639);
#1116=DIMENSIONAL_SIZE(#1114,'diameter');
#1118=(
LENGTH_UNIT()
NAMED_UNIT(*)
SI_UNIT($,.METRE.)
);
#1119=LENGTH_MEASURE_WITH_UNIT(LENGTH_MEASURE(39.3700787401575),#1118);
#1117=(
CONVERSION_BASED_UNIT('INCH',#1119)
LENGTH_UNIT()
NAMED_UNIT($)
);
#1121=PRECISION_QUALIFIER(3);
#1120=(
LENGTH_MEASURE_WITH_UNIT()
MEASURE_REPRESENTATION_ITEM()
MEASURE_WITH_UNIT(POSITIVE_LENGTH_MEASURE(0.159),#1117)
QUALIFIED_REPRESENTATION_ITEM((#1121))
REPRESENTATION_ITEM('nominal value')
);
#1122=COMPOUND_REPRESENTATION_ITEM('modifiers',SET_REPRESENTATION_ITEM((#1123)));
#1123=DESCRIPTIVE_REPRESENTATION_ITEM('dimensional note','diameter');
#1124=SHAPE_DIMENSION_REPRESENTATION('',(#1120,#1122),#1099);
#1125=DIMENSIONAL_CHARACTERISTIC_REPRESENTATION(#1116,#1124);
#1126=PRESENTATION_STYLE_ASSIGNMENT((NULL_STYLE(.NULL.)));
#1127=CARTESIAN_POINT('',(0.,0.004445,0.012065));
#1128=DIRECTION('',(0.,0.,1.));
#1129=DIRECTION('',(1.,0.,0.));
#1130=AXIS2_PLACEMENT_3D('',#1127,#1128,#1129);
#1131=PLANE('',#1130);
#1132=ANNOTATION_PLANE('',(#1126),#1131,(#1159));
#1133=CARTESIAN_POINT('',(0.,0.,0.));
#1134=DIRECTION('',(0.,0.,1.));
#1135=DIRECTION('',(1.,0.,0.));
#1136=AXIS2_PLACEMENT_3D('',#1133,#1134,#1135);
#1137=CARTESIAN_POINT('',(0.,0.,0.));
#1138=DIRECTION('',(0.,0.,1.));
#1139=DIRECTION('',(1.,0.,0.));
#1140=AXIS2_PLACEMENT_3D('',#1137,#1138,#1139);
#1141=SHAPE_REPRESENTATION('',(#1140,#649),#1099);
#1142=REPRESENTATION_MAP(#1136,#1141);
#1143=MAPPED_ITEM('',#1142,#1136);
#1144=PRESENTATION_STYLE_ASSIGNMENT((NULL_STYLE(.NULL.)));
#1145=STYLED_ITEM('',(#1144),#1143);
#1146=DRAUGHTING_MODEL('',(#1132,#1136,#1143,#1145),#1099);
#1147=DRAUGHTING_PRE_DEFINED_CURVE_FONT('continuous');
#1148=COLOUR_RGB('',0.,0.,0.);
#1149=CURVE_STYLE('',#1147,POSITIVE_LENGTH_MEASURE(0.02),#1148);
#1150=PRESENTATION_STYLE_ASSIGNMENT((#1149));
#1151=COORDINATES_LIST('coordinates',4671,((0.0014279,0.0058729,0.0120650),(0.0028421,0.0087013,0.0120650),(0.0042563,0.0072871,0.0120650),(0.0207351,0.0146387,0.0120650),(0.0207405,0.0147711,0.0120650),(0.0207405,0.0164613,0.0120650),(0.0207351,0.0146387,0.0120650),(0.0207405,0.0164613,0.0120650),(0.0207352,0.0165919,0.0120650),(0.0207351,0.0146387,0.0120650),(0.0207352,0.0165919,0.0120650),(0.0207192,0.0167165,0.0120650),(0.0207351,0.0146387,0.0120650),(0.0207192,0.0167165,0.0120650),(0.0206927,0.0168352,0.0120650),(0.0207351,0.0146387,0.0120650),(0.0206927,0.0168352,0.0120650),(0.0206555,0.0169479,0.0120650),(0.0207351,0.0146387,0.0120650),(0.0206555,0.0169479,0.0120650),(0.0206078,0.0170545,0.0120650),(0.0207351,0.0146387,0.0120650),(0.0206078,0.0170545,0.0120650),(0.0205494,0.0171552,0.0120650),(0.0207351,0.0146387,0.0120650),(0.0205494,0.0171552,0.0120650),(0.0204804,0.0172499,0.0120650),(0.0207351,0.0146387,0.0120650),(0.0204804,0.0172499,0.0120650),(0.0204007,0.0173386,0.0120650),(0.0207351,0.0146387,0.0120650),(0.0204007,0.0173386,0.0120650),(0.0203241,0.0174103,0.0120650),(0.0207351,0.0146387,0.0120650),(0.0203241,0.0174103,0.0120650),(0.0202443,0.0174725,0.0120650),(0.0207351,0.0146387,0.0120650),(0.0202443,0.0174725,0.0120650),(0.0201615,0.0175250,0.0120650),(0.0201615,0.0175250,0.0120650),(0.0200756,0.0175680,0.0120650),(0.0199866,0.0176015,0.0120650),(0.0201615,0.0175250,0.0120650),(0.0199866,0.0176015,0.0120650),(0.0198945,0.0176254,0.0120650),(0.0201615,0.0175250,0.0120650),(0.0198945,0.0176254,0.0120650),(0.0197994,0.0176397,0.0120650),(0.0201615,0.0175250,0.0120650),(0.0197994,0.0176397,0.0120650),(0.0197012,0.0176445,0.0120650),(0.0201615,0.0175250,0.0120650),(0.0197012,0.0176445,0.0120650),(0.0196041,0.0176397,0.0120650),(0.0201615,0.0175250,0.0120650),(0.0196041,0.0176397,0.0120650),(0.0195097,0.0176254,0.0120650),(0.0201615,0.0175250,0.0120650),(0.0195097,0.0176254,0.0120650),(0.0194180,0.0176015,0.0120650),(0.0201615,0.0175250,0.0120650),(0.0194180,0.0176015,0.0120650),(0.0193289,0.0175680,0.0120650),(0.0201615,0.0175250,0.0120650),(0.0193289,0.0175680,0.0120650),(0.0192425,0.0175250,0.0120650),(0.0201615,0.0175250,0.0120650),(0.0192425,0.0175250,0.0120650),(0.0191589,0.0174725,0.0120650),(0.0201615,0.0175250,0.0120650),(0.0191589,0.0174725,0.0120650),(0.0190778,0.0174103,0.0120650),(0.0201615,0.0175250,0.0120650),(0.0190778,0.0174103,0.0120650),(0.0189995,0.0173386,0.0120650),(0.0201615,0.0175250,0.0120650),(0.0189995,0.0173386,0.0120650),(0.0189199,0.0172517,0.0120650),(0.0201615,0.0175250,0.0120650),(0.0189199,0.0172517,0.0120650),(0.0188509,0.0171585,0.0120650),(0.0201615,0.0175250,0.0120650),(0.0188509,0.0171585,0.0120650),(0.0187925,0.0170590,0.0120650),(0.0201615,0.0175250,0.0120650),(0.0187925,0.0170590,0.0120650),(0.0187447,0.0169534,0.0120650),(0.0201615,0.0175250,0.0120650),(0.0187447,0.0169534,0.0120650),(0.0187076,0.0168416,0.0120650),(0.0187076,0.0168416,0.0120650),(0.0186810,0.0167235,0.0120650),(0.0186651,0.0165992,0.0120650),(0.0187076,0.0168416,0.0120650),(0.0186651,0.0165992,0.0120650),(0.0186598,0.0164687,0.0120650),(0.0187076,0.0168416,0.0120650),(0.0186598,0.0164687,0.0120650),(0.0186598,0.0164613,0.0120650),(0.0187076,0.0168416,0.0120650),(0.0186598,0.0164613,0.0120650),(0.0186598,0.0147669,0.0120650),(0.0187076,0.0168416,0.0120650),(0.0186598,0.0147669,0.0120650),(0.0186651,0.0146356,0.0120650),(0.0187076,0.0168416,0.0120650),(0.0186651,0.0146356,0.0120650),(0.0186810,0.0145104,0.0120650),(0.0187076,0.0168416,0.0120650),(0.0186810,0.0145104,0.0120650),(0.0187076,0.0143915,0.0120650),(0.0187076,0.0168416,0.0120650),(0.0187076,0.0143915,0.0120650),(0.0187447,0.0142787,0.0120650),(0.0187076,0.0168416,0.0120650),(0.0187447,0.0142787,0.0120650),(0.0187925,0.0141722,0.0120650),(0.0187076,0.0168416,0.0120650),(0.0187925,0.0141722,0.0120650),(0.0188509,0.0140718,0.0120650),(0.0187076,0.0168416,0.0120650),(0.0188509,0.0140718,0.0120650),(0.0189199,0.0139776,0.0120650),(0.0187076,0.0168416,0.0120650),(0.0189199,0.0139776,0.0120650),(0.0189995,0.0138895,0.0120650),(0.0189995,0.0138895,0.0120650),(0.0193033,0.0141859,0.0120650),(0.0192093,0.0143022,0.0120650),(0.0189995,0.0138895,0.0120650),(0.0192093,0.0143022,0.0120650),(0.0191421,0.0144385,0.0120650),(0.0189995,0.0138895,0.0120650),(0.0191421,0.0144385,0.0120650),(0.0191018,0.0145948,0.0120650),(0.0187076,0.0168416,0.0120650),(0.0189995,0.0138895,0.0120650),(0.0191018,0.0145948,0.0120650),(0.0187076,0.0168416,0.0120650),(0.0191018,0.0145948,0.0120650),(0.0190918,0.0146805,0.0120650),(0.0187076,0.0168416,0.0120650),(0.0190918,0.0146805,0.0120650),(0.0190884,0.0147711,0.0120650),(0.0187076,0.0168416,0.0120650),(0.0190884,0.0147711,0.0120650),(0.0190884,0.0164687,0.0120650),(0.0187076,0.0168416,0.0120650),(0.0190884,0.0164687,0.0120650),(0.0190917,0.0165570,0.0120650),(0.0187076,0.0168416,0.0120650),(0.0190917,0.0165570,0.0120650),(0.0191017,0.0166404,0.0120650),(0.0187076,0.0168416,0.0120650),(0.0191017,0.0166404,0.0120650),(0.0191183,0.0167189,0.0120650),(0.0187076,0.0168416,0.0120650),(0.0191183,0.0167189,0.0120650),(0.0191416,0.0167925,0.0120650),(0.0187076,0.0168416,0.0120650),(0.0191416,0.0167925,0.0120650),(0.0192081,0.0169251,0.0120650),(0.0187076,0.0168416,0.0120650),(0.0192081,0.0169251,0.0120650),(0.0193011,0.0170381,0.0120650),(0.0187076,0.0168416,0.0120650),(0.0193011,0.0170381,0.0120650),(0.0193964,0.0171168,0.0120650),(0.0187076,0.0168416,0.0120650),(0.0193964,0.0171168,0.0120650),(0.0194948,0.0171730,0.0120650),(0.0201615,0.0175250,0.0120650),(0.0187076,0.0168416,0.0120650),(0.0194948,0.0171730,0.0120650),(0.0201615,0.0175250,0.0120650),(0.0194948,0.0171730,0.0120650),(0.0195964,0.0172067,0.0120650),(0.0201615,0.0175250,0.0120650),(0.0195964,0.0172067,0.0120650),(0.0197012,0.0172180,0.0120650),(0.0201615,0.0175250,0.0120650),(0.0197012,0.0172180,0.0120650),(0.0198103,0.0172067,0.0120650),(0.0201615,0.0175250,0.0120650),(0.0198103,0.0172067,0.0120650),(0.0199131,0.0171730,0.0120650),(0.0201615,0.0175250,0.0120650),(0.0199131,0.0171730,0.0120650),(0.0200098,0.0171168,0.0120650),(0.0201615,0.0175250,0.0120650),(0.0200098,0.0171168,0.0120650),(0.0201002,0.0170381,0.0120650),(0.0201615,0.0175250,0.0120650),(0.0201002,0.0170381,0.0120650),(0.0201932,0.0169195,0.0120650),(0.0201615,0.0175250,0.0120650),(0.0201932,0.0169195,0.0120650),(0.0202597,0.0167838,0.0120650),(0.0201615,0.0175250,0.0120650),(0.0202597,0.0167838,0.0120650),(0.0202996,0.0166311,0.0120650),(0.0207351,0.0146387,0.0120650),(0.0201615,0.0175250,0.0120650),(0.0202996,0.0166311,0.0120650),(0.0207351,0.0146387,0.0120650),(0.0202996,0.0166311,0.0120650),(0.0203096,0.0165483,0.0120650),(0.0207351,0.0146387,0.0120650),(0.0203096,0.0165483,0.0120650),(0.0203129,0.0164613,0.0120650),(0.0207351,0.0146387,0.0120650),(0.0203129,0.0164613,0.0120650),(0.0203129,0.0147711,0.0120650),(0.0207351,0.0146387,0.0120650),(0.0203129,0.0147711,0.0120650),(0.0203096,0.0146815,0.0120650),(0.0207351,0.0146387,0.0120650),(0.0203096,0.0146815,0.0120650),(0.0202996,0.0145967,0.0120650),(0.0207351,0.0146387,0.0120650),(0.0202996,0.0145967,0.0120650),(0.0202830,0.0145168,0.0120650),(0.0207351,0.0146387,0.0120650),(0.0202830,0.0145168,0.0120650),(0.0202597,0.0144417,0.0120650),(0.0207351,0.0146387,0.0120650),(0.0202597,0.0144417,0.0120650),(0.0201932,0.0143062,0.0120650),(0.0207351,0.0146387,0.0120650),(0.0201932,0.0143062,0.0120650),(0.0201002,0.0141901,0.0120650),(0.0207351,0.0146387,0.0120650),(0.0201002,0.0141901,0.0120650),(0.0200090,0.0141123,0.0120650),(0.0193948,0.0141099,0.0120650),(0.0193033,0.0141859,0.0120650),(0.0189995,0.0138895,0.0120650),(0.0194916,0.0140557,0.0120650),(0.0193948,0.0141099,0.0120650),(0.0189995,0.0138895,0.0120650),(0.0195938,0.0140232,0.0120650),(0.0194916,0.0140557,0.0120650),(0.0189995,0.0138895,0.0120650),(0.0197012,0.0140123,0.0120650),(0.0195938,0.0140232,0.0120650),(0.0189995,0.0138895,0.0120650),(0.0198095,0.0140234,0.0120650),(0.0197012,0.0140123,0.0120650),(0.0189995,0.0138895,0.0120650),(0.0198095,0.0140234,0.0120650),(0.0189995,0.0138895,0.0120650),(0.0190764,0.0138188,0.0120650),(0.0198095,0.0140234,0.0120650),(0.0190764,0.0138188,0.0120650),(0.0191562,0.0137576,0.0120650),(0.0199121,0.0140568,0.0120650),(0.0198095,0.0140234,0.0120650),(0.0191562,0.0137576,0.0120650),(0.0199121,0.0140568,0.0120650),(0.0191562,0.0137576,0.0120650),(0.0192390,0.0137057,0.0120650),(0.0199121,0.0140568,0.0120650),(0.0192390,0.0137057,0.0120650),(0.0193247,0.0136633,0.0120650),(0.0200090,0.0141123,0.0120650),(0.0199121,0.0140568,0.0120650),(0.0193247,0.0136633,0.0120650),(0.0200090,0.0141123,0.0120650),(0.0193247,0.0136633,0.0120650),(0.0194133,0.0136303,0.0120650),(0.0207351,0.0146387,0.0120650),(0.0200090,0.0141123,0.0120650),(0.0194133,0.0136303,0.0120650),(0.0207351,0.0146387,0.0120650),(0.0194133,0.0136303,0.0120650),(0.0195049,0.0136068,0.0120650),(0.0207351,0.0146387,0.0120650),(0.0195049,0.0136068,0.0120650),(0.0195995,0.0135926,0.0120650),(0.0207351,0.0146387,0.0120650),(0.0195995,0.0135926,0.0120650),(0.0196970,0.0135879,0.0120650),(0.0207351,0.0146387,0.0120650),(0.0196970,0.0135879,0.0120650),(0.0197961,0.0135925,0.0120650),(0.0207351,0.0146387,0.0120650),(0.0197961,0.0135925,0.0120650),(0.0198920,0.0136064,0.0120650),(0.0207351,0.0146387,0.0120650),(0.0198920,0.0136064,0.0120650),(0.0199846,0.0136296,0.0120650),(0.0207351,0.0146387,0.0120650),(0.0199846,0.0136296,0.0120650),(0.0200740,0.0136620,0.0120650),(0.0207351,0.0146387,0.0120650),(0.0200740,0.0136620,0.0120650),(0.0201601,0.0137037,0.0120650),(0.0207351,0.0146387,0.0120650),(0.0201601,0.0137037,0.0120650),(0.0202429,0.0137546,0.0120650),(0.0207351,0.0146387,0.0120650),(0.0202429,0.0137546,0.0120650),(0.0203224,0.0138148,0.0120650),(0.0207351,0.0146387,0.0120650),(0.0203224,0.0138148,0.0120650),(0.0203986,0.0138842,0.0120650),(0.0207351,0.0146387,0.0120650),(0.0203986,0.0138842,0.0120650),(0.0204787,0.0139736,0.0120650),(0.0207351,0.0146387,0.0120650),(0.0204787,0.0139736,0.0120650),(0.0205482,0.0140691,0.0120650),(0.0207351,0.0146387,0.0120650),(0.0205482,0.0140691,0.0120650),(0.0206069,0.0141707,0.0120650),(0.0207351,0.0146387,0.0120650),(0.0206069,0.0141707,0.0120650),(0.0206550,0.0142785,0.0120650),(0.0207351,0.0146387,0.0120650),(0.0206550,0.0142785,0.0120650),(0.0206924,0.0143924,0.0120650),(0.0207351,0.0146387,0.0120650),(0.0206924,0.0143924,0.0120650),(0.0207191,0.0145125,0.0120650),(0.0139036,0.0136620,0.0120650),(0.0139195,0.0137435,0.0120650),(0.0139195,0.0145404,0.0120650),(0.0146995,0.0145404,0.0120650),(0.0146995,0.0137435,0.0120650),(0.0147151,0.0136620,0.0120650),(0.0146995,0.0145404,0.0120650),(0.0147151,0.0136620,0.0120650),(0.0147619,0.0135932,0.0120650),(0.0146995,0.0145404,0.0120650),(0.0147619,0.0135932,0.0120650),(0.0148305,0.0135464,0.0120650),(0.0146995,0.0145404,0.0120650),(0.0148305,0.0135464,0.0120650),(0.0149112,0.0135308,0.0120650),(0.0146995,0.0145404,0.0120650),(0.0149112,0.0135308,0.0120650),(0.0149921,0.0135464,0.0120650),(0.0146995,0.0145404,0.0120650),(0.0149921,0.0135464,0.0120650),(0.0150615,0.0135932,0.0120650),(0.0146995,0.0145404,0.0120650),(0.0150615,0.0135932,0.0120650),(0.0151099,0.0136620,0.0120650),(0.0146995,0.0145404,0.0120650),(0.0151099,0.0136620,0.0120650),(0.0151260,0.0137435,0.0120650),(0.0146995,0.0145404,0.0120650),(0.0151260,0.0137435,0.0120650),(0.0151260,0.0145404,0.0120650),(0.0151260,0.0145404,0.0120650),(0.0153366,0.0145404,0.0120650),(0.0154168,0.0145560,0.0120650),(0.0146995,0.0145404,0.0120650),(0.0151260,0.0145404,0.0120650),(0.0154168,0.0145560,0.0120650),(0.0139195,0.0145404,0.0120650),(0.0146995,0.0145404,0.0120650),(0.0154168,0.0145560,0.0120650),(0.0139195,0.0145404,0.0120650),(0.0154168,0.0145560,0.0120650),(0.0154858,0.0146029,0.0120650),(0.0139195,0.0145404,0.0120650),(0.0154858,0.0146029,0.0120650),(0.0155335,0.0146716,0.0120650),(0.0139195,0.0145404,0.0120650),(0.0155335,0.0146716,0.0120650),(0.0155493,0.0147531,0.0120650),(0.0139195,0.0145404,0.0120650),(0.0155493,0.0147531,0.0120650),(0.0155335,0.0148346,0.0120650),(0.0139195,0.0145404,0.0120650),(0.0155335,0.0148346,0.0120650),(0.0154858,0.0149034,0.0120650),(0.0139195,0.0145404,0.0120650),(0.0154858,0.0149034,0.0120650),(0.0154168,0.0149503,0.0120650),(0.0139195,0.0145404,0.0120650),(0.0154168,0.0149503,0.0120650),(0.0153366,0.0149659,0.0120650),(0.0139195,0.0145404,0.0120650),(0.0153366,0.0149659,0.0120650),(0.0151260,0.0149659,0.0120650),(0.0151260,0.0163639,0.0120650),(0.0153366,0.0163639,0.0120650),(0.0154168,0.0163795,0.0120650),(0.0151260,0.0163639,0.0120650),(0.0154168,0.0163795,0.0120650),(0.0154858,0.0164264,0.0120650),(0.0151260,0.0163639,0.0120650),(0.0154858,0.0164264,0.0120650),(0.0155335,0.0164952,0.0120650),(0.0151260,0.0163639,0.0120650),(0.0155335,0.0164952,0.0120650),(0.0155493,0.0165766,0.0120650),(0.0151260,0.0163639,0.0120650),(0.0155493,0.0165766,0.0120650),(0.0155335,0.0166589,0.0120650),(0.0151260,0.0163639,0.0120650),(0.0155335,0.0166589,0.0120650),(0.0154858,0.0167280,0.0120650),(0.0151260,0.0163639,0.0120650),(0.0154858,0.0167280,0.0120650),(0.0154168,0.0167748,0.0120650),(0.0151260,0.0163639,0.0120650),(0.0154168,0.0167748,0.0120650),(0.0153366,0.0167904,0.0120650),(0.0151260,0.0163639,0.0120650),(0.0153366,0.0167904,0.0120650),(0.0151260,0.0167904,0.0120650),(0.0151260,0.0167904,0.0120650),(0.0151260,0.0175863,0.0120650),(0.0151099,0.0176678,0.0120650),(0.0151260,0.0163639,0.0120650),(0.0151260,0.0167904,0.0120650),(0.0151099,0.0176678,0.0120650),(0.0151260,0.0149659,0.0120650),(0.0151260,0.0163639,0.0120650),(0.0151099,0.0176678,0.0120650),(0.0151260,0.0149659,0.0120650),(0.0151099,0.0176678,0.0120650),(0.0150615,0.0177366,0.0120650),(0.0151260,0.0149659,0.0120650),(0.0150615,0.0177366,0.0120650),(0.0149916,0.0177842,0.0120650),(0.0151260,0.0149659,0.0120650),(0.0149916,0.0177842,0.0120650),(0.0149091,0.0178001,0.0120650),(0.0151260,0.0149659,0.0120650),(0.0149091,0.0178001,0.0120650),(0.0148273,0.0177842,0.0120650),(0.0151260,0.0149659,0.0120650),(0.0148273,0.0177842,0.0120650),(0.0147598,0.0177366,0.0120650),(0.0151260,0.0149659,0.0120650),(0.0147598,0.0177366,0.0120650),(0.0147146,0.0176678,0.0120650),(0.0151260,0.0149659,0.0120650),(0.0147146,0.0176678,0.0120650),(0.0146995,0.0175863,0.0120650),(0.0151260,0.0149659,0.0120650),(0.0146995,0.0175863,0.0120650),(0.0146995,0.0167904,0.0120650),(0.0139195,0.0167904,0.0120650),(0.0139195,0.0175863,0.0120650),(0.0139036,0.0176678,0.0120650),(0.0139195,0.0167904,0.0120650),(0.0139036,0.0176678,0.0120650),(0.0138560,0.0177366,0.0120650),(0.0139195,0.0167904,0.0120650),(0.0138560,0.0177366,0.0120650),(0.0137862,0.0177842,0.0120650),(0.0139195,0.0167904,0.0120650),(0.0137862,0.0177842,0.0120650),(0.0137036,0.0178001,0.0120650),(0.0139195,0.0167904,0.0120650),(0.0137036,0.0178001,0.0120650),(0.0136226,0.0177842,0.0120650),(0.0139195,0.0167904,0.0120650),(0.0136226,0.0177842,0.0120650),(0.0135554,0.0177366,0.0120650),(0.0139195,0.0167904,0.0120650),(0.0135554,0.0177366,0.0120650),(0.0135110,0.0176678,0.0120650),(0.0139195,0.0167904,0.0120650),(0.0135110,0.0176678,0.0120650),(0.0134962,0.0175863,0.0120650),(0.0139195,0.0167904,0.0120650),(0.0134962,0.0175863,0.0120650),(0.0134962,0.0167904,0.0120650),(0.0134962,0.0167904,0.0120650),(0.0132274,0.0167904,0.0120650),(0.0131472,0.0167748,0.0120650),(0.0139195,0.0167904,0.0120650),(0.0134962,0.0167904,0.0120650),(0.0131472,0.0167748,0.0120650),(0.0146995,0.0167904,0.0120650),(0.0139195,0.0167904,0.0120650),(0.0131472,0.0167748,0.0120650),(0.0146995,0.0167904,0.0120650),(0.0131472,0.0167748,0.0120650),(0.0130781,0.0167280,0.0120650),(0.0146995,0.0167904,0.0120650),(0.0130781,0.0167280,0.0120650),(0.0130305,0.0166589,0.0120650),(0.0146995,0.0167904,0.0120650),(0.0130305,0.0166589,0.0120650),(0.0130146,0.0165766,0.0120650),(0.0146995,0.0167904,0.0120650),(0.0130146,0.0165766,0.0120650),(0.0130305,0.0164952,0.0120650),(0.0146995,0.0167904,0.0120650),(0.0130305,0.0164952,0.0120650),(0.0130781,0.0164264,0.0120650),(0.0146995,0.0167904,0.0120650),(0.0130781,0.0164264,0.0120650),(0.0131472,0.0163795,0.0120650),(0.0146995,0.0167904,0.0120650),(0.0131472,0.0163795,0.0120650),(0.0132274,0.0163639,0.0120650),(0.0146995,0.0167904,0.0120650),(0.0132274,0.0163639,0.0120650),(0.0134962,0.0163639,0.0120650),(0.0146995,0.0167904,0.0120650),(0.0134962,0.0163639,0.0120650),(0.0139195,0.0163639,0.0120650),(0.0146995,0.0167904,0.0120650),(0.0139195,0.0163639,0.0120650),(0.0146995,0.0163639,0.0120650),(0.0151260,0.0149659,0.0120650),(0.0146995,0.0167904,0.0120650),(0.0146995,0.0163639,0.0120650),(0.0151260,0.0149659,0.0120650),(0.0146995,0.0163639,0.0120650),(0.0146995,0.0149659,0.0120650),(0.0139195,0.0145404,0.0120650),(0.0151260,0.0149659,0.0120650),(0.0146995,0.0149659,0.0120650),(0.0139195,0.0145404,0.0120650),(0.0146995,0.0149659,0.0120650),(0.0139195,0.0149659,0.0120650),(0.0139036,0.0136620,0.0120650),(0.0139195,0.0145404,0.0120650),(0.0139195,0.0149659,0.0120650),(0.0139036,0.0136620,0.0120650),(0.0139195,0.0149659,0.0120650),(0.0139195,0.0163639,0.0120650),(0.0139036,0.0136620,0.0120650),(0.0139195,0.0163639,0.0120650),(0.0134962,0.0163639,0.0120650),(0.0139036,0.0136620,0.0120650),(0.0134962,0.0163639,0.0120650),(0.0134962,0.0149659,0.0120650),(0.0134962,0.0149659,0.0120650),(0.0132274,0.0149659,0.0120650),(0.0131472,0.0149503,0.0120650),(0.0134962,0.0149659,0.0120650),(0.0131472,0.0149503,0.0120650),(0.0130781,0.0149034,0.0120650),(0.0134962,0.0149659,0.0120650),(0.0130781,0.0149034,0.0120650),(0.0130305,0.0148346,0.0120650),(0.0134962,0.0149659,0.0120650),(0.0130305,0.0148346,0.0120650),(0.0130146,0.0147531,0.0120650),(0.0134962,0.0149659,0.0120650),(0.0130146,0.0147531,0.0120650),(0.0130305,0.0146716,0.0120650),(0.0134962,0.0149659,0.0120650),(0.0130305,0.0146716,0.0120650),(0.0130781,0.0146029,0.0120650),(0.0134962,0.0149659,0.0120650),(0.0130781,0.0146029,0.0120650),(0.0131472,0.0145560,0.0120650),(0.0134962,0.0149659,0.0120650),(0.0131472,0.0145560,0.0120650),(0.0132274,0.0145404,0.0120650),(0.0134962,0.0149659,0.0120650),(0.0132274,0.0145404,0.0120650),(0.0134962,0.0145404,0.0120650),(0.0139036,0.0136620,0.0120650),(0.0134962,0.0149659,0.0120650),(0.0134962,0.0145404,0.0120650),(0.0139036,0.0136620,0.0120650),(0.0134962,0.0145404,0.0120650),(0.0134962,0.0137435,0.0120650),(0.0139036,0.0136620,0.0120650),(0.0134962,0.0137435,0.0120650),(0.0135113,0.0136620,0.0120650),(0.0139036,0.0136620,0.0120650),(0.0135113,0.0136620,0.0120650),(0.0135565,0.0135932,0.0120650),(0.0139036,0.0136620,0.0120650),(0.0135565,0.0135932,0.0120650),(0.0136242,0.0135464,0.0120650),(0.0139036,0.0136620,0.0120650),(0.0136242,0.0135464,0.0120650),(0.0137047,0.0135308,0.0120650),(0.0139036,0.0136620,0.0120650),(0.0137047,0.0135308,0.0120650),(0.0137864,0.0135464,0.0120650),(0.0139036,0.0136620,0.0120650),(0.0137864,0.0135464,0.0120650),(0.0138560,0.0135932,0.0120650),(0.0257041,0.0158760,0.0120650),(0.0257517,0.0159247,0.0120650),(0.0258077,0.0160023,0.0120650),(0.0257041,0.0158760,0.0120650),(0.0258077,0.0160023,0.0120650),(0.0258563,0.0160837,0.0120650),(0.0257041,0.0158760,0.0120650),(0.0258563,0.0160837,0.0120650),(0.0258974,0.0161688,0.0120650),(0.0257041,0.0158760,0.0120650),(0.0258974,0.0161688,0.0120650),(0.0259311,0.0162578,0.0120650),(0.0257041,0.0158760,0.0120650),(0.0259311,0.0162578,0.0120650),(0.0259572,0.0163506,0.0120650),(0.0257041,0.0158760,0.0120650),(0.0259572,0.0163506,0.0120650),(0.0259759,0.0164472,0.0120650),(0.0257041,0.0158760,0.0120650),(0.0259759,0.0164472,0.0120650),(0.0259871,0.0165476,0.0120650),(0.0257041,0.0158760,0.0120650),(0.0259871,0.0165476,0.0120650),(0.0259909,0.0166518,0.0120650),(0.0257041,0.0158760,0.0120650),(0.0259909,0.0166518,0.0120650),(0.0259871,0.0167559,0.0120650),(0.0257041,0.0158760,0.0120650),(0.0259871,0.0167559,0.0120650),(0.0259760,0.0168555,0.0120650),(0.0257041,0.0158760,0.0120650),(0.0259760,0.0168555,0.0120650),(0.0259574,0.0169506,0.0120650),(0.0257041,0.0158760,0.0120650),(0.0259574,0.0169506,0.0120650),(0.0259313,0.0170413,0.0120650),(0.0257041,0.0158760,0.0120650),(0.0259313,0.0170413,0.0120650),(0.0258978,0.0171274,0.0120650),(0.0257041,0.0158760,0.0120650),(0.0258978,0.0171274,0.0120650),(0.0258569,0.0172090,0.0120650),(0.0257041,0.0158760,0.0120650),(0.0258569,0.0172090,0.0120650),(0.0258085,0.0172861,0.0120650),(0.0257041,0.0158760,0.0120650),(0.0258085,0.0172861,0.0120650),(0.0257527,0.0173588,0.0120650),(0.0257041,0.0158760,0.0120650),(0.0257527,0.0173588,0.0120650),(0.0256910,0.0174247,0.0120650),(0.0257041,0.0158760,0.0120650),(0.0256910,0.0174247,0.0120650),(0.0256243,0.0174819,0.0120650),(0.0257041,0.0158760,0.0120650),(0.0256243,0.0174819,0.0120650),(0.0255526,0.0175303,0.0120650),(0.0257041,0.0158760,0.0120650),(0.0255526,0.0175303,0.0120650),(0.0254760,0.0175699,0.0120650),(0.0254760,0.0175699,0.0120650),(0.0253944,0.0176007,0.0120650),(0.0253078,0.0176227,0.0120650),(0.0254760,0.0175699,0.0120650),(0.0253078,0.0176227,0.0120650),(0.0252163,0.0176359,0.0120650),(0.0254760,0.0175699,0.0120650),(0.0252163,0.0176359,0.0120650),(0.0251199,0.0176403,0.0120650),(0.0254760,0.0175699,0.0120650),(0.0251199,0.0176403,0.0120650),(0.0250243,0.0176359,0.0120650),(0.0254760,0.0175699,0.0120650),(0.0250243,0.0176359,0.0120650),(0.0249331,0.0176227,0.0120650),(0.0254760,0.0175699,0.0120650),(0.0249331,0.0176227,0.0120650),(0.0248460,0.0176008,0.0120650),(0.0254760,0.0175699,0.0120650),(0.0248460,0.0176008,0.0120650),(0.0247632,0.0175702,0.0120650),(0.0254760,0.0175699,0.0120650),(0.0247632,0.0175702,0.0120650),(0.0246846,0.0175307,0.0120650),(0.0254760,0.0175699,0.0120650),(0.0246846,0.0175307,0.0120650),(0.0246103,0.0174825,0.0120650),(0.0254760,0.0175699,0.0120650),(0.0246103,0.0174825,0.0120650),(0.0245402,0.0174255,0.0120650),(0.0254760,0.0175699,0.0120650),(0.0245402,0.0174255,0.0120650),(0.0244743,0.0173598,0.0120650),(0.0254760,0.0175699,0.0120650),(0.0244743,0.0173598,0.0120650),(0.0244145,0.0172874,0.0120650),(0.0254760,0.0175699,0.0120650),(0.0244145,0.0172874,0.0120650),(0.0243627,0.0172104,0.0120650),(0.0254760,0.0175699,0.0120650),(0.0243627,0.0172104,0.0120650),(0.0243188,0.0171288,0.0120650),(0.0254760,0.0175699,0.0120650),(0.0243188,0.0171288,0.0120650),(0.0242830,0.0170426,0.0120650),(0.0254760,0.0175699,0.0120650),(0.0242830,0.0170426,0.0120650),(0.0242551,0.0169518,0.0120650),(0.0254760,0.0175699,0.0120650),(0.0242551,0.0169518,0.0120650),(0.0242352,0.0168564,0.0120650),(0.0254760,0.0175699,0.0120650),(0.0242352,0.0168564,0.0120650),(0.0242232,0.0167564,0.0120650),(0.0242232,0.0167564,0.0120650),(0.0242192,0.0166518,0.0120650),(0.0242346,0.0165695,0.0120650),(0.0242232,0.0167564,0.0120650),(0.0242346,0.0165695,0.0120650),(0.0242806,0.0165004,0.0120650),(0.0242232,0.0167564,0.0120650),(0.0242806,0.0165004,0.0120650),(0.0243489,0.0164536,0.0120650),(0.0242232,0.0167564,0.0120650),(0.0243489,0.0164536,0.0120650),(0.0244309,0.0164380,0.0120650),(0.0242232,0.0167564,0.0120650),(0.0244309,0.0164380,0.0120650),(0.0245137,0.0164536,0.0120650),(0.0242232,0.0167564,0.0120650),(0.0245137,0.0164536,0.0120650),(0.0245822,0.0165004,0.0120650),(0.0242232,0.0167564,0.0120650),(0.0245822,0.0165004,0.0120650),(0.0246283,0.0165695,0.0120650),(0.0242232,0.0167564,0.0120650),(0.0246283,0.0165695,0.0120650),(0.0246436,0.0166518,0.0120650),(0.0242232,0.0167564,0.0120650),(0.0246436,0.0166518,0.0120650),(0.0246523,0.0167781,0.0120650),(0.0242232,0.0167564,0.0120650),(0.0246523,0.0167781,0.0120650),(0.0246783,0.0168891,0.0120650),(0.0242232,0.0167564,0.0120650),(0.0246783,0.0168891,0.0120650),(0.0247216,0.0169850,0.0120650),(0.0242232,0.0167564,0.0120650),(0.0247216,0.0169850,0.0120650),(0.0247822,0.0170656,0.0120650),(0.0242232,0.0167564,0.0120650),(0.0247822,0.0170656,0.0120650),(0.0248537,0.0171304,0.0120650),(0.0254760,0.0175699,0.0120650),(0.0242232,0.0167564,0.0120650),(0.0248537,0.0171304,0.0120650),(0.0254760,0.0175699,0.0120650),(0.0248537,0.0171304,0.0120650),(0.0249339,0.0171767,0.0120650),(0.0254760,0.0175699,0.0120650),(0.0249339,0.0171767,0.0120650),(0.0250226,0.0172045,0.0120650),(0.0254760,0.0175699,0.0120650),(0.0250226,0.0172045,0.0120650),(0.0251199,0.0172138,0.0120650),(0.0254760,0.0175699,0.0120650),(0.0251199,0.0172138,0.0120650),(0.0252137,0.0172046,0.0120650),(0.0254760,0.0175699,0.0120650),(0.0252137,0.0172046,0.0120650),(0.0252984,0.0171770,0.0120650),(0.0254760,0.0175699,0.0120650),(0.0252984,0.0171770,0.0120650),(0.0253741,0.0171310,0.0120650),(0.0254760,0.0175699,0.0120650),(0.0253741,0.0171310,0.0120650),(0.0254405,0.0170667,0.0120650),(0.0254760,0.0175699,0.0120650),(0.0254405,0.0170667,0.0120650),(0.0254947,0.0169856,0.0120650),(0.0254760,0.0175699,0.0120650),(0.0254947,0.0169856,0.0120650),(0.0255334,0.0168894,0.0120650),(0.0254760,0.0175699,0.0120650),(0.0255334,0.0168894,0.0120650),(0.0255566,0.0167781,0.0120650),(0.0257041,0.0158760,0.0120650),(0.0254760,0.0175699,0.0120650),(0.0255566,0.0167781,0.0120650),(0.0257041,0.0158760,0.0120650),(0.0255566,0.0167781,0.0120650),(0.0255644,0.0166518,0.0120650),(0.0257041,0.0158760,0.0120650),(0.0255644,0.0166518,0.0120650),(0.0255567,0.0165237,0.0120650),(0.0257041,0.0158760,0.0120650),(0.0255567,0.0165237,0.0120650),(0.0255337,0.0164084,0.0120650),(0.0257041,0.0158760,0.0120650),(0.0255337,0.0164084,0.0120650),(0.0254953,0.0163057,0.0120650),(0.0257041,0.0158760,0.0120650),(0.0254953,0.0163057,0.0120650),(0.0254416,0.0162158,0.0120650),(0.0257041,0.0158760,0.0120650),(0.0254416,0.0162158,0.0120650),(0.0253793,0.0161509,0.0120650),(0.0257885,0.0157998,0.0120650),(0.0257041,0.0158760,0.0120650),(0.0253793,0.0161509,0.0120650),(0.0257885,0.0157998,0.0120650),(0.0253793,0.0161509,0.0120650),(0.0253101,0.0161046,0.0120650),(0.0257885,0.0157998,0.0120650),(0.0253101,0.0161046,0.0120650),(0.0252338,0.0160768,0.0120650),(0.0257885,0.0157998,0.0120650),(0.0252338,0.0160768,0.0120650),(0.0251505,0.0160676,0.0120650),(0.0257885,0.0157998,0.0120650),(0.0251505,0.0160676,0.0120650),(0.0251082,0.0160676,0.0120650),(0.0257885,0.0157998,0.0120650),(0.0251082,0.0160676,0.0120650),(0.0250415,0.0160676,0.0120650),(0.0257885,0.0157998,0.0120650),(0.0250415,0.0160676,0.0120650),(0.0249600,0.0160520,0.0120650),(0.0257885,0.0157998,0.0120650),(0.0249600,0.0160520,0.0120650),(0.0248913,0.0160051,0.0120650),(0.0257885,0.0157998,0.0120650),(0.0248913,0.0160051,0.0120650),(0.0248444,0.0159366,0.0120650),(0.0257885,0.0157998,0.0120650),(0.0248444,0.0159366,0.0120650),(0.0248288,0.0158559,0.0120650),(0.0257885,0.0157998,0.0120650),(0.0248288,0.0158559,0.0120650),(0.0248444,0.0157750,0.0120650),(0.0257885,0.0157998,0.0120650),(0.0248444,0.0157750,0.0120650),(0.0248913,0.0157056,0.0120650),(0.0257885,0.0157998,0.0120650),(0.0248913,0.0157056,0.0120650),(0.0249600,0.0156580,0.0120650),(0.0257885,0.0157998,0.0120650),(0.0249600,0.0156580,0.0120650),(0.0250415,0.0156421,0.0120650),(0.0257885,0.0157998,0.0120650),(0.0250415,0.0156421,0.0120650),(0.0251082,0.0156421,0.0120650),(0.0257885,0.0157998,0.0120650),(0.0251082,0.0156421,0.0120650),(0.0252386,0.0156282,0.0120650),(0.0257885,0.0157998,0.0120650),(0.0252386,0.0156282,0.0120650),(0.0253567,0.0155863,0.0120650),(0.0257885,0.0157998,0.0120650),(0.0253567,0.0155863,0.0120650),(0.0254624,0.0155165,0.0120650),(0.0257885,0.0157998,0.0120650),(0.0254624,0.0155165,0.0120650),(0.0255559,0.0154188,0.0120650),(0.0257885,0.0157998,0.0120650),(0.0255559,0.0154188,0.0120650),(0.0256327,0.0152976,0.0120650),(0.0257885,0.0157998,0.0120650),(0.0256327,0.0152976,0.0120650),(0.0256876,0.0151574,0.0120650),(0.0257885,0.0157998,0.0120650),(0.0256876,0.0151574,0.0120650),(0.0257206,0.0149981,0.0120650),(0.0257885,0.0157998,0.0120650),(0.0257206,0.0149981,0.0120650),(0.0257288,0.0149114,0.0120650),(0.0257885,0.0157998,0.0120650),(0.0257288,0.0149114,0.0120650),(0.0257316,0.0148198,0.0120650),(0.0257885,0.0157998,0.0120650),(0.0257316,0.0148198,0.0120650),(0.0257288,0.0147291,0.0120650),(0.0245098,0.0147843,0.0120650),(0.0245071,0.0148844,0.0120650),(0.0244912,0.0149664,0.0120650),(0.0245179,0.0146900,0.0120650),(0.0245098,0.0147843,0.0120650),(0.0244912,0.0149664,0.0120650),(0.0245179,0.0146900,0.0120650),(0.0244912,0.0149664,0.0120650),(0.0244436,0.0150347,0.0120650),(0.0245315,0.0146013,0.0120650),(0.0245179,0.0146900,0.0120650),(0.0244436,0.0150347,0.0120650),(0.0245315,0.0146013,0.0120650),(0.0244436,0.0150347,0.0120650),(0.0243743,0.0150807,0.0120650),(0.0245505,0.0145185,0.0120650),(0.0245315,0.0146013,0.0120650),(0.0243743,0.0150807,0.0120650),(0.0245505,0.0145185,0.0120650),(0.0243743,0.0150807,0.0120650),(0.0242912,0.0150960,0.0120650),(0.0246047,0.0143698,0.0120650),(0.0245505,0.0145185,0.0120650),(0.0242912,0.0150960,0.0120650),(0.0246047,0.0143698,0.0120650),(0.0242912,0.0150960,0.0120650),(0.0242084,0.0150807,0.0120650),(0.0246047,0.0143698,0.0120650),(0.0242084,0.0150807,0.0120650),(0.0241398,0.0150347,0.0120650),(0.0246806,0.0142441,0.0120650),(0.0246047,0.0143698,0.0120650),(0.0241398,0.0150347,0.0120650),(0.0246806,0.0142441,0.0120650),(0.0241398,0.0150347,0.0120650),(0.0240938,0.0149664,0.0120650),(0.0246806,0.0142441,0.0120650),(0.0240938,0.0149664,0.0120650),(0.0240785,0.0148844,0.0120650),(0.0247712,0.0141445,0.0120650),(0.0246806,0.0142441,0.0120650),(0.0240785,0.0148844,0.0120650),(0.0247712,0.0141445,0.0120650),(0.0240785,0.0148844,0.0120650),(0.0240829,0.0147474,0.0120650),(0.0247712,0.0141445,0.0120650),(0.0240829,0.0147474,0.0120650),(0.0240961,0.0146164,0.0120650),(0.0247712,0.0141445,0.0120650),(0.0240961,0.0146164,0.0120650),(0.0241182,0.0144914,0.0120650),(0.0248746,0.0140734,0.0120650),(0.0247712,0.0141445,0.0120650),(0.0241182,0.0144914,0.0120650),(0.0248746,0.0140734,0.0120650),(0.0241182,0.0144914,0.0120650),(0.0241491,0.0143724,0.0120650),(0.0248746,0.0140734,0.0120650),(0.0241491,0.0143724,0.0120650),(0.0241888,0.0142594,0.0120650),(0.0249908,0.0140308,0.0120650),(0.0248746,0.0140734,0.0120650),(0.0241888,0.0142594,0.0120650),(0.0249908,0.0140308,0.0120650),(0.0241888,0.0142594,0.0120650),(0.0242374,0.0141523,0.0120650),(0.0249908,0.0140308,0.0120650),(0.0242374,0.0141523,0.0120650),(0.0242948,0.0140513,0.0120650),(0.0251199,0.0140165,0.0120650),(0.0249908,0.0140308,0.0120650),(0.0242948,0.0140513,0.0120650),(0.0251199,0.0140165,0.0120650),(0.0242948,0.0140513,0.0120650),(0.0243610,0.0139562,0.0120650),(0.0251199,0.0140165,0.0120650),(0.0243610,0.0139562,0.0120650),(0.0244331,0.0138706,0.0120650),(0.0252434,0.0140300,0.0120650),(0.0251199,0.0140165,0.0120650),(0.0244331,0.0138706,0.0120650),(0.0252434,0.0140300,0.0120650),(0.0244331,0.0138706,0.0120650),(0.0245116,0.0137965,0.0120650),(0.0252434,0.0140300,0.0120650),(0.0245116,0.0137965,0.0120650),(0.0245967,0.0137337,0.0120650),(0.0253569,0.0140702,0.0120650),(0.0252434,0.0140300,0.0120650),(0.0245967,0.0137337,0.0120650),(0.0253569,0.0140702,0.0120650),(0.0245967,0.0137337,0.0120650),(0.0246883,0.0136824,0.0120650),(0.0253569,0.0140702,0.0120650),(0.0246883,0.0136824,0.0120650),(0.0247864,0.0136424,0.0120650),(0.0254604,0.0141374,0.0120650),(0.0253569,0.0140702,0.0120650),(0.0247864,0.0136424,0.0120650),(0.0254604,0.0141374,0.0120650),(0.0247864,0.0136424,0.0120650),(0.0248911,0.0136139,0.0120650),(0.0254604,0.0141374,0.0120650),(0.0248911,0.0136139,0.0120650),(0.0250022,0.0135968,0.0120650),(0.0255538,0.0142314,0.0120650),(0.0254604,0.0141374,0.0120650),(0.0250022,0.0135968,0.0120650),(0.0255538,0.0142314,0.0120650),(0.0250022,0.0135968,0.0120650),(0.0251199,0.0135911,0.0120650),(0.0255538,0.0142314,0.0120650),(0.0251199,0.0135911,0.0120650),(0.0252330,0.0135966,0.0120650),(0.0256316,0.0143491,0.0120650),(0.0255538,0.0142314,0.0120650),(0.0252330,0.0135966,0.0120650),(0.0256316,0.0143491,0.0120650),(0.0252330,0.0135966,0.0120650),(0.0253406,0.0136130,0.0120650),(0.0256871,0.0144864,0.0120650),(0.0256316,0.0143491,0.0120650),(0.0253406,0.0136130,0.0120650),(0.0256871,0.0144864,0.0120650),(0.0253406,0.0136130,0.0120650),(0.0254427,0.0136405,0.0120650),(0.0256871,0.0144864,0.0120650),(0.0254427,0.0136405,0.0120650),(0.0255392,0.0136789,0.0120650),(0.0257066,0.0145624,0.0120650),(0.0256871,0.0144864,0.0120650),(0.0255392,0.0136789,0.0120650),(0.0257066,0.0145624,0.0120650),(0.0255392,0.0136789,0.0120650),(0.0256303,0.0137283,0.0120650),(0.0257205,0.0146433,0.0120650),(0.0257066,0.0145624,0.0120650),(0.0256303,0.0137283,0.0120650),(0.0257205,0.0146433,0.0120650),(0.0256303,0.0137283,0.0120650),(0.0257158,0.0137887,0.0120650),(0.0257288,0.0147291,0.0120650),(0.0257205,0.0146433,0.0120650),(0.0257158,0.0137887,0.0120650),(0.0257885,0.0157998,0.0120650),(0.0257288,0.0147291,0.0120650),(0.0257158,0.0137887,0.0120650),(0.0257885,0.0157998,0.0120650),(0.0257158,0.0137887,0.0120650),(0.0257957,0.0138601,0.0120650),(0.0257885,0.0157998,0.0120650),(0.0257957,0.0138601,0.0120650),(0.0258702,0.0139425,0.0120650),(0.0257885,0.0157998,0.0120650),(0.0258702,0.0139425,0.0120650),(0.0259379,0.0140337,0.0120650),(0.0257885,0.0157998,0.0120650),(0.0259379,0.0140337,0.0120650),(0.0259966,0.0141302,0.0120650),(0.0257885,0.0157998,0.0120650),(0.0259966,0.0141302,0.0120650),(0.0260463,0.0142320,0.0120650),(0.0257885,0.0157998,0.0120650),(0.0260463,0.0142320,0.0120650),(0.0260869,0.0143391,0.0120650),(0.0257885,0.0157998,0.0120650),(0.0260869,0.0143391,0.0120650),(0.0261185,0.0144514,0.0120650),(0.0257885,0.0157998,0.0120650),(0.0261185,0.0144514,0.0120650),(0.0261411,0.0145689,0.0120650),(0.0257885,0.0157998,0.0120650),(0.0261411,0.0145689,0.0120650),(0.0261546,0.0146917,0.0120650),(0.0257885,0.0157998,0.0120650),(0.0261546,0.0146917,0.0120650),(0.0261591,0.0148198,0.0120650),(0.0257885,0.0157998,0.0120650),(0.0261591,0.0148198,0.0120650),(0.0261547,0.0149492,0.0120650),(0.0257885,0.0157998,0.0120650),(0.0261547,0.0149492,0.0120650),(0.0261412,0.0150733,0.0120650),(0.0257885,0.0157998,0.0120650),(0.0261412,0.0150733,0.0120650),(0.0261188,0.0151921,0.0120650),(0.0257885,0.0157998,0.0120650),(0.0261188,0.0151921,0.0120650),(0.0260874,0.0153056,0.0120650),(0.0257885,0.0157998,0.0120650),(0.0260874,0.0153056,0.0120650),(0.0260471,0.0154138,0.0120650),(0.0257885,0.0157998,0.0120650),(0.0260471,0.0154138,0.0120650),(0.0259978,0.0155167,0.0120650),(0.0257885,0.0157998,0.0120650),(0.0259978,0.0155167,0.0120650),(0.0259395,0.0156144,0.0120650),(0.0257885,0.0157998,0.0120650),(0.0259395,0.0156144,0.0120650),(0.0258723,0.0157067,0.0120650),(0.0274217,0.0140123,0.0120650),(0.0285933,0.0156030,0.0120650),(0.0286578,0.0156967,0.0120650),(0.0274217,0.0140123,0.0120650),(0.0286578,0.0156967,0.0120650),(0.0287137,0.0157943,0.0120650),(0.0274217,0.0140123,0.0120650),(0.0287137,0.0157943,0.0120650),(0.0287610,0.0158958,0.0120650),(0.0274217,0.0140123,0.0120650),(0.0287610,0.0158958,0.0120650),(0.0287997,0.0160012,0.0120650),(0.0274217,0.0140123,0.0120650),(0.0287997,0.0160012,0.0120650),(0.0288298,0.0161104,0.0120650),(0.0274217,0.0140123,0.0120650),(0.0288298,0.0161104,0.0120650),(0.0288513,0.0162235,0.0120650),(0.0274217,0.0140123,0.0120650),(0.0288513,0.0162235,0.0120650),(0.0288642,0.0163405,0.0120650),(0.0274217,0.0140123,0.0120650),(0.0288642,0.0163405,0.0120650),(0.0288685,0.0164613,0.0120650),(0.0274217,0.0140123,0.0120650),(0.0288685,0.0164613,0.0120650),(0.0288633,0.0165863,0.0120650),(0.0274217,0.0140123,0.0120650),(0.0288633,0.0165863,0.0120650),(0.0288480,0.0167066,0.0120650),(0.0274217,0.0140123,0.0120650),(0.0288480,0.0167066,0.0120650),(0.0288223,0.0168224,0.0120650),(0.0274217,0.0140123,0.0120650),(0.0288223,0.0168224,0.0120650),(0.0287864,0.0169336,0.0120650),(0.0287864,0.0169336,0.0120650),(0.0287403,0.0170401,0.0120650),(0.0286839,0.0171421,0.0120650),(0.0287864,0.0169336,0.0120650),(0.0286839,0.0171421,0.0120650),(0.0286173,0.0172395,0.0120650),(0.0287864,0.0169336,0.0120650),(0.0286173,0.0172395,0.0120650),(0.0285404,0.0173323,0.0120650),(0.0287864,0.0169336,0.0120650),(0.0285404,0.0173323,0.0120650),(0.0284675,0.0174055,0.0120650),(0.0287864,0.0169336,0.0120650),(0.0284675,0.0174055,0.0120650),(0.0283901,0.0174689,0.0120650),(0.0287864,0.0169336,0.0120650),(0.0283901,0.0174689,0.0120650),(0.0283082,0.0175225,0.0120650),(0.0287864,0.0169336,0.0120650),(0.0283082,0.0175225,0.0120650),(0.0282218,0.0175665,0.0120650),(0.0287864,0.0169336,0.0120650),(0.0282218,0.0175665,0.0120650),(0.0281309,0.0176006,0.0120650),(0.0287864,0.0169336,0.0120650),(0.0281309,0.0176006,0.0120650),(0.0280356,0.0176250,0.0120650),(0.0287864,0.0169336,0.0120650),(0.0280356,0.0176250,0.0120650),(0.0279357,0.0176396,0.0120650),(0.0287864,0.0169336,0.0120650),(0.0279357,0.0176396,0.0120650),(0.0278313,0.0176445,0.0120650),(0.0287864,0.0169336,0.0120650),(0.0278313,0.0176445,0.0120650),(0.0277328,0.0176397,0.0120650),(0.0287864,0.0169336,0.0120650),(0.0277328,0.0176397,0.0120650),(0.0276373,0.0176254,0.0120650),(0.0287864,0.0169336,0.0120650),(0.0276373,0.0176254,0.0120650),(0.0275448,0.0176015,0.0120650),(0.0287864,0.0169336,0.0120650),(0.0275448,0.0176015,0.0120650),(0.0274553,0.0175680,0.0120650),(0.0287864,0.0169336,0.0120650),(0.0274553,0.0175680,0.0120650),(0.0273689,0.0175250,0.0120650),(0.0287864,0.0169336,0.0120650),(0.0273689,0.0175250,0.0120650),(0.0272854,0.0174725,0.0120650),(0.0272854,0.0174725,0.0120650),(0.0272050,0.0174103,0.0120650),(0.0271275,0.0173386,0.0120650),(0.0272854,0.0174725,0.0120650),(0.0271275,0.0173386,0.0120650),(0.0270484,0.0172521,0.0120650),(0.0272854,0.0174725,0.0120650),(0.0270484,0.0172521,0.0120650),(0.0269798,0.0171593,0.0120650),(0.0272854,0.0174725,0.0120650),(0.0269798,0.0171593,0.0120650),(0.0269218,0.0170600,0.0120650),(0.0272854,0.0174725,0.0120650),(0.0269218,0.0170600,0.0120650),(0.0268743,0.0169545,0.0120650),(0.0272854,0.0174725,0.0120650),(0.0268743,0.0169545,0.0120650),(0.0268374,0.0168426,0.0120650),(0.0272854,0.0174725,0.0120650),(0.0268374,0.0168426,0.0120650),(0.0268110,0.0167243,0.0120650),(0.0272854,0.0174725,0.0120650),(0.0268110,0.0167243,0.0120650),(0.0267952,0.0165997,0.0120650),(0.0272854,0.0174725,0.0120650),(0.0267952,0.0165997,0.0120650),(0.0267899,0.0164687,0.0120650),(0.0272854,0.0174725,0.0120650),(0.0267899,0.0164687,0.0120650),(0.0267899,0.0164634,0.0120650),(0.0272854,0.0174725,0.0120650),(0.0267899,0.0164634,0.0120650),(0.0268055,0.0163819,0.0120650),(0.0272854,0.0174725,0.0120650),(0.0268055,0.0163819,0.0120650),(0.0268523,0.0163131,0.0120650),(0.0272854,0.0174725,0.0120650),(0.0268523,0.0163131,0.0120650),(0.0269211,0.0162663,0.0120650),(0.0272854,0.0174725,0.0120650),(0.0269211,0.0162663,0.0120650),(0.0270026,0.0162507,0.0120650),(0.0272854,0.0174725,0.0120650),(0.0270026,0.0162507,0.0120650),(0.0270841,0.0162663,0.0120650),(0.0272854,0.0174725,0.0120650),(0.0270841,0.0162663,0.0120650),(0.0271529,0.0163131,0.0120650),(0.0272854,0.0174725,0.0120650),(0.0271529,0.0163131,0.0120650),(0.0272005,0.0163819,0.0120650),(0.0272005,0.0163819,0.0120650),(0.0272164,0.0164634,0.0120650),(0.0272164,0.0164687,0.0120650),(0.0272005,0.0163819,0.0120650),(0.0272164,0.0164687,0.0120650),(0.0272197,0.0165556,0.0120650),(0.0272854,0.0174725,0.0120650),(0.0272005,0.0163819,0.0120650),(0.0272197,0.0165556,0.0120650),(0.0272854,0.0174725,0.0120650),(0.0272197,0.0165556,0.0120650),(0.0272297,0.0166380,0.0120650),(0.0272854,0.0174725,0.0120650),(0.0272297,0.0166380,0.0120650),(0.0272463,0.0167159,0.0120650),(0.0272854,0.0174725,0.0120650),(0.0272463,0.0167159,0.0120650),(0.0272696,0.0167894,0.0120650),(0.0272854,0.0174725,0.0120650),(0.0272696,0.0167894,0.0120650),(0.0273361,0.0169227,0.0120650),(0.0272854,0.0174725,0.0120650),(0.0273361,0.0169227,0.0120650),(0.0274291,0.0170381,0.0120650),(0.0272854,0.0174725,0.0120650),(0.0274291,0.0170381,0.0120650),(0.0275200,0.0171168,0.0120650),(0.0272854,0.0174725,0.0120650),(0.0275200,0.0171168,0.0120650),(0.0276170,0.0171730,0.0120650),(0.0272854,0.0174725,0.0120650),(0.0276170,0.0171730,0.0120650),(0.0277200,0.0172067,0.0120650),(0.0272854,0.0174725,0.0120650),(0.0277200,0.0172067,0.0120650),(0.0278292,0.0172180,0.0120650),(0.0272854,0.0174725,0.0120650),(0.0278292,0.0172180,0.0120650),(0.0279424,0.0172071,0.0120650),(0.0272854,0.0174725,0.0120650),(0.0279424,0.0172071,0.0120650),(0.0280461,0.0171746,0.0120650),(0.0287864,0.0169336,0.0120650),(0.0272854,0.0174725,0.0120650),(0.0280461,0.0171746,0.0120650),(0.0287864,0.0169336,0.0120650),(0.0280461,0.0171746,0.0120650),(0.0281403,0.0171204,0.0120650),(0.0287864,0.0169336,0.0120650),(0.0281403,0.0171204,0.0120650),(0.0282250,0.0170444,0.0120650),(0.0287864,0.0169336,0.0120650),(0.0282250,0.0170444,0.0120650),(0.0282766,0.0169833,0.0120650),(0.0287864,0.0169336,0.0120650),(0.0282766,0.0169833,0.0120650),(0.0283213,0.0169188,0.0120650),(0.0287864,0.0169336,0.0120650),(0.0283213,0.0169188,0.0120650),(0.0283901,0.0167801,0.0120650),(0.0287864,0.0169336,0.0120650),(0.0283901,0.0167801,0.0120650),(0.0284314,0.0166283,0.0120650),(0.0287864,0.0169336,0.0120650),(0.0284314,0.0166283,0.0120650),(0.0284417,0.0165475,0.0120650),(0.0287864,0.0169336,0.0120650),(0.0284417,0.0165475,0.0120650),(0.0284451,0.0164634,0.0120650),(0.0287864,0.0169336,0.0120650),(0.0284451,0.0164634,0.0120650),(0.0284422,0.0163767,0.0120650),(0.0287864,0.0169336,0.0120650),(0.0284422,0.0163767,0.0120650),(0.0284334,0.0162933,0.0120650),(0.0287864,0.0169336,0.0120650),(0.0284334,0.0162933,0.0120650),(0.0284188,0.0162132,0.0120650),(0.0287864,0.0169336,0.0120650),(0.0284188,0.0162132,0.0120650),(0.0283983,0.0161364,0.0120650),(0.0287864,0.0169336,0.0120650),(0.0283983,0.0161364,0.0120650),(0.0283398,0.0159927,0.0120650),(0.0274217,0.0140123,0.0120650),(0.0287864,0.0169336,0.0120650),(0.0283398,0.0159927,0.0120650),(0.0274217,0.0140123,0.0120650),(0.0283398,0.0159927,0.0120650),(0.0282578,0.0158623,0.0120650),(0.0274217,0.0140123,0.0120650),(0.0282578,0.0158623,0.0120650),(0.0268344,0.0139287,0.0120650),(0.0286579,0.0140123,0.0120650),(0.0274217,0.0140123,0.0120650),(0.0268344,0.0139287,0.0120650),(0.0286579,0.0140123,0.0120650),(0.0268344,0.0139287,0.0120650),(0.0267878,0.0138038,0.0120650),(0.0286579,0.0140123,0.0120650),(0.0267878,0.0138038,0.0120650),(0.0267899,0.0137689,0.0120650),(0.0286579,0.0140123,0.0120650),(0.0267899,0.0137689,0.0120650),(0.0268164,0.0136903,0.0120650),(0.0286579,0.0140123,0.0120650),(0.0268164,0.0136903,0.0120650),(0.0268682,0.0136345,0.0120650),(0.0286579,0.0140123,0.0120650),(0.0268682,0.0136345,0.0120650),(0.0269367,0.0135996,0.0120650),(0.0286579,0.0140123,0.0120650),(0.0269367,0.0135996,0.0120650),(0.0270026,0.0135879,0.0120650),(0.0286579,0.0140123,0.0120650),(0.0270026,0.0135879,0.0120650),(0.0286579,0.0135879,0.0120650),(0.0286579,0.0140123,0.0120650),(0.0286579,0.0135879,0.0120650),(0.0287412,0.0136030,0.0120650),(0.0286579,0.0140123,0.0120650),(0.0287412,0.0136030,0.0120650),(0.0288092,0.0136482,0.0120650),(0.0286579,0.0140123,0.0120650),(0.0288092,0.0136482,0.0120650),(0.0288537,0.0137162,0.0120650),(0.0286579,0.0140123,0.0120650),(0.0288537,0.0137162,0.0120650),(0.0288685,0.0137996,0.0120650),(0.0286579,0.0140123,0.0120650),(0.0288685,0.0137996,0.0120650),(0.0288537,0.0138837,0.0120650),(0.0286579,0.0140123,0.0120650),(0.0288537,0.0138837,0.0120650),(0.0288092,0.0139520,0.0120650),(0.0286579,0.0140123,0.0120650),(0.0288092,0.0139520,0.0120650),(0.0287433,0.0139972,0.0120650),(0.0172861,0.0176466,0.0120650),(0.0171686,0.0176001,0.0120650),(0.0165611,0.0170984,0.0120650),(0.0172861,0.0176466,0.0120650),(0.0165611,0.0170984,0.0120650),(0.0165034,0.0170307,0.0120650),(0.0172861,0.0176466,0.0120650),(0.0165034,0.0170307,0.0120650),(0.0164786,0.0169587,0.0120650),(0.0172861,0.0176466,0.0120650),(0.0164786,0.0169587,0.0120650),(0.0164786,0.0169248,0.0120650),(0.0172861,0.0176466,0.0120650),(0.0164786,0.0169248,0.0120650),(0.0165124,0.0167968,0.0120650),(0.0172861,0.0176466,0.0120650),(0.0165124,0.0167968,0.0120650),(0.0165717,0.0167399,0.0120650),(0.0172861,0.0176466,0.0120650),(0.0165717,0.0167399,0.0120650),(0.0166521,0.0167111,0.0120650),(0.0172861,0.0176466,0.0120650),(0.0166521,0.0167111,0.0120650),(0.0166934,0.0167089,0.0120650),(0.0172861,0.0176466,0.0120650),(0.0166934,0.0167089,0.0120650),(0.0168088,0.0167460,0.0120650),(0.0172861,0.0176466,0.0120650),(0.0168088,0.0167460,0.0120650),(0.0170797,0.0169852,0.0120650),(0.0172861,0.0176466,0.0120650),(0.0170797,0.0169852,0.0120650),(0.0170797,0.0137996,0.0120650),(0.0172861,0.0176466,0.0120650),(0.0170797,0.0137996,0.0120650),(0.0170950,0.0137176,0.0120650),(0.0172861,0.0176466,0.0120650),(0.0170950,0.0137176,0.0120650),(0.0171411,0.0136493,0.0120650),(0.0172861,0.0176466,0.0120650),(0.0171411,0.0136493,0.0120650),(0.0172093,0.0136033,0.0120650),(0.0172861,0.0176466,0.0120650),(0.0172093,0.0136033,0.0120650),(0.0172914,0.0135879,0.0120650),(0.0172861,0.0176466,0.0120650),(0.0172914,0.0135879,0.0120650),(0.0173742,0.0136033,0.0120650),(0.0172861,0.0176466,0.0120650),(0.0173742,0.0136033,0.0120650),(0.0174427,0.0136493,0.0120650),(0.0172861,0.0176466,0.0120650),(0.0174427,0.0136493,0.0120650),(0.0174887,0.0137176,0.0120650),(0.0172861,0.0176466,0.0120650),(0.0174887,0.0137176,0.0120650),(0.0175041,0.0137996,0.0120650),(0.0172861,0.0176466,0.0120650),(0.0175041,0.0137996,0.0120650),(0.0175041,0.0174265,0.0120650),(0.0172861,0.0176466,0.0120650),(0.0175041,0.0174265,0.0120650),(0.0174758,0.0175397,0.0120650),(0.0172861,0.0176466,0.0120650),(0.0174758,0.0175397,0.0120650),(0.0173908,0.0176149,0.0120650),(0.0233180,0.0157541,0.0120650),(0.0232392,0.0157691,0.0120650),(0.0215818,0.0157691,0.0120650),(0.0233180,0.0157541,0.0120650),(0.0215818,0.0157691,0.0120650),(0.0215014,0.0157541,0.0120650),(0.0233180,0.0157541,0.0120650),(0.0215014,0.0157541,0.0120650),(0.0214316,0.0157088,0.0120650),(0.0233180,0.0157541,0.0120650),(0.0214316,0.0157088,0.0120650),(0.0213847,0.0156432,0.0120650),(0.0233180,0.0157541,0.0120650),(0.0213847,0.0156432,0.0120650),(0.0213691,0.0155564,0.0120650),(0.0233180,0.0157541,0.0120650),(0.0213691,0.0155564,0.0120650),(0.0213847,0.0154749,0.0120650),(0.0233180,0.0157541,0.0120650),(0.0213847,0.0154749,0.0120650),(0.0214316,0.0154061,0.0120650),(0.0233180,0.0157541,0.0120650),(0.0214316,0.0154061,0.0120650),(0.0214982,0.0153609,0.0120650),(0.0233180,0.0157541,0.0120650),(0.0214982,0.0153609,0.0120650),(0.0215818,0.0153458,0.0120650),(0.0233180,0.0157541,0.0120650),(0.0215818,0.0153458,0.0120650),(0.0232392,0.0153458,0.0120650),(0.0233180,0.0157541,0.0120650),(0.0232392,0.0153458,0.0120650),(0.0233180,0.0153609,0.0120650),(0.0233180,0.0157541,0.0120650),(0.0233180,0.0153609,0.0120650),(0.0233874,0.0154061,0.0120650),(0.0233180,0.0157541,0.0120650),(0.0233874,0.0154061,0.0120650),(0.0234342,0.0154752,0.0120650),(0.0233180,0.0157541,0.0120650),(0.0234342,0.0154752,0.0120650),(0.0234498,0.0155575,0.0120650),(0.0233180,0.0157541,0.0120650),(0.0234498,0.0155575,0.0120650),(0.0234342,0.0156398,0.0120650),(0.0233180,0.0157541,0.0120650),(0.0234342,0.0156398,0.0120650),(0.0233874,0.0157088,0.0120650),(0.0379762,0.0154786,0.0120650),(0.0393584,0.0136890,0.0120650),(0.0394306,0.0136271,0.0120650),(0.0379762,0.0154786,0.0120650),(0.0394306,0.0136271,0.0120650),(0.0395224,0.0136064,0.0120650),(0.0379762,0.0154786,0.0120650),(0.0395224,0.0136064,0.0120650),(0.0396547,0.0136519,0.0120650),(0.0379762,0.0154786,0.0120650),(0.0396547,0.0136519,0.0120650),(0.0397190,0.0137255,0.0120650),(0.0379762,0.0154786,0.0120650),(0.0397190,0.0137255,0.0120650),(0.0397404,0.0138213,0.0120650),(0.0379762,0.0154786,0.0120650),(0.0397404,0.0138213,0.0120650),(0.0396960,0.0139536,0.0120650),(0.0379762,0.0154786,0.0120650),(0.0396960,0.0139536,0.0120650),(0.0385202,0.0154786,0.0120650),(0.0385202,0.0154786,0.0120650),(0.0386059,0.0154786,0.0120650),(0.0387251,0.0154837,0.0120650),(0.0379762,0.0154786,0.0120650),(0.0385202,0.0154786,0.0120650),(0.0387251,0.0154837,0.0120650),(0.0371126,0.0154786,0.0120650),(0.0379762,0.0154786,0.0120650),(0.0387251,0.0154837,0.0120650),(0.0371126,0.0154786,0.0120650),(0.0387251,0.0154837,0.0120650),(0.0388389,0.0154991,0.0120650),(0.0371126,0.0154786,0.0120650),(0.0388389,0.0154991,0.0120650),(0.0389473,0.0155246,0.0120650),(0.0371126,0.0154786,0.0120650),(0.0389473,0.0155246,0.0120650),(0.0390501,0.0155604,0.0120650),(0.0371126,0.0154786,0.0120650),(0.0390501,0.0155604,0.0120650),(0.0391476,0.0156064,0.0120650),(0.0371126,0.0154786,0.0120650),(0.0391476,0.0156064,0.0120650),(0.0392395,0.0156626,0.0120650),(0.0371126,0.0154786,0.0120650),(0.0392395,0.0156626,0.0120650),(0.0393260,0.0157290,0.0120650),(0.0371126,0.0154786,0.0120650),(0.0393260,0.0157290,0.0120650),(0.0394071,0.0158056,0.0120650),(0.0371126,0.0154786,0.0120650),(0.0394071,0.0158056,0.0120650),(0.0394835,0.0158954,0.0120650),(0.0371126,0.0154786,0.0120650),(0.0394835,0.0158954,0.0120650),(0.0395497,0.0159878,0.0120650),(0.0371126,0.0154786,0.0120650),(0.0395497,0.0159878,0.0120650),(0.0396057,0.0160830,0.0120650),(0.0396057,0.0160830,0.0120650),(0.0396515,0.0161808,0.0120650),(0.0392560,0.0163301,0.0120650),(0.0396057,0.0160830,0.0120650),(0.0392560,0.0163301,0.0120650),(0.0391915,0.0162124,0.0120650),(0.0396057,0.0160830,0.0120650),(0.0391915,0.0162124,0.0120650),(0.0391012,0.0161062,0.0120650),(0.0396057,0.0160830,0.0120650),(0.0391012,0.0161062,0.0120650),(0.0389913,0.0160182,0.0120650),(0.0396057,0.0160830,0.0120650),(0.0389913,0.0160182,0.0120650),(0.0388721,0.0159554,0.0120650),(0.0396057,0.0160830,0.0120650),(0.0388721,0.0159554,0.0120650),(0.0387436,0.0159177,0.0120650),(0.0371126,0.0154786,0.0120650),(0.0396057,0.0160830,0.0120650),(0.0387436,0.0159177,0.0120650),(0.0371126,0.0154786,0.0120650),(0.0387436,0.0159177,0.0120650),(0.0386059,0.0159051,0.0120650),(0.0371126,0.0154786,0.0120650),(0.0386059,0.0159051,0.0120650),(0.0371126,0.0159051,0.0120650),(0.0392947,0.0164590,0.0120650),(0.0392560,0.0163301,0.0120650),(0.0396515,0.0161808,0.0120650),(0.0393076,0.0165994,0.0120650),(0.0392947,0.0164590,0.0120650),(0.0396515,0.0161808,0.0120650),(0.0392947,0.0167384,0.0120650),(0.0393076,0.0165994,0.0120650),(0.0396515,0.0161808,0.0120650),(0.0392560,0.0168666,0.0120650),(0.0392947,0.0167384,0.0120650),(0.0396515,0.0161808,0.0120650),(0.0391915,0.0169840,0.0120650),(0.0392560,0.0168666,0.0120650),(0.0396515,0.0161808,0.0120650),(0.0391915,0.0169840,0.0120650),(0.0396515,0.0161808,0.0120650),(0.0396872,0.0162814,0.0120650),(0.0391915,0.0169840,0.0120650),(0.0396872,0.0162814,0.0120650),(0.0397127,0.0163847,0.0120650),(0.0391012,0.0170905,0.0120650),(0.0391915,0.0169840,0.0120650),(0.0397127,0.0163847,0.0120650),(0.0391012,0.0170905,0.0120650),(0.0397127,0.0163847,0.0120650),(0.0397279,0.0164907,0.0120650),(0.0391012,0.0170905,0.0120650),(0.0397279,0.0164907,0.0120650),(0.0397330,0.0165994,0.0120650),(0.0389940,0.0171784,0.0120650),(0.0391012,0.0170905,0.0120650),(0.0397330,0.0165994,0.0120650),(0.0389940,0.0171784,0.0120650),(0.0397330,0.0165994,0.0120650),(0.0397279,0.0167120,0.0120650),(0.0389940,0.0171784,0.0120650),(0.0397279,0.0167120,0.0120650),(0.0397127,0.0168207,0.0120650),(0.0388768,0.0172413,0.0120650),(0.0389940,0.0171784,0.0120650),(0.0397127,0.0168207,0.0120650),(0.0388768,0.0172413,0.0120650),(0.0397127,0.0168207,0.0120650),(0.0396872,0.0169255,0.0120650),(0.0388768,0.0172413,0.0120650),(0.0396872,0.0169255,0.0120650),(0.0396515,0.0170264,0.0120650),(0.0387496,0.0172790,0.0120650),(0.0388768,0.0172413,0.0120650),(0.0396515,0.0170264,0.0120650),(0.0387496,0.0172790,0.0120650),(0.0396515,0.0170264,0.0120650),(0.0396057,0.0171234,0.0120650),(0.0387496,0.0172790,0.0120650),(0.0396057,0.0171234,0.0120650),(0.0395497,0.0172165,0.0120650),(0.0386123,0.0172915,0.0120650),(0.0387496,0.0172790,0.0120650),(0.0395497,0.0172165,0.0120650),(0.0386123,0.0172915,0.0120650),(0.0395497,0.0172165,0.0120650),(0.0394835,0.0173057,0.0120650),(0.0371126,0.0172915,0.0120650),(0.0386123,0.0172915,0.0120650),(0.0394835,0.0173057,0.0120650),(0.0371126,0.0172915,0.0120650),(0.0394835,0.0173057,0.0120650),(0.0394071,0.0173910,0.0120650),(0.0371126,0.0172915,0.0120650),(0.0394071,0.0173910,0.0120650),(0.0393200,0.0174692,0.0120650),(0.0371126,0.0172915,0.0120650),(0.0393200,0.0174692,0.0120650),(0.0392292,0.0175369,0.0120650),(0.0371126,0.0172915,0.0120650),(0.0392292,0.0175369,0.0120650),(0.0391347,0.0175942,0.0120650),(0.0371126,0.0172915,0.0120650),(0.0391347,0.0175942,0.0120650),(0.0390364,0.0176411,0.0120650),(0.0371126,0.0172915,0.0120650),(0.0390364,0.0176411,0.0120650),(0.0389344,0.0176775,0.0120650),(0.0371126,0.0172915,0.0120650),(0.0389344,0.0176775,0.0120650),(0.0388286,0.0177036,0.0120650),(0.0371126,0.0172915,0.0120650),(0.0388286,0.0177036,0.0120650),(0.0387191,0.0177192,0.0120650),(0.0371126,0.0172915,0.0120650),(0.0387191,0.0177192,0.0120650),(0.0386059,0.0177244,0.0120650),(0.0371126,0.0172915,0.0120650),(0.0386059,0.0177244,0.0120650),(0.0368999,0.0177244,0.0120650),(0.0371126,0.0159051,0.0120650),(0.0371126,0.0172915,0.0120650),(0.0368999,0.0177244,0.0120650),(0.0371126,0.0154786,0.0120650),(0.0371126,0.0159051,0.0120650),(0.0368999,0.0177244,0.0120650),(0.0371126,0.0154786,0.0120650),(0.0368999,0.0177244,0.0120650),(0.0368139,0.0177077,0.0120650),(0.0371126,0.0154786,0.0120650),(0.0368139,0.0177077,0.0120650),(0.0367422,0.0176577,0.0120650),(0.0371126,0.0154786,0.0120650),(0.0367422,0.0176577,0.0120650),(0.0367001,0.0175834,0.0120650),(0.0371126,0.0154786,0.0120650),(0.0367001,0.0175834,0.0120650),(0.0366861,0.0175043,0.0120650),(0.0371126,0.0154786,0.0120650),(0.0366861,0.0175043,0.0120650),(0.0366861,0.0138774,0.0120650),(0.0371126,0.0154786,0.0120650),(0.0366861,0.0138774,0.0120650),(0.0367090,0.0137940,0.0120650),(0.0371126,0.0154786,0.0120650),(0.0367090,0.0137940,0.0120650),(0.0367522,0.0137345,0.0120650),(0.0371126,0.0154786,0.0120650),(0.0367522,0.0137345,0.0120650),(0.0368999,0.0136869,0.0120650),(0.0371126,0.0154786,0.0120650),(0.0368999,0.0136869,0.0120650),(0.0369739,0.0136988,0.0120650),(0.0371126,0.0154786,0.0120650),(0.0369739,0.0136988,0.0120650),(0.0370340,0.0137345,0.0120650),(0.0371126,0.0154786,0.0120650),(0.0370340,0.0137345,0.0120650),(0.0371126,0.0138774,0.0120650),(0.0357241,0.0154839,0.0120650),(0.0357219,0.0138774,0.0120650),(0.0357381,0.0137953,0.0120650),(0.0357241,0.0154839,0.0120650),(0.0357381,0.0137953,0.0120650),(0.0357865,0.0137271,0.0120650),(0.0357241,0.0154839,0.0120650),(0.0357865,0.0137271,0.0120650),(0.0358553,0.0136810,0.0120650),(0.0357241,0.0154839,0.0120650),(0.0358553,0.0136810,0.0120650),(0.0359326,0.0136657,0.0120650),(0.0357241,0.0154839,0.0120650),(0.0359326,0.0136657,0.0120650),(0.0360154,0.0136810,0.0120650),(0.0357241,0.0154839,0.0120650),(0.0360154,0.0136810,0.0120650),(0.0360839,0.0137271,0.0120650),(0.0357241,0.0154839,0.0120650),(0.0360839,0.0137271,0.0120650),(0.0361299,0.0137953,0.0120650),(0.0357241,0.0154839,0.0120650),(0.0361299,0.0137953,0.0120650),(0.0361453,0.0138774,0.0120650),(0.0357241,0.0154839,0.0120650),(0.0361453,0.0138774,0.0120650),(0.0361453,0.0175043,0.0120650),(0.0357241,0.0154839,0.0120650),(0.0361453,0.0175043,0.0120650),(0.0361299,0.0175858,0.0120650),(0.0357241,0.0154839,0.0120650),(0.0361299,0.0175858,0.0120650),(0.0360839,0.0176546,0.0120650),(0.0357241,0.0154839,0.0120650),(0.0360839,0.0176546,0.0120650),(0.0360164,0.0177022,0.0120650),(0.0357241,0.0154839,0.0120650),(0.0360164,0.0177022,0.0120650),(0.0359368,0.0177181,0.0120650),(0.0357241,0.0154839,0.0120650),(0.0359368,0.0177181,0.0120650),(0.0358548,0.0177017,0.0120650),(0.0357241,0.0154839,0.0120650),(0.0358548,0.0177017,0.0120650),(0.0357844,0.0176524,0.0120650),(0.0357241,0.0154839,0.0120650),(0.0357844,0.0176524,0.0120650),(0.0357376,0.0175879,0.0120650),(0.0357241,0.0154839,0.0120650),(0.0357376,0.0175879,0.0120650),(0.0357219,0.0175043,0.0120650),(0.0357241,0.0154839,0.0120650),(0.0357219,0.0175043,0.0120650),(0.0357219,0.0159051,0.0120650),(0.0335227,0.0154839,0.0120650),(0.0357241,0.0154839,0.0120650),(0.0357219,0.0159051,0.0120650),(0.0335227,0.0154839,0.0120650),(0.0357219,0.0159051,0.0120650),(0.0335291,0.0159051,0.0120650),(0.0335227,0.0154839,0.0120650),(0.0335291,0.0159051,0.0120650),(0.0335291,0.0175043,0.0120650),(0.0335227,0.0154839,0.0120650),(0.0335291,0.0175043,0.0120650),(0.0335127,0.0175858,0.0120650),(0.0335227,0.0154839,0.0120650),(0.0335127,0.0175858,0.0120650),(0.0334635,0.0176546,0.0120650),(0.0335227,0.0154839,0.0120650),(0.0334635,0.0176546,0.0120650),(0.0333939,0.0177022,0.0120650),(0.0335227,0.0154839,0.0120650),(0.0333939,0.0177022,0.0120650),(0.0333164,0.0177181,0.0120650),(0.0335227,0.0154839,0.0120650),(0.0333164,0.0177181,0.0120650),(0.0332341,0.0177022,0.0120650),(0.0335227,0.0154839,0.0120650),(0.0332341,0.0177022,0.0120650),(0.0331629,0.0176546,0.0120650),(0.0335227,0.0154839,0.0120650),(0.0331629,0.0176546,0.0120650),(0.0331145,0.0175858,0.0120650),(0.0335227,0.0154839,0.0120650),(0.0331145,0.0175858,0.0120650),(0.0330983,0.0175043,0.0120650),(0.0335227,0.0154839,0.0120650),(0.0330983,0.0175043,0.0120650),(0.0330983,0.0138774,0.0120650),(0.0335227,0.0154839,0.0120650),(0.0330983,0.0138774,0.0120650),(0.0331139,0.0137953,0.0120650),(0.0335227,0.0154839,0.0120650),(0.0331139,0.0137953,0.0120650),(0.0331608,0.0137271,0.0120650),(0.0335227,0.0154839,0.0120650),(0.0331608,0.0137271,0.0120650),(0.0332304,0.0136810,0.0120650),(0.0335227,0.0154839,0.0120650),(0.0332304,0.0136810,0.0120650),(0.0333121,0.0136657,0.0120650),(0.0335227,0.0154839,0.0120650),(0.0333121,0.0136657,0.0120650),(0.0333899,0.0136808,0.0120650),(0.0335227,0.0154839,0.0120650),(0.0333899,0.0136808,0.0120650),(0.0334624,0.0137260,0.0120650),(0.0335227,0.0154839,0.0120650),(0.0334624,0.0137260,0.0120650),(0.0335076,0.0137908,0.0120650),(0.0335227,0.0154839,0.0120650),(0.0335076,0.0137908,0.0120650),(0.0335227,0.0138774,0.0120650),(0.0407046,0.0151960,0.0120650),(0.0407046,0.0175043,0.0120650),(0.0406892,0.0175858,0.0120650),(0.0407046,0.0151960,0.0120650),(0.0406892,0.0175858,0.0120650),(0.0406432,0.0176546,0.0120650),(0.0407046,0.0151960,0.0120650),(0.0406432,0.0176546,0.0120650),(0.0405757,0.0177022,0.0120650),(0.0407096,0.0150836,0.0120650),(0.0407046,0.0151960,0.0120650),(0.0405757,0.0177022,0.0120650),(0.0407096,0.0150836,0.0120650),(0.0405757,0.0177022,0.0120650),(0.0404961,0.0177181,0.0120650),(0.0407096,0.0150836,0.0120650),(0.0404961,0.0177181,0.0120650),(0.0404127,0.0177017,0.0120650),(0.0407096,0.0150836,0.0120650),(0.0404127,0.0177017,0.0120650),(0.0403384,0.0176524,0.0120650),(0.0407096,0.0150836,0.0120650),(0.0403384,0.0176524,0.0120650),(0.0402932,0.0175879,0.0120650),(0.0407096,0.0150836,0.0120650),(0.0402932,0.0175879,0.0120650),(0.0402781,0.0175043,0.0120650),(0.0407096,0.0150836,0.0120650),(0.0402781,0.0175043,0.0120650),(0.0402781,0.0151960,0.0120650),(0.0407096,0.0150836,0.0120650),(0.0402781,0.0151960,0.0120650),(0.0402850,0.0150410,0.0120650),(0.0407096,0.0150836,0.0120650),(0.0402850,0.0150410,0.0120650),(0.0403059,0.0148916,0.0120650),(0.0407096,0.0150836,0.0120650),(0.0403059,0.0148916,0.0120650),(0.0403406,0.0147479,0.0120650),(0.0407096,0.0150836,0.0120650),(0.0403406,0.0147479,0.0120650),(0.0403892,0.0146100,0.0120650),(0.0407096,0.0150836,0.0120650),(0.0403892,0.0146100,0.0120650),(0.0404517,0.0144778,0.0120650),(0.0407096,0.0150836,0.0120650),(0.0404517,0.0144778,0.0120650),(0.0405281,0.0143513,0.0120650),(0.0407096,0.0150836,0.0120650),(0.0405281,0.0143513,0.0120650),(0.0406184,0.0142305,0.0120650),(0.0407096,0.0150836,0.0120650),(0.0406184,0.0142305,0.0120650),(0.0407226,0.0141155,0.0120650),(0.0407096,0.0150836,0.0120650),(0.0407226,0.0141155,0.0120650),(0.0408351,0.0140101,0.0120650),(0.0408351,0.0140101,0.0120650),(0.0409538,0.0139187,0.0120650),(0.0410786,0.0138414,0.0120650),(0.0408351,0.0140101,0.0120650),(0.0410786,0.0138414,0.0120650),(0.0412094,0.0137781,0.0120650),(0.0408351,0.0140101,0.0120650),(0.0412094,0.0137781,0.0120650),(0.0413463,0.0137290,0.0120650),(0.0408351,0.0140101,0.0120650),(0.0413463,0.0137290,0.0120650),(0.0414893,0.0136938,0.0120650),(0.0408351,0.0140101,0.0120650),(0.0414893,0.0136938,0.0120650),(0.0416384,0.0136727,0.0120650),(0.0408351,0.0140101,0.0120650),(0.0416384,0.0136727,0.0120650),(0.0417936,0.0136657,0.0120650),(0.0408351,0.0140101,0.0120650),(0.0417936,0.0136657,0.0120650),(0.0419490,0.0136727,0.0120650),(0.0408351,0.0140101,0.0120650),(0.0419490,0.0136727,0.0120650),(0.0420987,0.0136938,0.0120650),(0.0408351,0.0140101,0.0120650),(0.0420987,0.0136938,0.0120650),(0.0422428,0.0137290,0.0120650),(0.0408351,0.0140101,0.0120650),(0.0422428,0.0137290,0.0120650),(0.0423812,0.0137781,0.0120650),(0.0408351,0.0140101,0.0120650),(0.0423812,0.0137781,0.0120650),(0.0425140,0.0138414,0.0120650),(0.0408351,0.0140101,0.0120650),(0.0425140,0.0138414,0.0120650),(0.0426411,0.0139187,0.0120650),(0.0408351,0.0140101,0.0120650),(0.0426411,0.0139187,0.0120650),(0.0427626,0.0140101,0.0120650),(0.0408351,0.0140101,0.0120650),(0.0427626,0.0140101,0.0120650),(0.0428784,0.0141155,0.0120650),(0.0428784,0.0141155,0.0120650),(0.0429831,0.0142292,0.0120650),(0.0430738,0.0143491,0.0120650),(0.0428784,0.0141155,0.0120650),(0.0430738,0.0143491,0.0120650),(0.0431506,0.0144753,0.0120650),(0.0428784,0.0141155,0.0120650),(0.0431506,0.0144753,0.0120650),(0.0432134,0.0146076,0.0120650),(0.0428784,0.0141155,0.0120650),(0.0432134,0.0146076,0.0120650),(0.0432622,0.0147462,0.0120650),(0.0428784,0.0141155,0.0120650),(0.0432622,0.0147462,0.0120650),(0.0432971,0.0148910,0.0120650),(0.0428784,0.0141155,0.0120650),(0.0432971,0.0148910,0.0120650),(0.0433180,0.0150420,0.0120650),(0.0428784,0.0141155,0.0120650),(0.0433180,0.0150420,0.0120650),(0.0433250,0.0151992,0.0120650),(0.0428784,0.0141155,0.0120650),(0.0433250,0.0151992,0.0120650),(0.0433250,0.0175043,0.0120650),(0.0428784,0.0141155,0.0120650),(0.0433250,0.0175043,0.0120650),(0.0433097,0.0175858,0.0120650),(0.0428784,0.0141155,0.0120650),(0.0433097,0.0175858,0.0120650),(0.0432636,0.0176546,0.0120650),(0.0428784,0.0141155,0.0120650),(0.0432636,0.0176546,0.0120650),(0.0431954,0.0177022,0.0120650),(0.0428784,0.0141155,0.0120650),(0.0431954,0.0177022,0.0120650),(0.0431133,0.0177181,0.0120650),(0.0428784,0.0141155,0.0120650),(0.0431133,0.0177181,0.0120650),(0.0430313,0.0177022,0.0120650),(0.0428784,0.0141155,0.0120650),(0.0430313,0.0177022,0.0120650),(0.0429631,0.0176546,0.0120650),(0.0429631,0.0176546,0.0120650),(0.0429170,0.0175858,0.0120650),(0.0429017,0.0175043,0.0120650),(0.0429631,0.0176546,0.0120650),(0.0429017,0.0175043,0.0120650),(0.0429017,0.0151992,0.0120650),(0.0428784,0.0141155,0.0120650),(0.0429631,0.0176546,0.0120650),(0.0429017,0.0151992,0.0120650),(0.0428784,0.0141155,0.0120650),(0.0429017,0.0151992,0.0120650),(0.0428966,0.0150872,0.0120650),(0.0428784,0.0141155,0.0120650),(0.0428966,0.0150872,0.0120650),(0.0428812,0.0149792,0.0120650),(0.0428784,0.0141155,0.0120650),(0.0428812,0.0149792,0.0120650),(0.0428557,0.0148753,0.0120650),(0.0428784,0.0141155,0.0120650),(0.0428557,0.0148753,0.0120650),(0.0428199,0.0147754,0.0120650),(0.0428784,0.0141155,0.0120650),(0.0428199,0.0147754,0.0120650),(0.0427739,0.0146795,0.0120650),(0.0428784,0.0141155,0.0120650),(0.0427739,0.0146795,0.0120650),(0.0427177,0.0145876,0.0120650),(0.0428784,0.0141155,0.0120650),(0.0427177,0.0145876,0.0120650),(0.0426513,0.0144998,0.0120650),(0.0428784,0.0141155,0.0120650),(0.0426513,0.0144998,0.0120650),(0.0425747,0.0144161,0.0120650),(0.0428784,0.0141155,0.0120650),(0.0425747,0.0144161,0.0120650),(0.0424928,0.0143397,0.0120650),(0.0428784,0.0141155,0.0120650),(0.0424928,0.0143397,0.0120650),(0.0424064,0.0142734,0.0120650),(0.0428784,0.0141155,0.0120650),(0.0424064,0.0142734,0.0120650),(0.0423156,0.0142174,0.0120650),(0.0428784,0.0141155,0.0120650),(0.0423156,0.0142174,0.0120650),(0.0422204,0.0141716,0.0120650),(0.0428784,0.0141155,0.0120650),(0.0422204,0.0141716,0.0120650),(0.0421206,0.0141359,0.0120650),(0.0428784,0.0141155,0.0120650),(0.0421206,0.0141359,0.0120650),(0.0420164,0.0141105,0.0120650),(0.0428784,0.0141155,0.0120650),(0.0420164,0.0141105,0.0120650),(0.0419078,0.0140952,0.0120650),(0.0408351,0.0140101,0.0120650),(0.0428784,0.0141155,0.0120650),(0.0419078,0.0140952,0.0120650),(0.0408351,0.0140101,0.0120650),(0.0419078,0.0140952,0.0120650),(0.0417947,0.0140901,0.0120650),(0.0408351,0.0140101,0.0120650),(0.0417947,0.0140901,0.0120650),(0.0416835,0.0140952,0.0120650),(0.0408351,0.0140101,0.0120650),(0.0416835,0.0140952,0.0120650),(0.0415766,0.0141103,0.0120650),(0.0408351,0.0140101,0.0120650),(0.0415766,0.0141103,0.0120650),(0.0414738,0.0141356,0.0120650),(0.0408351,0.0140101,0.0120650),(0.0414738,0.0141356,0.0120650),(0.0413753,0.0141711,0.0120650),(0.0408351,0.0140101,0.0120650),(0.0413753,0.0141711,0.0120650),(0.0412810,0.0142166,0.0120650),(0.0408351,0.0140101,0.0120650),(0.0412810,0.0142166,0.0120650),(0.0411908,0.0142723,0.0120650),(0.0408351,0.0140101,0.0120650),(0.0411908,0.0142723,0.0120650),(0.0411049,0.0143380,0.0120650),(0.0408351,0.0140101,0.0120650),(0.0411049,0.0143380,0.0120650),(0.0410231,0.0144139,0.0120650),(0.0408351,0.0140101,0.0120650),(0.0410231,0.0144139,0.0120650),(0.0409485,0.0144970,0.0120650),(0.0408351,0.0140101,0.0120650),(0.0409485,0.0144970,0.0120650),(0.0408838,0.0145843,0.0120650),(0.0408351,0.0140101,0.0120650),(0.0408838,0.0145843,0.0120650),(0.0408290,0.0146757,0.0120650),(0.0408351,0.0140101,0.0120650),(0.0408290,0.0146757,0.0120650),(0.0407842,0.0147714,0.0120650),(0.0408351,0.0140101,0.0120650),(0.0407842,0.0147714,0.0120650),(0.0407494,0.0148713,0.0120650),(0.0408351,0.0140101,0.0120650),(0.0407494,0.0148713,0.0120650),(0.0407245,0.0149753,0.0120650),(0.0407096,0.0150836,0.0120650),(0.0408351,0.0140101,0.0120650),(0.0407245,0.0149753,0.0120650),(0.0325022,0.0173447,0.0120650),(0.0325554,0.0175043,0.0120650),(0.0325403,0.0175842,0.0120650),(0.0325022,0.0173447,0.0120650),(0.0325403,0.0175842,0.0120650),(0.0324951,0.0176524,0.0120650),(0.0325022,0.0173447,0.0120650),(0.0324951,0.0176524,0.0120650),(0.0324268,0.0177017,0.0120650),(0.0325022,0.0173447,0.0120650),(0.0324268,0.0177017,0.0120650),(0.0323427,0.0177181,0.0120650),(0.0325022,0.0173447,0.0120650),(0.0323427,0.0177181,0.0120650),(0.0297223,0.0177181,0.0120650),(0.0325022,0.0173447,0.0120650),(0.0297223,0.0177181,0.0120650),(0.0296291,0.0176977,0.0120650),(0.0325022,0.0173447,0.0120650),(0.0296291,0.0176977,0.0120650),(0.0295550,0.0176366,0.0120650),(0.0325022,0.0173447,0.0120650),(0.0295550,0.0176366,0.0120650),(0.0295085,0.0175043,0.0120650),(0.0325022,0.0173447,0.0120650),(0.0295085,0.0175043,0.0120650),(0.0295085,0.0174884,0.0120650),(0.0325022,0.0173447,0.0120650),(0.0295085,0.0174884,0.0120650),(0.0295688,0.0173593,0.0120650),(0.0325022,0.0173447,0.0120650),(0.0295688,0.0173593,0.0120650),(0.0296400,0.0173085,0.0120650),(0.0325022,0.0173447,0.0120650),(0.0296400,0.0173085,0.0120650),(0.0297223,0.0172915,0.0120650),(0.0325022,0.0173447,0.0120650),(0.0297223,0.0172915,0.0120650),(0.0308219,0.0172915,0.0120650),(0.0308219,0.0172915,0.0120650),(0.0308219,0.0138774,0.0120650),(0.0308372,0.0137953,0.0120650),(0.0308219,0.0172915,0.0120650),(0.0308372,0.0137953,0.0120650),(0.0308832,0.0137271,0.0120650),(0.0308219,0.0172915,0.0120650),(0.0308832,0.0137271,0.0120650),(0.0309515,0.0136810,0.0120650),(0.0308219,0.0172915,0.0120650),(0.0309515,0.0136810,0.0120650),(0.0310335,0.0136657,0.0120650),(0.0308219,0.0172915,0.0120650),(0.0310335,0.0136657,0.0120650),(0.0311155,0.0136810,0.0120650),(0.0308219,0.0172915,0.0120650),(0.0311155,0.0136810,0.0120650),(0.0311838,0.0137271,0.0120650),(0.0308219,0.0172915,0.0120650),(0.0311838,0.0137271,0.0120650),(0.0312298,0.0137953,0.0120650),(0.0308219,0.0172915,0.0120650),(0.0312298,0.0137953,0.0120650),(0.0312452,0.0138774,0.0120650),(0.0308219,0.0172915,0.0120650),(0.0312452,0.0138774,0.0120650),(0.0312452,0.0172915,0.0120650),(0.0325022,0.0173447,0.0120650),(0.0308219,0.0172915,0.0120650),(0.0312452,0.0172915,0.0120650),(0.0325022,0.0173447,0.0120650),(0.0312452,0.0172915,0.0120650),(0.0323427,0.0172915,0.0120650),(0.0325022,0.0173447,0.0120650),(0.0323427,0.0172915,0.0120650),(0.0324358,0.0173048,0.0120650),(0.0137018,0.0196838,0.0120650),(0.0137988,0.0196431,0.0120650),(0.0138968,0.0196079,0.0120650),(0.0137018,0.0196838,0.0120650),(0.0138968,0.0196079,0.0120650),(0.0139958,0.0195780,0.0120650),(0.0137018,0.0196838,0.0120650),(0.0139958,0.0195780,0.0120650),(0.0140958,0.0195536,0.0120650),(0.0137018,0.0196838,0.0120650),(0.0140958,0.0195536,0.0120650),(0.0141966,0.0195347,0.0120650),(0.0137018,0.0196838,0.0120650),(0.0141966,0.0195347,0.0120650),(0.0142985,0.0195211,0.0120650),(0.0137018,0.0196838,0.0120650),(0.0142985,0.0195211,0.0120650),(0.0144013,0.0195130,0.0120650),(0.0137018,0.0196838,0.0120650),(0.0144013,0.0195130,0.0120650),(0.0145051,0.0195102,0.0120650),(0.0137018,0.0196838,0.0120650),(0.0145051,0.0195102,0.0120650),(0.0146408,0.0195146,0.0120650),(0.0137018,0.0196838,0.0120650),(0.0146408,0.0195146,0.0120650),(0.0147741,0.0195275,0.0120650),(0.0137018,0.0196838,0.0120650),(0.0147741,0.0195275,0.0120650),(0.0149048,0.0195491,0.0120650),(0.0137018,0.0196838,0.0120650),(0.0149048,0.0195491,0.0120650),(0.0150329,0.0195793,0.0120650),(0.0137018,0.0196838,0.0120650),(0.0150329,0.0195793,0.0120650),(0.0151585,0.0196181,0.0120650),(0.0137018,0.0196838,0.0120650),(0.0151585,0.0196181,0.0120650),(0.0152815,0.0196656,0.0120650),(0.0137018,0.0196838,0.0120650),(0.0152815,0.0196656,0.0120650),(0.0154020,0.0197217,0.0120650),(0.0137018,0.0196838,0.0120650),(0.0154020,0.0197217,0.0120650),(0.0155200,0.0197865,0.0120650),(0.0137018,0.0196838,0.0120650),(0.0155200,0.0197865,0.0120650),(0.0156336,0.0198589,0.0120650),(0.0137018,0.0196838,0.0120650),(0.0156336,0.0198589,0.0120650),(0.0157409,0.0199374,0.0120650),(0.0137018,0.0196838,0.0120650),(0.0157409,0.0199374,0.0120650),(0.0158421,0.0200221,0.0120650),(0.0137018,0.0196838,0.0120650),(0.0158421,0.0200221,0.0120650),(0.0159370,0.0201130,0.0120650),(0.0137018,0.0196838,0.0120650),(0.0159370,0.0201130,0.0120650),(0.0160257,0.0202100,0.0120650),(0.0160257,0.0202100,0.0120650),(0.0161082,0.0203131,0.0120650),(0.0161844,0.0204224,0.0120650),(0.0160257,0.0202100,0.0120650),(0.0161844,0.0204224,0.0120650),(0.0162545,0.0205379,0.0120650),(0.0160257,0.0202100,0.0120650),(0.0162545,0.0205379,0.0120650),(0.0163175,0.0206577,0.0120650),(0.0160257,0.0202100,0.0120650),(0.0163175,0.0206577,0.0120650),(0.0163721,0.0207799,0.0120650),(0.0160257,0.0202100,0.0120650),(0.0163721,0.0207799,0.0120650),(0.0164183,0.0209046,0.0120650),(0.0160257,0.0202100,0.0120650),(0.0164183,0.0209046,0.0120650),(0.0164561,0.0210319,0.0120650),(0.0160257,0.0202100,0.0120650),(0.0164561,0.0210319,0.0120650),(0.0164855,0.0211616,0.0120650),(0.0160257,0.0202100,0.0120650),(0.0164855,0.0211616,0.0120650),(0.0165065,0.0212937,0.0120650),(0.0160257,0.0202100,0.0120650),(0.0165065,0.0212937,0.0120650),(0.0165191,0.0214284,0.0120650),(0.0160257,0.0202100,0.0120650),(0.0165191,0.0214284,0.0120650),(0.0165233,0.0215655,0.0120650),(0.0160257,0.0202100,0.0120650),(0.0165233,0.0215655,0.0120650),(0.0165191,0.0216972,0.0120650),(0.0160257,0.0202100,0.0120650),(0.0165191,0.0216972,0.0120650),(0.0165065,0.0218280,0.0120650),(0.0160257,0.0202100,0.0120650),(0.0165065,0.0218280,0.0120650),(0.0164855,0.0219580,0.0120650),(0.0160257,0.0202100,0.0120650),(0.0164855,0.0219580,0.0120650),(0.0164561,0.0220873,0.0120650),(0.0160257,0.0202100,0.0120650),(0.0164561,0.0220873,0.0120650),(0.0164183,0.0222157,0.0120650),(0.0160257,0.0202100,0.0120650),(0.0164183,0.0222157,0.0120650),(0.0163721,0.0223434,0.0120650),(0.0163721,0.0223434,0.0120650),(0.0159803,0.0222019,0.0120650),(0.0160169,0.0221040,0.0120650),(0.0163721,0.0223434,0.0120650),(0.0160169,0.0221040,0.0120650),(0.0160468,0.0220029,0.0120650),(0.0163721,0.0223434,0.0120650),(0.0160468,0.0220029,0.0120650),(0.0160701,0.0218985,0.0120650),(0.0163721,0.0223434,0.0120650),(0.0160701,0.0218985,0.0120650),(0.0160867,0.0217908,0.0120650),(0.0163721,0.0223434,0.0120650),(0.0160867,0.0217908,0.0120650),(0.0160966,0.0216798,0.0120650),(0.0163721,0.0223434,0.0120650),(0.0160966,0.0216798,0.0120650),(0.0161000,0.0215655,0.0120650),(0.0163721,0.0223434,0.0120650),(0.0161000,0.0215655,0.0120650),(0.0160966,0.0214555,0.0120650),(0.0160257,0.0202100,0.0120650),(0.0163721,0.0223434,0.0120650),(0.0160966,0.0214555,0.0120650),(0.0160257,0.0202100,0.0120650),(0.0160966,0.0214555,0.0120650),(0.0160865,0.0213476,0.0120650),(0.0160257,0.0202100,0.0120650),(0.0160865,0.0213476,0.0120650),(0.0160698,0.0212420,0.0120650),(0.0160257,0.0202100,0.0120650),(0.0160698,0.0212420,0.0120650),(0.0160463,0.0211385,0.0120650),(0.0160257,0.0202100,0.0120650),(0.0160463,0.0211385,0.0120650),(0.0160160,0.0210372,0.0120650),(0.0160257,0.0202100,0.0120650),(0.0160160,0.0210372,0.0120650),(0.0159791,0.0209381,0.0120650),(0.0160257,0.0202100,0.0120650),(0.0159791,0.0209381,0.0120650),(0.0159355,0.0208411,0.0120650),(0.0160257,0.0202100,0.0120650),(0.0159355,0.0208411,0.0120650),(0.0158851,0.0207464,0.0120650),(0.0160257,0.0202100,0.0120650),(0.0158851,0.0207464,0.0120650),(0.0158293,0.0206552,0.0120650),(0.0160257,0.0202100,0.0120650),(0.0158293,0.0206552,0.0120650),(0.0157686,0.0205688,0.0120650),(0.0160257,0.0202100,0.0120650),(0.0157686,0.0205688,0.0120650),(0.0157032,0.0204874,0.0120650),(0.0160257,0.0202100,0.0120650),(0.0157032,0.0204874,0.0120650),(0.0156330,0.0204109,0.0120650),(0.0160257,0.0202100,0.0120650),(0.0156330,0.0204109,0.0120650),(0.0155580,0.0203392,0.0120650),(0.0160257,0.0202100,0.0120650),(0.0155580,0.0203392,0.0120650),(0.0154781,0.0202725,0.0120650),(0.0160257,0.0202100,0.0120650),(0.0154781,0.0202725,0.0120650),(0.0153935,0.0202107,0.0120650),(0.0160257,0.0202100,0.0120650),(0.0153935,0.0202107,0.0120650),(0.0153041,0.0201537,0.0120650),(0.0160257,0.0202100,0.0120650),(0.0153041,0.0201537,0.0120650),(0.0152115,0.0201026,0.0120650),(0.0160257,0.0202100,0.0120650),(0.0152115,0.0201026,0.0120650),(0.0151168,0.0200583,0.0120650),(0.0160257,0.0202100,0.0120650),(0.0151168,0.0200583,0.0120650),(0.0150201,0.0200209,0.0120650),(0.0160257,0.0202100,0.0120650),(0.0150201,0.0200209,0.0120650),(0.0149213,0.0199902,0.0120650),(0.0137018,0.0196838,0.0120650),(0.0160257,0.0202100,0.0120650),(0.0149213,0.0199902,0.0120650),(0.0137018,0.0196838,0.0120650),(0.0149213,0.0199902,0.0120650),(0.0148203,0.0199664,0.0120650),(0.0137018,0.0196838,0.0120650),(0.0148203,0.0199664,0.0120650),(0.0147173,0.0199493,0.0120650),(0.0137018,0.0196838,0.0120650),(0.0147173,0.0199493,0.0120650),(0.0146122,0.0199391,0.0120650),(0.0137018,0.0196838,0.0120650),(0.0146122,0.0199391,0.0120650),(0.0145051,0.0199357,0.0120650),(0.0137018,0.0196838,0.0120650),(0.0145051,0.0199357,0.0120650),(0.0143515,0.0199428,0.0120650),(0.0137018,0.0196838,0.0120650),(0.0143515,0.0199428,0.0120650),(0.0142018,0.0199640,0.0120650),(0.0137018,0.0196838,0.0120650),(0.0142018,0.0199640,0.0120650),(0.0140562,0.0199994,0.0120650),(0.0137018,0.0196838,0.0120650),(0.0140562,0.0199994,0.0120650),(0.0139145,0.0200489,0.0120650),(0.0137018,0.0196838,0.0120650),(0.0139145,0.0200489,0.0120650),(0.0155115,0.0228324,0.0120650),(0.0131409,0.0187091,0.0120650),(0.0137018,0.0196838,0.0120650),(0.0155115,0.0228324,0.0120650),(0.0159371,0.0222965,0.0120650),(0.0159803,0.0222019,0.0120650),(0.0163721,0.0223434,0.0120650),(0.0158872,0.0223879,0.0120650),(0.0159371,0.0222965,0.0120650),(0.0163721,0.0223434,0.0120650),(0.0158193,0.0224918,0.0120650),(0.0158872,0.0223879,0.0120650),(0.0163721,0.0223434,0.0120650),(0.0157341,0.0226006,0.0120650),(0.0158193,0.0224918,0.0120650),(0.0163721,0.0223434,0.0120650),(0.0156849,0.0226567,0.0120650),(0.0157341,0.0226006,0.0120650),(0.0163721,0.0223434,0.0120650),(0.0156315,0.0227141,0.0120650),(0.0156849,0.0226567,0.0120650),(0.0163721,0.0223434,0.0120650),(0.0155737,0.0227726,0.0120650),(0.0156315,0.0227141,0.0120650),(0.0163721,0.0223434,0.0120650),(0.0155115,0.0228324,0.0120650),(0.0155737,0.0227726,0.0120650),(0.0163721,0.0223434,0.0120650),(0.0155115,0.0228324,0.0120650),(0.0163721,0.0223434,0.0120650),(0.0163175,0.0224703,0.0120650),(0.0155115,0.0228324,0.0120650),(0.0163175,0.0224703,0.0120650),(0.0162545,0.0225963,0.0120650),(0.0155115,0.0228324,0.0120650),(0.0162545,0.0225963,0.0120650),(0.0162043,0.0226831,0.0120650),(0.0155115,0.0228324,0.0120650),(0.0162043,0.0226831,0.0120650),(0.0161495,0.0227665,0.0120650),(0.0155115,0.0228324,0.0120650),(0.0161495,0.0227665,0.0120650),(0.0160901,0.0228466,0.0120650),(0.0155115,0.0228324,0.0120650),(0.0160901,0.0228466,0.0120650),(0.0160262,0.0229234,0.0120650),(0.0155115,0.0228324,0.0120650),(0.0160262,0.0229234,0.0120650),(0.0159576,0.0229969,0.0120650),(0.0155115,0.0228324,0.0120650),(0.0159576,0.0229969,0.0120650),(0.0158844,0.0230670,0.0120650),(0.0155115,0.0228324,0.0120650),(0.0158844,0.0230670,0.0120650),(0.0158066,0.0231339,0.0120650),(0.0155115,0.0228324,0.0120650),(0.0158066,0.0231339,0.0120650),(0.0157243,0.0231975,0.0120650),(0.0155115,0.0228324,0.0120650),(0.0157243,0.0231975,0.0120650),(0.0162661,0.0241500,0.0120650),(0.0131409,0.0187091,0.0120650),(0.0155115,0.0228324,0.0120650),(0.0162661,0.0241500,0.0120650),(0.0131409,0.0187091,0.0120650),(0.0162661,0.0241500,0.0120650),(0.0162947,0.0242537,0.0120650),(0.0131409,0.0187091,0.0120650),(0.0162947,0.0242537,0.0120650),(0.0162873,0.0243140,0.0120650),(0.0131409,0.0187091,0.0120650),(0.0162873,0.0243140,0.0120650),(0.0162487,0.0243892,0.0120650),(0.0131409,0.0187091,0.0120650),(0.0162487,0.0243892,0.0120650),(0.0161836,0.0244431,0.0120650),(0.0131409,0.0187091,0.0120650),(0.0161836,0.0244431,0.0120650),(0.0160809,0.0244738,0.0120650),(0.0131409,0.0187091,0.0120650),(0.0160809,0.0244738,0.0120650),(0.0160206,0.0244664,0.0120650),(0.0131409,0.0187091,0.0120650),(0.0160206,0.0244664,0.0120650),(0.0159449,0.0244278,0.0120650),(0.0131409,0.0187091,0.0120650),(0.0159449,0.0244278,0.0120650),(0.0158894,0.0243627,0.0120650),(0.0131409,0.0187091,0.0120650),(0.0158894,0.0243627,0.0120650),(0.0153538,0.0234345,0.0120650),(0.0153538,0.0234345,0.0120650),(0.0152532,0.0234789,0.0120650),(0.0151493,0.0235174,0.0120650),(0.0153538,0.0234345,0.0120650),(0.0151493,0.0235174,0.0120650),(0.0150421,0.0235500,0.0120650),(0.0153538,0.0234345,0.0120650),(0.0150421,0.0235500,0.0120650),(0.0149316,0.0235766,0.0120650),(0.0153538,0.0234345,0.0120650),(0.0149316,0.0235766,0.0120650),(0.0148177,0.0235973,0.0120650),(0.0153538,0.0234345,0.0120650),(0.0148177,0.0235973,0.0120650),(0.0147006,0.0236121,0.0120650),(0.0153538,0.0234345,0.0120650),(0.0147006,0.0236121,0.0120650),(0.0145801,0.0236210,0.0120650),(0.0153538,0.0234345,0.0120650),(0.0145801,0.0236210,0.0120650),(0.0144564,0.0236240,0.0120650),(0.0153538,0.0234345,0.0120650),(0.0144564,0.0236240,0.0120650),(0.0143318,0.0236197,0.0120650),(0.0153538,0.0234345,0.0120650),(0.0143318,0.0236197,0.0120650),(0.0142083,0.0236067,0.0120650),(0.0153538,0.0234345,0.0120650),(0.0142083,0.0236067,0.0120650),(0.0140858,0.0235850,0.0120650),(0.0153538,0.0234345,0.0120650),(0.0140858,0.0235850,0.0120650),(0.0139645,0.0235547,0.0120650),(0.0153538,0.0234345,0.0120650),(0.0139645,0.0235547,0.0120650),(0.0138443,0.0235157,0.0120650),(0.0153538,0.0234345,0.0120650),(0.0138443,0.0235157,0.0120650),(0.0137251,0.0234680,0.0120650),(0.0153538,0.0234345,0.0120650),(0.0137251,0.0234680,0.0120650),(0.0136071,0.0234117,0.0120650),(0.0153538,0.0234345,0.0120650),(0.0136071,0.0234117,0.0120650),(0.0134901,0.0233467,0.0120650),(0.0153538,0.0234345,0.0120650),(0.0134901,0.0233467,0.0120650),(0.0133770,0.0232745,0.0120650),(0.0153538,0.0234345,0.0120650),(0.0133770,0.0232745,0.0120650),(0.0132700,0.0231962,0.0120650),(0.0153538,0.0234345,0.0120650),(0.0132700,0.0231962,0.0120650),(0.0131690,0.0231116,0.0120650),(0.0153538,0.0234345,0.0120650),(0.0131690,0.0231116,0.0120650),(0.0130742,0.0230207,0.0120650),(0.0153538,0.0234345,0.0120650),(0.0130742,0.0230207,0.0120650),(0.0129854,0.0229237,0.0120650),(0.0129854,0.0229237,0.0120650),(0.0129027,0.0228204,0.0120650),(0.0128261,0.0227110,0.0120650),(0.0129854,0.0229237,0.0120650),(0.0128261,0.0227110,0.0120650),(0.0127556,0.0225953,0.0120650),(0.0129854,0.0229237,0.0120650),(0.0127556,0.0225953,0.0120650),(0.0126924,0.0224755,0.0120650),(0.0129854,0.0229237,0.0120650),(0.0126924,0.0224755,0.0120650),(0.0126376,0.0223531,0.0120650),(0.0129854,0.0229237,0.0120650),(0.0126376,0.0223531,0.0120650),(0.0125912,0.0222282,0.0120650),(0.0129854,0.0229237,0.0120650),(0.0125912,0.0222282,0.0120650),(0.0125532,0.0221008,0.0120650),(0.0129854,0.0229237,0.0120650),(0.0125532,0.0221008,0.0120650),(0.0125237,0.0219708,0.0120650),(0.0129854,0.0229237,0.0120650),(0.0125237,0.0219708,0.0120650),(0.0125026,0.0218382,0.0120650),(0.0129854,0.0229237,0.0120650),(0.0125026,0.0218382,0.0120650),(0.0124900,0.0217032,0.0120650),(0.0129854,0.0229237,0.0120650),(0.0124900,0.0217032,0.0120650),(0.0124858,0.0215655,0.0120650),(0.0129854,0.0229237,0.0120650),(0.0124858,0.0215655,0.0120650),(0.0124900,0.0214275,0.0120650),(0.0129854,0.0229237,0.0120650),(0.0124900,0.0214275,0.0120650),(0.0125026,0.0212921,0.0120650),(0.0129854,0.0229237,0.0120650),(0.0125026,0.0212921,0.0120650),(0.0125236,0.0211596,0.0120650),(0.0129854,0.0229237,0.0120650),(0.0125236,0.0211596,0.0120650),(0.0125530,0.0210297,0.0120650),(0.0129854,0.0229237,0.0120650),(0.0125530,0.0210297,0.0120650),(0.0125908,0.0209027,0.0120650),(0.0129854,0.0229237,0.0120650),(0.0125908,0.0209027,0.0120650),(0.0126370,0.0207783,0.0120650),(0.0129854,0.0229237,0.0120650),(0.0126370,0.0207783,0.0120650),(0.0126916,0.0206567,0.0120650),(0.0129854,0.0229237,0.0120650),(0.0126916,0.0206567,0.0120650),(0.0127546,0.0205379,0.0120650),(0.0127546,0.0205379,0.0120650),(0.0131229,0.0207464,0.0120650),(0.0130735,0.0208411,0.0120650),(0.0127546,0.0205379,0.0120650),(0.0130735,0.0208411,0.0120650),(0.0130307,0.0209380,0.0120650),(0.0127546,0.0205379,0.0120650),(0.0130307,0.0209380,0.0120650),(0.0129945,0.0210370,0.0120650),(0.0127546,0.0205379,0.0120650),(0.0129945,0.0210370,0.0120650),(0.0129649,0.0211382,0.0120650),(0.0127546,0.0205379,0.0120650),(0.0129649,0.0211382,0.0120650),(0.0129419,0.0212416,0.0120650),(0.0127546,0.0205379,0.0120650),(0.0129419,0.0212416,0.0120650),(0.0129254,0.0213470,0.0120650),(0.0127546,0.0205379,0.0120650),(0.0129254,0.0213470,0.0120650),(0.0129156,0.0214547,0.0120650),(0.0127546,0.0205379,0.0120650),(0.0129156,0.0214547,0.0120650),(0.0129123,0.0215645,0.0120650),(0.0127546,0.0205379,0.0120650),(0.0129123,0.0215645,0.0120650),(0.0129156,0.0216743,0.0120650),(0.0129854,0.0229237,0.0120650),(0.0127546,0.0205379,0.0120650),(0.0129156,0.0216743,0.0120650),(0.0129854,0.0229237,0.0120650),(0.0129156,0.0216743,0.0120650),(0.0129256,0.0217820,0.0120650),(0.0129854,0.0229237,0.0120650),(0.0129256,0.0217820,0.0120650),(0.0129423,0.0218877,0.0120650),(0.0129854,0.0229237,0.0120650),(0.0129423,0.0218877,0.0120650),(0.0129657,0.0219912,0.0120650),(0.0129854,0.0229237,0.0120650),(0.0129657,0.0219912,0.0120650),(0.0129958,0.0220927,0.0120650),(0.0129854,0.0229237,0.0120650),(0.0129958,0.0220927,0.0120650),(0.0130325,0.0221921,0.0120650),(0.0129854,0.0229237,0.0120650),(0.0130325,0.0221921,0.0120650),(0.0130759,0.0222894,0.0120650),(0.0129854,0.0229237,0.0120650),(0.0130759,0.0222894,0.0120650),(0.0131261,0.0223847,0.0120650),(0.0129854,0.0229237,0.0120650),(0.0131261,0.0223847,0.0120650),(0.0131819,0.0224766,0.0120650),(0.0129854,0.0229237,0.0120650),(0.0131819,0.0224766,0.0120650),(0.0132425,0.0225635,0.0120650),(0.0129854,0.0229237,0.0120650),(0.0132425,0.0225635,0.0120650),(0.0133080,0.0226454,0.0120650),(0.0129854,0.0229237,0.0120650),(0.0133080,0.0226454,0.0120650),(0.0133782,0.0227223,0.0120650),(0.0129854,0.0229237,0.0120650),(0.0133782,0.0227223,0.0120650),(0.0134532,0.0227941,0.0120650),(0.0129854,0.0229237,0.0120650),(0.0134532,0.0227941,0.0120650),(0.0135330,0.0228609,0.0120650),(0.0129854,0.0229237,0.0120650),(0.0135330,0.0228609,0.0120650),(0.0136177,0.0229227,0.0120650),(0.0129854,0.0229237,0.0120650),(0.0136177,0.0229227,0.0120650),(0.0137071,0.0229795,0.0120650),(0.0129854,0.0229237,0.0120650),(0.0137071,0.0229795,0.0120650),(0.0137992,0.0230306,0.0120650),(0.0129854,0.0229237,0.0120650),(0.0137992,0.0230306,0.0120650),(0.0138918,0.0230748,0.0120650),(0.0129854,0.0229237,0.0120650),(0.0138918,0.0230748,0.0120650),(0.0139849,0.0231123,0.0120650),(0.0129854,0.0229237,0.0120650),(0.0139849,0.0231123,0.0120650),(0.0140786,0.0231430,0.0120650),(0.0129854,0.0229237,0.0120650),(0.0140786,0.0231430,0.0120650),(0.0141727,0.0231668,0.0120650),(0.0153538,0.0234345,0.0120650),(0.0129854,0.0229237,0.0120650),(0.0141727,0.0231668,0.0120650),(0.0153538,0.0234345,0.0120650),(0.0141727,0.0231668,0.0120650),(0.0142675,0.0231839,0.0120650),(0.0153538,0.0234345,0.0120650),(0.0142675,0.0231839,0.0120650),(0.0143627,0.0231941,0.0120650),(0.0153538,0.0234345,0.0120650),(0.0143627,0.0231941,0.0120650),(0.0144585,0.0231975,0.0120650),(0.0153538,0.0234345,0.0120650),(0.0144585,0.0231975,0.0120650),(0.0144648,0.0231975,0.0120650),(0.0153538,0.0234345,0.0120650),(0.0144648,0.0231975,0.0120650),(0.0145586,0.0231954,0.0120650),(0.0153538,0.0234345,0.0120650),(0.0145586,0.0231954,0.0120650),(0.0146497,0.0231891,0.0120650),(0.0153538,0.0234345,0.0120650),(0.0146497,0.0231891,0.0120650),(0.0147383,0.0231787,0.0120650),(0.0153538,0.0234345,0.0120650),(0.0147383,0.0231787,0.0120650),(0.0148244,0.0231641,0.0120650),(0.0153538,0.0234345,0.0120650),(0.0148244,0.0231641,0.0120650),(0.0149079,0.0231454,0.0120650),(0.0153538,0.0234345,0.0120650),(0.0149079,0.0231454,0.0120650),(0.0149889,0.0231225,0.0120650),(0.0153538,0.0234345,0.0120650),(0.0149889,0.0231225,0.0120650),(0.0150673,0.0230954,0.0120650),(0.0153538,0.0234345,0.0120650),(0.0150673,0.0230954,0.0120650),(0.0151432,0.0230641,0.0120650),(0.0131409,0.0187091,0.0120650),(0.0153538,0.0234345,0.0120650),(0.0151432,0.0230641,0.0120650),(0.0131409,0.0187091,0.0120650),(0.0151432,0.0230641,0.0120650),(0.0135388,0.0202691,0.0120650),(0.0131409,0.0187091,0.0120650),(0.0135388,0.0202691,0.0120650),(0.0134184,0.0203719,0.0120650),(0.0131653,0.0206771,0.0120650),(0.0131229,0.0207464,0.0120650),(0.0127546,0.0205379,0.0120650),(0.0132104,0.0206106,0.0120650),(0.0131653,0.0206771,0.0120650),(0.0127546,0.0205379,0.0120650),(0.0133089,0.0204858,0.0120650),(0.0132104,0.0206106,0.0120650),(0.0127546,0.0205379,0.0120650),(0.0134184,0.0203719,0.0120650),(0.0133089,0.0204858,0.0120650),(0.0127546,0.0205379,0.0120650),(0.0134184,0.0203719,0.0120650),(0.0127546,0.0205379,0.0120650),(0.0128125,0.0204428,0.0120650),(0.0134184,0.0203719,0.0120650),(0.0128125,0.0204428,0.0120650),(0.0128742,0.0203519,0.0120650),(0.0134184,0.0203719,0.0120650),(0.0128742,0.0203519,0.0120650),(0.0129395,0.0202650,0.0120650),(0.0134184,0.0203719,0.0120650),(0.0129395,0.0202650,0.0120650),(0.0130086,0.0201823,0.0120650),(0.0134184,0.0203719,0.0120650),(0.0130086,0.0201823,0.0120650),(0.0130813,0.0201036,0.0120650),(0.0134184,0.0203719,0.0120650),(0.0130813,0.0201036,0.0120650),(0.0131578,0.0200291,0.0120650),(0.0134184,0.0203719,0.0120650),(0.0131578,0.0200291,0.0120650),(0.0132380,0.0199586,0.0120650),(0.0134184,0.0203719,0.0120650),(0.0132380,0.0199586,0.0120650),(0.0133218,0.0198923,0.0120650),(0.0131409,0.0187091,0.0120650),(0.0134184,0.0203719,0.0120650),(0.0133218,0.0198923,0.0120650),(0.0131409,0.0187091,0.0120650),(0.0133218,0.0198923,0.0120650),(0.0127662,0.0189218,0.0120650),(0.0131409,0.0187091,0.0120650),(0.0127662,0.0189218,0.0120650),(0.0127387,0.0188202,0.0120650),(0.0131409,0.0187091,0.0120650),(0.0127387,0.0188202,0.0120650),(0.0127451,0.0187599,0.0120650),(0.0131409,0.0187091,0.0120650),(0.0127451,0.0187599,0.0120650),(0.0127842,0.0186829,0.0120650),(0.0131409,0.0187091,0.0120650),(0.0127842,0.0186829,0.0120650),(0.0128467,0.0186276,0.0120650),(0.0131409,0.0187091,0.0120650),(0.0128467,0.0186276,0.0120650),(0.0129514,0.0186001,0.0120650),(0.0131409,0.0187091,0.0120650),(0.0129514,0.0186001,0.0120650),(0.0130118,0.0186075,0.0120650),(0.0131409,0.0187091,0.0120650),(0.0130118,0.0186075,0.0120650),(0.0130842,0.0186429,0.0120650),(0.0191035,0.0206182,0.0120650),(0.0191088,0.0207506,0.0120650),(0.0191088,0.0224408,0.0120650),(0.0191035,0.0206182,0.0120650),(0.0191088,0.0224408,0.0120650),(0.0191035,0.0225714,0.0120650),(0.0191035,0.0206182,0.0120650),(0.0191035,0.0225714,0.0120650),(0.0190876,0.0226960,0.0120650),(0.0191035,0.0206182,0.0120650),(0.0190876,0.0226960,0.0120650),(0.0190610,0.0228147,0.0120650),(0.0191035,0.0206182,0.0120650),(0.0190610,0.0228147,0.0120650),(0.0190239,0.0229273,0.0120650),(0.0191035,0.0206182,0.0120650),(0.0190239,0.0229273,0.0120650),(0.0189761,0.0230340,0.0120650),(0.0191035,0.0206182,0.0120650),(0.0189761,0.0230340,0.0120650),(0.0189177,0.0231347,0.0120650),(0.0191035,0.0206182,0.0120650),(0.0189177,0.0231347,0.0120650),(0.0188487,0.0232294,0.0120650),(0.0191035,0.0206182,0.0120650),(0.0188487,0.0232294,0.0120650),(0.0187691,0.0233181,0.0120650),(0.0191035,0.0206182,0.0120650),(0.0187691,0.0233181,0.0120650),(0.0186924,0.0233898,0.0120650),(0.0191035,0.0206182,0.0120650),(0.0186924,0.0233898,0.0120650),(0.0186127,0.0234519,0.0120650),(0.0191035,0.0206182,0.0120650),(0.0186127,0.0234519,0.0120650),(0.0185298,0.0235045,0.0120650),(0.0185298,0.0235045,0.0120650),(0.0184439,0.0235475,0.0120650),(0.0183549,0.0235810,0.0120650),(0.0185298,0.0235045,0.0120650),(0.0183549,0.0235810,0.0120650),(0.0182629,0.0236049,0.0120650),(0.0185298,0.0235045,0.0120650),(0.0182629,0.0236049,0.0120650),(0.0181677,0.0236192,0.0120650),(0.0185298,0.0235045,0.0120650),(0.0181677,0.0236192,0.0120650),(0.0180695,0.0236240,0.0120650),(0.0185298,0.0235045,0.0120650),(0.0180695,0.0236240,0.0120650),(0.0179724,0.0236192,0.0120650),(0.0185298,0.0235045,0.0120650),(0.0179724,0.0236192,0.0120650),(0.0178780,0.0236049,0.0120650),(0.0185298,0.0235045,0.0120650),(0.0178780,0.0236049,0.0120650),(0.0177863,0.0235810,0.0120650),(0.0185298,0.0235045,0.0120650),(0.0177863,0.0235810,0.0120650),(0.0176973,0.0235475,0.0120650),(0.0185298,0.0235045,0.0120650),(0.0176973,0.0235475,0.0120650),(0.0176109,0.0235045,0.0120650),(0.0185298,0.0235045,0.0120650),(0.0176109,0.0235045,0.0120650),(0.0175272,0.0234519,0.0120650),(0.0185298,0.0235045,0.0120650),(0.0175272,0.0234519,0.0120650),(0.0174462,0.0233898,0.0120650),(0.0185298,0.0235045,0.0120650),(0.0174462,0.0233898,0.0120650),(0.0173679,0.0233181,0.0120650),(0.0185298,0.0235045,0.0120650),(0.0173679,0.0233181,0.0120650),(0.0172882,0.0232311,0.0120650),(0.0185298,0.0235045,0.0120650),(0.0172882,0.0232311,0.0120650),(0.0172192,0.0231379,0.0120650),(0.0185298,0.0235045,0.0120650),(0.0172192,0.0231379,0.0120650),(0.0171608,0.0230385,0.0120650),(0.0185298,0.0235045,0.0120650),(0.0171608,0.0230385,0.0120650),(0.0171131,0.0229329,0.0120650),(0.0185298,0.0235045,0.0120650),(0.0171131,0.0229329,0.0120650),(0.0170759,0.0228210,0.0120650),(0.0170759,0.0228210,0.0120650),(0.0170494,0.0227030,0.0120650),(0.0170334,0.0225787,0.0120650),(0.0170759,0.0228210,0.0120650),(0.0170334,0.0225787,0.0120650),(0.0170281,0.0224482,0.0120650),(0.0170759,0.0228210,0.0120650),(0.0170281,0.0224482,0.0120650),(0.0170281,0.0224408,0.0120650),(0.0170759,0.0228210,0.0120650),(0.0170281,0.0224408,0.0120650),(0.0170281,0.0207464,0.0120650),(0.0170759,0.0228210,0.0120650),(0.0170281,0.0207464,0.0120650),(0.0170334,0.0206151,0.0120650),(0.0170759,0.0228210,0.0120650),(0.0170334,0.0206151,0.0120650),(0.0170494,0.0204899,0.0120650),(0.0170759,0.0228210,0.0120650),(0.0170494,0.0204899,0.0120650),(0.0170759,0.0203710,0.0120650),(0.0170759,0.0228210,0.0120650),(0.0170759,0.0203710,0.0120650),(0.0171131,0.0202582,0.0120650),(0.0170759,0.0228210,0.0120650),(0.0171131,0.0202582,0.0120650),(0.0171608,0.0201516,0.0120650),(0.0170759,0.0228210,0.0120650),(0.0171608,0.0201516,0.0120650),(0.0172192,0.0200513,0.0120650),(0.0170759,0.0228210,0.0120650),(0.0172192,0.0200513,0.0120650),(0.0172882,0.0199570,0.0120650),(0.0170759,0.0228210,0.0120650),(0.0172882,0.0199570,0.0120650),(0.0173679,0.0198690,0.0120650),(0.0173679,0.0198690,0.0120650),(0.0176716,0.0201654,0.0120650),(0.0175776,0.0202817,0.0120650),(0.0173679,0.0198690,0.0120650),(0.0175776,0.0202817,0.0120650),(0.0175105,0.0204180,0.0120650),(0.0173679,0.0198690,0.0120650),(0.0175105,0.0204180,0.0120650),(0.0174702,0.0205743,0.0120650),(0.0170759,0.0228210,0.0120650),(0.0173679,0.0198690,0.0120650),(0.0174702,0.0205743,0.0120650),(0.0170759,0.0228210,0.0120650),(0.0174702,0.0205743,0.0120650),(0.0174601,0.0206600,0.0120650),(0.0170759,0.0228210,0.0120650),(0.0174601,0.0206600,0.0120650),(0.0174568,0.0207506,0.0120650),(0.0170759,0.0228210,0.0120650),(0.0174568,0.0207506,0.0120650),(0.0174568,0.0224482,0.0120650),(0.0170759,0.0228210,0.0120650),(0.0174568,0.0224482,0.0120650),(0.0174601,0.0225365,0.0120650),(0.0170759,0.0228210,0.0120650),(0.0174601,0.0225365,0.0120650),(0.0174700,0.0226199,0.0120650),(0.0170759,0.0228210,0.0120650),(0.0174700,0.0226199,0.0120650),(0.0174867,0.0226984,0.0120650),(0.0170759,0.0228210,0.0120650),(0.0174867,0.0226984,0.0120650),(0.0175099,0.0227720,0.0120650),(0.0170759,0.0228210,0.0120650),(0.0175099,0.0227720,0.0120650),(0.0175764,0.0229046,0.0120650),(0.0170759,0.0228210,0.0120650),(0.0175764,0.0229046,0.0120650),(0.0176695,0.0230176,0.0120650),(0.0170759,0.0228210,0.0120650),(0.0176695,0.0230176,0.0120650),(0.0177647,0.0230963,0.0120650),(0.0170759,0.0228210,0.0120650),(0.0177647,0.0230963,0.0120650),(0.0178632,0.0231525,0.0120650),(0.0185298,0.0235045,0.0120650),(0.0170759,0.0228210,0.0120650),(0.0178632,0.0231525,0.0120650),(0.0185298,0.0235045,0.0120650),(0.0178632,0.0231525,0.0120650),(0.0179648,0.0231862,0.0120650),(0.0185298,0.0235045,0.0120650),(0.0179648,0.0231862,0.0120650),(0.0180695,0.0231975,0.0120650),(0.0185298,0.0235045,0.0120650),(0.0180695,0.0231975,0.0120650),(0.0181786,0.0231862,0.0120650),(0.0185298,0.0235045,0.0120650),(0.0181786,0.0231862,0.0120650),(0.0182815,0.0231525,0.0120650),(0.0185298,0.0235045,0.0120650),(0.0182815,0.0231525,0.0120650),(0.0183781,0.0230963,0.0120650),(0.0185298,0.0235045,0.0120650),(0.0183781,0.0230963,0.0120650),(0.0184685,0.0230176,0.0120650),(0.0185298,0.0235045,0.0120650),(0.0184685,0.0230176,0.0120650),(0.0185616,0.0228990,0.0120650),(0.0185298,0.0235045,0.0120650),(0.0185616,0.0228990,0.0120650),(0.0186281,0.0227633,0.0120650),(0.0185298,0.0235045,0.0120650),(0.0186281,0.0227633,0.0120650),(0.0186679,0.0226106,0.0120650),(0.0191035,0.0206182,0.0120650),(0.0185298,0.0235045,0.0120650),(0.0186679,0.0226106,0.0120650),(0.0191035,0.0206182,0.0120650),(0.0186679,0.0226106,0.0120650),(0.0186779,0.0225278,0.0120650),(0.0191035,0.0206182,0.0120650),(0.0186779,0.0225278,0.0120650),(0.0186812,0.0224408,0.0120650),(0.0191035,0.0206182,0.0120650),(0.0186812,0.0224408,0.0120650),(0.0186812,0.0207506,0.0120650),(0.0191035,0.0206182,0.0120650),(0.0186812,0.0207506,0.0120650),(0.0186779,0.0206610,0.0120650),(0.0191035,0.0206182,0.0120650),(0.0186779,0.0206610,0.0120650),(0.0186679,0.0205762,0.0120650),(0.0191035,0.0206182,0.0120650),(0.0186679,0.0205762,0.0120650),(0.0186513,0.0204963,0.0120650),(0.0191035,0.0206182,0.0120650),(0.0186513,0.0204963,0.0120650),(0.0186281,0.0204212,0.0120650),(0.0191035,0.0206182,0.0120650),(0.0186281,0.0204212,0.0120650),(0.0185616,0.0202857,0.0120650),(0.0191035,0.0206182,0.0120650),(0.0185616,0.0202857,0.0120650),(0.0184685,0.0201696,0.0120650),(0.0191035,0.0206182,0.0120650),(0.0184685,0.0201696,0.0120650),(0.0183773,0.0200918,0.0120650),(0.0177631,0.0200894,0.0120650),(0.0176716,0.0201654,0.0120650),(0.0173679,0.0198690,0.0120650),(0.0178600,0.0200352,0.0120650),(0.0177631,0.0200894,0.0120650),(0.0173679,0.0198690,0.0120650),(0.0179621,0.0200026,0.0120650),(0.0178600,0.0200352,0.0120650),(0.0173679,0.0198690,0.0120650),(0.0180695,0.0199918,0.0120650),(0.0179621,0.0200026,0.0120650),(0.0173679,0.0198690,0.0120650),(0.0181778,0.0200029,0.0120650),(0.0180695,0.0199918,0.0120650),(0.0173679,0.0198690,0.0120650),(0.0181778,0.0200029,0.0120650),(0.0173679,0.0198690,0.0120650),(0.0174447,0.0197983,0.0120650),(0.0181778,0.0200029,0.0120650),(0.0174447,0.0197983,0.0120650),(0.0175246,0.0197371,0.0120650),(0.0182804,0.0200362,0.0120650),(0.0181778,0.0200029,0.0120650),(0.0175246,0.0197371,0.0120650),(0.0182804,0.0200362,0.0120650),(0.0175246,0.0197371,0.0120650),(0.0176073,0.0196852,0.0120650),(0.0182804,0.0200362,0.0120650),(0.0176073,0.0196852,0.0120650),(0.0176930,0.0196428,0.0120650),(0.0183773,0.0200918,0.0120650),(0.0182804,0.0200362,0.0120650),(0.0176930,0.0196428,0.0120650),(0.0183773,0.0200918,0.0120650),(0.0176930,0.0196428,0.0120650),(0.0177817,0.0196098,0.0120650),(0.0191035,0.0206182,0.0120650),(0.0183773,0.0200918,0.0120650),(0.0177817,0.0196098,0.0120650),(0.0191035,0.0206182,0.0120650),(0.0177817,0.0196098,0.0120650),(0.0178733,0.0195862,0.0120650),(0.0191035,0.0206182,0.0120650),(0.0178733,0.0195862,0.0120650),(0.0179678,0.0195721,0.0120650),(0.0191035,0.0206182,0.0120650),(0.0179678,0.0195721,0.0120650),(0.0180653,0.0195674,0.0120650),(0.0191035,0.0206182,0.0120650),(0.0180653,0.0195674,0.0120650),(0.0181645,0.0195720,0.0120650),(0.0191035,0.0206182,0.0120650),(0.0181645,0.0195720,0.0120650),(0.0182604,0.0195859,0.0120650),(0.0191035,0.0206182,0.0120650),(0.0182604,0.0195859,0.0120650),(0.0183530,0.0196091,0.0120650),(0.0191035,0.0206182,0.0120650),(0.0183530,0.0196091,0.0120650),(0.0184423,0.0196415,0.0120650),(0.0191035,0.0206182,0.0120650),(0.0184423,0.0196415,0.0120650),(0.0185284,0.0196831,0.0120650),(0.0191035,0.0206182,0.0120650),(0.0185284,0.0196831,0.0120650),(0.0186112,0.0197341,0.0120650),(0.0191035,0.0206182,0.0120650),(0.0186112,0.0197341,0.0120650),(0.0186907,0.0197943,0.0120650),(0.0191035,0.0206182,0.0120650),(0.0186907,0.0197943,0.0120650),(0.0187670,0.0198637,0.0120650),(0.0191035,0.0206182,0.0120650),(0.0187670,0.0198637,0.0120650),(0.0188471,0.0199531,0.0120650),(0.0191035,0.0206182,0.0120650),(0.0188471,0.0199531,0.0120650),(0.0189165,0.0200485,0.0120650),(0.0191035,0.0206182,0.0120650),(0.0189165,0.0200485,0.0120650),(0.0189753,0.0201502,0.0120650),(0.0191035,0.0206182,0.0120650),(0.0189753,0.0201502,0.0120650),(0.0190234,0.0202580,0.0120650),(0.0191035,0.0206182,0.0120650),(0.0190234,0.0202580,0.0120650),(0.0190607,0.0203719,0.0120650),(0.0191035,0.0206182,0.0120650),(0.0190607,0.0203719,0.0120650),(0.0190874,0.0204920,0.0120650),(0.0260420,0.0225641,0.0120650),(0.0260367,0.0224291,0.0120650),(0.0260380,0.0223259,0.0120650),(0.0260420,0.0225641,0.0120650),(0.0260380,0.0223259,0.0120650),(0.0260419,0.0222267,0.0120650),(0.0260420,0.0225641,0.0120650),(0.0260419,0.0222267,0.0120650),(0.0260485,0.0221315,0.0120650),(0.0260420,0.0225641,0.0120650),(0.0260485,0.0221315,0.0120650),(0.0260576,0.0220405,0.0120650),(0.0260420,0.0225641,0.0120650),(0.0260576,0.0220405,0.0120650),(0.0260694,0.0219535,0.0120650),(0.0260420,0.0225641,0.0120650),(0.0260694,0.0219535,0.0120650),(0.0260838,0.0218705,0.0120650),(0.0260420,0.0225641,0.0120650),(0.0260838,0.0218705,0.0120650),(0.0261009,0.0217917,0.0120650),(0.0260420,0.0225641,0.0120650),(0.0261009,0.0217917,0.0120650),(0.0261205,0.0217169,0.0120650),(0.0260420,0.0225641,0.0120650),(0.0261205,0.0217169,0.0120650),(0.0261677,0.0215795,0.0120650),(0.0260420,0.0225641,0.0120650),(0.0261677,0.0215795,0.0120650),(0.0262254,0.0214584,0.0120650),(0.0260420,0.0225641,0.0120650),(0.0262254,0.0214584,0.0120650),(0.0262935,0.0213535,0.0120650),(0.0260420,0.0225641,0.0120650),(0.0262935,0.0213535,0.0120650),(0.0263722,0.0212650,0.0120650),(0.0260420,0.0225641,0.0120650),(0.0263722,0.0212650,0.0120650),(0.0264504,0.0211945,0.0120650),(0.0260420,0.0225641,0.0120650),(0.0264504,0.0211945,0.0120650),(0.0265312,0.0211335,0.0120650),(0.0260420,0.0225641,0.0120650),(0.0265312,0.0211335,0.0120650),(0.0266146,0.0210818,0.0120650),(0.0260420,0.0225641,0.0120650),(0.0266146,0.0210818,0.0120650),(0.0267005,0.0210395,0.0120650),(0.0260420,0.0225641,0.0120650),(0.0267005,0.0210395,0.0120650),(0.0267890,0.0210067,0.0120650),(0.0260420,0.0225641,0.0120650),(0.0267890,0.0210067,0.0120650),(0.0268800,0.0209832,0.0120650),(0.0260420,0.0225641,0.0120650),(0.0268800,0.0209832,0.0120650),(0.0269735,0.0209691,0.0120650),(0.0269735,0.0209691,0.0120650),(0.0270696,0.0209644,0.0120650),(0.0271587,0.0209679,0.0120650),(0.0269735,0.0209691,0.0120650),(0.0271587,0.0209679,0.0120650),(0.0272445,0.0209784,0.0120650),(0.0269735,0.0209691,0.0120650),(0.0272445,0.0209784,0.0120650),(0.0273270,0.0209959,0.0120650),(0.0269735,0.0209691,0.0120650),(0.0273270,0.0209959,0.0120650),(0.0274061,0.0210205,0.0120650),(0.0269735,0.0209691,0.0120650),(0.0274061,0.0210205,0.0120650),(0.0274820,0.0210520,0.0120650),(0.0269735,0.0209691,0.0120650),(0.0274820,0.0210520,0.0120650),(0.0275546,0.0210906,0.0120650),(0.0269735,0.0209691,0.0120650),(0.0275546,0.0210906,0.0120650),(0.0276238,0.0211362,0.0120650),(0.0269735,0.0209691,0.0120650),(0.0276238,0.0211362,0.0120650),(0.0276898,0.0211888,0.0120650),(0.0265783,0.0202894,0.0120650),(0.0265108,0.0204310,0.0120650),(0.0264277,0.0205247,0.0120650),(0.0265783,0.0202894,0.0120650),(0.0264277,0.0205247,0.0120650),(0.0263118,0.0205770,0.0120650),(0.0266727,0.0201696,0.0120650),(0.0265783,0.0202894,0.0120650),(0.0263118,0.0205770,0.0120650),(0.0266727,0.0201696,0.0120650),(0.0263118,0.0205770,0.0120650),(0.0262362,0.0205463,0.0120650),(0.0266727,0.0201696,0.0120650),(0.0262362,0.0205463,0.0120650),(0.0261756,0.0205006,0.0120650),(0.0267659,0.0200918,0.0120650),(0.0266727,0.0201696,0.0120650),(0.0261756,0.0205006,0.0120650),(0.0267659,0.0200918,0.0120650),(0.0261756,0.0205006,0.0120650),(0.0260991,0.0203643,0.0120650),(0.0268645,0.0200362,0.0120650),(0.0267659,0.0200918,0.0120650),(0.0260991,0.0203643,0.0120650),(0.0268645,0.0200362,0.0120650),(0.0260991,0.0203643,0.0120650),(0.0261065,0.0202924,0.0120650),(0.0268645,0.0200362,0.0120650),(0.0261065,0.0202924,0.0120650),(0.0261551,0.0201746,0.0120650),(0.0269686,0.0200029,0.0120650),(0.0268645,0.0200362,0.0120650),(0.0261551,0.0201746,0.0120650),(0.0269686,0.0200029,0.0120650),(0.0261551,0.0201746,0.0120650),(0.0262163,0.0200648,0.0120650),(0.0270781,0.0199918,0.0120650),(0.0269686,0.0200029,0.0120650),(0.0262163,0.0200648,0.0120650),(0.0270781,0.0199918,0.0120650),(0.0262163,0.0200648,0.0120650),(0.0262901,0.0199629,0.0120650),(0.0270781,0.0199918,0.0120650),(0.0262901,0.0199629,0.0120650),(0.0263764,0.0198690,0.0120650),(0.0271726,0.0200035,0.0120650),(0.0270781,0.0199918,0.0120650),(0.0263764,0.0198690,0.0120650),(0.0271726,0.0200035,0.0120650),(0.0263764,0.0198690,0.0120650),(0.0264533,0.0197983,0.0120650),(0.0271726,0.0200035,0.0120650),(0.0264533,0.0197983,0.0120650),(0.0265333,0.0197371,0.0120650),(0.0272733,0.0200386,0.0120650),(0.0271726,0.0200035,0.0120650),(0.0265333,0.0197371,0.0120650),(0.0272733,0.0200386,0.0120650),(0.0265333,0.0197371,0.0120650),(0.0266164,0.0196852,0.0120650),(0.0272733,0.0200386,0.0120650),(0.0266164,0.0196852,0.0120650),(0.0267026,0.0196428,0.0120650),(0.0273801,0.0200972,0.0120650),(0.0272733,0.0200386,0.0120650),(0.0267026,0.0196428,0.0120650),(0.0273801,0.0200972,0.0120650),(0.0267026,0.0196428,0.0120650),(0.0267919,0.0196098,0.0120650),(0.0274929,0.0201791,0.0120650),(0.0273801,0.0200972,0.0120650),(0.0267919,0.0196098,0.0120650),(0.0274929,0.0201791,0.0120650),(0.0267919,0.0196098,0.0120650),(0.0268842,0.0195862,0.0120650),(0.0274929,0.0201791,0.0120650),(0.0268842,0.0195862,0.0120650),(0.0269796,0.0195721,0.0120650),(0.0275790,0.0202771,0.0120650),(0.0274929,0.0201791,0.0120650),(0.0269796,0.0195721,0.0120650),(0.0275790,0.0202771,0.0120650),(0.0269796,0.0195721,0.0120650),(0.0270781,0.0195674,0.0120650),(0.0275790,0.0202771,0.0120650),(0.0270781,0.0195674,0.0120650),(0.0271629,0.0195719,0.0120650),(0.0275790,0.0202771,0.0120650),(0.0271629,0.0195719,0.0120650),(0.0272482,0.0195855,0.0120650),(0.0276406,0.0204051,0.0120650),(0.0275790,0.0202771,0.0120650),(0.0272482,0.0195855,0.0120650),(0.0276406,0.0204051,0.0120650),(0.0272482,0.0195855,0.0120650),(0.0273338,0.0196082,0.0120650),(0.0276406,0.0204051,0.0120650),(0.0273338,0.0196082,0.0120650),(0.0274199,0.0196399,0.0120650),(0.0276406,0.0204051,0.0120650),(0.0274199,0.0196399,0.0120650),(0.0275064,0.0196807,0.0120650),(0.0276621,0.0204802,0.0120650),(0.0276406,0.0204051,0.0120650),(0.0275064,0.0196807,0.0120650),(0.0276621,0.0204802,0.0120650),(0.0275064,0.0196807,0.0120650),(0.0275932,0.0197305,0.0120650),(0.0276775,0.0205629,0.0120650),(0.0276621,0.0204802,0.0120650),(0.0275932,0.0197305,0.0120650),(0.0276867,0.0206530,0.0120650),(0.0276775,0.0205629,0.0120650),(0.0275932,0.0197305,0.0120650),(0.0276867,0.0206530,0.0120650),(0.0275932,0.0197305,0.0120650),(0.0276805,0.0197894,0.0120650),(0.0276898,0.0207506,0.0120650),(0.0276867,0.0206530,0.0120650),(0.0276805,0.0197894,0.0120650),(0.0276898,0.0207506,0.0120650),(0.0276805,0.0197894,0.0120650),(0.0277681,0.0198574,0.0120650),(0.0276898,0.0211888,0.0120650),(0.0276898,0.0207506,0.0120650),(0.0277681,0.0198574,0.0120650),(0.0276898,0.0211888,0.0120650),(0.0277681,0.0198574,0.0120650),(0.0278499,0.0199351,0.0120650),(0.0276898,0.0211888,0.0120650),(0.0278499,0.0199351,0.0120650),(0.0279209,0.0200223,0.0120650),(0.0276898,0.0211888,0.0120650),(0.0279209,0.0200223,0.0120650),(0.0279809,0.0201190,0.0120650),(0.0276898,0.0211888,0.0120650),(0.0279809,0.0201190,0.0120650),(0.0280300,0.0202251,0.0120650),(0.0276898,0.0211888,0.0120650),(0.0280300,0.0202251,0.0120650),(0.0280682,0.0203407,0.0120650),(0.0276898,0.0211888,0.0120650),(0.0280682,0.0203407,0.0120650),(0.0280955,0.0204658,0.0120650),(0.0276898,0.0211888,0.0120650),(0.0280955,0.0204658,0.0120650),(0.0281119,0.0206003,0.0120650),(0.0276898,0.0211888,0.0120650),(0.0281119,0.0206003,0.0120650),(0.0281173,0.0207443,0.0120650),(0.0276898,0.0211888,0.0120650),(0.0281173,0.0207443,0.0120650),(0.0281173,0.0220608,0.0120650),(0.0269735,0.0209691,0.0120650),(0.0276898,0.0211888,0.0120650),(0.0281173,0.0220608,0.0120650),(0.0281173,0.0220608,0.0120650),(0.0277215,0.0220492,0.0120650),(0.0277060,0.0219262,0.0120650),(0.0281173,0.0220608,0.0120650),(0.0277060,0.0219262,0.0120650),(0.0276596,0.0218050,0.0120650),(0.0281173,0.0220608,0.0120650),(0.0276596,0.0218050,0.0120650),(0.0275822,0.0216854,0.0120650),(0.0269735,0.0209691,0.0120650),(0.0281173,0.0220608,0.0120650),(0.0275822,0.0216854,0.0120650),(0.0269735,0.0209691,0.0120650),(0.0275822,0.0216854,0.0120650),(0.0274739,0.0215676,0.0120650),(0.0269735,0.0209691,0.0120650),(0.0274739,0.0215676,0.0120650),(0.0273784,0.0214889,0.0120650),(0.0269735,0.0209691,0.0120650),(0.0273784,0.0214889,0.0120650),(0.0272791,0.0214327,0.0120650),(0.0269735,0.0209691,0.0120650),(0.0272791,0.0214327,0.0120650),(0.0271762,0.0213990,0.0120650),(0.0269735,0.0209691,0.0120650),(0.0271762,0.0213990,0.0120650),(0.0270696,0.0213877,0.0120650),(0.0269735,0.0209691,0.0120650),(0.0270696,0.0213877,0.0120650),(0.0269634,0.0213990,0.0120650),(0.0269735,0.0209691,0.0120650),(0.0269634,0.0213990,0.0120650),(0.0268608,0.0214327,0.0120650),(0.0269735,0.0209691,0.0120650),(0.0268608,0.0214327,0.0120650),(0.0267618,0.0214889,0.0120650),(0.0269735,0.0209691,0.0120650),(0.0267618,0.0214889,0.0120650),(0.0266664,0.0215676,0.0120650),(0.0269735,0.0209691,0.0120650),(0.0266664,0.0215676,0.0120650),(0.0265784,0.0216965,0.0120650),(0.0260420,0.0225641,0.0120650),(0.0269735,0.0209691,0.0120650),(0.0265784,0.0216965,0.0120650),(0.0260420,0.0225641,0.0120650),(0.0265784,0.0216965,0.0120650),(0.0265438,0.0217826,0.0120650),(0.0260420,0.0225641,0.0120650),(0.0265438,0.0217826,0.0120650),(0.0265156,0.0218830,0.0120650),(0.0260420,0.0225641,0.0120650),(0.0265156,0.0218830,0.0120650),(0.0264936,0.0219979,0.0120650),(0.0260420,0.0225641,0.0120650),(0.0264936,0.0219979,0.0120650),(0.0264779,0.0221272,0.0120650),(0.0260420,0.0225641,0.0120650),(0.0264779,0.0221272,0.0120650),(0.0264684,0.0222710,0.0120650),(0.0260420,0.0225641,0.0120650),(0.0264684,0.0222710,0.0120650),(0.0264653,0.0224291,0.0120650),(0.0260420,0.0225641,0.0120650),(0.0264653,0.0224291,0.0120650),(0.0264686,0.0225205,0.0120650),(0.0260420,0.0225641,0.0120650),(0.0264686,0.0225205,0.0120650),(0.0264787,0.0226069,0.0120650),(0.0260420,0.0225641,0.0120650),(0.0264787,0.0226069,0.0120650),(0.0264955,0.0226883,0.0120650),(0.0260420,0.0225641,0.0120650),(0.0264955,0.0226883,0.0120650),(0.0265190,0.0227646,0.0120650),(0.0260420,0.0225641,0.0120650),(0.0265190,0.0227646,0.0120650),(0.0265861,0.0229022,0.0120650),(0.0260420,0.0225641,0.0120650),(0.0265861,0.0229022,0.0120650),(0.0266801,0.0230197,0.0120650),(0.0260420,0.0225641,0.0120650),(0.0266801,0.0230197,0.0120650),(0.0267714,0.0230975,0.0120650),(0.0277206,0.0221404,0.0120650),(0.0277215,0.0220492,0.0120650),(0.0281173,0.0220608,0.0120650),(0.0277178,0.0222275,0.0120650),(0.0277206,0.0221404,0.0120650),(0.0281173,0.0220608,0.0120650),(0.0277066,0.0223895,0.0120650),(0.0277178,0.0222275,0.0120650),(0.0281173,0.0220608,0.0120650),(0.0276880,0.0225351,0.0120650),(0.0277066,0.0223895,0.0120650),(0.0281173,0.0220608,0.0120650),(0.0276620,0.0226643,0.0120650),(0.0276880,0.0225351,0.0120650),(0.0281173,0.0220608,0.0120650),(0.0276285,0.0227772,0.0120650),(0.0276620,0.0226643,0.0120650),(0.0281173,0.0220608,0.0120650),(0.0275876,0.0228737,0.0120650),(0.0276285,0.0227772,0.0120650),(0.0281173,0.0220608,0.0120650),(0.0275392,0.0229538,0.0120650),(0.0275876,0.0228737,0.0120650),(0.0281173,0.0220608,0.0120650),(0.0275392,0.0229538,0.0120650),(0.0281173,0.0220608,0.0120650),(0.0281160,0.0221763,0.0120650),(0.0275392,0.0229538,0.0120650),(0.0281160,0.0221763,0.0120650),(0.0281120,0.0222869,0.0120650),(0.0275392,0.0229538,0.0120650),(0.0281120,0.0222869,0.0120650),(0.0281053,0.0223926,0.0120650),(0.0274834,0.0230176,0.0120650),(0.0275392,0.0229538,0.0120650),(0.0281053,0.0223926,0.0120650),(0.0274834,0.0230176,0.0120650),(0.0281053,0.0223926,0.0120650),(0.0280960,0.0224935,0.0120650),(0.0274834,0.0230176,0.0120650),(0.0280960,0.0224935,0.0120650),(0.0280840,0.0225895,0.0120650),(0.0273868,0.0230963,0.0120650),(0.0274834,0.0230176,0.0120650),(0.0280840,0.0225895,0.0120650),(0.0273868,0.0230963,0.0120650),(0.0280840,0.0225895,0.0120650),(0.0280693,0.0226807,0.0120650),(0.0273868,0.0230963,0.0120650),(0.0280693,0.0226807,0.0120650),(0.0280519,0.0227670,0.0120650),(0.0272863,0.0231525,0.0120650),(0.0273868,0.0230963,0.0120650),(0.0280519,0.0227670,0.0120650),(0.0272863,0.0231525,0.0120650),(0.0280519,0.0227670,0.0120650),(0.0280319,0.0228485,0.0120650),(0.0272863,0.0231525,0.0120650),(0.0280319,0.0228485,0.0120650),(0.0280092,0.0229251,0.0120650),(0.0271820,0.0231862,0.0120650),(0.0272863,0.0231525,0.0120650),(0.0280092,0.0229251,0.0120650),(0.0271820,0.0231862,0.0120650),(0.0280092,0.0229251,0.0120650),(0.0279838,0.0229969,0.0120650),(0.0271820,0.0231862,0.0120650),(0.0279838,0.0229969,0.0120650),(0.0279251,0.0231258,0.0120650),(0.0270738,0.0231975,0.0120650),(0.0271820,0.0231862,0.0120650),(0.0279251,0.0231258,0.0120650),(0.0270738,0.0231975,0.0120650),(0.0279251,0.0231258,0.0120650),(0.0278556,0.0232354,0.0120650),(0.0270738,0.0231975,0.0120650),(0.0278556,0.0232354,0.0120650),(0.0277755,0.0233255,0.0120650),(0.0269683,0.0231864,0.0120650),(0.0270738,0.0231975,0.0120650),(0.0277755,0.0233255,0.0120650),(0.0269683,0.0231864,0.0120650),(0.0277755,0.0233255,0.0120650),(0.0276959,0.0233955,0.0120650),(0.0269683,0.0231864,0.0120650),(0.0276959,0.0233955,0.0120650),(0.0276137,0.0234561,0.0120650),(0.0268675,0.0231530,0.0120650),(0.0269683,0.0231864,0.0120650),(0.0276137,0.0234561,0.0120650),(0.0268675,0.0231530,0.0120650),(0.0276137,0.0234561,0.0120650),(0.0275289,0.0235074,0.0120650),(0.0268675,0.0231530,0.0120650),(0.0275289,0.0235074,0.0120650),(0.0274416,0.0235494,0.0120650),(0.0267714,0.0230975,0.0120650),(0.0268675,0.0231530,0.0120650),(0.0274416,0.0235494,0.0120650),(0.0267714,0.0230975,0.0120650),(0.0274416,0.0235494,0.0120650),(0.0273517,0.0235820,0.0120650),(0.0260420,0.0225641,0.0120650),(0.0267714,0.0230975,0.0120650),(0.0273517,0.0235820,0.0120650),(0.0260420,0.0225641,0.0120650),(0.0273517,0.0235820,0.0120650),(0.0272592,0.0236053,0.0120650),(0.0260420,0.0225641,0.0120650),(0.0272592,0.0236053,0.0120650),(0.0271641,0.0236193,0.0120650),(0.0260420,0.0225641,0.0120650),(0.0271641,0.0236193,0.0120650),(0.0270664,0.0236240,0.0120650),(0.0260420,0.0225641,0.0120650),(0.0270664,0.0236240,0.0120650),(0.0269712,0.0236192,0.0120650),(0.0260420,0.0225641,0.0120650),(0.0269712,0.0236192,0.0120650),(0.0268786,0.0236050,0.0120650),(0.0260420,0.0225641,0.0120650),(0.0268786,0.0236050,0.0120650),(0.0267888,0.0235813,0.0120650),(0.0260420,0.0225641,0.0120650),(0.0267888,0.0235813,0.0120650),(0.0267016,0.0235481,0.0120650),(0.0260420,0.0225641,0.0120650),(0.0267016,0.0235481,0.0120650),(0.0266170,0.0235053,0.0120650),(0.0260420,0.0225641,0.0120650),(0.0266170,0.0235053,0.0120650),(0.0265352,0.0234531,0.0120650),(0.0260420,0.0225641,0.0120650),(0.0265352,0.0234531,0.0120650),(0.0264560,0.0233914,0.0120650),(0.0260420,0.0225641,0.0120650),(0.0264560,0.0233914,0.0120650),(0.0263796,0.0233202,0.0120650),(0.0260420,0.0225641,0.0120650),(0.0263796,0.0233202,0.0120650),(0.0262992,0.0232325,0.0120650),(0.0260420,0.0225641,0.0120650),(0.0262992,0.0232325,0.0120650),(0.0262295,0.0231379,0.0120650),(0.0260420,0.0225641,0.0120650),(0.0262295,0.0231379,0.0120650),(0.0261706,0.0230367,0.0120650),(0.0260420,0.0225641,0.0120650),(0.0261706,0.0230367,0.0120650),(0.0261224,0.0229287,0.0120650),(0.0260420,0.0225641,0.0120650),(0.0261224,0.0229287,0.0120650),(0.0260849,0.0228139,0.0120650),(0.0260420,0.0225641,0.0120650),(0.0260849,0.0228139,0.0120650),(0.0260581,0.0226924,0.0120650),(0.0233665,0.0204871,0.0120650),(0.0233686,0.0204384,0.0120650),(0.0233925,0.0203463,0.0120650),(0.0233665,0.0204871,0.0120650),(0.0233925,0.0203463,0.0120650),(0.0234204,0.0202600,0.0120650),(0.0233665,0.0204871,0.0120650),(0.0234204,0.0202600,0.0120650),(0.0234522,0.0201795,0.0120650),(0.0233665,0.0204871,0.0120650),(0.0234522,0.0201795,0.0120650),(0.0234879,0.0201048,0.0120650),(0.0233665,0.0204871,0.0120650),(0.0234879,0.0201048,0.0120650),(0.0235276,0.0200358,0.0120650),(0.0233665,0.0204871,0.0120650),(0.0235276,0.0200358,0.0120650),(0.0235712,0.0199727,0.0120650),(0.0233665,0.0204871,0.0120650),(0.0235712,0.0199727,0.0120650),(0.0236702,0.0198637,0.0120650),(0.0233665,0.0204871,0.0120650),(0.0236702,0.0198637,0.0120650),(0.0237512,0.0197943,0.0120650),(0.0233665,0.0204871,0.0120650),(0.0237512,0.0197943,0.0120650),(0.0238343,0.0197341,0.0120650),(0.0233665,0.0204871,0.0120650),(0.0238343,0.0197341,0.0120650),(0.0239196,0.0196831,0.0120650),(0.0233665,0.0204871,0.0120650),(0.0239196,0.0196831,0.0120650),(0.0240070,0.0196415,0.0120650),(0.0233665,0.0204871,0.0120650),(0.0240070,0.0196415,0.0120650),(0.0240966,0.0196091,0.0120650),(0.0233665,0.0204871,0.0120650),(0.0240966,0.0196091,0.0120650),(0.0241883,0.0195859,0.0120650),(0.0233665,0.0204871,0.0120650),(0.0241883,0.0195859,0.0120650),(0.0242822,0.0195720,0.0120650),(0.0233665,0.0204871,0.0120650),(0.0242822,0.0195720,0.0120650),(0.0243783,0.0195674,0.0120650),(0.0233665,0.0204871,0.0120650),(0.0243783,0.0195674,0.0120650),(0.0244735,0.0195721,0.0120650),(0.0233665,0.0204871,0.0120650),(0.0244735,0.0195721,0.0120650),(0.0245661,0.0195862,0.0120650),(0.0233665,0.0204871,0.0120650),(0.0245661,0.0195862,0.0120650),(0.0246561,0.0196098,0.0120650),(0.0233665,0.0204871,0.0120650),(0.0246561,0.0196098,0.0120650),(0.0247434,0.0196428,0.0120650),(0.0247434,0.0196428,0.0120650),(0.0248280,0.0196852,0.0120650),(0.0249101,0.0197371,0.0120650),(0.0247434,0.0196428,0.0120650),(0.0249101,0.0197371,0.0120650),(0.0249894,0.0197983,0.0120650),(0.0247434,0.0196428,0.0120650),(0.0249894,0.0197983,0.0120650),(0.0250662,0.0198690,0.0120650),(0.0247434,0.0196428,0.0120650),(0.0250662,0.0198690,0.0120650),(0.0251463,0.0199573,0.0120650),(0.0247434,0.0196428,0.0120650),(0.0251463,0.0199573,0.0120650),(0.0252157,0.0200521,0.0120650),(0.0247434,0.0196428,0.0120650),(0.0252157,0.0200521,0.0120650),(0.0252745,0.0201536,0.0120650),(0.0247434,0.0196428,0.0120650),(0.0252745,0.0201536,0.0120650),(0.0253226,0.0202617,0.0120650),(0.0247434,0.0196428,0.0120650),(0.0253226,0.0202617,0.0120650),(0.0253599,0.0203764,0.0120650),(0.0247434,0.0196428,0.0120650),(0.0253599,0.0203764,0.0120650),(0.0253866,0.0204977,0.0120650),(0.0247434,0.0196428,0.0120650),(0.0253866,0.0204977,0.0120650),(0.0254027,0.0206256,0.0120650),(0.0247434,0.0196428,0.0120650),(0.0254027,0.0206256,0.0120650),(0.0254080,0.0207601,0.0120650),(0.0247434,0.0196428,0.0120650),(0.0254080,0.0207601,0.0120650),(0.0254067,0.0208634,0.0120650),(0.0247434,0.0196428,0.0120650),(0.0254067,0.0208634,0.0120650),(0.0254029,0.0209627,0.0120650),(0.0247434,0.0196428,0.0120650),(0.0254029,0.0209627,0.0120650),(0.0253964,0.0210579,0.0120650),(0.0247434,0.0196428,0.0120650),(0.0253964,0.0210579,0.0120650),(0.0253874,0.0211490,0.0120650),(0.0247434,0.0196428,0.0120650),(0.0253874,0.0211490,0.0120650),(0.0253758,0.0212361,0.0120650),(0.0247434,0.0196428,0.0120650),(0.0253758,0.0212361,0.0120650),(0.0253616,0.0213192,0.0120650),(0.0247434,0.0196428,0.0120650),(0.0253616,0.0213192,0.0120650),(0.0253448,0.0213982,0.0120650),(0.0247434,0.0196428,0.0120650),(0.0253448,0.0213982,0.0120650),(0.0253255,0.0214732,0.0120650),(0.0247434,0.0196428,0.0120650),(0.0253255,0.0214732,0.0120650),(0.0252790,0.0216110,0.0120650),(0.0252790,0.0216110,0.0120650),(0.0252223,0.0217327,0.0120650),(0.0251552,0.0218382,0.0120650),(0.0252790,0.0216110,0.0120650),(0.0251552,0.0218382,0.0120650),(0.0250778,0.0219275,0.0120650),(0.0252790,0.0216110,0.0120650),(0.0250778,0.0219275,0.0120650),(0.0249983,0.0219969,0.0120650),(0.0252790,0.0216110,0.0120650),(0.0249983,0.0219969,0.0120650),(0.0249165,0.0220571,0.0120650),(0.0252790,0.0216110,0.0120650),(0.0249165,0.0220571,0.0120650),(0.0248323,0.0221081,0.0120650),(0.0252790,0.0216110,0.0120650),(0.0248323,0.0221081,0.0120650),(0.0247458,0.0221497,0.0120650),(0.0252790,0.0216110,0.0120650),(0.0247458,0.0221497,0.0120650),(0.0246569,0.0221821,0.0120650),(0.0252790,0.0216110,0.0120650),(0.0246569,0.0221821,0.0120650),(0.0245656,0.0222053,0.0120650),(0.0252790,0.0216110,0.0120650),(0.0245656,0.0222053,0.0120650),(0.0244721,0.0222192,0.0120650),(0.0252790,0.0216110,0.0120650),(0.0244721,0.0222192,0.0120650),(0.0243761,0.0222238,0.0120650),(0.0252790,0.0216110,0.0120650),(0.0243761,0.0222238,0.0120650),(0.0242908,0.0222206,0.0120650),(0.0252790,0.0216110,0.0120650),(0.0242908,0.0222206,0.0120650),(0.0242085,0.0222108,0.0120650),(0.0252790,0.0216110,0.0120650),(0.0242085,0.0222108,0.0120650),(0.0241290,0.0221945,0.0120650),(0.0252790,0.0216110,0.0120650),(0.0241290,0.0221945,0.0120650),(0.0240526,0.0221717,0.0120650),(0.0252790,0.0216110,0.0120650),(0.0240526,0.0221717,0.0120650),(0.0239084,0.0221065,0.0120650),(0.0252790,0.0216110,0.0120650),(0.0239084,0.0221065,0.0120650),(0.0237761,0.0220153,0.0120650),(0.0238184,0.0231932,0.0120650),(0.0250937,0.0231932,0.0120650),(0.0251752,0.0232091,0.0120650),(0.0238184,0.0231932,0.0120650),(0.0251752,0.0232091,0.0120650),(0.0252440,0.0232567,0.0120650),(0.0238184,0.0231932,0.0120650),(0.0252440,0.0232567,0.0120650),(0.0252908,0.0233261,0.0120650),(0.0238184,0.0231932,0.0120650),(0.0252908,0.0233261,0.0120650),(0.0253064,0.0234070,0.0120650),(0.0238184,0.0231932,0.0120650),(0.0253064,0.0234070,0.0120650),(0.0252908,0.0234877,0.0120650),(0.0238184,0.0231932,0.0120650),(0.0252908,0.0234877,0.0120650),(0.0252440,0.0235563,0.0120650),(0.0238184,0.0231932,0.0120650),(0.0252440,0.0235563,0.0120650),(0.0251752,0.0236039,0.0120650),(0.0238184,0.0231932,0.0120650),(0.0251752,0.0236039,0.0120650),(0.0250937,0.0236198,0.0120650),(0.0238184,0.0231932,0.0120650),(0.0250937,0.0236198,0.0120650),(0.0236215,0.0236198,0.0120650),(0.0237761,0.0220153,0.0120650),(0.0238184,0.0231932,0.0120650),(0.0236215,0.0236198,0.0120650),(0.0237761,0.0220153,0.0120650),(0.0236215,0.0236198,0.0120650),(0.0235411,0.0236057,0.0120650),(0.0237761,0.0220153,0.0120650),(0.0235411,0.0236057,0.0120650),(0.0234713,0.0235637,0.0120650),(0.0237761,0.0220153,0.0120650),(0.0234713,0.0235637,0.0120650),(0.0234236,0.0234986,0.0120650),(0.0237761,0.0220153,0.0120650),(0.0234236,0.0234986,0.0120650),(0.0234078,0.0234197,0.0120650),(0.0237761,0.0220153,0.0120650),(0.0234078,0.0234197,0.0120650),(0.0233273,0.0213549,0.0120650),(0.0237761,0.0220153,0.0120650),(0.0233273,0.0213549,0.0120650),(0.0233406,0.0212755,0.0120650),(0.0237761,0.0220153,0.0120650),(0.0233406,0.0212755,0.0120650),(0.0233802,0.0212046,0.0120650),(0.0237761,0.0220153,0.0120650),(0.0233802,0.0212046,0.0120650),(0.0234453,0.0211507,0.0120650),(0.0237761,0.0220153,0.0120650),(0.0234453,0.0211507,0.0120650),(0.0235284,0.0211327,0.0120650),(0.0237761,0.0220153,0.0120650),(0.0235284,0.0211327,0.0120650),(0.0236096,0.0211462,0.0120650),(0.0237761,0.0220153,0.0120650),(0.0236096,0.0211462,0.0120650),(0.0236819,0.0211866,0.0120650),(0.0237761,0.0220153,0.0120650),(0.0236819,0.0211866,0.0120650),(0.0237443,0.0212882,0.0120650),(0.0237761,0.0220153,0.0120650),(0.0237443,0.0212882,0.0120650),(0.0237783,0.0213734,0.0120650),(0.0237761,0.0220153,0.0120650),(0.0237783,0.0213734,0.0120650),(0.0238274,0.0214573,0.0120650),(0.0237761,0.0220153,0.0120650),(0.0238274,0.0214573,0.0120650),(0.0238916,0.0215401,0.0120650),(0.0237761,0.0220153,0.0120650),(0.0238916,0.0215401,0.0120650),(0.0239708,0.0216216,0.0120650),(0.0237761,0.0220153,0.0120650),(0.0239708,0.0216216,0.0120650),(0.0240664,0.0216994,0.0120650),(0.0237761,0.0220153,0.0120650),(0.0240664,0.0216994,0.0120650),(0.0241658,0.0217550,0.0120650),(0.0237761,0.0220153,0.0120650),(0.0241658,0.0217550,0.0120650),(0.0242690,0.0217883,0.0120650),(0.0237761,0.0220153,0.0120650),(0.0242690,0.0217883,0.0120650),(0.0243761,0.0217994,0.0120650),(0.0237761,0.0220153,0.0120650),(0.0243761,0.0217994,0.0120650),(0.0244826,0.0217883,0.0120650),(0.0252790,0.0216110,0.0120650),(0.0237761,0.0220153,0.0120650),(0.0244826,0.0217883,0.0120650),(0.0252790,0.0216110,0.0120650),(0.0244826,0.0217883,0.0120650),(0.0245852,0.0217550,0.0120650),(0.0252790,0.0216110,0.0120650),(0.0245852,0.0217550,0.0120650),(0.0246837,0.0216994,0.0120650),(0.0252790,0.0216110,0.0120650),(0.0246837,0.0216994,0.0120650),(0.0247783,0.0216216,0.0120650),(0.0252790,0.0216110,0.0120650),(0.0247783,0.0216216,0.0120650),(0.0248686,0.0214930,0.0120650),(0.0252790,0.0216110,0.0120650),(0.0248686,0.0214930,0.0120650),(0.0249041,0.0214069,0.0120650),(0.0252790,0.0216110,0.0120650),(0.0249041,0.0214069,0.0120650),(0.0249331,0.0213062,0.0120650),(0.0252790,0.0216110,0.0120650),(0.0249331,0.0213062,0.0120650),(0.0249557,0.0211910,0.0120650),(0.0252790,0.0216110,0.0120650),(0.0249557,0.0211910,0.0120650),(0.0249718,0.0210612,0.0120650),(0.0252790,0.0216110,0.0120650),(0.0249718,0.0210612,0.0120650),(0.0249815,0.0209169,0.0120650),(0.0252790,0.0216110,0.0120650),(0.0249815,0.0209169,0.0120650),(0.0249847,0.0207580,0.0120650),(0.0252790,0.0216110,0.0120650),(0.0249847,0.0207580,0.0120650),(0.0249812,0.0206666,0.0120650),(0.0252790,0.0216110,0.0120650),(0.0249812,0.0206666,0.0120650),(0.0249709,0.0205801,0.0120650),(0.0252790,0.0216110,0.0120650),(0.0249709,0.0205801,0.0120650),(0.0249537,0.0204986,0.0120650),(0.0247434,0.0196428,0.0120650),(0.0252790,0.0216110,0.0120650),(0.0249537,0.0204986,0.0120650),(0.0247434,0.0196428,0.0120650),(0.0249537,0.0204986,0.0120650),(0.0249296,0.0204220,0.0120650),(0.0247434,0.0196428,0.0120650),(0.0249296,0.0204220,0.0120650),(0.0248609,0.0202838,0.0120650),(0.0247434,0.0196428,0.0120650),(0.0248609,0.0202838,0.0120650),(0.0247645,0.0201654,0.0120650),(0.0247434,0.0196428,0.0120650),(0.0247645,0.0201654,0.0120650),(0.0246733,0.0200894,0.0120650),(0.0247434,0.0196428,0.0120650),(0.0246733,0.0200894,0.0120650),(0.0245772,0.0200352,0.0120650),(0.0247434,0.0196428,0.0120650),(0.0245772,0.0200352,0.0120650),(0.0244764,0.0200026,0.0120650),(0.0247434,0.0196428,0.0120650),(0.0244764,0.0200026,0.0120650),(0.0243708,0.0199918,0.0120650),(0.0247434,0.0196428,0.0120650),(0.0243708,0.0199918,0.0120650),(0.0242683,0.0200030,0.0120650),(0.0247434,0.0196428,0.0120650),(0.0242683,0.0200030,0.0120650),(0.0241658,0.0200368,0.0120650),(0.0247434,0.0196428,0.0120650),(0.0241658,0.0200368,0.0120650),(0.0240635,0.0200930,0.0120650),(0.0233665,0.0204871,0.0120650),(0.0247434,0.0196428,0.0120650),(0.0240635,0.0200930,0.0120650),(0.0233665,0.0204871,0.0120650),(0.0240635,0.0200930,0.0120650),(0.0239613,0.0201717,0.0120650),(0.0233665,0.0204871,0.0120650),(0.0239613,0.0201717,0.0120650),(0.0238591,0.0203146,0.0120650),(0.0233665,0.0204871,0.0120650),(0.0238591,0.0203146,0.0120650),(0.0238196,0.0204146,0.0120650),(0.0233665,0.0204871,0.0120650),(0.0238196,0.0204146,0.0120650),(0.0237877,0.0205337,0.0120650),(0.0233665,0.0204871,0.0120650),(0.0237877,0.0205337,0.0120650),(0.0237436,0.0206063,0.0120650),(0.0233665,0.0204871,0.0120650),(0.0237436,0.0206063,0.0120650),(0.0236951,0.0206583,0.0120650),(0.0233665,0.0204871,0.0120650),(0.0236951,0.0206583,0.0120650),(0.0235845,0.0206998,0.0120650),(0.0233665,0.0204871,0.0120650),(0.0235845,0.0206998,0.0120650),(0.0235771,0.0206998,0.0120650),(0.0233665,0.0204871,0.0120650),(0.0235771,0.0206998,0.0120650),(0.0235032,0.0206841,0.0120650),(0.0233665,0.0204871,0.0120650),(0.0235032,0.0206841,0.0120650),(0.0234435,0.0206435,0.0120650),(0.0219536,0.0236261,0.0120650),(0.0218361,0.0235795,0.0120650),(0.0212287,0.0230779,0.0120650),(0.0219536,0.0236261,0.0120650),(0.0212287,0.0230779,0.0120650),(0.0211710,0.0230102,0.0120650),(0.0219536,0.0236261,0.0120650),(0.0211710,0.0230102,0.0120650),(0.0211461,0.0229382,0.0120650),(0.0219536,0.0236261,0.0120650),(0.0211461,0.0229382,0.0120650),(0.0211461,0.0229043,0.0120650),(0.0219536,0.0236261,0.0120650),(0.0211461,0.0229043,0.0120650),(0.0211800,0.0227763,0.0120650),(0.0219536,0.0236261,0.0120650),(0.0211800,0.0227763,0.0120650),(0.0212392,0.0227194,0.0120650),(0.0219536,0.0236261,0.0120650),(0.0212392,0.0227194,0.0120650),(0.0213197,0.0226905,0.0120650),(0.0219536,0.0236261,0.0120650),(0.0213197,0.0226905,0.0120650),(0.0213609,0.0226884,0.0120650),(0.0219536,0.0236261,0.0120650),(0.0213609,0.0226884,0.0120650),(0.0214763,0.0227255,0.0120650),(0.0219536,0.0236261,0.0120650),(0.0214763,0.0227255,0.0120650),(0.0217472,0.0229646,0.0120650),(0.0219536,0.0236261,0.0120650),(0.0217472,0.0229646,0.0120650),(0.0217472,0.0197791,0.0120650),(0.0219536,0.0236261,0.0120650),(0.0217472,0.0197791,0.0120650),(0.0217626,0.0196970,0.0120650),(0.0219536,0.0236261,0.0120650),(0.0217626,0.0196970,0.0120650),(0.0218086,0.0196288,0.0120650),(0.0219536,0.0236261,0.0120650),(0.0218086,0.0196288,0.0120650),(0.0218769,0.0195827,0.0120650),(0.0219536,0.0236261,0.0120650),(0.0218769,0.0195827,0.0120650),(0.0219589,0.0195674,0.0120650),(0.0219536,0.0236261,0.0120650),(0.0219589,0.0195674,0.0120650),(0.0220417,0.0195827,0.0120650),(0.0219536,0.0236261,0.0120650),(0.0220417,0.0195827,0.0120650),(0.0221102,0.0196288,0.0120650),(0.0219536,0.0236261,0.0120650),(0.0221102,0.0196288,0.0120650),(0.0221563,0.0196970,0.0120650),(0.0219536,0.0236261,0.0120650),(0.0221563,0.0196970,0.0120650),(0.0221716,0.0197791,0.0120650),(0.0219536,0.0236261,0.0120650),(0.0221716,0.0197791,0.0120650),(0.0221716,0.0234060,0.0120650),(0.0219536,0.0236261,0.0120650),(0.0221716,0.0234060,0.0120650),(0.0221433,0.0235192,0.0120650),(0.0219536,0.0236261,0.0120650),(0.0221433,0.0235192,0.0120650),(0.0220584,0.0235944,0.0120650),(0.0195671,0.0195978,0.0120650),(0.0196401,0.0194912,0.0120650),(0.0197467,0.0194182,0.0120650),(0.0195671,0.0195978,0.0120650),(0.0197467,0.0194182,0.0120650),(0.0198719,0.0193938,0.0120650),(0.0195671,0.0195978,0.0120650),(0.0198719,0.0193938,0.0120650),(0.0199968,0.0194182,0.0120650),(0.0195671,0.0195978,0.0120650),(0.0199968,0.0194182,0.0120650),(0.0201026,0.0194912,0.0120650),(0.0195671,0.0195978,0.0120650),(0.0201026,0.0194912,0.0120650),(0.0201756,0.0195978,0.0120650),(0.0195671,0.0195978,0.0120650),(0.0201756,0.0195978,0.0120650),(0.0202000,0.0197230,0.0120650),(0.0195671,0.0195978,0.0120650),(0.0202000,0.0197230,0.0120650),(0.0201756,0.0198481,0.0120650),(0.0195671,0.0195978,0.0120650),(0.0201756,0.0198481,0.0120650),(0.0201026,0.0199547,0.0120650),(0.0195671,0.0195978,0.0120650),(0.0201026,0.0199547,0.0120650),(0.0199968,0.0200278,0.0120650),(0.0195671,0.0195978,0.0120650),(0.0199968,0.0200278,0.0120650),(0.0198719,0.0200521,0.0120650),(0.0195671,0.0195978,0.0120650),(0.0198719,0.0200521,0.0120650),(0.0197467,0.0200278,0.0120650),(0.0195671,0.0195978,0.0120650),(0.0197467,0.0200278,0.0120650),(0.0196401,0.0199547,0.0120650),(0.0195671,0.0195978,0.0120650),(0.0196401,0.0199547,0.0120650),(0.0195671,0.0198481,0.0120650),(0.0195671,0.0195978,0.0120650),(0.0195671,0.0198481,0.0120650),(0.0195427,0.0197230,0.0120650),(0.0385051,0.0213502,0.0120650),(0.0398873,0.0195605,0.0120650),(0.0399595,0.0194986,0.0120650),(0.0385051,0.0213502,0.0120650),(0.0399595,0.0194986,0.0120650),(0.0400513,0.0194780,0.0120650),(0.0385051,0.0213502,0.0120650),(0.0400513,0.0194780,0.0120650),(0.0401836,0.0195235,0.0120650),(0.0385051,0.0213502,0.0120650),(0.0401836,0.0195235,0.0120650),(0.0402479,0.0195970,0.0120650),(0.0385051,0.0213502,0.0120650),(0.0402479,0.0195970,0.0120650),(0.0402693,0.0196928,0.0120650),(0.0385051,0.0213502,0.0120650),(0.0402693,0.0196928,0.0120650),(0.0402249,0.0198251,0.0120650),(0.0385051,0.0213502,0.0120650),(0.0402249,0.0198251,0.0120650),(0.0390491,0.0213502,0.0120650),(0.0390491,0.0213502,0.0120650),(0.0391348,0.0213502,0.0120650),(0.0392540,0.0213553,0.0120650),(0.0385051,0.0213502,0.0120650),(0.0390491,0.0213502,0.0120650),(0.0392540,0.0213553,0.0120650),(0.0376415,0.0213502,0.0120650),(0.0385051,0.0213502,0.0120650),(0.0392540,0.0213553,0.0120650),(0.0376415,0.0213502,0.0120650),(0.0392540,0.0213553,0.0120650),(0.0393678,0.0213706,0.0120650),(0.0376415,0.0213502,0.0120650),(0.0393678,0.0213706,0.0120650),(0.0394761,0.0213961,0.0120650),(0.0376415,0.0213502,0.0120650),(0.0394761,0.0213961,0.0120650),(0.0395790,0.0214319,0.0120650),(0.0376415,0.0213502,0.0120650),(0.0395790,0.0214319,0.0120650),(0.0396764,0.0214779,0.0120650),(0.0376415,0.0213502,0.0120650),(0.0396764,0.0214779,0.0120650),(0.0397684,0.0215341,0.0120650),(0.0376415,0.0213502,0.0120650),(0.0397684,0.0215341,0.0120650),(0.0398549,0.0216005,0.0120650),(0.0376415,0.0213502,0.0120650),(0.0398549,0.0216005,0.0120650),(0.0399359,0.0216772,0.0120650),(0.0376415,0.0213502,0.0120650),(0.0399359,0.0216772,0.0120650),(0.0400123,0.0217669,0.0120650),(0.0376415,0.0213502,0.0120650),(0.0400123,0.0217669,0.0120650),(0.0400785,0.0218593,0.0120650),(0.0376415,0.0213502,0.0120650),(0.0400785,0.0218593,0.0120650),(0.0401346,0.0219545,0.0120650),(0.0401346,0.0219545,0.0120650),(0.0401804,0.0220524,0.0120650),(0.0397849,0.0222016,0.0120650),(0.0401346,0.0219545,0.0120650),(0.0397849,0.0222016,0.0120650),(0.0397204,0.0220840,0.0120650),(0.0401346,0.0219545,0.0120650),(0.0397204,0.0220840,0.0120650),(0.0396301,0.0219777,0.0120650),(0.0401346,0.0219545,0.0120650),(0.0396301,0.0219777,0.0120650),(0.0395201,0.0218898,0.0120650),(0.0401346,0.0219545,0.0120650),(0.0395201,0.0218898,0.0120650),(0.0394009,0.0218269,0.0120650),(0.0401346,0.0219545,0.0120650),(0.0394009,0.0218269,0.0120650),(0.0392725,0.0217892,0.0120650),(0.0376415,0.0213502,0.0120650),(0.0401346,0.0219545,0.0120650),(0.0392725,0.0217892,0.0120650),(0.0376415,0.0213502,0.0120650),(0.0392725,0.0217892,0.0120650),(0.0391348,0.0217767,0.0120650),(0.0376415,0.0213502,0.0120650),(0.0391348,0.0217767,0.0120650),(0.0376415,0.0217767,0.0120650),(0.0398236,0.0223306,0.0120650),(0.0397849,0.0222016,0.0120650),(0.0401804,0.0220524,0.0120650),(0.0398365,0.0224709,0.0120650),(0.0398236,0.0223306,0.0120650),(0.0401804,0.0220524,0.0120650),(0.0398236,0.0226100,0.0120650),(0.0398365,0.0224709,0.0120650),(0.0401804,0.0220524,0.0120650),(0.0397849,0.0227382,0.0120650),(0.0398236,0.0226100,0.0120650),(0.0401804,0.0220524,0.0120650),(0.0397204,0.0228555,0.0120650),(0.0397849,0.0227382,0.0120650),(0.0401804,0.0220524,0.0120650),(0.0397204,0.0228555,0.0120650),(0.0401804,0.0220524,0.0120650),(0.0402161,0.0221529,0.0120650),(0.0397204,0.0228555,0.0120650),(0.0402161,0.0221529,0.0120650),(0.0402415,0.0222562,0.0120650),(0.0396301,0.0229620,0.0120650),(0.0397204,0.0228555,0.0120650),(0.0402415,0.0222562,0.0120650),(0.0396301,0.0229620,0.0120650),(0.0402415,0.0222562,0.0120650),(0.0402568,0.0223622,0.0120650),(0.0396301,0.0229620,0.0120650),(0.0402568,0.0223622,0.0120650),(0.0402619,0.0224709,0.0120650),(0.0395229,0.0230500,0.0120650),(0.0396301,0.0229620,0.0120650),(0.0402619,0.0224709,0.0120650),(0.0395229,0.0230500,0.0120650),(0.0402619,0.0224709,0.0120650),(0.0402568,0.0225835,0.0120650),(0.0395229,0.0230500,0.0120650),(0.0402568,0.0225835,0.0120650),(0.0402415,0.0226923,0.0120650),(0.0394057,0.0231128,0.0120650),(0.0395229,0.0230500,0.0120650),(0.0402415,0.0226923,0.0120650),(0.0394057,0.0231128,0.0120650),(0.0402415,0.0226923,0.0120650),(0.0402161,0.0227971,0.0120650),(0.0394057,0.0231128,0.0120650),(0.0402161,0.0227971,0.0120650),(0.0401804,0.0228980,0.0120650),(0.0392784,0.0231505,0.0120650),(0.0394057,0.0231128,0.0120650),(0.0401804,0.0228980,0.0120650),(0.0392784,0.0231505,0.0120650),(0.0401804,0.0228980,0.0120650),(0.0401346,0.0229950,0.0120650),(0.0392784,0.0231505,0.0120650),(0.0401346,0.0229950,0.0120650),(0.0400785,0.0230881,0.0120650),(0.0391411,0.0231631,0.0120650),(0.0392784,0.0231505,0.0120650),(0.0400785,0.0230881,0.0120650),(0.0391411,0.0231631,0.0120650),(0.0400785,0.0230881,0.0120650),(0.0400123,0.0231773,0.0120650),(0.0376415,0.0231631,0.0120650),(0.0391411,0.0231631,0.0120650),(0.0400123,0.0231773,0.0120650),(0.0376415,0.0231631,0.0120650),(0.0400123,0.0231773,0.0120650),(0.0399359,0.0232626,0.0120650),(0.0376415,0.0231631,0.0120650),(0.0399359,0.0232626,0.0120650),(0.0398489,0.0233407,0.0120650),(0.0376415,0.0231631,0.0120650),(0.0398489,0.0233407,0.0120650),(0.0397581,0.0234084,0.0120650),(0.0376415,0.0231631,0.0120650),(0.0397581,0.0234084,0.0120650),(0.0396635,0.0234657,0.0120650),(0.0376415,0.0231631,0.0120650),(0.0396635,0.0234657,0.0120650),(0.0395653,0.0235126,0.0120650),(0.0376415,0.0231631,0.0120650),(0.0395653,0.0235126,0.0120650),(0.0394632,0.0235491,0.0120650),(0.0376415,0.0231631,0.0120650),(0.0394632,0.0235491,0.0120650),(0.0393575,0.0235751,0.0120650),(0.0376415,0.0231631,0.0120650),(0.0393575,0.0235751,0.0120650),(0.0392480,0.0235907,0.0120650),(0.0376415,0.0231631,0.0120650),(0.0392480,0.0235907,0.0120650),(0.0391348,0.0235959,0.0120650),(0.0376415,0.0231631,0.0120650),(0.0391348,0.0235959,0.0120650),(0.0374287,0.0235959,0.0120650),(0.0376415,0.0217767,0.0120650),(0.0376415,0.0231631,0.0120650),(0.0374287,0.0235959,0.0120650),(0.0376415,0.0213502,0.0120650),(0.0376415,0.0217767,0.0120650),(0.0374287,0.0235959,0.0120650),(0.0376415,0.0213502,0.0120650),(0.0374287,0.0235959,0.0120650),(0.0373428,0.0235793,0.0120650),(0.0376415,0.0213502,0.0120650),(0.0373428,0.0235793,0.0120650),(0.0372711,0.0235293,0.0120650),(0.0376415,0.0213502,0.0120650),(0.0372711,0.0235293,0.0120650),(0.0372290,0.0234549,0.0120650),(0.0376415,0.0213502,0.0120650),(0.0372290,0.0234549,0.0120650),(0.0372150,0.0233758,0.0120650),(0.0376415,0.0213502,0.0120650),(0.0372150,0.0233758,0.0120650),(0.0372150,0.0197489,0.0120650),(0.0376415,0.0213502,0.0120650),(0.0372150,0.0197489,0.0120650),(0.0372378,0.0196656,0.0120650),(0.0376415,0.0213502,0.0120650),(0.0372378,0.0196656,0.0120650),(0.0372811,0.0196060,0.0120650),(0.0376415,0.0213502,0.0120650),(0.0372811,0.0196060,0.0120650),(0.0374287,0.0195584,0.0120650),(0.0376415,0.0213502,0.0120650),(0.0374287,0.0195584,0.0120650),(0.0375028,0.0195703,0.0120650),(0.0376415,0.0213502,0.0120650),(0.0375028,0.0195703,0.0120650),(0.0375629,0.0196060,0.0120650),(0.0376415,0.0213502,0.0120650),(0.0375629,0.0196060,0.0120650),(0.0376415,0.0197489,0.0120650),(0.0362529,0.0213554,0.0120650),(0.0362508,0.0197489,0.0120650),(0.0362670,0.0196669,0.0120650),(0.0362529,0.0213554,0.0120650),(0.0362670,0.0196669,0.0120650),(0.0363154,0.0195986,0.0120650),(0.0362529,0.0213554,0.0120650),(0.0363154,0.0195986,0.0120650),(0.0363842,0.0195526,0.0120650),(0.0362529,0.0213554,0.0120650),(0.0363842,0.0195526,0.0120650),(0.0364614,0.0195372,0.0120650),(0.0362529,0.0213554,0.0120650),(0.0364614,0.0195372,0.0120650),(0.0365442,0.0195526,0.0120650),(0.0362529,0.0213554,0.0120650),(0.0365442,0.0195526,0.0120650),(0.0366128,0.0195986,0.0120650),(0.0362529,0.0213554,0.0120650),(0.0366128,0.0195986,0.0120650),(0.0366588,0.0196669,0.0120650),(0.0362529,0.0213554,0.0120650),(0.0366588,0.0196669,0.0120650),(0.0366742,0.0197489,0.0120650),(0.0362529,0.0213554,0.0120650),(0.0366742,0.0197489,0.0120650),(0.0366742,0.0233758,0.0120650),(0.0362529,0.0213554,0.0120650),(0.0366742,0.0233758,0.0120650),(0.0366588,0.0234573,0.0120650),(0.0362529,0.0213554,0.0120650),(0.0366588,0.0234573,0.0120650),(0.0366128,0.0235261,0.0120650),(0.0362529,0.0213554,0.0120650),(0.0366128,0.0235261,0.0120650),(0.0365453,0.0235737,0.0120650),(0.0362529,0.0213554,0.0120650),(0.0365453,0.0235737,0.0120650),(0.0364657,0.0235896,0.0120650),(0.0362529,0.0213554,0.0120650),(0.0364657,0.0235896,0.0120650),(0.0363836,0.0235732,0.0120650),(0.0362529,0.0213554,0.0120650),(0.0363836,0.0235732,0.0120650),(0.0363133,0.0235240,0.0120650),(0.0362529,0.0213554,0.0120650),(0.0363133,0.0235240,0.0120650),(0.0362664,0.0234594,0.0120650),(0.0362529,0.0213554,0.0120650),(0.0362664,0.0234594,0.0120650),(0.0362508,0.0233758,0.0120650),(0.0362529,0.0213554,0.0120650),(0.0362508,0.0233758,0.0120650),(0.0362508,0.0217767,0.0120650),(0.0340516,0.0213554,0.0120650),(0.0362529,0.0213554,0.0120650),(0.0362508,0.0217767,0.0120650),(0.0340516,0.0213554,0.0120650),(0.0362508,0.0217767,0.0120650),(0.0340580,0.0217767,0.0120650),(0.0340516,0.0213554,0.0120650),(0.0340580,0.0217767,0.0120650),(0.0340580,0.0233758,0.0120650),(0.0340516,0.0213554,0.0120650),(0.0340580,0.0233758,0.0120650),(0.0340415,0.0234573,0.0120650),(0.0340516,0.0213554,0.0120650),(0.0340415,0.0234573,0.0120650),(0.0339923,0.0235261,0.0120650),(0.0340516,0.0213554,0.0120650),(0.0339923,0.0235261,0.0120650),(0.0339228,0.0235737,0.0120650),(0.0340516,0.0213554,0.0120650),(0.0339228,0.0235737,0.0120650),(0.0338452,0.0235896,0.0120650),(0.0340516,0.0213554,0.0120650),(0.0338452,0.0235896,0.0120650),(0.0337629,0.0235737,0.0120650),(0.0340516,0.0213554,0.0120650),(0.0337629,0.0235737,0.0120650),(0.0336918,0.0235261,0.0120650),(0.0340516,0.0213554,0.0120650),(0.0336918,0.0235261,0.0120650),(0.0336434,0.0234573,0.0120650),(0.0340516,0.0213554,0.0120650),(0.0336434,0.0234573,0.0120650),(0.0336272,0.0233758,0.0120650),(0.0340516,0.0213554,0.0120650),(0.0336272,0.0233758,0.0120650),(0.0336272,0.0197489,0.0120650),(0.0340516,0.0213554,0.0120650),(0.0336272,0.0197489,0.0120650),(0.0336428,0.0196669,0.0120650),(0.0340516,0.0213554,0.0120650),(0.0336428,0.0196669,0.0120650),(0.0336897,0.0195986,0.0120650),(0.0340516,0.0213554,0.0120650),(0.0336897,0.0195986,0.0120650),(0.0337592,0.0195526,0.0120650),(0.0340516,0.0213554,0.0120650),(0.0337592,0.0195526,0.0120650),(0.0338410,0.0195372,0.0120650),(0.0340516,0.0213554,0.0120650),(0.0338410,0.0195372,0.0120650),(0.0339188,0.0195523,0.0120650),(0.0340516,0.0213554,0.0120650),(0.0339188,0.0195523,0.0120650),(0.0339913,0.0195976,0.0120650),(0.0340516,0.0213554,0.0120650),(0.0339913,0.0195976,0.0120650),(0.0340365,0.0196624,0.0120650),(0.0340516,0.0213554,0.0120650),(0.0340365,0.0196624,0.0120650),(0.0340516,0.0197489,0.0120650),(0.0412335,0.0210676,0.0120650),(0.0412335,0.0233758,0.0120650),(0.0412181,0.0234573,0.0120650),(0.0412335,0.0210676,0.0120650),(0.0412181,0.0234573,0.0120650),(0.0411721,0.0235261,0.0120650),(0.0412335,0.0210676,0.0120650),(0.0411721,0.0235261,0.0120650),(0.0411046,0.0235737,0.0120650),(0.0412384,0.0209551,0.0120650),(0.0412335,0.0210676,0.0120650),(0.0411046,0.0235737,0.0120650),(0.0412384,0.0209551,0.0120650),(0.0411046,0.0235737,0.0120650),(0.0410250,0.0235896,0.0120650),(0.0412384,0.0209551,0.0120650),(0.0410250,0.0235896,0.0120650),(0.0409416,0.0235732,0.0120650),(0.0412384,0.0209551,0.0120650),(0.0409416,0.0235732,0.0120650),(0.0408673,0.0235240,0.0120650),(0.0412384,0.0209551,0.0120650),(0.0408673,0.0235240,0.0120650),(0.0408220,0.0234594,0.0120650),(0.0412384,0.0209551,0.0120650),(0.0408220,0.0234594,0.0120650),(0.0408069,0.0233758,0.0120650),(0.0412384,0.0209551,0.0120650),(0.0408069,0.0233758,0.0120650),(0.0408069,0.0210676,0.0120650),(0.0412384,0.0209551,0.0120650),(0.0408069,0.0210676,0.0120650),(0.0408139,0.0209125,0.0120650),(0.0412384,0.0209551,0.0120650),(0.0408139,0.0209125,0.0120650),(0.0408347,0.0207631,0.0120650),(0.0412384,0.0209551,0.0120650),(0.0408347,0.0207631,0.0120650),(0.0408695,0.0206195,0.0120650),(0.0412384,0.0209551,0.0120650),(0.0408695,0.0206195,0.0120650),(0.0409181,0.0204815,0.0120650),(0.0412384,0.0209551,0.0120650),(0.0409181,0.0204815,0.0120650),(0.0409806,0.0203493,0.0120650),(0.0412384,0.0209551,0.0120650),(0.0409806,0.0203493,0.0120650),(0.0410570,0.0202228,0.0120650),(0.0412384,0.0209551,0.0120650),(0.0410570,0.0202228,0.0120650),(0.0411473,0.0201021,0.0120650),(0.0412384,0.0209551,0.0120650),(0.0411473,0.0201021,0.0120650),(0.0412514,0.0199870,0.0120650),(0.0412384,0.0209551,0.0120650),(0.0412514,0.0199870,0.0120650),(0.0413640,0.0198816,0.0120650),(0.0413640,0.0198816,0.0120650),(0.0414827,0.0197902,0.0120650),(0.0416074,0.0197129,0.0120650),(0.0413640,0.0198816,0.0120650),(0.0416074,0.0197129,0.0120650),(0.0417383,0.0196497,0.0120650),(0.0413640,0.0198816,0.0120650),(0.0417383,0.0196497,0.0120650),(0.0418752,0.0196005,0.0120650),(0.0413640,0.0198816,0.0120650),(0.0418752,0.0196005,0.0120650),(0.0420182,0.0195653,0.0120650),(0.0413640,0.0198816,0.0120650),(0.0420182,0.0195653,0.0120650),(0.0421673,0.0195443,0.0120650),(0.0413640,0.0198816,0.0120650),(0.0421673,0.0195443,0.0120650),(0.0423225,0.0195372,0.0120650),(0.0413640,0.0198816,0.0120650),(0.0423225,0.0195372,0.0120650),(0.0424779,0.0195443,0.0120650),(0.0413640,0.0198816,0.0120650),(0.0424779,0.0195443,0.0120650),(0.0426276,0.0195653,0.0120650),(0.0413640,0.0198816,0.0120650),(0.0426276,0.0195653,0.0120650),(0.0427717,0.0196005,0.0120650),(0.0413640,0.0198816,0.0120650),(0.0427717,0.0196005,0.0120650),(0.0429101,0.0196497,0.0120650),(0.0413640,0.0198816,0.0120650),(0.0429101,0.0196497,0.0120650),(0.0430429,0.0197129,0.0120650),(0.0413640,0.0198816,0.0120650),(0.0430429,0.0197129,0.0120650),(0.0431700,0.0197902,0.0120650),(0.0413640,0.0198816,0.0120650),(0.0431700,0.0197902,0.0120650),(0.0432915,0.0198816,0.0120650),(0.0413640,0.0198816,0.0120650),(0.0432915,0.0198816,0.0120650),(0.0434073,0.0199870,0.0120650),(0.0434073,0.0199870,0.0120650),(0.0435119,0.0201007,0.0120650),(0.0436027,0.0202207,0.0120650),(0.0434073,0.0199870,0.0120650),(0.0436027,0.0202207,0.0120650),(0.0436794,0.0203468,0.0120650),(0.0434073,0.0199870,0.0120650),(0.0436794,0.0203468,0.0120650),(0.0437422,0.0204791,0.0120650),(0.0434073,0.0199870,0.0120650),(0.0437422,0.0204791,0.0120650),(0.0437911,0.0206177,0.0120650),(0.0434073,0.0199870,0.0120650),(0.0437911,0.0206177,0.0120650),(0.0438260,0.0207625,0.0120650),(0.0434073,0.0199870,0.0120650),(0.0438260,0.0207625,0.0120650),(0.0438469,0.0209135,0.0120650),(0.0434073,0.0199870,0.0120650),(0.0438469,0.0209135,0.0120650),(0.0438539,0.0210708,0.0120650),(0.0434073,0.0199870,0.0120650),(0.0438539,0.0210708,0.0120650),(0.0438539,0.0233758,0.0120650),(0.0434073,0.0199870,0.0120650),(0.0438539,0.0233758,0.0120650),(0.0438385,0.0234573,0.0120650),(0.0434073,0.0199870,0.0120650),(0.0438385,0.0234573,0.0120650),(0.0437925,0.0235261,0.0120650),(0.0434073,0.0199870,0.0120650),(0.0437925,0.0235261,0.0120650),(0.0437242,0.0235737,0.0120650),(0.0434073,0.0199870,0.0120650),(0.0437242,0.0235737,0.0120650),(0.0436422,0.0235896,0.0120650),(0.0434073,0.0199870,0.0120650),(0.0436422,0.0235896,0.0120650),(0.0435602,0.0235737,0.0120650),(0.0434073,0.0199870,0.0120650),(0.0435602,0.0235737,0.0120650),(0.0434919,0.0235261,0.0120650),(0.0434919,0.0235261,0.0120650),(0.0434459,0.0234573,0.0120650),(0.0434306,0.0233758,0.0120650),(0.0434919,0.0235261,0.0120650),(0.0434306,0.0233758,0.0120650),(0.0434306,0.0210708,0.0120650),(0.0434073,0.0199870,0.0120650),(0.0434919,0.0235261,0.0120650),(0.0434306,0.0210708,0.0120650),(0.0434073,0.0199870,0.0120650),(0.0434306,0.0210708,0.0120650),(0.0434254,0.0209587,0.0120650),(0.0434073,0.0199870,0.0120650),(0.0434254,0.0209587,0.0120650),(0.0434101,0.0208508,0.0120650),(0.0434073,0.0199870,0.0120650),(0.0434101,0.0208508,0.0120650),(0.0433846,0.0207468,0.0120650),(0.0434073,0.0199870,0.0120650),(0.0433846,0.0207468,0.0120650),(0.0433488,0.0206469,0.0120650),(0.0434073,0.0199870,0.0120650),(0.0433488,0.0206469,0.0120650),(0.0433028,0.0205510,0.0120650),(0.0434073,0.0199870,0.0120650),(0.0433028,0.0205510,0.0120650),(0.0432466,0.0204592,0.0120650),(0.0434073,0.0199870,0.0120650),(0.0432466,0.0204592,0.0120650),(0.0431802,0.0203714,0.0120650),(0.0434073,0.0199870,0.0120650),(0.0431802,0.0203714,0.0120650),(0.0431035,0.0202876,0.0120650),(0.0434073,0.0199870,0.0120650),(0.0431035,0.0202876,0.0120650),(0.0430217,0.0202112,0.0120650),(0.0434073,0.0199870,0.0120650),(0.0430217,0.0202112,0.0120650),(0.0429353,0.0201450,0.0120650),(0.0434073,0.0199870,0.0120650),(0.0429353,0.0201450,0.0120650),(0.0428445,0.0200890,0.0120650),(0.0434073,0.0199870,0.0120650),(0.0428445,0.0200890,0.0120650),(0.0427493,0.0200431,0.0120650),(0.0434073,0.0199870,0.0120650),(0.0427493,0.0200431,0.0120650),(0.0426495,0.0200075,0.0120650),(0.0434073,0.0199870,0.0120650),(0.0426495,0.0200075,0.0120650),(0.0425453,0.0199820,0.0120650),(0.0434073,0.0199870,0.0120650),(0.0425453,0.0199820,0.0120650),(0.0424367,0.0199667,0.0120650),(0.0413640,0.0198816,0.0120650),(0.0434073,0.0199870,0.0120650),(0.0424367,0.0199667,0.0120650),(0.0413640,0.0198816,0.0120650),(0.0424367,0.0199667,0.0120650),(0.0423235,0.0199616,0.0120650),(0.0413640,0.0198816,0.0120650),(0.0423235,0.0199616,0.0120650),(0.0422124,0.0199667,0.0120650),(0.0413640,0.0198816,0.0120650),(0.0422124,0.0199667,0.0120650),(0.0421055,0.0199819,0.0120650),(0.0413640,0.0198816,0.0120650),(0.0421055,0.0199819,0.0120650),(0.0420027,0.0200072,0.0120650),(0.0413640,0.0198816,0.0120650),(0.0420027,0.0200072,0.0120650),(0.0419042,0.0200426,0.0120650),(0.0413640,0.0198816,0.0120650),(0.0419042,0.0200426,0.0120650),(0.0418098,0.0200881,0.0120650),(0.0413640,0.0198816,0.0120650),(0.0418098,0.0200881,0.0120650),(0.0417197,0.0201438,0.0120650),(0.0413640,0.0198816,0.0120650),(0.0417197,0.0201438,0.0120650),(0.0416338,0.0202096,0.0120650),(0.0413640,0.0198816,0.0120650),(0.0416338,0.0202096,0.0120650),(0.0415520,0.0202855,0.0120650),(0.0413640,0.0198816,0.0120650),(0.0415520,0.0202855,0.0120650),(0.0414773,0.0203685,0.0120650),(0.0413640,0.0198816,0.0120650),(0.0414773,0.0203685,0.0120650),(0.0414126,0.0204558,0.0120650),(0.0413640,0.0198816,0.0120650),(0.0414126,0.0204558,0.0120650),(0.0413579,0.0205473,0.0120650),(0.0413640,0.0198816,0.0120650),(0.0413579,0.0205473,0.0120650),(0.0413131,0.0206429,0.0120650),(0.0413640,0.0198816,0.0120650),(0.0413131,0.0206429,0.0120650),(0.0412782,0.0207428,0.0120650),(0.0413640,0.0198816,0.0120650),(0.0412782,0.0207428,0.0120650),(0.0412534,0.0208469,0.0120650),(0.0412384,0.0209551,0.0120650),(0.0413640,0.0198816,0.0120650),(0.0412534,0.0208469,0.0120650),(0.0330311,0.0232163,0.0120650),(0.0330843,0.0233758,0.0120650),(0.0330692,0.0234557,0.0120650),(0.0330311,0.0232163,0.0120650),(0.0330692,0.0234557,0.0120650),(0.0330240,0.0235240,0.0120650),(0.0330311,0.0232163,0.0120650),(0.0330240,0.0235240,0.0120650),(0.0329557,0.0235732,0.0120650),(0.0330311,0.0232163,0.0120650),(0.0329557,0.0235732,0.0120650),(0.0328716,0.0235896,0.0120650),(0.0330311,0.0232163,0.0120650),(0.0328716,0.0235896,0.0120650),(0.0302511,0.0235896,0.0120650),(0.0330311,0.0232163,0.0120650),(0.0302511,0.0235896,0.0120650),(0.0301580,0.0235692,0.0120650),(0.0330311,0.0232163,0.0120650),(0.0301580,0.0235692,0.0120650),(0.0300839,0.0235081,0.0120650),(0.0330311,0.0232163,0.0120650),(0.0300839,0.0235081,0.0120650),(0.0300373,0.0233758,0.0120650),(0.0330311,0.0232163,0.0120650),(0.0300373,0.0233758,0.0120650),(0.0300373,0.0233599,0.0120650),(0.0330311,0.0232163,0.0120650),(0.0300373,0.0233599,0.0120650),(0.0300977,0.0232308,0.0120650),(0.0330311,0.0232163,0.0120650),(0.0300977,0.0232308,0.0120650),(0.0301688,0.0231800,0.0120650),(0.0330311,0.0232163,0.0120650),(0.0301688,0.0231800,0.0120650),(0.0302511,0.0231631,0.0120650),(0.0330311,0.0232163,0.0120650),(0.0302511,0.0231631,0.0120650),(0.0313507,0.0231631,0.0120650),(0.0313507,0.0231631,0.0120650),(0.0313507,0.0197489,0.0120650),(0.0313661,0.0196669,0.0120650),(0.0313507,0.0231631,0.0120650),(0.0313661,0.0196669,0.0120650),(0.0314121,0.0195986,0.0120650),(0.0313507,0.0231631,0.0120650),(0.0314121,0.0195986,0.0120650),(0.0314804,0.0195526,0.0120650),(0.0313507,0.0231631,0.0120650),(0.0314804,0.0195526,0.0120650),(0.0315624,0.0195372,0.0120650),(0.0313507,0.0231631,0.0120650),(0.0315624,0.0195372,0.0120650),(0.0316444,0.0195526,0.0120650),(0.0313507,0.0231631,0.0120650),(0.0316444,0.0195526,0.0120650),(0.0317127,0.0195986,0.0120650),(0.0313507,0.0231631,0.0120650),(0.0317127,0.0195986,0.0120650),(0.0317587,0.0196669,0.0120650),(0.0313507,0.0231631,0.0120650),(0.0317587,0.0196669,0.0120650),(0.0317741,0.0197489,0.0120650),(0.0313507,0.0231631,0.0120650),(0.0317741,0.0197489,0.0120650),(0.0317741,0.0231631,0.0120650),(0.0330311,0.0232163,0.0120650),(0.0313507,0.0231631,0.0120650),(0.0317741,0.0231631,0.0120650),(0.0330311,0.0232163,0.0120650),(0.0317741,0.0231631,0.0120650),(0.0328716,0.0231631,0.0120650),(0.0330311,0.0232163,0.0120650),(0.0328716,0.0231631,0.0120650),(0.0329646,0.0231764,0.0120650)));
#1152=COMPLEX_TRIANGULATED_SURFACE_SET('surface set',#1151,4671,(),(),(),((1,2,3),(4,5,6),(7,8,9),(10,11,12),(13,14,15),(16,17,18),(19,20,21),(22,23,24),(25,26,27),(28,29,30),(31,32,33),(34,35,36),(37,38,39),(40,41,42),(43,44,45),(46,47,48),(49,50,51),(52,53,54),(55,56,57),(58,59,60),(61,62,63),(64,65,66),(67,68,69),(70,71,72),(73,74,75),(76,77,78),(79,80,81),(82,83,84),(85,86,87),(88,89,90),(91,92,93),(94,95,96),(97,98,99),(100,101,102),(103,104,105),(106,107,108),(109,110,111),(112,113,114),(115,116,117),(118,119,120),(121,122,123),(124,125,126),(127,128,129),(130,131,132),(133,134,135),(136,137,138),(139,140,141),(142,143,144),(145,146,147),(148,149,150),(151,152,153),(154,155,156),(157,158,159),(160,161,162),(163,164,165),(166,167,168),(169,170,171),(172,173,174),(175,176,177),(178,179,180),(181,182,183),(184,185,186),(187,188,189),(190,191,192),(193,194,195),(196,197,198),(199,200,201),(202,203,204),(205,206,207),(208,209,210),(211,212,213),(214,215,216),(217,218,219),(220,221,222),(223,224,225),(226,227,228),(229,230,231),(232,233,234),(235,236,237),(238,239,240),(241,242,243),(244,245,246),(247,248,249),(250,251,252),(253,254,255),(256,257,258),(259,260,261),(262,263,264),(265,266,267),(268,269,270),(271,272,273),(274,275,276),(277,278,279),(280,281,282),(283,284,285),(286,287,288),(289,290,291),(292,293,294),(295,296,297),(298,299,300),(301,302,303),(304,305,306),(307,308,309),(310,311,312),(313,314,315),(316,317,318),(319,320,321),(322,323,324),(325,326,327),(328,329,330),(331,332,333),(334,335,336),(337,338,339),(340,341,342),(343,344,345),(346,347,348),(349,350,351),(352,353,354),(355,356,357),(358,359,360),(361,362,363),(364,365,366),(367,368,369),(370,371,372),(373,374,375),(376,377,378),(379,380,381),(382,383,384),(385,386,387),(388,389,390),(391,392,393),(394,395,396),(397,398,399),(400,401,402),(403,404,405),(406,407,408),(409,410,411),(412,413,414),(415,416,417),(418,419,420),(421,422,423),(424,425,426),(427,428,429),(430,431,432),(433,434,435),(436,437,438),(439,440,441),(442,443,444),(445,446,447),(448,449,450),(451,452,453),(454,455,456),(457,458,459),(460,461,462),(463,464,465),(466,467,468),(469,470,471),(472,473,474),(475,476,477),(478,479,480),(481,482,483),(484,485,486),(487,488,489),(490,491,492),(493,494,495),(496,497,498),(499,500,501),(502,503,504),(505,506,507),(508,509,510),(511,512,513),(514,515,516),(517,518,519),(520,521,522),(523,524,525),(526,527,528),(529,530,531),(532,533,534),(535,536,537),(538,539,540),(541,542,543),(544,545,546),(547,548,549),(550,551,552),(553,554,555),(556,557,558),(559,560,561),(562,563,564),(565,566,567),(568,569,570),(571,572,573),(574,575,576),(577,578,579),(580,581,582),(583,584,585),(586,587,588),(589,590,591),(592,593,594),(595,596,597),(598,599,600),(601,602,603),(604,605,606),(607,608,609),(610,611,612),(613,614,615),(616,617,618),(619,620,621),(622,623,624),(625,626,627),(628,629,630),(631,632,633),(634,635,636),(637,638,639),(640,641,642),(643,644,645),(646,647,648),(649,650,651),(652,653,654),(655,656,657),(658,659,660),(661,662,663),(664,665,666),(667,668,669),(670,671,672),(673,674,675),(676,677,678),(679,680,681),(682,683,684),(685,686,687),(688,689,690),(691,692,693),(694,695,696),(697,698,699),(700,701,702),(703,704,705),(706,707,708),(709,710,711),(712,713,714),(715,716,717),(718,719,720),(721,722,723),(724,725,726),(727,728,729),(730,731,732),(733,734,735),(736,737,738),(739,740,741),(742,743,744),(745,746,747),(748,749,750),(751,752,753),(754,755,756),(757,758,759),(760,761,762),(763,764,765),(766,767,768),(769,770,771),(772,773,774),(775,776,777),(778,779,780),(781,782,783),(784,785,786),(787,788,789),(790,791,792),(793,794,795),(796,797,798),(799,800,801),(802,803,804),(805,806,807),(808,809,810),(811,812,813),(814,815,816),(817,818,819),(820,821,822),(823,824,825),(826,827,828),(829,830,831),(832,833,834),(835,836,837),(838,839,840),(841,842,843),(844,845,846),(847,848,849),(850,851,852),(853,854,855),(856,857,858),(859,860,861),(862,863,864),(865,866,867),(868,869,870),(871,872,873),(874,875,876),(877,878,879),(880,881,882),(883,884,885),(886,887,888),(889,890,891),(892,893,894),(895,896,897),(898,899,900),(901,902,903),(904,905,906),(907,908,909),(910,911,912),(913,914,915),(916,917,918),(919,920,921),(922,923,924),(925,926,927),(928,929,930),(931,932,933),(934,935,936),(937,938,939),(940,941,942),(943,944,945),(946,947,948),(949,950,951),(952,953,954),(955,956,957),(958,959,960),(961,962,963),(964,965,966),(967,968,969),(970,971,972),(973,974,975),(976,977,978),(979,980,981),(982,983,984),(985,986,987),(988,989,990),(991,992,993),(994,995,996),(997,998,999),(1000,1001,1002),(1003,1004,1005),(1006,1007,1008),(1009,1010,1011),(1012,1013,1014),(1015,1016,1017),(1018,1019,1020),(1021,1022,1023),(1024,1025,1026),(1027,1028,1029),(1030,1031,1032),(1033,1034,1035),(1036,1037,1038),(1039,1040,1041),(1042,1043,1044),(1045,1046,1047),(1048,1049,1050),(1051,1052,1053),(1054,1055,1056),(1057,1058,1059),(1060,1061,1062),(1063,1064,1065),(1066,1067,1068),(1069,1070,1071),(1072,1073,1074),(1075,1076,1077),(1078,1079,1080),(1081,1082,1083),(1084,1085,1086),(1087,1088,1089),(1090,1091,1092),(1093,1094,1095),(1096,1097,1098),(1099,1100,1101),(1102,1103,1104),(1105,1106,1107),(1108,1109,1110),(1111,1112,1113),(1114,1115,1116),(1117,1118,1119),(1120,1121,1122),(1123,1124,1125),(1126,1127,1128),(1129,1130,1131),(1132,1133,1134),(1135,1136,1137),(1138,1139,1140),(1141,1142,1143),(1144,1145,1146),(1147,1148,1149),(1150,1151,1152),(1153,1154,1155),(1156,1157,1158),(1159,1160,1161),(1162,1163,1164),(1165,1166,1167),(1168,1169,1170),(1171,1172,1173),(1174,1175,1176),(1177,1178,1179),(1180,1181,1182),(1183,1184,1185),(1186,1187,1188),(1189,1190,1191),(1192,1193,1194),(1195,1196,1197),(1198,1199,1200),(1201,1202,1203),(1204,1205,1206),(1207,1208,1209),(1210,1211,1212),(1213,1214,1215),(1216,1217,1218),(1219,1220,1221),(1222,1223,1224),(1225,1226,1227),(1228,1229,1230),(1231,1232,1233),(1234,1235,1236),(1237,1238,1239),(1240,1241,1242),(1243,1244,1245),(1246,1247,1248),(1249,1250,1251),(1252,1253,1254),(1255,1256,1257),(1258,1259,1260),(1261,1262,1263),(1264,1265,1266),(1267,1268,1269),(1270,1271,1272),(1273,1274,1275),(1276,1277,1278),(1279,1280,1281),(1282,1283,1284),(1285,1286,1287),(1288,1289,1290),(1291,1292,1293),(1294,1295,1296),(1297,1298,1299),(1300,1301,1302),(1303,1304,1305),(1306,1307,1308),(1309,1310,1311),(1312,1313,1314),(1315,1316,1317),(1318,1319,1320),(1321,1322,1323),(1324,1325,1326),(1327,1328,1329),(1330,1331,1332),(1333,1334,1335),(1336,1337,1338),(1339,1340,1341),(1342,1343,1344),(1345,1346,1347),(1348,1349,1350),(1351,1352,1353),(1354,1355,1356),(1357,1358,1359),(1360,1361,1362),(1363,1364,1365),(1366,1367,1368),(1369,1370,1371),(1372,1373,1374),(1375,1376,1377),(1378,1379,1380),(1381,1382,1383),(1384,1385,1386),(1387,1388,1389),(1390,1391,1392),(1393,1394,1395),(1396,1397,1398),(1399,1400,1401),(1402,1403,1404),(1405,1406,1407),(1408,1409,1410),(1411,1412,1413),(1414,1415,1416),(1417,1418,1419),(1420,1421,1422),(1423,1424,1425),(1426,1427,1428),(1429,1430,1431),(1432,1433,1434),(1435,1436,1437),(1438,1439,1440),(1441,1442,1443),(1444,1445,1446),(1447,1448,1449),(1450,1451,1452),(1453,1454,1455),(1456,1457,1458),(1459,1460,1461),(1462,1463,1464),(1465,1466,1467),(1468,1469,1470),(1471,1472,1473),(1474,1475,1476),(1477,1478,1479),(1480,1481,1482),(1483,1484,1485),(1486,1487,1488),(1489,1490,1491),(1492,1493,1494),(1495,1496,1497),(1498,1499,1500),(1501,1502,1503),(1504,1505,1506),(1507,1508,1509),(1510,1511,1512),(1513,1514,1515),(1516,1517,1518),(1519,1520,1521),(1522,1523,1524),(1525,1526,1527),(1528,1529,1530),(1531,1532,1533),(1534,1535,1536),(1537,1538,1539),(1540,1541,1542),(1543,1544,1545),(1546,1547,1548),(1549,1550,1551),(1552,1553,1554),(1555,1556,1557),(1558,1559,1560),(1561,1562,1563),(1564,1565,1566),(1567,1568,1569),(1570,1571,1572),(1573,1574,1575),(1576,1577,1578),(1579,1580,1581),(1582,1583,1584),(1585,1586,1587),(1588,1589,1590),(1591,1592,1593),(1594,1595,1596),(1597,1598,1599),(1600,1601,1602),(1603,1604,1605),(1606,1607,1608),(1609,1610,1611),(1612,1613,1614),(1615,1616,1617),(1618,1619,1620),(1621,1622,1623),(1624,1625,1626),(1627,1628,1629),(1630,1631,1632),(1633,1634,1635),(1636,1637,1638),(1639,1640,1641),(1642,1643,1644),(1645,1646,1647),(1648,1649,1650),(1651,1652,1653),(1654,1655,1656),(1657,1658,1659),(1660,1661,1662),(1663,1664,1665),(1666,1667,1668),(1669,1670,1671),(1672,1673,1674),(1675,1676,1677),(1678,1679,1680),(1681,1682,1683),(1684,1685,1686),(1687,1688,1689),(1690,1691,1692),(1693,1694,1695),(1696,1697,1698),(1699,1700,1701),(1702,1703,1704),(1705,1706,1707),(1708,1709,1710),(1711,1712,1713),(1714,1715,1716),(1717,1718,1719),(1720,1721,1722),(1723,1724,1725),(1726,1727,1728),(1729,1730,1731),(1732,1733,1734),(1735,1736,1737),(1738,1739,1740),(1741,1742,1743),(1744,1745,1746),(1747,1748,1749),(1750,1751,1752),(1753,1754,1755),(1756,1757,1758),(1759,1760,1761),(1762,1763,1764),(1765,1766,1767),(1768,1769,1770),(1771,1772,1773),(1774,1775,1776),(1777,1778,1779),(1780,1781,1782),(1783,1784,1785),(1786,1787,1788),(1789,1790,1791),(1792,1793,1794),(1795,1796,1797),(1798,1799,1800),(1801,1802,1803),(1804,1805,1806),(1807,1808,1809),(1810,1811,1812),(1813,1814,1815),(1816,1817,1818),(1819,1820,1821),(1822,1823,1824),(1825,1826,1827),(1828,1829,1830),(1831,1832,1833),(1834,1835,1836),(1837,1838,1839),(1840,1841,1842),(1843,1844,1845),(1846,1847,1848),(1849,1850,1851),(1852,1853,1854),(1855,1856,1857),(1858,1859,1860),(1861,1862,1863),(1864,1865,1866),(1867,1868,1869),(1870,1871,1872),(1873,1874,1875),(1876,1877,1878),(1879,1880,1881),(1882,1883,1884),(1885,1886,1887),(1888,1889,1890),(1891,1892,1893),(1894,1895,1896),(1897,1898,1899),(1900,1901,1902),(1903,1904,1905),(1906,1907,1908),(1909,1910,1911),(1912,1913,1914),(1915,1916,1917),(1918,1919,1920),(1921,1922,1923),(1924,1925,1926),(1927,1928,1929),(1930,1931,1932),(1933,1934,1935),(1936,1937,1938),(1939,1940,1941),(1942,1943,1944),(1945,1946,1947),(1948,1949,1950),(1951,1952,1953),(1954,1955,1956),(1957,1958,1959),(1960,1961,1962),(1963,1964,1965),(1966,1967,1968),(1969,1970,1971),(1972,1973,1974),(1975,1976,1977),(1978,1979,1980),(1981,1982,1983),(1984,1985,1986),(1987,1988,1989),(1990,1991,1992),(1993,1994,1995),(1996,1997,1998),(1999,2000,2001),(2002,2003,2004),(2005,2006,2007),(2008,2009,2010),(2011,2012,2013),(2014,2015,2016),(2017,2018,2019),(2020,2021,2022),(2023,2024,2025),(2026,2027,2028),(2029,2030,2031),(2032,2033,2034),(2035,2036,2037),(2038,2039,2040),(2041,2042,2043),(2044,2045,2046),(2047,2048,2049),(2050,2051,2052),(2053,2054,2055),(2056,2057,2058),(2059,2060,2061),(2062,2063,2064),(2065,2066,2067),(2068,2069,2070),(2071,2072,2073),(2074,2075,2076),(2077,2078,2079),(2080,2081,2082),(2083,2084,2085),(2086,2087,2088),(2089,2090,2091),(2092,2093,2094),(2095,2096,2097),(2098,2099,2100),(2101,2102,2103),(2104,2105,2106),(2107,2108,2109),(2110,2111,2112),(2113,2114,2115),(2116,2117,2118),(2119,2120,2121),(2122,2123,2124),(2125,2126,2127),(2128,2129,2130),(2131,2132,2133),(2134,2135,2136),(2137,2138,2139),(2140,2141,2142),(2143,2144,2145),(2146,2147,2148),(2149,2150,2151),(2152,2153,2154),(2155,2156,2157),(2158,2159,2160),(2161,2162,2163),(2164,2165,2166),(2167,2168,2169),(2170,2171,2172),(2173,2174,2175),(2176,2177,2178),(2179,2180,2181),(2182,2183,2184),(2185,2186,2187),(2188,2189,2190),(2191,2192,2193),(2194,2195,2196),(2197,2198,2199),(2200,2201,2202),(2203,2204,2205),(2206,2207,2208),(2209,2210,2211),(2212,2213,2214),(2215,2216,2217),(2218,2219,2220),(2221,2222,2223),(2224,2225,2226),(2227,2228,2229),(2230,2231,2232),(2233,2234,2235),(2236,2237,2238),(2239,2240,2241),(2242,2243,2244),(2245,2246,2247),(2248,2249,2250),(2251,2252,2253),(2254,2255,2256),(2257,2258,2259),(2260,2261,2262),(2263,2264,2265),(2266,2267,2268),(2269,2270,2271),(2272,2273,2274),(2275,2276,2277),(2278,2279,2280),(2281,2282,2283),(2284,2285,2286),(2287,2288,2289),(2290,2291,2292),(2293,2294,2295),(2296,2297,2298),(2299,2300,2301),(2302,2303,2304),(2305,2306,2307),(2308,2309,2310),(2311,2312,2313),(2314,2315,2316),(2317,2318,2319),(2320,2321,2322),(2323,2324,2325),(2326,2327,2328),(2329,2330,2331),(2332,2333,2334),(2335,2336,2337),(2338,2339,2340),(2341,2342,2343),(2344,2345,2346),(2347,2348,2349),(2350,2351,2352),(2353,2354,2355),(2356,2357,2358),(2359,2360,2361),(2362,2363,2364),(2365,2366,2367),(2368,2369,2370),(2371,2372,2373),(2374,2375,2376),(2377,2378,2379),(2380,2381,2382),(2383,2384,2385),(2386,2387,2388),(2389,2390,2391),(2392,2393,2394),(2395,2396,2397),(2398,2399,2400),(2401,2402,2403),(2404,2405,2406),(2407,2408,2409),(2410,2411,2412),(2413,2414,2415),(2416,2417,2418),(2419,2420,2421),(2422,2423,2424),(2425,2426,2427),(2428,2429,2430),(2431,2432,2433),(2434,2435,2436),(2437,2438,2439),(2440,2441,2442),(2443,2444,2445),(2446,2447,2448),(2449,2450,2451),(2452,2453,2454),(2455,2456,2457),(2458,2459,2460),(2461,2462,2463),(2464,2465,2466),(2467,2468,2469),(2470,2471,2472),(2473,2474,2475),(2476,2477,2478),(2479,2480,2481),(2482,2483,2484),(2485,2486,2487),(2488,2489,2490),(2491,2492,2493),(2494,2495,2496),(2497,2498,2499),(2500,2501,2502),(2503,2504,2505),(2506,2507,2508),(2509,2510,2511),(2512,2513,2514),(2515,2516,2517),(2518,2519,2520),(2521,2522,2523),(2524,2525,2526),(2527,2528,2529),(2530,2531,2532),(2533,2534,2535),(2536,2537,2538),(2539,2540,2541),(2542,2543,2544),(2545,2546,2547),(2548,2549,2550),(2551,2552,2553),(2554,2555,2556),(2557,2558,2559),(2560,2561,2562),(2563,2564,2565),(2566,2567,2568),(2569,2570,2571),(2572,2573,2574),(2575,2576,2577),(2578,2579,2580),(2581,2582,2583),(2584,2585,2586),(2587,2588,2589),(2590,2591,2592),(2593,2594,2595),(2596,2597,2598),(2599,2600,2601),(2602,2603,2604),(2605,2606,2607),(2608,2609,2610),(2611,2612,2613),(2614,2615,2616),(2617,2618,2619),(2620,2621,2622),(2623,2624,2625),(2626,2627,2628),(2629,2630,2631),(2632,2633,2634),(2635,2636,2637),(2638,2639,2640),(2641,2642,2643),(2644,2645,2646),(2647,2648,2649),(2650,2651,2652),(2653,2654,2655),(2656,2657,2658),(2659,2660,2661),(2662,2663,2664),(2665,2666,2667),(2668,2669,2670),(2671,2672,2673),(2674,2675,2676),(2677,2678,2679),(2680,2681,2682),(2683,2684,2685),(2686,2687,2688),(2689,2690,2691),(2692,2693,2694),(2695,2696,2697),(2698,2699,2700),(2701,2702,2703),(2704,2705,2706),(2707,2708,2709),(2710,2711,2712),(2713,2714,2715),(2716,2717,2718),(2719,2720,2721),(2722,2723,2724),(2725,2726,2727),(2728,2729,2730),(2731,2732,2733),(2734,2735,2736),(2737,2738,2739),(2740,2741,2742),(2743,2744,2745),(2746,2747,2748),(2749,2750,2751),(2752,2753,2754),(2755,2756,2757),(2758,2759,2760),(2761,2762,2763),(2764,2765,2766),(2767,2768,2769),(2770,2771,2772),(2773,2774,2775),(2776,2777,2778),(2779,2780,2781),(2782,2783,2784),(2785,2786,2787),(2788,2789,2790),(2791,2792,2793),(2794,2795,2796),(2797,2798,2799),(2800,2801,2802),(2803,2804,2805),(2806,2807,2808),(2809,2810,2811),(2812,2813,2814),(2815,2816,2817),(2818,2819,2820),(2821,2822,2823),(2824,2825,2826),(2827,2828,2829),(2830,2831,2832),(2833,2834,2835),(2836,2837,2838),(2839,2840,2841),(2842,2843,2844),(2845,2846,2847),(2848,2849,2850),(2851,2852,2853),(2854,2855,2856),(2857,2858,2859),(2860,2861,2862),(2863,2864,2865),(2866,2867,2868),(2869,2870,2871),(2872,2873,2874),(2875,2876,2877),(2878,2879,2880),(2881,2882,2883),(2884,2885,2886),(2887,2888,2889),(2890,2891,2892),(2893,2894,2895),(2896,2897,2898),(2899,2900,2901),(2902,2903,2904),(2905,2906,2907),(2908,2909,2910),(2911,2912,2913),(2914,2915,2916),(2917,2918,2919),(2920,2921,2922),(2923,2924,2925),(2926,2927,2928),(2929,2930,2931),(2932,2933,2934),(2935,2936,2937),(2938,2939,2940),(2941,2942,2943),(2944,2945,2946),(2947,2948,2949),(2950,2951,2952),(2953,2954,2955),(2956,2957,2958),(2959,2960,2961),(2962,2963,2964),(2965,2966,2967),(2968,2969,2970),(2971,2972,2973),(2974,2975,2976),(2977,2978,2979),(2980,2981,2982),(2983,2984,2985),(2986,2987,2988),(2989,2990,2991),(2992,2993,2994),(2995,2996,2997),(2998,2999,3000),(3001,3002,3003),(3004,3005,3006),(3007,3008,3009),(3010,3011,3012),(3013,3014,3015),(3016,3017,3018),(3019,3020,3021),(3022,3023,3024),(3025,3026,3027),(3028,3029,3030),(3031,3032,3033),(3034,3035,3036),(3037,3038,3039),(3040,3041,3042),(3043,3044,3045),(3046,3047,3048),(3049,3050,3051),(3052,3053,3054),(3055,3056,3057),(3058,3059,3060),(3061,3062,3063),(3064,3065,3066),(3067,3068,3069),(3070,3071,3072),(3073,3074,3075),(3076,3077,3078),(3079,3080,3081),(3082,3083,3084),(3085,3086,3087),(3088,3089,3090),(3091,3092,3093),(3094,3095,3096),(3097,3098,3099),(3100,3101,3102),(3103,3104,3105),(3106,3107,3108),(3109,3110,3111),(3112,3113,3114),(3115,3116,3117),(3118,3119,3120),(3121,3122,3123),(3124,3125,3126),(3127,3128,3129),(3130,3131,3132),(3133,3134,3135),(3136,3137,3138),(3139,3140,3141),(3142,3143,3144),(3145,3146,3147),(3148,3149,3150),(3151,3152,3153),(3154,3155,3156),(3157,3158,3159),(3160,3161,3162),(3163,3164,3165),(3166,3167,3168),(3169,3170,3171),(3172,3173,3174),(3175,3176,3177),(3178,3179,3180),(3181,3182,3183),(3184,3185,3186),(3187,3188,3189),(3190,3191,3192),(3193,3194,3195),(3196,3197,3198),(3199,3200,3201),(3202,3203,3204),(3205,3206,3207),(3208,3209,3210),(3211,3212,3213),(3214,3215,3216),(3217,3218,3219),(3220,3221,3222),(3223,3224,3225),(3226,3227,3228),(3229,3230,3231),(3232,3233,3234),(3235,3236,3237),(3238,3239,3240),(3241,3242,3243),(3244,3245,3246),(3247,3248,3249),(3250,3251,3252),(3253,3254,3255),(3256,3257,3258),(3259,3260,3261),(3262,3263,3264),(3265,3266,3267),(3268,3269,3270),(3271,3272,3273),(3274,3275,3276),(3277,3278,3279),(3280,3281,3282),(3283,3284,3285),(3286,3287,3288),(3289,3290,3291),(3292,3293,3294),(3295,3296,3297),(3298,3299,3300),(3301,3302,3303),(3304,3305,3306),(3307,3308,3309),(3310,3311,3312),(3313,3314,3315),(3316,3317,3318),(3319,3320,3321),(3322,3323,3324),(3325,3326,3327),(3328,3329,3330),(3331,3332,3333),(3334,3335,3336),(3337,3338,3339),(3340,3341,3342),(3343,3344,3345),(3346,3347,3348),(3349,3350,3351),(3352,3353,3354),(3355,3356,3357),(3358,3359,3360),(3361,3362,3363),(3364,3365,3366),(3367,3368,3369),(3370,3371,3372),(3373,3374,3375),(3376,3377,3378),(3379,3380,3381),(3382,3383,3384),(3385,3386,3387),(3388,3389,3390),(3391,3392,3393),(3394,3395,3396),(3397,3398,3399),(3400,3401,3402),(3403,3404,3405),(3406,3407,3408),(3409,3410,3411),(3412,3413,3414),(3415,3416,3417),(3418,3419,3420),(3421,3422,3423),(3424,3425,3426),(3427,3428,3429),(3430,3431,3432),(3433,3434,3435),(3436,3437,3438),(3439,3440,3441),(3442,3443,3444),(3445,3446,3447),(3448,3449,3450),(3451,3452,3453),(3454,3455,3456),(3457,3458,3459),(3460,3461,3462),(3463,3464,3465),(3466,3467,3468),(3469,3470,3471),(3472,3473,3474),(3475,3476,3477),(3478,3479,3480),(3481,3482,3483),(3484,3485,3486),(3487,3488,3489),(3490,3491,3492),(3493,3494,3495),(3496,3497,3498),(3499,3500,3501),(3502,3503,3504),(3505,3506,3507),(3508,3509,3510),(3511,3512,3513),(3514,3515,3516),(3517,3518,3519),(3520,3521,3522),(3523,3524,3525),(3526,3527,3528),(3529,3530,3531),(3532,3533,3534),(3535,3536,3537),(3538,3539,3540),(3541,3542,3543),(3544,3545,3546),(3547,3548,3549),(3550,3551,3552),(3553,3554,3555),(3556,3557,3558),(3559,3560,3561),(3562,3563,3564),(3565,3566,3567),(3568,3569,3570),(3571,3572,3573),(3574,3575,3576),(3577,3578,3579),(3580,3581,3582),(3583,3584,3585),(3586,3587,3588),(3589,3590,3591),(3592,3593,3594),(3595,3596,3597),(3598,3599,3600),(3601,3602,3603),(3604,3605,3606),(3607,3608,3609),(3610,3611,3612),(3613,3614,3615),(3616,3617,3618),(3619,3620,3621),(3622,3623,3624),(3625,3626,3627),(3628,3629,3630),(3631,3632,3633),(3634,3635,3636),(3637,3638,3639),(3640,3641,3642),(3643,3644,3645),(3646,3647,3648),(3649,3650,3651),(3652,3653,3654),(3655,3656,3657),(3658,3659,3660),(3661,3662,3663),(3664,3665,3666),(3667,3668,3669),(3670,3671,3672),(3673,3674,3675),(3676,3677,3678),(3679,3680,3681),(3682,3683,3684),(3685,3686,3687),(3688,3689,3690),(3691,3692,3693),(3694,3695,3696),(3697,3698,3699),(3700,3701,3702),(3703,3704,3705),(3706,3707,3708),(3709,3710,3711),(3712,3713,3714),(3715,3716,3717),(3718,3719,3720),(3721,3722,3723),(3724,3725,3726),(3727,3728,3729),(3730,3731,3732),(3733,3734,3735),(3736,3737,3738),(3739,3740,3741),(3742,3743,3744),(3745,3746,3747),(3748,3749,3750),(3751,3752,3753),(3754,3755,3756),(3757,3758,3759),(3760,3761,3762),(3763,3764,3765),(3766,3767,3768),(3769,3770,3771),(3772,3773,3774),(3775,3776,3777),(3778,3779,3780),(3781,3782,3783),(3784,3785,3786),(3787,3788,3789),(3790,3791,3792),(3793,3794,3795),(3796,3797,3798),(3799,3800,3801),(3802,3803,3804),(3805,3806,3807),(3808,3809,3810),(3811,3812,3813),(3814,3815,3816),(3817,3818,3819),(3820,3821,3822),(3823,3824,3825),(3826,3827,3828),(3829,3830,3831),(3832,3833,3834),(3835,3836,3837),(3838,3839,3840),(3841,3842,3843),(3844,3845,3846),(3847,3848,3849),(3850,3851,3852),(3853,3854,3855),(3856,3857,3858),(3859,3860,3861),(3862,3863,3864),(3865,3866,3867),(3868,3869,3870),(3871,3872,3873),(3874,3875,3876),(3877,3878,3879),(3880,3881,3882),(3883,3884,3885),(3886,3887,3888),(3889,3890,3891),(3892,3893,3894),(3895,3896,3897),(3898,3899,3900),(3901,3902,3903),(3904,3905,3906),(3907,3908,3909),(3910,3911,3912),(3913,3914,3915),(3916,3917,3918),(3919,3920,3921),(3922,3923,3924),(3925,3926,3927),(3928,3929,3930),(3931,3932,3933),(3934,3935,3936),(3937,3938,3939),(3940,3941,3942),(3943,3944,3945),(3946,3947,3948),(3949,3950,3951),(3952,3953,3954),(3955,3956,3957),(3958,3959,3960),(3961,3962,3963),(3964,3965,3966),(3967,3968,3969),(3970,3971,3972),(3973,3974,3975),(3976,3977,3978),(3979,3980,3981),(3982,3983,3984),(3985,3986,3987),(3988,3989,3990),(3991,3992,3993),(3994,3995,3996),(3997,3998,3999),(4000,4001,4002),(4003,4004,4005),(4006,4007,4008),(4009,4010,4011),(4012,4013,4014),(4015,4016,4017),(4018,4019,4020),(4021,4022,4023),(4024,4025,4026),(4027,4028,4029),(4030,4031,4032),(4033,4034,4035),(4036,4037,4038),(4039,4040,4041),(4042,4043,4044),(4045,4046,4047),(4048,4049,4050),(4051,4052,4053),(4054,4055,4056),(4057,4058,4059),(4060,4061,4062),(4063,4064,4065),(4066,4067,4068),(4069,4070,4071),(4072,4073,4074),(4075,4076,4077),(4078,4079,4080),(4081,4082,4083),(4084,4085,4086),(4087,4088,4089),(4090,4091,4092),(4093,4094,4095),(4096,4097,4098),(4099,4100,4101),(4102,4103,4104),(4105,4106,4107),(4108,4109,4110),(4111,4112,4113),(4114,4115,4116),(4117,4118,4119),(4120,4121,4122),(4123,4124,4125),(4126,4127,4128),(4129,4130,4131),(4132,4133,4134),(4135,4136,4137),(4138,4139,4140),(4141,4142,4143),(4144,4145,4146),(4147,4148,4149),(4150,4151,4152),(4153,4154,4155),(4156,4157,4158),(4159,4160,4161),(4162,4163,4164),(4165,4166,4167),(4168,4169,4170),(4171,4172,4173),(4174,4175,4176),(4177,4178,4179),(4180,4181,4182),(4183,4184,4185),(4186,4187,4188),(4189,4190,4191),(4192,4193,4194),(4195,4196,4197),(4198,4199,4200),(4201,4202,4203),(4204,4205,4206),(4207,4208,4209),(4210,4211,4212),(4213,4214,4215),(4216,4217,4218),(4219,4220,4221),(4222,4223,4224),(4225,4226,4227),(4228,4229,4230),(4231,4232,4233),(4234,4235,4236),(4237,4238,4239),(4240,4241,4242),(4243,4244,4245),(4246,4247,4248),(4249,4250,4251),(4252,4253,4254),(4255,4256,4257),(4258,4259,4260),(4261,4262,4263),(4264,4265,4266),(4267,4268,4269),(4270,4271,4272),(4273,4274,4275),(4276,4277,4278),(4279,4280,4281),(4282,4283,4284),(4285,4286,4287),(4288,4289,4290),(4291,4292,4293),(4294,4295,4296),(4297,4298,4299),(4300,4301,4302),(4303,4304,4305),(4306,4307,4308),(4309,4310,4311),(4312,4313,4314),(4315,4316,4317),(4318,4319,4320),(4321,4322,4323),(4324,4325,4326),(4327,4328,4329),(4330,4331,4332),(4333,4334,4335),(4336,4337,4338),(4339,4340,4341),(4342,4343,4344),(4345,4346,4347),(4348,4349,4350),(4351,4352,4353),(4354,4355,4356),(4357,4358,4359),(4360,4361,4362),(4363,4364,4365),(4366,4367,4368),(4369,4370,4371),(4372,4373,4374),(4375,4376,4377),(4378,4379,4380),(4381,4382,4383),(4384,4385,4386),(4387,4388,4389),(4390,4391,4392),(4393,4394,4395),(4396,4397,4398),(4399,4400,4401),(4402,4403,4404),(4405,4406,4407),(4408,4409,4410),(4411,4412,4413),(4414,4415,4416),(4417,4418,4419),(4420,4421,4422),(4423,4424,4425),(4426,4427,4428),(4429,4430,4431),(4432,4433,4434),(4435,4436,4437),(4438,4439,4440),(4441,4442,4443),(4444,4445,4446),(4447,4448,4449),(4450,4451,4452),(4453,4454,4455),(4456,4457,4458),(4459,4460,4461),(4462,4463,4464),(4465,4466,4467),(4468,4469,4470),(4471,4472,4473),(4474,4475,4476),(4477,4478,4479),(4480,4481,4482),(4483,4484,4485),(4486,4487,4488),(4489,4490,4491),(4492,4493,4494),(4495,4496,4497),(4498,4499,4500),(4501,4502,4503),(4504,4505,4506),(4507,4508,4509),(4510,4511,4512),(4513,4514,4515),(4516,4517,4518),(4519,4520,4521),(4522,4523,4524),(4525,4526,4527),(4528,4529,4530),(4531,4532,4533),(4534,4535,4536),(4537,4538,4539),(4540,4541,4542),(4543,4544,4545),(4546,4547,4548),(4549,4550,4551),(4552,4553,4554),(4555,4556,4557),(4558,4559,4560),(4561,4562,4563),(4564,4565,4566),(4567,4568,4569),(4570,4571,4572),(4573,4574,4575),(4576,4577,4578),(4579,4580,4581),(4582,4583,4584),(4585,4586,4587),(4588,4589,4590),(4591,4592,4593),(4594,4595,4596),(4597,4598,4599),(4600,4601,4602),(4603,4604,4605),(4606,4607,4608),(4609,4610,4611),(4612,4613,4614),(4615,4616,4617),(4618,4619,4620),(4621,4622,4623),(4624,4625,4626),(4627,4628,4629),(4630,4631,4632),(4633,4634,4635),(4636,4637,4638),(4639,4640,4641),(4642,4643,4644),(4645,4646,4647),(4648,4649,4650),(4651,4652,4653),(4654,4655,4656),(4657,4658,4659),(4660,4661,4662),(4663,4664,4665),(4666,4667,4668),(4669,4670,4671)));
#1153=TESSELLATED_GEOMETRIC_SET('hole callout',(#1152));
#1154=COORDINATES_LIST('coordinates',5,((0.0124858,0.0119308,0.0120650),(0.0438539,0.0119308,0.0120650),(0.0014279,0.0058729,0.0120650),(0.0074858,0.0119308,0.0120650),(0.0124858,0.0119308,0.0120650)));
#1155=TESSELLATED_CURVE_SET('curve set',#1154,((1,2),(3,4,5)));
#1156=TESSELLATED_GEOMETRIC_SET('hole callout',(#1155));
#1157=TESSELLATED_ANNOTATION_OCCURRENCE('hole callout',(#1150),#1153);
#1158=TESSELLATED_ANNOTATION_OCCURRENCE('hole callout',(#1150),#1156);
#1159=DRAUGHTING_CALLOUT('hole callout',(#1157,#1158));
#1160=DRAUGHTING_MODEL_ITEM_ASSOCIATION('','',#1116,#1146,#1159);
#1161=DRAUGHTING_MODEL_ITEM_ASSOCIATION('','',#1114,#1146,#1159);
ENDSEC;
END-ISO-10303-21;
