ISO-10303-21;
HEADER;
/*Generated by software containing ST-Developer
 * from STEP Tools, Inc. (www.steptools.com) 
 */
/*OPTION: using custom renumber hook */
/*description */
/*implementation_level */
FILE_DESCRIPTION(('STEP AP242 Edition 2','STEP AP242 Edition 2''CAx-IF Rec.Pracs.---Representation and Presentation of Product Manufa
cturing Information (PMI)---4.0---2014-10-13','STEP AP242 Edition 2''CAx-IF Rec.Pracs.---Representation and Presentation of Product Manufa
cturing Information (PMI)---4.0---2014-10-13''CAx-IF Rec.Pracs.---3D Tessellated Geometry---0.4---2014-09-14','STEP AP242 Edition 2''CAx-IF Rec.Pracs.---Representation and Presentation of Product Manufa
cturing Information (PMI)---4.0---2014-10-13''CAx-IF Rec.Pracs.---3D Tessellated Geometry---0.4---2014-09-14''2;1','STEP AP242 Edition 2''CAx-IF Rec.Pracs.---Representation and Presentation of Product Manufa
cturing Information (PMI)---4.0---2014-10-13''CAx-IF Rec.Pracs.---3D Tessellated Geometry---0.4---2014-09-14''2;1''CAx-IF Rec.Pracs.---User Defined Attributes---1.5---2016-08-15'),'2;1');
/*name */
/*time_stamp */
/*author */
/*organization */
/*preprocessor_version */
/*originating_system */
/*authorisation */
FILE_NAME('/vol/tmp/translate-7408028595820128673/Swerve Camera V2 - Base.step','2026-03-05T02:01:08',(''),(''),'ST-DEVELOPER v20','ONSHAPE BY PTC INC, 1.211','  ');
FILE_SCHEMA(('AP242_MANAGED_MODEL_BASED_3D_ENGINEERING_MIM_LF { 1 0 10303 442 3 1 4 }'));
ENDSEC;
DATA;
#10=SHAPE_REPRESENTATION_RELATIONSHIP('','',#2147,#11);
#11=ADVANCED_BREP_SHAPE_REPRESENTATION('',(#2145),#3810);
#12=ELLIPSE('',#2403,0.0013173361551097,0.00127);
#13=ELLIPSE('',#2407,0.0013173361551097,0.00127);
#14=ELLIPSE('',#2414,0.0013173361551097,0.00127);
#15=ELLIPSE('',#2418,0.0013173361551097,0.00127);
#16=ELLIPSE('',#2421,0.00179605122421383,0.00127);
#17=ELLIPSE('',#2423,0.00179605122421383,0.00127);
#18=ELLIPSE('',#2426,0.00179605122421383,0.00127);
#19=ELLIPSE('',#2428,0.00179605122421383,0.00127);
#20=CONICAL_SURFACE('',#2387,0.001778,0.78539816339745);
#21=CONICAL_SURFACE('',#2388,0.001778,0.78539816339745);
#22=CONICAL_SURFACE('',#2391,0.001778,0.78539816339745);
#23=CONICAL_SURFACE('',#2392,0.001778,0.78539816339745);
#24=CONICAL_SURFACE('',#2395,0.004699,0.785398163397448);
#25=CONICAL_SURFACE('',#2396,0.004699,0.785398163397448);
#26=CONICAL_SURFACE('',#2399,0.004699,0.785398163397448);
#27=CONICAL_SURFACE('',#2400,0.004699,0.785398163397448);
#28=TOROIDAL_SURFACE('',#2286,0.001825625,0.000635);
#29=TOROIDAL_SURFACE('',#2287,0.001825625,0.000635);
#30=TOROIDAL_SURFACE('',#2288,0.001825625,0.000635);
#31=TOROIDAL_SURFACE('',#2289,0.001825625,0.000635);
#32=TOROIDAL_SURFACE('',#2290,0.026578507791587,0.000635);
#33=TOROIDAL_SURFACE('',#2291,0.026578507791587,0.000635);
#34=TOROIDAL_SURFACE('',#2292,0.026578507791587,0.000635);
#35=TOROIDAL_SURFACE('',#2293,0.026578507791587,0.000635);
#36=TOROIDAL_SURFACE('',#2348,0.028007257791587,0.000635);
#37=TOROIDAL_SURFACE('',#2351,0.00254,0.000635);
#38=TOROIDAL_SURFACE('',#2353,0.00254,0.000635);
#39=TOROIDAL_SURFACE('',#2355,0.00269875,0.000635);
#40=TOROIDAL_SURFACE('',#2357,0.00245745,0.000635);
#41=TOROIDAL_SURFACE('',#2361,0.00254,0.000635);
#42=TOROIDAL_SURFACE('',#2363,0.00269875,0.000635);
#43=TOROIDAL_SURFACE('',#2365,0.028007257791587,0.000635);
#44=TOROIDAL_SURFACE('',#2369,0.00254,0.000635);
#45=TOROIDAL_SURFACE('',#2371,0.00254,0.000635);
#46=TOROIDAL_SURFACE('',#2373,0.00245745,0.000635);
#47=TOROIDAL_SURFACE('',#2375,0.028007257791587,0.000635);
#48=TOROIDAL_SURFACE('',#2377,0.00254,0.000635);
#49=TOROIDAL_SURFACE('',#2379,0.00254,0.000635);
#50=TOROIDAL_SURFACE('',#2381,0.028007257791587,0.000635);
#51=TOROIDAL_SURFACE('',#2383,0.00245745,0.000635);
#52=TOROIDAL_SURFACE('',#2385,0.00254,0.000635);
#53=CYLINDRICAL_SURFACE('',#2226,0.0010287);
#54=CYLINDRICAL_SURFACE('',#2227,0.0010287);
#55=CYLINDRICAL_SURFACE('',#2228,0.0010287);
#56=CYLINDRICAL_SURFACE('',#2229,0.0010287);
#57=CYLINDRICAL_SURFACE('',#2230,0.00254);
#58=CYLINDRICAL_SURFACE('',#2231,0.00254);
#59=CYLINDRICAL_SURFACE('',#2232,0.00254);
#60=CYLINDRICAL_SURFACE('',#2233,0.00254);
#61=CYLINDRICAL_SURFACE('',#2234,0.00508);
#62=CYLINDRICAL_SURFACE('',#2236,0.00508);
#63=CYLINDRICAL_SURFACE('',#2238,0.00508);
#64=CYLINDRICAL_SURFACE('',#2240,0.00508);
#65=CYLINDRICAL_SURFACE('',#2242,0.001190625);
#66=CYLINDRICAL_SURFACE('',#2246,0.001190625);
#67=CYLINDRICAL_SURFACE('',#2250,0.001190625);
#68=CYLINDRICAL_SURFACE('',#2254,0.001190625);
#69=CYLINDRICAL_SURFACE('',#2258,0.025943507791587);
#70=CYLINDRICAL_SURFACE('',#2262,0.025943507791587);
#71=CYLINDRICAL_SURFACE('',#2266,0.025943507791587);
#72=CYLINDRICAL_SURFACE('',#2270,0.025943507791587);
#73=CYLINDRICAL_SURFACE('',#2278,0.00127);
#74=CYLINDRICAL_SURFACE('',#2280,0.00127);
#75=CYLINDRICAL_SURFACE('',#2282,0.00127);
#76=CYLINDRICAL_SURFACE('',#2284,0.00127);
#77=CYLINDRICAL_SURFACE('',#2294,0.027372257791587);
#78=CYLINDRICAL_SURFACE('',#2296,0.027372257791587);
#79=CYLINDRICAL_SURFACE('',#2298,0.00206375);
#80=CYLINDRICAL_SURFACE('',#2301,0.00206375);
#81=CYLINDRICAL_SURFACE('',#2304,0.027372257791587);
#82=CYLINDRICAL_SURFACE('',#2306,0.00182245);
#83=CYLINDRICAL_SURFACE('',#2308,0.00182245);
#84=CYLINDRICAL_SURFACE('',#2310,0.00182245);
#85=CYLINDRICAL_SURFACE('',#2330,0.027372257791587);
#86=CYLINDRICAL_SURFACE('',#2332,0.003175);
#87=CYLINDRICAL_SURFACE('',#2334,0.003175);
#88=CYLINDRICAL_SURFACE('',#2336,0.003175);
#89=CYLINDRICAL_SURFACE('',#2338,0.003175);
#90=CYLINDRICAL_SURFACE('',#2340,0.003175);
#91=CYLINDRICAL_SURFACE('',#2342,0.003175);
#92=CYLINDRICAL_SURFACE('',#2344,0.003175);
#93=CYLINDRICAL_SURFACE('',#2346,0.003175);
#94=CYLINDRICAL_SURFACE('',#2359,0.000635);
#95=CYLINDRICAL_SURFACE('',#2367,0.000635);
#96=CYLINDRICAL_SURFACE('',#2404,0.0038227);
#97=CYLINDRICAL_SURFACE('',#2408,0.0025527);
#98=CYLINDRICAL_SURFACE('',#2411,0.0038227);
#99=CYLINDRICAL_SURFACE('',#2415,0.0025527);
#100=CYLINDRICAL_SURFACE('',#2420,0.00127);
#101=CYLINDRICAL_SURFACE('',#2422,0.00127);
#102=CYLINDRICAL_SURFACE('',#2424,0.00127);
#103=CYLINDRICAL_SURFACE('',#2425,0.00127);
#104=CYLINDRICAL_SURFACE('',#2427,0.00127);
#105=CYLINDRICAL_SURFACE('',#2429,0.00127);
#106=B_SPLINE_CURVE_WITH_KNOTS('',3,(#3323,#3324,#3325,#3326,#3327,#3328),.UNSPECIFIED.,.F.,.F.,(4,1,1,4),(0.,0.000380800371155567,0.000761600742311133,0.00152320148462227),.UNSPECIFIED.);
#107=B_SPLINE_CURVE_WITH_KNOTS('',3,(#3334,#3335,#3336,#3337,#3338,#3339),.UNSPECIFIED.,.F.,.F.,(4,1,1,4),(0.,0.000753604633009237,0.00113040694951386,0.00150720926601847),.UNSPECIFIED.);
#108=B_SPLINE_CURVE_WITH_KNOTS('',3,(#3348,#3349,#3350,#3351,#3352,#3353),.UNSPECIFIED.,.F.,.F.,(4,1,1,4),(0.,0.00038080037115556,0.00076160074231112,0.00152320148462224),.UNSPECIFIED.);
#109=B_SPLINE_CURVE_WITH_KNOTS('',3,(#3359,#3360,#3361,#3362,#3363,#3364),.UNSPECIFIED.,.F.,.F.,(4,1,1,4),(0.,0.00075360463300923,0.00113040694951385,0.00150720926601846),.UNSPECIFIED.);
#110=B_SPLINE_CURVE_WITH_KNOTS('',3,(#3373,#3374,#3375,#3376,#3377,#3378),.UNSPECIFIED.,.F.,.F.,(4,1,1,4),(0.,0.000380800371155561,0.000761600742311121,0.00152320148462224),.UNSPECIFIED.);
#111=B_SPLINE_CURVE_WITH_KNOTS('',3,(#3384,#3385,#3386,#3387,#3388,#3389),.UNSPECIFIED.,.F.,.F.,(4,1,1,4),(0.,0.000753604633009238,0.00113040694951386,0.00150720926601848),.UNSPECIFIED.);
#112=B_SPLINE_CURVE_WITH_KNOTS('',3,(#3398,#3399,#3400,#3401,#3402,#3403),.UNSPECIFIED.,.F.,.F.,(4,1,1,4),(0.,0.000380800371155558,0.000761600742311117,0.00152320148462223),.UNSPECIFIED.);
#113=B_SPLINE_CURVE_WITH_KNOTS('',3,(#3409,#3410,#3411,#3412,#3413,#3414),.UNSPECIFIED.,.F.,.F.,(4,1,1,4),(0.,0.000753604633009237,0.00113040694951386,0.00150720926601847),.UNSPECIFIED.);
#114=B_SPLINE_CURVE_WITH_KNOTS('',3,(#3544,#3545,#3546,#3547),.UNSPECIFIED.,.F.,.F.,(4,4),(0.,0.00209400271989276),.UNSPECIFIED.);
#115=B_SPLINE_CURVE_WITH_KNOTS('',3,(#3554,#3555,#3556,#3557),.UNSPECIFIED.,.F.,.F.,(4,4),(0.,0.00108644632825763),.UNSPECIFIED.);
#116=CIRCLE('',#2151,0.00206375);
#117=CIRCLE('',#2152,0.003175);
#118=CIRCLE('',#2153,0.027372257791587);
#119=CIRCLE('',#2154,0.003175);
#120=CIRCLE('',#2155,0.00182245);
#121=CIRCLE('',#2156,0.003175);
#122=CIRCLE('',#2157,0.027372257791587);
#123=CIRCLE('',#2158,0.003175);
#124=CIRCLE('',#2159,0.00182245);
#125=CIRCLE('',#2160,0.003175);
#126=CIRCLE('',#2161,0.027372257791587);
#127=CIRCLE('',#2162,0.003175);
#128=CIRCLE('',#2163,0.00182245);
#129=CIRCLE('',#2164,0.003175);
#130=CIRCLE('',#2165,0.027372257791587);
#131=CIRCLE('',#2166,0.003175);
#132=CIRCLE('',#2167,0.00206375);
#133=CIRCLE('',#2168,0.001825625);
#134=CIRCLE('',#2169,0.001825625);
#135=CIRCLE('',#2170,0.001825625);
#136=CIRCLE('',#2171,0.001825625);
#137=CIRCLE('',#2172,0.0010287);
#138=CIRCLE('',#2173,0.0010287);
#139=CIRCLE('',#2174,0.0010287);
#140=CIRCLE('',#2175,0.0010287);
#141=CIRCLE('',#2176,0.026578507791587);
#142=CIRCLE('',#2177,0.00254);
#143=CIRCLE('',#2178,0.026578507791587);
#144=CIRCLE('',#2179,0.00254);
#145=CIRCLE('',#2180,0.026578507791587);
#146=CIRCLE('',#2181,0.00254);
#147=CIRCLE('',#2182,0.026578507791587);
#148=CIRCLE('',#2183,0.00127);
#149=CIRCLE('',#2184,0.00127);
#150=CIRCLE('',#2185,0.00127);
#151=CIRCLE('',#2186,0.00127);
#152=CIRCLE('',#2187,0.026578507791587);
#153=CIRCLE('',#2188,0.00254);
#154=CIRCLE('',#2190,0.001778);
#155=CIRCLE('',#2191,0.001778);
#156=CIRCLE('',#2192,0.001778);
#157=CIRCLE('',#2193,0.001778);
#158=CIRCLE('',#2194,0.00508);
#159=CIRCLE('',#2195,0.00127);
#160=CIRCLE('',#2196,0.0038227);
#161=CIRCLE('',#2197,0.00127);
#162=CIRCLE('',#2198,0.00508);
#163=CIRCLE('',#2199,0.00508);
#164=CIRCLE('',#2200,0.00127);
#165=CIRCLE('',#2201,0.0038227);
#166=CIRCLE('',#2202,0.00127);
#167=CIRCLE('',#2203,0.00508);
#168=CIRCLE('',#2204,0.0010287);
#169=CIRCLE('',#2205,0.0010287);
#170=CIRCLE('',#2206,0.0010287);
#171=CIRCLE('',#2207,0.0010287);
#172=CIRCLE('',#2208,0.0025527);
#173=CIRCLE('',#2209,0.0025527);
#174=CIRCLE('',#2218,0.004699);
#175=CIRCLE('',#2219,0.004699);
#176=CIRCLE('',#2220,0.004699);
#177=CIRCLE('',#2221,0.004699);
#178=CIRCLE('',#2222,0.00254);
#179=CIRCLE('',#2223,0.00254);
#180=CIRCLE('',#2224,0.00254);
#181=CIRCLE('',#2225,0.00254);
#182=CIRCLE('',#2235,0.00508);
#183=CIRCLE('',#2237,0.00508);
#184=CIRCLE('',#2239,0.00508);
#185=CIRCLE('',#2241,0.00508);
#186=CIRCLE('',#2243,0.001190625);
#187=CIRCLE('',#2244,0.001190625);
#188=CIRCLE('',#2247,0.001190625);
#189=CIRCLE('',#2248,0.001190625);
#190=CIRCLE('',#2251,0.001190625);
#191=CIRCLE('',#2252,0.001190625);
#192=CIRCLE('',#2255,0.001190625);
#193=CIRCLE('',#2256,0.001190625);
#194=CIRCLE('',#2259,0.025943507791587);
#195=CIRCLE('',#2260,0.025943507791587);
#196=CIRCLE('',#2263,0.025943507791587);
#197=CIRCLE('',#2264,0.025943507791587);
#198=CIRCLE('',#2267,0.025943507791587);
#199=CIRCLE('',#2268,0.025943507791587);
#200=CIRCLE('',#2271,0.025943507791587);
#201=CIRCLE('',#2272,0.025943507791587);
#202=CIRCLE('',#2279,0.00127);
#203=CIRCLE('',#2281,0.00127);
#204=CIRCLE('',#2283,0.00127);
#205=CIRCLE('',#2285,0.00127);
#206=CIRCLE('',#2295,0.027372257791587);
#207=CIRCLE('',#2297,0.027372257791587);
#208=CIRCLE('',#2299,0.00206375);
#209=CIRCLE('',#2302,0.00206375);
#210=CIRCLE('',#2305,0.027372257791587);
#211=CIRCLE('',#2307,0.00182245);
#212=CIRCLE('',#2309,0.00182245);
#213=CIRCLE('',#2311,0.00182245);
#214=CIRCLE('',#2313,0.00245745);
#215=CIRCLE('',#2314,0.00254);
#216=CIRCLE('',#2315,0.028007257791587);
#217=CIRCLE('',#2316,0.00254);
#218=CIRCLE('',#2317,0.00245745);
#219=CIRCLE('',#2318,0.00254);
#220=CIRCLE('',#2319,0.028007257791587);
#221=CIRCLE('',#2320,0.00254);
#222=CIRCLE('',#2321,0.00245745);
#223=CIRCLE('',#2322,0.00254);
#224=CIRCLE('',#2323,0.028007257791587);
#225=CIRCLE('',#2324,0.00254);
#226=CIRCLE('',#2325,0.00269875);
#227=CIRCLE('',#2326,0.00269875);
#228=CIRCLE('',#2327,0.00254);
#229=CIRCLE('',#2328,0.028007257791587);
#230=CIRCLE('',#2329,0.00254);
#231=CIRCLE('',#2331,0.027372257791587);
#232=CIRCLE('',#2333,0.003175);
#233=CIRCLE('',#2335,0.003175);
#234=CIRCLE('',#2337,0.003175);
#235=CIRCLE('',#2339,0.003175);
#236=CIRCLE('',#2341,0.003175);
#237=CIRCLE('',#2343,0.003175);
#238=CIRCLE('',#2345,0.003175);
#239=CIRCLE('',#2347,0.003175);
#240=CIRCLE('',#2349,0.000635);
#241=CIRCLE('',#2350,0.000635);
#242=CIRCLE('',#2352,0.000635);
#243=CIRCLE('',#2354,0.000635);
#244=CIRCLE('',#2356,0.000635);
#245=CIRCLE('',#2358,0.000635);
#246=CIRCLE('',#2360,0.000635);
#247=CIRCLE('',#2362,0.000635);
#248=CIRCLE('',#2364,0.000635);
#249=CIRCLE('',#2366,0.000635);
#250=CIRCLE('',#2368,0.000635);
#251=CIRCLE('',#2370,0.000635);
#252=CIRCLE('',#2372,0.000635);
#253=CIRCLE('',#2374,0.000635);
#254=CIRCLE('',#2376,0.000635);
#255=CIRCLE('',#2378,0.000635);
#256=CIRCLE('',#2380,0.000635);
#257=CIRCLE('',#2382,0.000635);
#258=CIRCLE('',#2384,0.000635);
#259=CIRCLE('',#2405,0.0038227);
#260=CIRCLE('',#2409,0.0025527);
#261=CIRCLE('',#2412,0.0038227);
#262=CIRCLE('',#2416,0.0025527);
#263=ORIENTED_EDGE('',*,*,#871,.T.);
#264=ORIENTED_EDGE('',*,*,#872,.T.);
#265=ORIENTED_EDGE('',*,*,#873,.T.);
#266=ORIENTED_EDGE('',*,*,#874,.T.);
#267=ORIENTED_EDGE('',*,*,#875,.T.);
#268=ORIENTED_EDGE('',*,*,#876,.T.);
#269=ORIENTED_EDGE('',*,*,#877,.T.);
#270=ORIENTED_EDGE('',*,*,#878,.T.);
#271=ORIENTED_EDGE('',*,*,#879,.F.);
#272=ORIENTED_EDGE('',*,*,#880,.F.);
#273=ORIENTED_EDGE('',*,*,#881,.F.);
#274=ORIENTED_EDGE('',*,*,#882,.F.);
#275=ORIENTED_EDGE('',*,*,#883,.F.);
#276=ORIENTED_EDGE('',*,*,#884,.F.);
#277=ORIENTED_EDGE('',*,*,#885,.F.);
#278=ORIENTED_EDGE('',*,*,#886,.F.);
#279=ORIENTED_EDGE('',*,*,#887,.F.);
#280=ORIENTED_EDGE('',*,*,#888,.F.);
#281=ORIENTED_EDGE('',*,*,#889,.F.);
#282=ORIENTED_EDGE('',*,*,#890,.F.);
#283=ORIENTED_EDGE('',*,*,#891,.F.);
#284=ORIENTED_EDGE('',*,*,#892,.F.);
#285=ORIENTED_EDGE('',*,*,#893,.F.);
#286=ORIENTED_EDGE('',*,*,#894,.F.);
#287=ORIENTED_EDGE('',*,*,#895,.F.);
#288=ORIENTED_EDGE('',*,*,#896,.F.);
#289=ORIENTED_EDGE('',*,*,#897,.F.);
#290=ORIENTED_EDGE('',*,*,#898,.T.);
#291=ORIENTED_EDGE('',*,*,#899,.T.);
#292=ORIENTED_EDGE('',*,*,#900,.T.);
#293=ORIENTED_EDGE('',*,*,#901,.T.);
#294=ORIENTED_EDGE('',*,*,#902,.T.);
#295=ORIENTED_EDGE('',*,*,#903,.T.);
#296=ORIENTED_EDGE('',*,*,#904,.T.);
#297=ORIENTED_EDGE('',*,*,#905,.T.);
#298=ORIENTED_EDGE('',*,*,#906,.F.);
#299=ORIENTED_EDGE('',*,*,#907,.T.);
#300=ORIENTED_EDGE('',*,*,#908,.F.);
#301=ORIENTED_EDGE('',*,*,#909,.T.);
#302=ORIENTED_EDGE('',*,*,#910,.T.);
#303=ORIENTED_EDGE('',*,*,#911,.T.);
#304=ORIENTED_EDGE('',*,*,#912,.T.);
#305=ORIENTED_EDGE('',*,*,#913,.T.);
#306=ORIENTED_EDGE('',*,*,#914,.T.);
#307=ORIENTED_EDGE('',*,*,#915,.T.);
#308=ORIENTED_EDGE('',*,*,#916,.T.);
#309=ORIENTED_EDGE('',*,*,#917,.T.);
#310=ORIENTED_EDGE('',*,*,#918,.F.);
#311=ORIENTED_EDGE('',*,*,#919,.T.);
#312=ORIENTED_EDGE('',*,*,#920,.F.);
#313=ORIENTED_EDGE('',*,*,#921,.T.);
#314=ORIENTED_EDGE('',*,*,#922,.F.);
#315=ORIENTED_EDGE('',*,*,#923,.T.);
#316=ORIENTED_EDGE('',*,*,#924,.T.);
#317=ORIENTED_EDGE('',*,*,#925,.T.);
#318=ORIENTED_EDGE('',*,*,#926,.T.);
#319=ORIENTED_EDGE('',*,*,#927,.T.);
#320=ORIENTED_EDGE('',*,*,#928,.T.);
#321=ORIENTED_EDGE('',*,*,#929,.F.);
#322=ORIENTED_EDGE('',*,*,#930,.T.);
#323=ORIENTED_EDGE('',*,*,#931,.T.);
#324=ORIENTED_EDGE('',*,*,#932,.T.);
#325=ORIENTED_EDGE('',*,*,#933,.T.);
#326=ORIENTED_EDGE('',*,*,#934,.T.);
#327=ORIENTED_EDGE('',*,*,#935,.T.);
#328=ORIENTED_EDGE('',*,*,#936,.T.);
#329=ORIENTED_EDGE('',*,*,#937,.T.);
#330=ORIENTED_EDGE('',*,*,#938,.T.);
#331=ORIENTED_EDGE('',*,*,#939,.F.);
#332=ORIENTED_EDGE('',*,*,#940,.T.);
#333=ORIENTED_EDGE('',*,*,#941,.T.);
#334=ORIENTED_EDGE('',*,*,#942,.T.);
#335=ORIENTED_EDGE('',*,*,#943,.T.);
#336=ORIENTED_EDGE('',*,*,#944,.T.);
#337=ORIENTED_EDGE('',*,*,#945,.F.);
#338=ORIENTED_EDGE('',*,*,#946,.T.);
#339=ORIENTED_EDGE('',*,*,#947,.T.);
#340=ORIENTED_EDGE('',*,*,#948,.T.);
#341=ORIENTED_EDGE('',*,*,#949,.T.);
#342=ORIENTED_EDGE('',*,*,#950,.T.);
#343=ORIENTED_EDGE('',*,*,#875,.F.);
#344=ORIENTED_EDGE('',*,*,#951,.T.);
#345=ORIENTED_EDGE('',*,*,#952,.T.);
#346=ORIENTED_EDGE('',*,*,#953,.F.);
#347=ORIENTED_EDGE('',*,*,#954,.F.);
#348=ORIENTED_EDGE('',*,*,#955,.T.);
#349=ORIENTED_EDGE('',*,*,#871,.F.);
#350=ORIENTED_EDGE('',*,*,#956,.T.);
#351=ORIENTED_EDGE('',*,*,#957,.T.);
#352=ORIENTED_EDGE('',*,*,#958,.T.);
#353=ORIENTED_EDGE('',*,*,#959,.T.);
#354=ORIENTED_EDGE('',*,*,#960,.T.);
#355=ORIENTED_EDGE('',*,*,#961,.T.);
#356=ORIENTED_EDGE('',*,*,#962,.F.);
#357=ORIENTED_EDGE('',*,*,#963,.T.);
#358=ORIENTED_EDGE('',*,*,#964,.T.);
#359=ORIENTED_EDGE('',*,*,#918,.T.);
#360=ORIENTED_EDGE('',*,*,#965,.T.);
#361=ORIENTED_EDGE('',*,*,#966,.F.);
#362=ORIENTED_EDGE('',*,*,#967,.T.);
#363=ORIENTED_EDGE('',*,*,#929,.T.);
#364=ORIENTED_EDGE('',*,*,#968,.T.);
#365=ORIENTED_EDGE('',*,*,#969,.F.);
#366=ORIENTED_EDGE('',*,*,#970,.T.);
#367=ORIENTED_EDGE('',*,*,#971,.T.);
#368=ORIENTED_EDGE('',*,*,#972,.T.);
#369=ORIENTED_EDGE('',*,*,#906,.T.);
#370=ORIENTED_EDGE('',*,*,#973,.T.);
#371=ORIENTED_EDGE('',*,*,#974,.F.);
#372=ORIENTED_EDGE('',*,*,#975,.T.);
#373=ORIENTED_EDGE('',*,*,#908,.T.);
#374=ORIENTED_EDGE('',*,*,#976,.T.);
#375=ORIENTED_EDGE('',*,*,#977,.F.);
#376=ORIENTED_EDGE('',*,*,#978,.T.);
#377=ORIENTED_EDGE('',*,*,#979,.T.);
#378=ORIENTED_EDGE('',*,*,#980,.T.);
#379=ORIENTED_EDGE('',*,*,#914,.F.);
#380=ORIENTED_EDGE('',*,*,#981,.T.);
#381=ORIENTED_EDGE('',*,*,#982,.T.);
#382=ORIENTED_EDGE('',*,*,#983,.T.);
#383=ORIENTED_EDGE('',*,*,#916,.F.);
#384=ORIENTED_EDGE('',*,*,#984,.T.);
#385=ORIENTED_EDGE('',*,*,#985,.F.);
#386=ORIENTED_EDGE('',*,*,#986,.F.);
#387=ORIENTED_EDGE('',*,*,#987,.T.);
#388=ORIENTED_EDGE('',*,*,#988,.T.);
#389=ORIENTED_EDGE('',*,*,#910,.F.);
#390=ORIENTED_EDGE('',*,*,#989,.T.);
#391=ORIENTED_EDGE('',*,*,#990,.T.);
#392=ORIENTED_EDGE('',*,*,#991,.T.);
#393=ORIENTED_EDGE('',*,*,#912,.F.);
#394=ORIENTED_EDGE('',*,*,#992,.T.);
#395=ORIENTED_EDGE('',*,*,#993,.F.);
#396=ORIENTED_EDGE('',*,*,#994,.F.);
#397=ORIENTED_EDGE('',*,*,#947,.F.);
#398=ORIENTED_EDGE('',*,*,#995,.T.);
#399=ORIENTED_EDGE('',*,*,#996,.T.);
#400=ORIENTED_EDGE('',*,*,#997,.T.);
#401=ORIENTED_EDGE('',*,*,#941,.F.);
#402=ORIENTED_EDGE('',*,*,#998,.T.);
#403=ORIENTED_EDGE('',*,*,#999,.T.);
#404=ORIENTED_EDGE('',*,*,#1000,.T.);
#405=ORIENTED_EDGE('',*,*,#1001,.T.);
#406=ORIENTED_EDGE('',*,*,#1002,.T.);
#407=ORIENTED_EDGE('',*,*,#1003,.T.);
#408=ORIENTED_EDGE('',*,*,#939,.T.);
#409=ORIENTED_EDGE('',*,*,#1004,.T.);
#410=ORIENTED_EDGE('',*,*,#1005,.T.);
#411=ORIENTED_EDGE('',*,*,#1006,.T.);
#412=ORIENTED_EDGE('',*,*,#949,.F.);
#413=ORIENTED_EDGE('',*,*,#1007,.T.);
#414=ORIENTED_EDGE('',*,*,#1008,.T.);
#415=ORIENTED_EDGE('',*,*,#1009,.T.);
#416=ORIENTED_EDGE('',*,*,#1010,.T.);
#417=ORIENTED_EDGE('',*,*,#1011,.T.);
#418=ORIENTED_EDGE('',*,*,#1012,.T.);
#419=ORIENTED_EDGE('',*,*,#1013,.T.);
#420=ORIENTED_EDGE('',*,*,#1014,.T.);
#421=ORIENTED_EDGE('',*,*,#974,.T.);
#422=ORIENTED_EDGE('',*,*,#1015,.T.);
#423=ORIENTED_EDGE('',*,*,#966,.T.);
#424=ORIENTED_EDGE('',*,*,#1016,.T.);
#425=ORIENTED_EDGE('',*,*,#982,.F.);
#426=ORIENTED_EDGE('',*,*,#1017,.T.);
#427=ORIENTED_EDGE('',*,*,#990,.F.);
#428=ORIENTED_EDGE('',*,*,#1018,.T.);
#429=ORIENTED_EDGE('',*,*,#905,.F.);
#430=ORIENTED_EDGE('',*,*,#957,.F.);
#431=ORIENTED_EDGE('',*,*,#904,.F.);
#432=ORIENTED_EDGE('',*,*,#958,.F.);
#433=ORIENTED_EDGE('',*,*,#903,.F.);
#434=ORIENTED_EDGE('',*,*,#959,.F.);
#435=ORIENTED_EDGE('',*,*,#902,.F.);
#436=ORIENTED_EDGE('',*,*,#960,.F.);
#437=ORIENTED_EDGE('',*,*,#1016,.F.);
#438=ORIENTED_EDGE('',*,*,#965,.F.);
#439=ORIENTED_EDGE('',*,*,#917,.F.);
#440=ORIENTED_EDGE('',*,*,#983,.F.);
#441=ORIENTED_EDGE('',*,*,#1015,.F.);
#442=ORIENTED_EDGE('',*,*,#973,.F.);
#443=ORIENTED_EDGE('',*,*,#930,.F.);
#444=ORIENTED_EDGE('',*,*,#967,.F.);
#445=ORIENTED_EDGE('',*,*,#1018,.F.);
#446=ORIENTED_EDGE('',*,*,#989,.F.);
#447=ORIENTED_EDGE('',*,*,#909,.F.);
#448=ORIENTED_EDGE('',*,*,#975,.F.);
#449=ORIENTED_EDGE('',*,*,#1017,.F.);
#450=ORIENTED_EDGE('',*,*,#981,.F.);
#451=ORIENTED_EDGE('',*,*,#913,.F.);
#452=ORIENTED_EDGE('',*,*,#991,.F.);
#453=ORIENTED_EDGE('',*,*,#1003,.F.);
#454=ORIENTED_EDGE('',*,*,#1019,.T.);
#455=ORIENTED_EDGE('',*,*,#998,.F.);
#456=ORIENTED_EDGE('',*,*,#940,.F.);
#457=ORIENTED_EDGE('',*,*,#1000,.F.);
#458=ORIENTED_EDGE('',*,*,#1020,.T.);
#459=ORIENTED_EDGE('',*,*,#1004,.F.);
#460=ORIENTED_EDGE('',*,*,#948,.F.);
#461=ORIENTED_EDGE('',*,*,#1006,.F.);
#462=ORIENTED_EDGE('',*,*,#1021,.T.);
#463=ORIENTED_EDGE('',*,*,#876,.F.);
#464=ORIENTED_EDGE('',*,*,#950,.F.);
#465=ORIENTED_EDGE('',*,*,#878,.F.);
#466=ORIENTED_EDGE('',*,*,#1022,.T.);
#467=ORIENTED_EDGE('',*,*,#1001,.F.);
#468=ORIENTED_EDGE('',*,*,#956,.F.);
#469=ORIENTED_EDGE('',*,*,#1023,.T.);
#470=ORIENTED_EDGE('',*,*,#1024,.F.);
#471=ORIENTED_EDGE('',*,*,#1024,.T.);
#472=ORIENTED_EDGE('',*,*,#1025,.T.);
#473=ORIENTED_EDGE('',*,*,#1026,.F.);
#474=ORIENTED_EDGE('',*,*,#1026,.T.);
#475=ORIENTED_EDGE('',*,*,#1027,.T.);
#476=ORIENTED_EDGE('',*,*,#1028,.F.);
#477=ORIENTED_EDGE('',*,*,#1028,.T.);
#478=ORIENTED_EDGE('',*,*,#1029,.T.);
#479=ORIENTED_EDGE('',*,*,#1030,.F.);
#480=ORIENTED_EDGE('',*,*,#1030,.T.);
#481=ORIENTED_EDGE('',*,*,#977,.T.);
#482=ORIENTED_EDGE('',*,*,#1031,.T.);
#483=ORIENTED_EDGE('',*,*,#971,.F.);
#484=ORIENTED_EDGE('',*,*,#1032,.F.);
#485=ORIENTED_EDGE('',*,*,#978,.F.);
#486=ORIENTED_EDGE('',*,*,#1032,.T.);
#487=ORIENTED_EDGE('',*,*,#993,.T.);
#488=ORIENTED_EDGE('',*,*,#1033,.T.);
#489=ORIENTED_EDGE('',*,*,#987,.F.);
#490=ORIENTED_EDGE('',*,*,#1034,.F.);
#491=ORIENTED_EDGE('',*,*,#994,.T.);
#492=ORIENTED_EDGE('',*,*,#1034,.T.);
#493=ORIENTED_EDGE('',*,*,#985,.T.);
#494=ORIENTED_EDGE('',*,*,#1035,.T.);
#495=ORIENTED_EDGE('',*,*,#979,.F.);
#496=ORIENTED_EDGE('',*,*,#1036,.F.);
#497=ORIENTED_EDGE('',*,*,#986,.T.);
#498=ORIENTED_EDGE('',*,*,#1036,.T.);
#499=ORIENTED_EDGE('',*,*,#969,.T.);
#500=ORIENTED_EDGE('',*,*,#1037,.T.);
#501=ORIENTED_EDGE('',*,*,#963,.F.);
#502=ORIENTED_EDGE('',*,*,#1038,.F.);
#503=ORIENTED_EDGE('',*,*,#970,.F.);
#504=ORIENTED_EDGE('',*,*,#1038,.T.);
#505=ORIENTED_EDGE('',*,*,#1039,.T.);
#506=ORIENTED_EDGE('',*,*,#1040,.T.);
#507=ORIENTED_EDGE('',*,*,#1041,.T.);
#508=ORIENTED_EDGE('',*,*,#922,.T.);
#509=ORIENTED_EDGE('',*,*,#1042,.T.);
#510=ORIENTED_EDGE('',*,*,#1043,.T.);
#511=ORIENTED_EDGE('',*,*,#1044,.T.);
#512=ORIENTED_EDGE('',*,*,#924,.F.);
#513=ORIENTED_EDGE('',*,*,#1045,.T.);
#514=ORIENTED_EDGE('',*,*,#1046,.T.);
#515=ORIENTED_EDGE('',*,*,#1047,.T.);
#516=ORIENTED_EDGE('',*,*,#926,.F.);
#517=ORIENTED_EDGE('',*,*,#1048,.T.);
#518=ORIENTED_EDGE('',*,*,#1049,.T.);
#519=ORIENTED_EDGE('',*,*,#1050,.T.);
#520=ORIENTED_EDGE('',*,*,#920,.T.);
#521=ORIENTED_EDGE('',*,*,#1051,.T.);
#522=ORIENTED_EDGE('',*,*,#1044,.F.);
#523=ORIENTED_EDGE('',*,*,#1052,.T.);
#524=ORIENTED_EDGE('',*,*,#1045,.F.);
#525=ORIENTED_EDGE('',*,*,#925,.F.);
#526=ORIENTED_EDGE('',*,*,#1041,.F.);
#527=ORIENTED_EDGE('',*,*,#1053,.T.);
#528=ORIENTED_EDGE('',*,*,#1042,.F.);
#529=ORIENTED_EDGE('',*,*,#923,.F.);
#530=ORIENTED_EDGE('',*,*,#1047,.F.);
#531=ORIENTED_EDGE('',*,*,#1054,.T.);
#532=ORIENTED_EDGE('',*,*,#1048,.F.);
#533=ORIENTED_EDGE('',*,*,#1055,.T.);
#534=ORIENTED_EDGE('',*,*,#927,.F.);
#535=ORIENTED_EDGE('',*,*,#1050,.F.);
#536=ORIENTED_EDGE('',*,*,#1056,.T.);
#537=ORIENTED_EDGE('',*,*,#1039,.F.);
#538=ORIENTED_EDGE('',*,*,#921,.F.);
#539=ORIENTED_EDGE('',*,*,#898,.F.);
#540=ORIENTED_EDGE('',*,*,#1027,.F.);
#541=ORIENTED_EDGE('',*,*,#899,.F.);
#542=ORIENTED_EDGE('',*,*,#1029,.F.);
#543=ORIENTED_EDGE('',*,*,#900,.F.);
#544=ORIENTED_EDGE('',*,*,#1023,.F.);
#545=ORIENTED_EDGE('',*,*,#901,.F.);
#546=ORIENTED_EDGE('',*,*,#1025,.F.);
#547=ORIENTED_EDGE('',*,*,#976,.F.);
#548=ORIENTED_EDGE('',*,*,#907,.F.);
#549=ORIENTED_EDGE('',*,*,#972,.F.);
#550=ORIENTED_EDGE('',*,*,#1031,.F.);
#551=ORIENTED_EDGE('',*,*,#992,.F.);
#552=ORIENTED_EDGE('',*,*,#911,.F.);
#553=ORIENTED_EDGE('',*,*,#988,.F.);
#554=ORIENTED_EDGE('',*,*,#1033,.F.);
#555=ORIENTED_EDGE('',*,*,#984,.F.);
#556=ORIENTED_EDGE('',*,*,#915,.F.);
#557=ORIENTED_EDGE('',*,*,#980,.F.);
#558=ORIENTED_EDGE('',*,*,#1035,.F.);
#559=ORIENTED_EDGE('',*,*,#1051,.F.);
#560=ORIENTED_EDGE('',*,*,#919,.F.);
#561=ORIENTED_EDGE('',*,*,#964,.F.);
#562=ORIENTED_EDGE('',*,*,#1037,.F.);
#563=ORIENTED_EDGE('',*,*,#968,.F.);
#564=ORIENTED_EDGE('',*,*,#928,.F.);
#565=ORIENTED_EDGE('',*,*,#1055,.F.);
#566=ORIENTED_EDGE('',*,*,#1057,.F.);
#567=ORIENTED_EDGE('',*,*,#1058,.T.);
#568=ORIENTED_EDGE('',*,*,#1059,.F.);
#569=ORIENTED_EDGE('',*,*,#889,.T.);
#570=ORIENTED_EDGE('',*,*,#1060,.F.);
#571=ORIENTED_EDGE('',*,*,#1061,.T.);
#572=ORIENTED_EDGE('',*,*,#1062,.F.);
#573=ORIENTED_EDGE('',*,*,#885,.T.);
#574=ORIENTED_EDGE('',*,*,#1063,.F.);
#575=ORIENTED_EDGE('',*,*,#1064,.T.);
#576=ORIENTED_EDGE('',*,*,#1065,.F.);
#577=ORIENTED_EDGE('',*,*,#879,.T.);
#578=ORIENTED_EDGE('',*,*,#1066,.F.);
#579=ORIENTED_EDGE('',*,*,#1067,.T.);
#580=ORIENTED_EDGE('',*,*,#1063,.T.);
#581=ORIENTED_EDGE('',*,*,#897,.T.);
#582=ORIENTED_EDGE('',*,*,#1068,.F.);
#583=ORIENTED_EDGE('',*,*,#1069,.T.);
#584=ORIENTED_EDGE('',*,*,#1066,.T.);
#585=ORIENTED_EDGE('',*,*,#896,.T.);
#586=ORIENTED_EDGE('',*,*,#1070,.F.);
#587=ORIENTED_EDGE('',*,*,#1071,.T.);
#588=ORIENTED_EDGE('',*,*,#1068,.T.);
#589=ORIENTED_EDGE('',*,*,#895,.T.);
#590=ORIENTED_EDGE('',*,*,#1072,.F.);
#591=ORIENTED_EDGE('',*,*,#1073,.T.);
#592=ORIENTED_EDGE('',*,*,#1074,.F.);
#593=ORIENTED_EDGE('',*,*,#893,.T.);
#594=ORIENTED_EDGE('',*,*,#1075,.F.);
#595=ORIENTED_EDGE('',*,*,#1076,.T.);
#596=ORIENTED_EDGE('',*,*,#1077,.F.);
#597=ORIENTED_EDGE('',*,*,#887,.T.);
#598=ORIENTED_EDGE('',*,*,#1078,.F.);
#599=ORIENTED_EDGE('',*,*,#1079,.T.);
#600=ORIENTED_EDGE('',*,*,#1080,.F.);
#601=ORIENTED_EDGE('',*,*,#891,.T.);
#602=ORIENTED_EDGE('',*,*,#1081,.F.);
#603=ORIENTED_EDGE('',*,*,#1082,.T.);
#604=ORIENTED_EDGE('',*,*,#1083,.F.);
#605=ORIENTED_EDGE('',*,*,#883,.T.);
#606=ORIENTED_EDGE('',*,*,#1084,.T.);
#607=ORIENTED_EDGE('',*,*,#1085,.T.);
#608=ORIENTED_EDGE('',*,*,#1086,.T.);
#609=ORIENTED_EDGE('',*,*,#1087,.T.);
#610=ORIENTED_EDGE('',*,*,#1088,.T.);
#611=ORIENTED_EDGE('',*,*,#1089,.T.);
#612=ORIENTED_EDGE('',*,*,#1090,.T.);
#613=ORIENTED_EDGE('',*,*,#1091,.T.);
#614=ORIENTED_EDGE('',*,*,#1092,.T.);
#615=ORIENTED_EDGE('',*,*,#1093,.T.);
#616=ORIENTED_EDGE('',*,*,#1094,.T.);
#617=ORIENTED_EDGE('',*,*,#1095,.T.);
#618=ORIENTED_EDGE('',*,*,#1096,.T.);
#619=ORIENTED_EDGE('',*,*,#1097,.T.);
#620=ORIENTED_EDGE('',*,*,#1098,.T.);
#621=ORIENTED_EDGE('',*,*,#1099,.T.);
#622=ORIENTED_EDGE('',*,*,#1100,.T.);
#623=ORIENTED_EDGE('',*,*,#1101,.T.);
#624=ORIENTED_EDGE('',*,*,#1102,.T.);
#625=ORIENTED_EDGE('',*,*,#1103,.F.);
#626=ORIENTED_EDGE('',*,*,#1104,.T.);
#627=ORIENTED_EDGE('',*,*,#1105,.F.);
#628=ORIENTED_EDGE('',*,*,#881,.T.);
#629=ORIENTED_EDGE('',*,*,#1074,.T.);
#630=ORIENTED_EDGE('',*,*,#1106,.T.);
#631=ORIENTED_EDGE('',*,*,#1070,.T.);
#632=ORIENTED_EDGE('',*,*,#894,.T.);
#633=ORIENTED_EDGE('',*,*,#1065,.T.);
#634=ORIENTED_EDGE('',*,*,#1107,.T.);
#635=ORIENTED_EDGE('',*,*,#1103,.T.);
#636=ORIENTED_EDGE('',*,*,#880,.T.);
#637=ORIENTED_EDGE('',*,*,#1105,.T.);
#638=ORIENTED_EDGE('',*,*,#1108,.T.);
#639=ORIENTED_EDGE('',*,*,#1081,.T.);
#640=ORIENTED_EDGE('',*,*,#882,.T.);
#641=ORIENTED_EDGE('',*,*,#1083,.T.);
#642=ORIENTED_EDGE('',*,*,#1109,.T.);
#643=ORIENTED_EDGE('',*,*,#1060,.T.);
#644=ORIENTED_EDGE('',*,*,#884,.T.);
#645=ORIENTED_EDGE('',*,*,#1080,.T.);
#646=ORIENTED_EDGE('',*,*,#1110,.T.);
#647=ORIENTED_EDGE('',*,*,#1072,.T.);
#648=ORIENTED_EDGE('',*,*,#892,.T.);
#649=ORIENTED_EDGE('',*,*,#1059,.T.);
#650=ORIENTED_EDGE('',*,*,#1111,.T.);
#651=ORIENTED_EDGE('',*,*,#1078,.T.);
#652=ORIENTED_EDGE('',*,*,#890,.T.);
#653=ORIENTED_EDGE('',*,*,#1077,.T.);
#654=ORIENTED_EDGE('',*,*,#1112,.T.);
#655=ORIENTED_EDGE('',*,*,#1057,.T.);
#656=ORIENTED_EDGE('',*,*,#888,.T.);
#657=ORIENTED_EDGE('',*,*,#1062,.T.);
#658=ORIENTED_EDGE('',*,*,#1113,.T.);
#659=ORIENTED_EDGE('',*,*,#1075,.T.);
#660=ORIENTED_EDGE('',*,*,#886,.T.);
#661=ORIENTED_EDGE('',*,*,#1114,.F.);
#662=ORIENTED_EDGE('',*,*,#1104,.F.);
#663=ORIENTED_EDGE('',*,*,#1115,.F.);
#664=ORIENTED_EDGE('',*,*,#1094,.F.);
#665=ORIENTED_EDGE('',*,*,#1115,.T.);
#666=ORIENTED_EDGE('',*,*,#1107,.F.);
#667=ORIENTED_EDGE('',*,*,#1116,.F.);
#668=ORIENTED_EDGE('',*,*,#1095,.F.);
#669=ORIENTED_EDGE('',*,*,#1114,.T.);
#670=ORIENTED_EDGE('',*,*,#1093,.F.);
#671=ORIENTED_EDGE('',*,*,#1117,.F.);
#672=ORIENTED_EDGE('',*,*,#1108,.F.);
#673=ORIENTED_EDGE('',*,*,#1116,.T.);
#674=ORIENTED_EDGE('',*,*,#1064,.F.);
#675=ORIENTED_EDGE('',*,*,#1118,.F.);
#676=ORIENTED_EDGE('',*,*,#1096,.F.);
#677=ORIENTED_EDGE('',*,*,#1117,.T.);
#678=ORIENTED_EDGE('',*,*,#1092,.F.);
#679=ORIENTED_EDGE('',*,*,#1119,.F.);
#680=ORIENTED_EDGE('',*,*,#1082,.F.);
#681=ORIENTED_EDGE('',*,*,#1118,.T.);
#682=ORIENTED_EDGE('',*,*,#1067,.F.);
#683=ORIENTED_EDGE('',*,*,#1120,.F.);
#684=ORIENTED_EDGE('',*,*,#1097,.F.);
#685=ORIENTED_EDGE('',*,*,#1119,.T.);
#686=ORIENTED_EDGE('',*,*,#1091,.F.);
#687=ORIENTED_EDGE('',*,*,#1121,.F.);
#688=ORIENTED_EDGE('',*,*,#1109,.F.);
#689=ORIENTED_EDGE('',*,*,#1120,.T.);
#690=ORIENTED_EDGE('',*,*,#1069,.F.);
#691=ORIENTED_EDGE('',*,*,#1122,.F.);
#692=ORIENTED_EDGE('',*,*,#1098,.F.);
#693=ORIENTED_EDGE('',*,*,#1121,.T.);
#694=ORIENTED_EDGE('',*,*,#1090,.F.);
#695=ORIENTED_EDGE('',*,*,#1123,.F.);
#696=ORIENTED_EDGE('',*,*,#1061,.F.);
#697=ORIENTED_EDGE('',*,*,#1122,.T.);
#698=ORIENTED_EDGE('',*,*,#1071,.F.);
#699=ORIENTED_EDGE('',*,*,#1124,.F.);
#700=ORIENTED_EDGE('',*,*,#1099,.F.);
#701=ORIENTED_EDGE('',*,*,#1123,.T.);
#702=ORIENTED_EDGE('',*,*,#1089,.F.);
#703=ORIENTED_EDGE('',*,*,#1125,.F.);
#704=ORIENTED_EDGE('',*,*,#1113,.F.);
#705=ORIENTED_EDGE('',*,*,#1124,.T.);
#706=ORIENTED_EDGE('',*,*,#1106,.F.);
#707=ORIENTED_EDGE('',*,*,#1126,.F.);
#708=ORIENTED_EDGE('',*,*,#1100,.F.);
#709=ORIENTED_EDGE('',*,*,#1125,.T.);
#710=ORIENTED_EDGE('',*,*,#1088,.F.);
#711=ORIENTED_EDGE('',*,*,#1127,.F.);
#712=ORIENTED_EDGE('',*,*,#1076,.F.);
#713=ORIENTED_EDGE('',*,*,#1126,.T.);
#714=ORIENTED_EDGE('',*,*,#1073,.F.);
#715=ORIENTED_EDGE('',*,*,#1128,.F.);
#716=ORIENTED_EDGE('',*,*,#1101,.F.);
#717=ORIENTED_EDGE('',*,*,#1127,.T.);
#718=ORIENTED_EDGE('',*,*,#1087,.F.);
#719=ORIENTED_EDGE('',*,*,#1129,.F.);
#720=ORIENTED_EDGE('',*,*,#1112,.F.);
#721=ORIENTED_EDGE('',*,*,#1128,.T.);
#722=ORIENTED_EDGE('',*,*,#1110,.F.);
#723=ORIENTED_EDGE('',*,*,#1130,.F.);
#724=ORIENTED_EDGE('',*,*,#1102,.F.);
#725=ORIENTED_EDGE('',*,*,#1129,.T.);
#726=ORIENTED_EDGE('',*,*,#1086,.F.);
#727=ORIENTED_EDGE('',*,*,#1131,.F.);
#728=ORIENTED_EDGE('',*,*,#1058,.F.);
#729=ORIENTED_EDGE('',*,*,#1130,.T.);
#730=ORIENTED_EDGE('',*,*,#1079,.F.);
#731=ORIENTED_EDGE('',*,*,#1132,.F.);
#732=ORIENTED_EDGE('',*,*,#1084,.F.);
#733=ORIENTED_EDGE('',*,*,#1131,.T.);
#734=ORIENTED_EDGE('',*,*,#1085,.F.);
#735=ORIENTED_EDGE('',*,*,#1132,.T.);
#736=ORIENTED_EDGE('',*,*,#1111,.F.);
#737=ORIENTED_EDGE('',*,*,#1133,.F.);
#738=ORIENTED_EDGE('',*,*,#936,.F.);
#739=ORIENTED_EDGE('',*,*,#1134,.F.);
#740=ORIENTED_EDGE('',*,*,#1040,.F.);
#741=ORIENTED_EDGE('',*,*,#1134,.T.);
#742=ORIENTED_EDGE('',*,*,#935,.F.);
#743=ORIENTED_EDGE('',*,*,#1135,.F.);
#744=ORIENTED_EDGE('',*,*,#1053,.F.);
#745=ORIENTED_EDGE('',*,*,#1133,.T.);
#746=ORIENTED_EDGE('',*,*,#1056,.F.);
#747=ORIENTED_EDGE('',*,*,#1136,.F.);
#748=ORIENTED_EDGE('',*,*,#937,.F.);
#749=ORIENTED_EDGE('',*,*,#1135,.T.);
#750=ORIENTED_EDGE('',*,*,#934,.F.);
#751=ORIENTED_EDGE('',*,*,#1137,.F.);
#752=ORIENTED_EDGE('',*,*,#1043,.F.);
#753=ORIENTED_EDGE('',*,*,#1136,.T.);
#754=ORIENTED_EDGE('',*,*,#1049,.F.);
#755=ORIENTED_EDGE('',*,*,#1138,.F.);
#756=ORIENTED_EDGE('',*,*,#938,.F.);
#757=ORIENTED_EDGE('',*,*,#1137,.T.);
#758=ORIENTED_EDGE('',*,*,#933,.F.);
#759=ORIENTED_EDGE('',*,*,#1139,.F.);
#760=ORIENTED_EDGE('',*,*,#1052,.F.);
#761=ORIENTED_EDGE('',*,*,#1138,.T.);
#762=ORIENTED_EDGE('',*,*,#1054,.F.);
#763=ORIENTED_EDGE('',*,*,#1140,.F.);
#764=ORIENTED_EDGE('',*,*,#931,.F.);
#765=ORIENTED_EDGE('',*,*,#1139,.T.);
#766=ORIENTED_EDGE('',*,*,#932,.F.);
#767=ORIENTED_EDGE('',*,*,#1140,.T.);
#768=ORIENTED_EDGE('',*,*,#1046,.F.);
#769=ORIENTED_EDGE('',*,*,#1141,.F.);
#770=ORIENTED_EDGE('',*,*,#999,.F.);
#771=ORIENTED_EDGE('',*,*,#1142,.F.);
#772=ORIENTED_EDGE('',*,*,#1012,.F.);
#773=ORIENTED_EDGE('',*,*,#1142,.T.);
#774=ORIENTED_EDGE('',*,*,#1019,.F.);
#775=ORIENTED_EDGE('',*,*,#1143,.F.);
#776=ORIENTED_EDGE('',*,*,#1013,.F.);
#777=ORIENTED_EDGE('',*,*,#1141,.T.);
#778=ORIENTED_EDGE('',*,*,#1011,.F.);
#779=ORIENTED_EDGE('',*,*,#1144,.F.);
#780=ORIENTED_EDGE('',*,*,#1020,.F.);
#781=ORIENTED_EDGE('',*,*,#1143,.T.);
#782=ORIENTED_EDGE('',*,*,#1002,.F.);
#783=ORIENTED_EDGE('',*,*,#1145,.F.);
#784=ORIENTED_EDGE('',*,*,#1014,.F.);
#785=ORIENTED_EDGE('',*,*,#1144,.T.);
#786=ORIENTED_EDGE('',*,*,#1010,.F.);
#787=ORIENTED_EDGE('',*,*,#1146,.F.);
#788=ORIENTED_EDGE('',*,*,#1005,.F.);
#789=ORIENTED_EDGE('',*,*,#1145,.T.);
#790=ORIENTED_EDGE('',*,*,#1022,.F.);
#791=ORIENTED_EDGE('',*,*,#1147,.F.);
#792=ORIENTED_EDGE('',*,*,#1007,.F.);
#793=ORIENTED_EDGE('',*,*,#1146,.T.);
#794=ORIENTED_EDGE('',*,*,#1009,.F.);
#795=ORIENTED_EDGE('',*,*,#1148,.F.);
#796=ORIENTED_EDGE('',*,*,#1021,.F.);
#797=ORIENTED_EDGE('',*,*,#1147,.T.);
#798=ORIENTED_EDGE('',*,*,#877,.F.);
#799=ORIENTED_EDGE('',*,*,#1148,.T.);
#800=ORIENTED_EDGE('',*,*,#1008,.F.);
#801=ORIENTED_EDGE('',*,*,#952,.F.);
#802=ORIENTED_EDGE('',*,*,#1149,.T.);
#803=ORIENTED_EDGE('',*,*,#1150,.T.);
#804=ORIENTED_EDGE('',*,*,#1151,.T.);
#805=ORIENTED_EDGE('',*,*,#1152,.T.);
#806=ORIENTED_EDGE('',*,*,#953,.T.);
#807=ORIENTED_EDGE('',*,*,#1152,.F.);
#808=ORIENTED_EDGE('',*,*,#1153,.F.);
#809=ORIENTED_EDGE('',*,*,#1154,.T.);
#810=ORIENTED_EDGE('',*,*,#1155,.F.);
#811=ORIENTED_EDGE('',*,*,#1156,.T.);
#812=ORIENTED_EDGE('',*,*,#1157,.T.);
#813=ORIENTED_EDGE('',*,*,#954,.T.);
#814=ORIENTED_EDGE('',*,*,#1154,.F.);
#815=ORIENTED_EDGE('',*,*,#1158,.T.);
#816=ORIENTED_EDGE('',*,*,#961,.F.);
#817=ORIENTED_EDGE('',*,*,#1151,.F.);
#818=ORIENTED_EDGE('',*,*,#1159,.T.);
#819=ORIENTED_EDGE('',*,*,#1155,.T.);
#820=ORIENTED_EDGE('',*,*,#1153,.T.);
#821=ORIENTED_EDGE('',*,*,#1158,.F.);
#822=ORIENTED_EDGE('',*,*,#944,.F.);
#823=ORIENTED_EDGE('',*,*,#1160,.F.);
#824=ORIENTED_EDGE('',*,*,#1161,.T.);
#825=ORIENTED_EDGE('',*,*,#1162,.T.);
#826=ORIENTED_EDGE('',*,*,#1163,.F.);
#827=ORIENTED_EDGE('',*,*,#1164,.T.);
#828=ORIENTED_EDGE('',*,*,#1165,.T.);
#829=ORIENTED_EDGE('',*,*,#945,.T.);
#830=ORIENTED_EDGE('',*,*,#1162,.F.);
#831=ORIENTED_EDGE('',*,*,#1166,.F.);
#832=ORIENTED_EDGE('',*,*,#962,.T.);
#833=ORIENTED_EDGE('',*,*,#943,.F.);
#834=ORIENTED_EDGE('',*,*,#1167,.T.);
#835=ORIENTED_EDGE('',*,*,#1168,.T.);
#836=ORIENTED_EDGE('',*,*,#1169,.T.);
#837=ORIENTED_EDGE('',*,*,#1160,.T.);
#838=ORIENTED_EDGE('',*,*,#1166,.T.);
#839=ORIENTED_EDGE('',*,*,#1169,.F.);
#840=ORIENTED_EDGE('',*,*,#1170,.T.);
#841=ORIENTED_EDGE('',*,*,#1163,.T.);
#842=ORIENTED_EDGE('',*,*,#1161,.F.);
#843=ORIENTED_EDGE('',*,*,#951,.F.);
#844=ORIENTED_EDGE('',*,*,#874,.F.);
#845=ORIENTED_EDGE('',*,*,#1171,.F.);
#846=ORIENTED_EDGE('',*,*,#1149,.F.);
#847=ORIENTED_EDGE('',*,*,#1171,.T.);
#848=ORIENTED_EDGE('',*,*,#873,.F.);
#849=ORIENTED_EDGE('',*,*,#1172,.F.);
#850=ORIENTED_EDGE('',*,*,#1156,.F.);
#851=ORIENTED_EDGE('',*,*,#1159,.F.);
#852=ORIENTED_EDGE('',*,*,#1150,.F.);
#853=ORIENTED_EDGE('',*,*,#1172,.T.);
#854=ORIENTED_EDGE('',*,*,#872,.F.);
#855=ORIENTED_EDGE('',*,*,#955,.F.);
#856=ORIENTED_EDGE('',*,*,#1157,.F.);
#857=ORIENTED_EDGE('',*,*,#942,.F.);
#858=ORIENTED_EDGE('',*,*,#997,.F.);
#859=ORIENTED_EDGE('',*,*,#1173,.F.);
#860=ORIENTED_EDGE('',*,*,#1167,.F.);
#861=ORIENTED_EDGE('',*,*,#1173,.T.);
#862=ORIENTED_EDGE('',*,*,#996,.F.);
#863=ORIENTED_EDGE('',*,*,#1174,.F.);
#864=ORIENTED_EDGE('',*,*,#1164,.F.);
#865=ORIENTED_EDGE('',*,*,#1170,.F.);
#866=ORIENTED_EDGE('',*,*,#1168,.F.);
#867=ORIENTED_EDGE('',*,*,#1174,.T.);
#868=ORIENTED_EDGE('',*,*,#995,.F.);
#869=ORIENTED_EDGE('',*,*,#946,.F.);
#870=ORIENTED_EDGE('',*,*,#1165,.F.);
#871=EDGE_CURVE('',#1175,#1176,#1374,.T.);
#872=EDGE_CURVE('',#1176,#1177,#1375,.F.);
#873=EDGE_CURVE('',#1177,#1178,#1376,.T.);
#874=EDGE_CURVE('',#1178,#1179,#1377,.T.);
#875=EDGE_CURVE('',#1179,#1180,#1378,.T.);
#876=EDGE_CURVE('',#1180,#1181,#1379,.F.);
#877=EDGE_CURVE('',#1181,#1182,#1380,.T.);
#878=EDGE_CURVE('',#1182,#1175,#1381,.T.);
#879=EDGE_CURVE('',#1183,#1184,#116,.F.);
#880=EDGE_CURVE('',#1185,#1183,#117,.T.);
#881=EDGE_CURVE('',#1186,#1185,#118,.F.);
#882=EDGE_CURVE('',#1187,#1186,#119,.T.);
#883=EDGE_CURVE('',#1188,#1187,#120,.F.);
#884=EDGE_CURVE('',#1189,#1188,#121,.T.);
#885=EDGE_CURVE('',#1190,#1189,#122,.F.);
#886=EDGE_CURVE('',#1191,#1190,#123,.T.);
#887=EDGE_CURVE('',#1192,#1191,#124,.F.);
#888=EDGE_CURVE('',#1193,#1192,#125,.T.);
#889=EDGE_CURVE('',#1194,#1193,#126,.F.);
#890=EDGE_CURVE('',#1195,#1194,#127,.T.);
#891=EDGE_CURVE('',#1196,#1195,#128,.F.);
#892=EDGE_CURVE('',#1197,#1196,#129,.T.);
#893=EDGE_CURVE('',#1198,#1197,#130,.F.);
#894=EDGE_CURVE('',#1199,#1198,#131,.T.);
#895=EDGE_CURVE('',#1200,#1199,#1382,.T.);
#896=EDGE_CURVE('',#1201,#1200,#132,.F.);
#897=EDGE_CURVE('',#1184,#1201,#1383,.T.);
#898=EDGE_CURVE('',#1202,#1202,#133,.F.);
#899=EDGE_CURVE('',#1203,#1203,#134,.F.);
#900=EDGE_CURVE('',#1204,#1204,#135,.F.);
#901=EDGE_CURVE('',#1205,#1205,#136,.F.);
#902=EDGE_CURVE('',#1206,#1206,#137,.F.);
#903=EDGE_CURVE('',#1207,#1207,#138,.F.);
#904=EDGE_CURVE('',#1208,#1208,#139,.F.);
#905=EDGE_CURVE('',#1209,#1209,#140,.F.);
#906=EDGE_CURVE('',#1210,#1211,#1384,.T.);
#907=EDGE_CURVE('',#1210,#1212,#141,.F.);
#908=EDGE_CURVE('',#1213,#1212,#1385,.T.);
#909=EDGE_CURVE('',#1213,#1214,#142,.T.);
#910=EDGE_CURVE('',#1214,#1215,#1386,.T.);
#911=EDGE_CURVE('',#1215,#1216,#143,.F.);
#912=EDGE_CURVE('',#1216,#1217,#1387,.T.);
#913=EDGE_CURVE('',#1217,#1218,#144,.T.);
#914=EDGE_CURVE('',#1218,#1219,#1388,.T.);
#915=EDGE_CURVE('',#1219,#1220,#145,.F.);
#916=EDGE_CURVE('',#1220,#1221,#1389,.T.);
#917=EDGE_CURVE('',#1221,#1222,#146,.T.);
#918=EDGE_CURVE('',#1223,#1222,#1390,.T.);
#919=EDGE_CURVE('',#1223,#1224,#147,.F.);
#920=EDGE_CURVE('',#1225,#1224,#1391,.T.);
#921=EDGE_CURVE('',#1225,#1226,#148,.F.);
#922=EDGE_CURVE('',#1227,#1226,#1392,.T.);
#923=EDGE_CURVE('',#1227,#1228,#149,.F.);
#924=EDGE_CURVE('',#1228,#1229,#1393,.T.);
#925=EDGE_CURVE('',#1229,#1230,#150,.F.);
#926=EDGE_CURVE('',#1230,#1231,#1394,.T.);
#927=EDGE_CURVE('',#1231,#1232,#151,.F.);
#928=EDGE_CURVE('',#1232,#1233,#152,.F.);
#929=EDGE_CURVE('',#1234,#1233,#1395,.T.);
#930=EDGE_CURVE('',#1234,#1211,#153,.T.);
#931=EDGE_CURVE('',#1235,#1236,#154,.T.);
#932=EDGE_CURVE('',#1236,#1237,#1396,.T.);
#933=EDGE_CURVE('',#1237,#1238,#155,.T.);
#934=EDGE_CURVE('',#1238,#1239,#1397,.T.);
#935=EDGE_CURVE('',#1239,#1240,#156,.T.);
#936=EDGE_CURVE('',#1240,#1241,#1398,.T.);
#937=EDGE_CURVE('',#1241,#1242,#157,.T.);
#938=EDGE_CURVE('',#1242,#1235,#1399,.T.);
#939=EDGE_CURVE('',#1243,#1244,#1400,.T.);
#940=EDGE_CURVE('',#1243,#1245,#158,.F.);
#941=EDGE_CURVE('',#1245,#1246,#1401,.T.);
#942=EDGE_CURVE('',#1246,#1247,#159,.T.);
#943=EDGE_CURVE('',#1247,#1248,#1402,.T.);
#944=EDGE_CURVE('',#1248,#1249,#160,.T.);
#945=EDGE_CURVE('',#1250,#1249,#1403,.T.);
#946=EDGE_CURVE('',#1250,#1251,#161,.T.);
#947=EDGE_CURVE('',#1251,#1252,#1404,.T.);
#948=EDGE_CURVE('',#1252,#1253,#162,.F.);
#949=EDGE_CURVE('',#1253,#1254,#1405,.T.);
#950=EDGE_CURVE('',#1254,#1180,#163,.F.);
#951=EDGE_CURVE('',#1179,#1255,#164,.T.);
#952=EDGE_CURVE('',#1255,#1256,#1406,.T.);
#953=EDGE_CURVE('',#1257,#1256,#165,.T.);
#954=EDGE_CURVE('',#1258,#1257,#1407,.T.);
#955=EDGE_CURVE('',#1258,#1176,#166,.T.);
#956=EDGE_CURVE('',#1175,#1244,#167,.F.);
#957=EDGE_CURVE('',#1259,#1259,#168,.T.);
#958=EDGE_CURVE('',#1260,#1260,#169,.T.);
#959=EDGE_CURVE('',#1261,#1261,#170,.T.);
#960=EDGE_CURVE('',#1262,#1262,#171,.T.);
#961=EDGE_CURVE('',#1263,#1263,#172,.T.);
#962=EDGE_CURVE('',#1264,#1264,#173,.T.);
#963=EDGE_CURVE('',#1265,#1266,#1408,.T.);
#964=EDGE_CURVE('',#1266,#1223,#106,.T.);
#965=EDGE_CURVE('',#1222,#1267,#1409,.F.);
#966=EDGE_CURVE('',#1268,#1267,#1410,.T.);
#967=EDGE_CURVE('',#1268,#1234,#1411,.T.);
#968=EDGE_CURVE('',#1233,#1269,#107,.T.);
#969=EDGE_CURVE('',#1270,#1269,#1412,.T.);
#970=EDGE_CURVE('',#1270,#1265,#1413,.T.);
#971=EDGE_CURVE('',#1271,#1272,#1414,.T.);
#972=EDGE_CURVE('',#1272,#1210,#108,.T.);
#973=EDGE_CURVE('',#1211,#1273,#1415,.F.);
#974=EDGE_CURVE('',#1274,#1273,#1416,.T.);
#975=EDGE_CURVE('',#1274,#1213,#1417,.T.);
#976=EDGE_CURVE('',#1212,#1275,#109,.T.);
#977=EDGE_CURVE('',#1276,#1275,#1418,.T.);
#978=EDGE_CURVE('',#1276,#1271,#1419,.T.);
#979=EDGE_CURVE('',#1277,#1278,#1420,.T.);
#980=EDGE_CURVE('',#1278,#1219,#110,.T.);
#981=EDGE_CURVE('',#1218,#1279,#1421,.F.);
#982=EDGE_CURVE('',#1279,#1280,#1422,.T.);
#983=EDGE_CURVE('',#1280,#1221,#1423,.T.);
#984=EDGE_CURVE('',#1220,#1281,#111,.T.);
#985=EDGE_CURVE('',#1282,#1281,#1424,.T.);
#986=EDGE_CURVE('',#1277,#1282,#1425,.T.);
#987=EDGE_CURVE('',#1283,#1284,#1426,.T.);
#988=EDGE_CURVE('',#1284,#1215,#112,.T.);
#989=EDGE_CURVE('',#1214,#1285,#1427,.F.);
#990=EDGE_CURVE('',#1285,#1286,#1428,.T.);
#991=EDGE_CURVE('',#1286,#1217,#1429,.T.);
#992=EDGE_CURVE('',#1216,#1287,#113,.T.);
#993=EDGE_CURVE('',#1288,#1287,#1430,.T.);
#994=EDGE_CURVE('',#1283,#1288,#1431,.T.);
#995=EDGE_CURVE('',#1251,#1289,#1432,.F.);
#996=EDGE_CURVE('',#1289,#1290,#1433,.F.);
#997=EDGE_CURVE('',#1290,#1246,#1434,.T.);
#998=EDGE_CURVE('',#1245,#1291,#1435,.F.);
#999=EDGE_CURVE('',#1291,#1292,#1436,.T.);
#1000=EDGE_CURVE('',#1292,#1252,#1437,.T.);
#1001=EDGE_CURVE('',#1244,#1293,#1438,.F.);
#1002=EDGE_CURVE('',#1293,#1294,#1439,.T.);
#1003=EDGE_CURVE('',#1294,#1243,#1440,.T.);
#1004=EDGE_CURVE('',#1253,#1295,#1441,.F.);
#1005=EDGE_CURVE('',#1295,#1296,#1442,.T.);
#1006=EDGE_CURVE('',#1296,#1254,#1443,.T.);
#1007=EDGE_CURVE('',#1297,#1298,#174,.T.);
#1008=EDGE_CURVE('',#1298,#1299,#1444,.T.);
#1009=EDGE_CURVE('',#1299,#1300,#175,.T.);
#1010=EDGE_CURVE('',#1300,#1301,#1445,.T.);
#1011=EDGE_CURVE('',#1301,#1302,#176,.T.);
#1012=EDGE_CURVE('',#1302,#1303,#1446,.T.);
#1013=EDGE_CURVE('',#1303,#1304,#177,.T.);
#1014=EDGE_CURVE('',#1304,#1297,#1447,.T.);
#1015=EDGE_CURVE('',#1273,#1268,#178,.F.);
#1016=EDGE_CURVE('',#1267,#1280,#179,.F.);
#1017=EDGE_CURVE('',#1279,#1286,#180,.F.);
#1018=EDGE_CURVE('',#1285,#1274,#181,.F.);
#1019=EDGE_CURVE('',#1294,#1291,#182,.F.);
#1020=EDGE_CURVE('',#1292,#1295,#183,.F.);
#1021=EDGE_CURVE('',#1296,#1181,#184,.F.);
#1022=EDGE_CURVE('',#1182,#1293,#185,.F.);
#1023=EDGE_CURVE('',#1305,#1305,#186,.T.);
#1024=EDGE_CURVE('',#1306,#1306,#187,.T.);
#1025=EDGE_CURVE('',#1307,#1307,#188,.T.);
#1026=EDGE_CURVE('',#1308,#1308,#189,.T.);
#1027=EDGE_CURVE('',#1309,#1309,#190,.T.);
#1028=EDGE_CURVE('',#1310,#1310,#191,.T.);
#1029=EDGE_CURVE('',#1311,#1311,#192,.T.);
#1030=EDGE_CURVE('',#1312,#1312,#193,.T.);
#1031=EDGE_CURVE('',#1275,#1272,#194,.T.);
#1032=EDGE_CURVE('',#1276,#1271,#195,.T.);
#1033=EDGE_CURVE('',#1287,#1284,#196,.T.);
#1034=EDGE_CURVE('',#1288,#1283,#197,.T.);
#1035=EDGE_CURVE('',#1281,#1278,#198,.T.);
#1036=EDGE_CURVE('',#1282,#1277,#199,.T.);
#1037=EDGE_CURVE('',#1269,#1266,#200,.T.);
#1038=EDGE_CURVE('',#1270,#1265,#201,.T.);
#1039=EDGE_CURVE('',#1226,#1313,#1448,.T.);
#1040=EDGE_CURVE('',#1313,#1314,#1449,.T.);
#1041=EDGE_CURVE('',#1314,#1227,#1450,.F.);
#1042=EDGE_CURVE('',#1228,#1315,#1451,.T.);
#1043=EDGE_CURVE('',#1315,#1316,#1452,.T.);
#1044=EDGE_CURVE('',#1316,#1229,#1453,.F.);
#1045=EDGE_CURVE('',#1230,#1317,#1454,.T.);
#1046=EDGE_CURVE('',#1317,#1318,#1455,.T.);
#1047=EDGE_CURVE('',#1318,#1231,#1456,.F.);
#1048=EDGE_CURVE('',#1319,#1320,#1457,.T.);
#1049=EDGE_CURVE('',#1320,#1321,#1458,.T.);
#1050=EDGE_CURVE('',#1321,#1225,#1459,.F.);
#1051=EDGE_CURVE('',#1224,#1319,#114,.T.);
#1052=EDGE_CURVE('',#1316,#1317,#202,.F.);
#1053=EDGE_CURVE('',#1314,#1315,#203,.F.);
#1054=EDGE_CURVE('',#1318,#1320,#204,.F.);
#1055=EDGE_CURVE('',#1319,#1232,#115,.T.);
#1056=EDGE_CURVE('',#1321,#1313,#205,.F.);
#1057=EDGE_CURVE('',#1322,#1193,#1460,.T.);
#1058=EDGE_CURVE('',#1322,#1323,#206,.T.);
#1059=EDGE_CURVE('',#1194,#1323,#1461,.F.);
#1060=EDGE_CURVE('',#1324,#1189,#1462,.T.);
#1061=EDGE_CURVE('',#1324,#1325,#207,.T.);
#1062=EDGE_CURVE('',#1190,#1325,#1463,.F.);
#1063=EDGE_CURVE('',#1326,#1184,#1464,.T.);
#1064=EDGE_CURVE('',#1326,#1327,#208,.T.);
#1065=EDGE_CURVE('',#1183,#1327,#1465,.F.);
#1066=EDGE_CURVE('',#1328,#1201,#1466,.F.);
#1067=EDGE_CURVE('',#1328,#1326,#1467,.T.);
#1068=EDGE_CURVE('',#1329,#1200,#1468,.T.);
#1069=EDGE_CURVE('',#1329,#1328,#209,.T.);
#1070=EDGE_CURVE('',#1330,#1199,#1469,.T.);
#1071=EDGE_CURVE('',#1330,#1329,#1470,.T.);
#1072=EDGE_CURVE('',#1331,#1197,#1471,.T.);
#1073=EDGE_CURVE('',#1331,#1332,#210,.T.);
#1074=EDGE_CURVE('',#1198,#1332,#1472,.F.);
#1075=EDGE_CURVE('',#1333,#1191,#1473,.T.);
#1076=EDGE_CURVE('',#1333,#1334,#211,.T.);
#1077=EDGE_CURVE('',#1192,#1334,#1474,.F.);
#1078=EDGE_CURVE('',#1335,#1195,#1475,.T.);
#1079=EDGE_CURVE('',#1335,#1336,#212,.T.);
#1080=EDGE_CURVE('',#1196,#1336,#1476,.F.);
#1081=EDGE_CURVE('',#1337,#1187,#1477,.T.);
#1082=EDGE_CURVE('',#1337,#1338,#213,.T.);
#1083=EDGE_CURVE('',#1188,#1338,#1478,.F.);
#1084=EDGE_CURVE('',#1339,#1340,#214,.F.);
#1085=EDGE_CURVE('',#1340,#1341,#215,.T.);
#1086=EDGE_CURVE('',#1341,#1342,#216,.F.);
#1087=EDGE_CURVE('',#1342,#1343,#217,.T.);
#1088=EDGE_CURVE('',#1343,#1344,#218,.F.);
#1089=EDGE_CURVE('',#1344,#1345,#219,.T.);
#1090=EDGE_CURVE('',#1345,#1346,#220,.F.);
#1091=EDGE_CURVE('',#1346,#1347,#221,.T.);
#1092=EDGE_CURVE('',#1347,#1348,#222,.F.);
#1093=EDGE_CURVE('',#1348,#1349,#223,.T.);
#1094=EDGE_CURVE('',#1349,#1350,#224,.F.);
#1095=EDGE_CURVE('',#1350,#1351,#225,.T.);
#1096=EDGE_CURVE('',#1351,#1352,#226,.F.);
#1097=EDGE_CURVE('',#1352,#1353,#1479,.F.);
#1098=EDGE_CURVE('',#1353,#1354,#227,.F.);
#1099=EDGE_CURVE('',#1354,#1355,#1480,.F.);
#1100=EDGE_CURVE('',#1355,#1356,#228,.T.);
#1101=EDGE_CURVE('',#1356,#1357,#229,.F.);
#1102=EDGE_CURVE('',#1357,#1339,#230,.T.);
#1103=EDGE_CURVE('',#1358,#1185,#1481,.T.);
#1104=EDGE_CURVE('',#1358,#1359,#231,.T.);
#1105=EDGE_CURVE('',#1186,#1359,#1482,.F.);
#1106=EDGE_CURVE('',#1332,#1330,#232,.F.);
#1107=EDGE_CURVE('',#1327,#1358,#233,.F.);
#1108=EDGE_CURVE('',#1359,#1337,#234,.F.);
#1109=EDGE_CURVE('',#1338,#1324,#235,.F.);
#1110=EDGE_CURVE('',#1336,#1331,#236,.F.);
#1111=EDGE_CURVE('',#1323,#1335,#237,.F.);
#1112=EDGE_CURVE('',#1334,#1322,#238,.F.);
#1113=EDGE_CURVE('',#1325,#1333,#239,.F.);
#1114=EDGE_CURVE('',#1359,#1349,#240,.T.);
#1115=EDGE_CURVE('',#1350,#1358,#241,.T.);
#1116=EDGE_CURVE('',#1351,#1327,#242,.T.);
#1117=EDGE_CURVE('',#1337,#1348,#243,.T.);
#1118=EDGE_CURVE('',#1352,#1326,#244,.T.);
#1119=EDGE_CURVE('',#1338,#1347,#245,.T.);
#1120=EDGE_CURVE('',#1353,#1328,#246,.T.);
#1121=EDGE_CURVE('',#1324,#1346,#247,.T.);
#1122=EDGE_CURVE('',#1354,#1329,#248,.T.);
#1123=EDGE_CURVE('',#1325,#1345,#249,.T.);
#1124=EDGE_CURVE('',#1355,#1330,#250,.T.);
#1125=EDGE_CURVE('',#1333,#1344,#251,.T.);
#1126=EDGE_CURVE('',#1356,#1332,#252,.T.);
#1127=EDGE_CURVE('',#1334,#1343,#253,.T.);
#1128=EDGE_CURVE('',#1357,#1331,#254,.T.);
#1129=EDGE_CURVE('',#1322,#1342,#255,.T.);
#1130=EDGE_CURVE('',#1339,#1336,#256,.T.);
#1131=EDGE_CURVE('',#1323,#1341,#257,.T.);
#1132=EDGE_CURVE('',#1340,#1335,#258,.T.);
#1133=EDGE_CURVE('',#1241,#1313,#1483,.T.);
#1134=EDGE_CURVE('',#1314,#1240,#1484,.T.);
#1135=EDGE_CURVE('',#1315,#1239,#1485,.T.);
#1136=EDGE_CURVE('',#1242,#1321,#1486,.T.);
#1137=EDGE_CURVE('',#1316,#1238,#1487,.T.);
#1138=EDGE_CURVE('',#1235,#1320,#1488,.T.);
#1139=EDGE_CURVE('',#1317,#1237,#1489,.T.);
#1140=EDGE_CURVE('',#1236,#1318,#1490,.T.);
#1141=EDGE_CURVE('',#1292,#1302,#1491,.T.);
#1142=EDGE_CURVE('',#1303,#1291,#1492,.T.);
#1143=EDGE_CURVE('',#1304,#1294,#1493,.T.);
#1144=EDGE_CURVE('',#1295,#1301,#1494,.T.);
#1145=EDGE_CURVE('',#1297,#1293,#1495,.T.);
#1146=EDGE_CURVE('',#1296,#1300,#1496,.T.);
#1147=EDGE_CURVE('',#1298,#1182,#1497,.T.);
#1148=EDGE_CURVE('',#1181,#1299,#1498,.T.);
#1149=EDGE_CURVE('',#1255,#1360,#1499,.F.);
#1150=EDGE_CURVE('',#1360,#1361,#12,.F.);
#1151=EDGE_CURVE('',#1361,#1362,#1500,.T.);
#1152=EDGE_CURVE('',#1362,#1256,#1501,.T.);
#1153=EDGE_CURVE('',#1363,#1362,#259,.T.);
#1154=EDGE_CURVE('',#1363,#1257,#1502,.T.);
#1155=EDGE_CURVE('',#1364,#1363,#1503,.T.);
#1156=EDGE_CURVE('',#1364,#1365,#13,.T.);
#1157=EDGE_CURVE('',#1365,#1258,#1504,.T.);
#1158=EDGE_CURVE('',#1366,#1366,#260,.T.);
#1159=EDGE_CURVE('',#1361,#1364,#1505,.F.);
#1160=EDGE_CURVE('',#1367,#1248,#1506,.T.);
#1161=EDGE_CURVE('',#1367,#1368,#261,.T.);
#1162=EDGE_CURVE('',#1368,#1249,#1507,.T.);
#1163=EDGE_CURVE('',#1369,#1368,#1508,.T.);
#1164=EDGE_CURVE('',#1369,#1370,#14,.T.);
#1165=EDGE_CURVE('',#1370,#1250,#1509,.T.);
#1166=EDGE_CURVE('',#1371,#1371,#262,.T.);
#1167=EDGE_CURVE('',#1247,#1372,#1510,.F.);
#1168=EDGE_CURVE('',#1372,#1373,#15,.F.);
#1169=EDGE_CURVE('',#1373,#1367,#1511,.T.);
#1170=EDGE_CURVE('',#1373,#1369,#1512,.T.);
#1171=EDGE_CURVE('',#1360,#1178,#16,.F.);
#1172=EDGE_CURVE('',#1365,#1177,#17,.F.);
#1173=EDGE_CURVE('',#1372,#1290,#18,.F.);
#1174=EDGE_CURVE('',#1370,#1289,#19,.F.);
#1175=VERTEX_POINT('',#3136);
#1176=VERTEX_POINT('',#3137);
#1177=VERTEX_POINT('',#3139);
#1178=VERTEX_POINT('',#3141);
#1179=VERTEX_POINT('',#3143);
#1180=VERTEX_POINT('',#3145);
#1181=VERTEX_POINT('',#3147);
#1182=VERTEX_POINT('',#3149);
#1183=VERTEX_POINT('',#3153);
#1184=VERTEX_POINT('',#3154);
#1185=VERTEX_POINT('',#3156);
#1186=VERTEX_POINT('',#3158);
#1187=VERTEX_POINT('',#3160);
#1188=VERTEX_POINT('',#3162);
#1189=VERTEX_POINT('',#3164);
#1190=VERTEX_POINT('',#3166);
#1191=VERTEX_POINT('',#3168);
#1192=VERTEX_POINT('',#3170);
#1193=VERTEX_POINT('',#3172);
#1194=VERTEX_POINT('',#3174);
#1195=VERTEX_POINT('',#3176);
#1196=VERTEX_POINT('',#3178);
#1197=VERTEX_POINT('',#3180);
#1198=VERTEX_POINT('',#3182);
#1199=VERTEX_POINT('',#3184);
#1200=VERTEX_POINT('',#3186);
#1201=VERTEX_POINT('',#3188);
#1202=VERTEX_POINT('',#3191);
#1203=VERTEX_POINT('',#3193);
#1204=VERTEX_POINT('',#3195);
#1205=VERTEX_POINT('',#3197);
#1206=VERTEX_POINT('',#3199);
#1207=VERTEX_POINT('',#3201);
#1208=VERTEX_POINT('',#3203);
#1209=VERTEX_POINT('',#3205);
#1210=VERTEX_POINT('',#3207);
#1211=VERTEX_POINT('',#3208);
#1212=VERTEX_POINT('',#3210);
#1213=VERTEX_POINT('',#3212);
#1214=VERTEX_POINT('',#3214);
#1215=VERTEX_POINT('',#3216);
#1216=VERTEX_POINT('',#3218);
#1217=VERTEX_POINT('',#3220);
#1218=VERTEX_POINT('',#3222);
#1219=VERTEX_POINT('',#3224);
#1220=VERTEX_POINT('',#3226);
#1221=VERTEX_POINT('',#3228);
#1222=VERTEX_POINT('',#3230);
#1223=VERTEX_POINT('',#3232);
#1224=VERTEX_POINT('',#3234);
#1225=VERTEX_POINT('',#3236);
#1226=VERTEX_POINT('',#3238);
#1227=VERTEX_POINT('',#3240);
#1228=VERTEX_POINT('',#3242);
#1229=VERTEX_POINT('',#3244);
#1230=VERTEX_POINT('',#3246);
#1231=VERTEX_POINT('',#3248);
#1232=VERTEX_POINT('',#3250);
#1233=VERTEX_POINT('',#3252);
#1234=VERTEX_POINT('',#3254);
#1235=VERTEX_POINT('',#3258);
#1236=VERTEX_POINT('',#3259);
#1237=VERTEX_POINT('',#3261);
#1238=VERTEX_POINT('',#3263);
#1239=VERTEX_POINT('',#3265);
#1240=VERTEX_POINT('',#3267);
#1241=VERTEX_POINT('',#3269);
#1242=VERTEX_POINT('',#3271);
#1243=VERTEX_POINT('',#3274);
#1244=VERTEX_POINT('',#3275);
#1245=VERTEX_POINT('',#3277);
#1246=VERTEX_POINT('',#3279);
#1247=VERTEX_POINT('',#3281);
#1248=VERTEX_POINT('',#3283);
#1249=VERTEX_POINT('',#3285);
#1250=VERTEX_POINT('',#3287);
#1251=VERTEX_POINT('',#3289);
#1252=VERTEX_POINT('',#3291);
#1253=VERTEX_POINT('',#3293);
#1254=VERTEX_POINT('',#3295);
#1255=VERTEX_POINT('',#3298);
#1256=VERTEX_POINT('',#3300);
#1257=VERTEX_POINT('',#3302);
#1258=VERTEX_POINT('',#3304);
#1259=VERTEX_POINT('',#3308);
#1260=VERTEX_POINT('',#3310);
#1261=VERTEX_POINT('',#3312);
#1262=VERTEX_POINT('',#3314);
#1263=VERTEX_POINT('',#3316);
#1264=VERTEX_POINT('',#3318);
#1265=VERTEX_POINT('',#3321);
#1266=VERTEX_POINT('',#3322);
#1267=VERTEX_POINT('',#3330);
#1268=VERTEX_POINT('',#3332);
#1269=VERTEX_POINT('',#3340);
#1270=VERTEX_POINT('',#3342);
#1271=VERTEX_POINT('',#3346);
#1272=VERTEX_POINT('',#3347);
#1273=VERTEX_POINT('',#3355);
#1274=VERTEX_POINT('',#3357);
#1275=VERTEX_POINT('',#3365);
#1276=VERTEX_POINT('',#3367);
#1277=VERTEX_POINT('',#3371);
#1278=VERTEX_POINT('',#3372);
#1279=VERTEX_POINT('',#3380);
#1280=VERTEX_POINT('',#3382);
#1281=VERTEX_POINT('',#3390);
#1282=VERTEX_POINT('',#3392);
#1283=VERTEX_POINT('',#3396);
#1284=VERTEX_POINT('',#3397);
#1285=VERTEX_POINT('',#3405);
#1286=VERTEX_POINT('',#3407);
#1287=VERTEX_POINT('',#3415);
#1288=VERTEX_POINT('',#3417);
#1289=VERTEX_POINT('',#3421);
#1290=VERTEX_POINT('',#3423);
#1291=VERTEX_POINT('',#3426);
#1292=VERTEX_POINT('',#3428);
#1293=VERTEX_POINT('',#3432);
#1294=VERTEX_POINT('',#3434);
#1295=VERTEX_POINT('',#3438);
#1296=VERTEX_POINT('',#3440);
#1297=VERTEX_POINT('',#3444);
#1298=VERTEX_POINT('',#3445);
#1299=VERTEX_POINT('',#3447);
#1300=VERTEX_POINT('',#3449);
#1301=VERTEX_POINT('',#3451);
#1302=VERTEX_POINT('',#3453);
#1303=VERTEX_POINT('',#3455);
#1304=VERTEX_POINT('',#3457);
#1305=VERTEX_POINT('',#3481);
#1306=VERTEX_POINT('',#3483);
#1307=VERTEX_POINT('',#3487);
#1308=VERTEX_POINT('',#3489);
#1309=VERTEX_POINT('',#3493);
#1310=VERTEX_POINT('',#3495);
#1311=VERTEX_POINT('',#3499);
#1312=VERTEX_POINT('',#3501);
#1313=VERTEX_POINT('',#3521);
#1314=VERTEX_POINT('',#3523);
#1315=VERTEX_POINT('',#3527);
#1316=VERTEX_POINT('',#3529);
#1317=VERTEX_POINT('',#3533);
#1318=VERTEX_POINT('',#3535);
#1319=VERTEX_POINT('',#3539);
#1320=VERTEX_POINT('',#3540);
#1321=VERTEX_POINT('',#3542);
#1322=VERTEX_POINT('',#3570);
#1323=VERTEX_POINT('',#3572);
#1324=VERTEX_POINT('',#3576);
#1325=VERTEX_POINT('',#3578);
#1326=VERTEX_POINT('',#3582);
#1327=VERTEX_POINT('',#3584);
#1328=VERTEX_POINT('',#3588);
#1329=VERTEX_POINT('',#3592);
#1330=VERTEX_POINT('',#3596);
#1331=VERTEX_POINT('',#3600);
#1332=VERTEX_POINT('',#3602);
#1333=VERTEX_POINT('',#3606);
#1334=VERTEX_POINT('',#3608);
#1335=VERTEX_POINT('',#3612);
#1336=VERTEX_POINT('',#3614);
#1337=VERTEX_POINT('',#3618);
#1338=VERTEX_POINT('',#3620);
#1339=VERTEX_POINT('',#3624);
#1340=VERTEX_POINT('',#3625);
#1341=VERTEX_POINT('',#3627);
#1342=VERTEX_POINT('',#3629);
#1343=VERTEX_POINT('',#3631);
#1344=VERTEX_POINT('',#3633);
#1345=VERTEX_POINT('',#3635);
#1346=VERTEX_POINT('',#3637);
#1347=VERTEX_POINT('',#3639);
#1348=VERTEX_POINT('',#3641);
#1349=VERTEX_POINT('',#3643);
#1350=VERTEX_POINT('',#3645);
#1351=VERTEX_POINT('',#3647);
#1352=VERTEX_POINT('',#3649);
#1353=VERTEX_POINT('',#3651);
#1354=VERTEX_POINT('',#3653);
#1355=VERTEX_POINT('',#3655);
#1356=VERTEX_POINT('',#3657);
#1357=VERTEX_POINT('',#3659);
#1358=VERTEX_POINT('',#3663);
#1359=VERTEX_POINT('',#3665);
#1360=VERTEX_POINT('',#3755);
#1361=VERTEX_POINT('',#3757);
#1362=VERTEX_POINT('',#3759);
#1363=VERTEX_POINT('',#3763);
#1364=VERTEX_POINT('',#3767);
#1365=VERTEX_POINT('',#3769);
#1366=VERTEX_POINT('',#3773);
#1367=VERTEX_POINT('',#3778);
#1368=VERTEX_POINT('',#3780);
#1369=VERTEX_POINT('',#3784);
#1370=VERTEX_POINT('',#3786);
#1371=VERTEX_POINT('',#3790);
#1372=VERTEX_POINT('',#3793);
#1373=VERTEX_POINT('',#3795);
#1374=LINE('',#3135,#1513);
#1375=LINE('',#3138,#1514);
#1376=LINE('',#3140,#1515);
#1377=LINE('',#3142,#1516);
#1378=LINE('',#3144,#1517);
#1379=LINE('',#3146,#1518);
#1380=LINE('',#3148,#1519);
#1381=LINE('',#3150,#1520);
#1382=LINE('',#3185,#1521);
#1383=LINE('',#3189,#1522);
#1384=LINE('',#3206,#1523);
#1385=LINE('',#3211,#1524);
#1386=LINE('',#3215,#1525);
#1387=LINE('',#3219,#1526);
#1388=LINE('',#3223,#1527);
#1389=LINE('',#3227,#1528);
#1390=LINE('',#3231,#1529);
#1391=LINE('',#3235,#1530);
#1392=LINE('',#3239,#1531);
#1393=LINE('',#3243,#1532);
#1394=LINE('',#3247,#1533);
#1395=LINE('',#3253,#1534);
#1396=LINE('',#3260,#1535);
#1397=LINE('',#3264,#1536);
#1398=LINE('',#3268,#1537);
#1399=LINE('',#3272,#1538);
#1400=LINE('',#3273,#1539);
#1401=LINE('',#3278,#1540);
#1402=LINE('',#3282,#1541);
#1403=LINE('',#3286,#1542);
#1404=LINE('',#3290,#1543);
#1405=LINE('',#3294,#1544);
#1406=LINE('',#3299,#1545);
#1407=LINE('',#3303,#1546);
#1408=LINE('',#3320,#1547);
#1409=LINE('',#3329,#1548);
#1410=LINE('',#3331,#1549);
#1411=LINE('',#3333,#1550);
#1412=LINE('',#3341,#1551);
#1413=LINE('',#3343,#1552);
#1414=LINE('',#3345,#1553);
#1415=LINE('',#3354,#1554);
#1416=LINE('',#3356,#1555);
#1417=LINE('',#3358,#1556);
#1418=LINE('',#3366,#1557);
#1419=LINE('',#3368,#1558);
#1420=LINE('',#3370,#1559);
#1421=LINE('',#3379,#1560);
#1422=LINE('',#3381,#1561);
#1423=LINE('',#3383,#1562);
#1424=LINE('',#3391,#1563);
#1425=LINE('',#3393,#1564);
#1426=LINE('',#3395,#1565);
#1427=LINE('',#3404,#1566);
#1428=LINE('',#3406,#1567);
#1429=LINE('',#3408,#1568);
#1430=LINE('',#3416,#1569);
#1431=LINE('',#3418,#1570);
#1432=LINE('',#3420,#1571);
#1433=LINE('',#3422,#1572);
#1434=LINE('',#3424,#1573);
#1435=LINE('',#3425,#1574);
#1436=LINE('',#3427,#1575);
#1437=LINE('',#3429,#1576);
#1438=LINE('',#3431,#1577);
#1439=LINE('',#3433,#1578);
#1440=LINE('',#3435,#1579);
#1441=LINE('',#3437,#1580);
#1442=LINE('',#3439,#1581);
#1443=LINE('',#3441,#1582);
#1444=LINE('',#3446,#1583);
#1445=LINE('',#3450,#1584);
#1446=LINE('',#3454,#1585);
#1447=LINE('',#3458,#1586);
#1448=LINE('',#3520,#1587);
#1449=LINE('',#3522,#1588);
#1450=LINE('',#3524,#1589);
#1451=LINE('',#3526,#1590);
#1452=LINE('',#3528,#1591);
#1453=LINE('',#3530,#1592);
#1454=LINE('',#3532,#1593);
#1455=LINE('',#3534,#1594);
#1456=LINE('',#3536,#1595);
#1457=LINE('',#3538,#1596);
#1458=LINE('',#3541,#1597);
#1459=LINE('',#3543,#1598);
#1460=LINE('',#3569,#1599);
#1461=LINE('',#3573,#1600);
#1462=LINE('',#3575,#1601);
#1463=LINE('',#3579,#1602);
#1464=LINE('',#3581,#1603);
#1465=LINE('',#3585,#1604);
#1466=LINE('',#3587,#1605);
#1467=LINE('',#3589,#1606);
#1468=LINE('',#3591,#1607);
#1469=LINE('',#3595,#1608);
#1470=LINE('',#3597,#1609);
#1471=LINE('',#3599,#1610);
#1472=LINE('',#3603,#1611);
#1473=LINE('',#3605,#1612);
#1474=LINE('',#3609,#1613);
#1475=LINE('',#3611,#1614);
#1476=LINE('',#3615,#1615);
#1477=LINE('',#3617,#1616);
#1478=LINE('',#3621,#1617);
#1479=LINE('',#3650,#1618);
#1480=LINE('',#3654,#1619);
#1481=LINE('',#3662,#1620);
#1482=LINE('',#3666,#1621);
#1483=LINE('',#3722,#1622);
#1484=LINE('',#3723,#1623);
#1485=LINE('',#3725,#1624);
#1486=LINE('',#3727,#1625);
#1487=LINE('',#3729,#1626);
#1488=LINE('',#3731,#1627);
#1489=LINE('',#3733,#1628);
#1490=LINE('',#3735,#1629);
#1491=LINE('',#3738,#1630);
#1492=LINE('',#3739,#1631);
#1493=LINE('',#3741,#1632);
#1494=LINE('',#3743,#1633);
#1495=LINE('',#3745,#1634);
#1496=LINE('',#3747,#1635);
#1497=LINE('',#3749,#1636);
#1498=LINE('',#3751,#1637);
#1499=LINE('',#3754,#1638);
#1500=LINE('',#3758,#1639);
#1501=LINE('',#3760,#1640);
#1502=LINE('',#3764,#1641);
#1503=LINE('',#3766,#1642);
#1504=LINE('',#3770,#1643);
#1505=LINE('',#3775,#1644);
#1506=LINE('',#3777,#1645);
#1507=LINE('',#3781,#1646);
#1508=LINE('',#3783,#1647);
#1509=LINE('',#3787,#1648);
#1510=LINE('',#3792,#1649);
#1511=LINE('',#3796,#1650);
#1512=LINE('',#3798,#1651);
#1513=VECTOR('',#2434,1.);
#1514=VECTOR('',#2435,1.);
#1515=VECTOR('',#2436,1.);
#1516=VECTOR('',#2437,1.);
#1517=VECTOR('',#2438,1.);
#1518=VECTOR('',#2439,1.);
#1519=VECTOR('',#2440,1.);
#1520=VECTOR('',#2441,1.);
#1521=VECTOR('',#2476,1.);
#1522=VECTOR('',#2479,1.);
#1523=VECTOR('',#2496,1.);
#1524=VECTOR('',#2499,1.);
#1525=VECTOR('',#2502,1.);
#1526=VECTOR('',#2505,1.);
#1527=VECTOR('',#2508,1.);
#1528=VECTOR('',#2511,1.);
#1529=VECTOR('',#2514,1.);
#1530=VECTOR('',#2517,1.);
#1531=VECTOR('',#2520,1.);
#1532=VECTOR('',#2523,1.);
#1533=VECTOR('',#2526,1.);
#1534=VECTOR('',#2531,1.);
#1535=VECTOR('',#2538,1.);
#1536=VECTOR('',#2541,1.);
#1537=VECTOR('',#2544,1.);
#1538=VECTOR('',#2547,1.);
#1539=VECTOR('',#2548,1.);
#1540=VECTOR('',#2551,1.);
#1541=VECTOR('',#2554,1.);
#1542=VECTOR('',#2557,1.);
#1543=VECTOR('',#2560,1.);
#1544=VECTOR('',#2563,1.);
#1545=VECTOR('',#2568,1.);
#1546=VECTOR('',#2571,1.);
#1547=VECTOR('',#2590,1.);
#1548=VECTOR('',#2591,1.);
#1549=VECTOR('',#2592,1.);
#1550=VECTOR('',#2593,1.);
#1551=VECTOR('',#2594,1.);
#1552=VECTOR('',#2595,1.);
#1553=VECTOR('',#2598,1.);
#1554=VECTOR('',#2599,1.);
#1555=VECTOR('',#2600,1.);
#1556=VECTOR('',#2601,1.);
#1557=VECTOR('',#2602,1.);
#1558=VECTOR('',#2603,1.);
#1559=VECTOR('',#2606,1.);
#1560=VECTOR('',#2607,1.);
#1561=VECTOR('',#2608,1.);
#1562=VECTOR('',#2609,1.);
#1563=VECTOR('',#2610,1.);
#1564=VECTOR('',#2611,1.);
#1565=VECTOR('',#2614,1.);
#1566=VECTOR('',#2615,1.);
#1567=VECTOR('',#2616,1.);
#1568=VECTOR('',#2617,1.);
#1569=VECTOR('',#2618,1.);
#1570=VECTOR('',#2619,1.);
#1571=VECTOR('',#2622,1.);
#1572=VECTOR('',#2623,1.);
#1573=VECTOR('',#2624,1.);
#1574=VECTOR('',#2625,1.);
#1575=VECTOR('',#2626,1.);
#1576=VECTOR('',#2627,1.);
#1577=VECTOR('',#2630,1.);
#1578=VECTOR('',#2631,1.);
#1579=VECTOR('',#2632,1.);
#1580=VECTOR('',#2635,1.);
#1581=VECTOR('',#2636,1.);
#1582=VECTOR('',#2637,1.);
#1583=VECTOR('',#2642,1.);
#1584=VECTOR('',#2645,1.);
#1585=VECTOR('',#2648,1.);
#1586=VECTOR('',#2651,1.);
#1587=VECTOR('',#2758,1.);
#1588=VECTOR('',#2759,1.);
#1589=VECTOR('',#2760,1.);
#1590=VECTOR('',#2763,1.);
#1591=VECTOR('',#2764,1.);
#1592=VECTOR('',#2765,1.);
#1593=VECTOR('',#2768,1.);
#1594=VECTOR('',#2769,1.);
#1595=VECTOR('',#2770,1.);
#1596=VECTOR('',#2773,1.);
#1597=VECTOR('',#2774,1.);
#1598=VECTOR('',#2775,1.);
#1599=VECTOR('',#2810,1.);
#1600=VECTOR('',#2813,1.);
#1601=VECTOR('',#2816,1.);
#1602=VECTOR('',#2819,1.);
#1603=VECTOR('',#2822,1.);
#1604=VECTOR('',#2825,1.);
#1605=VECTOR('',#2828,1.);
#1606=VECTOR('',#2829,1.);
#1607=VECTOR('',#2832,1.);
#1608=VECTOR('',#2837,1.);
#1609=VECTOR('',#2838,1.);
#1610=VECTOR('',#2841,1.);
#1611=VECTOR('',#2844,1.);
#1612=VECTOR('',#2847,1.);
#1613=VECTOR('',#2850,1.);
#1614=VECTOR('',#2853,1.);
#1615=VECTOR('',#2856,1.);
#1616=VECTOR('',#2859,1.);
#1617=VECTOR('',#2862,1.);
#1618=VECTOR('',#2891,1.);
#1619=VECTOR('',#2894,1.);
#1620=VECTOR('',#2903,1.);
#1621=VECTOR('',#2906,1.);
#1622=VECTOR('',#3017,1.);
#1623=VECTOR('',#3018,1.);
#1624=VECTOR('',#3021,1.);
#1625=VECTOR('',#3024,1.);
#1626=VECTOR('',#3027,1.);
#1627=VECTOR('',#3030,1.);
#1628=VECTOR('',#3033,1.);
#1629=VECTOR('',#3036,1.);
#1630=VECTOR('',#3041,1.);
#1631=VECTOR('',#3042,1.);
#1632=VECTOR('',#3045,1.);
#1633=VECTOR('',#3048,1.);
#1634=VECTOR('',#3051,1.);
#1635=VECTOR('',#3054,1.);
#1636=VECTOR('',#3057,1.);
#1637=VECTOR('',#3060,1.);
#1638=VECTOR('',#3065,1.);
#1639=VECTOR('',#3068,1.);
#1640=VECTOR('',#3069,1.);
#1641=VECTOR('',#3074,1.);
#1642=VECTOR('',#3077,1.);
#1643=VECTOR('',#3080,1.);
#1644=VECTOR('',#3087,1.);
#1645=VECTOR('',#3090,1.);
#1646=VECTOR('',#3093,1.);
#1647=VECTOR('',#3096,1.);
#1648=VECTOR('',#3099,1.);
#1649=VECTOR('',#3106,1.);
#1650=VECTOR('',#3109,1.);
#1651=VECTOR('',#3112,1.);
#1652=EDGE_LOOP('',(#263,#264,#265,#266,#267,#268,#269,#270));
#1653=EDGE_LOOP('',(#271,#272,#273,#274,#275,#276,#277,#278,#279,#280,#281,#282,#283,#284,#285,#286,#287,#288,#289));
#1654=EDGE_LOOP('',(#290));
#1655=EDGE_LOOP('',(#291));
#1656=EDGE_LOOP('',(#292));
#1657=EDGE_LOOP('',(#293));
#1658=EDGE_LOOP('',(#294));
#1659=EDGE_LOOP('',(#295));
#1660=EDGE_LOOP('',(#296));
#1661=EDGE_LOOP('',(#297));
#1662=EDGE_LOOP('',(#298,#299,#300,#301,#302,#303,#304,#305,#306,#307,#308,#309,#310,#311,#312,#313,#314,#315,#316,#317,#318,#319,#320,#321,#322));
#1663=EDGE_LOOP('',(#323,#324,#325,#326,#327,#328,#329,#330));
#1664=EDGE_LOOP('',(#331,#332,#333,#334,#335,#336,#337,#338,#339,#340,#341,#342,#343,#344,#345,#346,#347,#348,#349,#350));
#1665=EDGE_LOOP('',(#351));
#1666=EDGE_LOOP('',(#352));
#1667=EDGE_LOOP('',(#353));
#1668=EDGE_LOOP('',(#354));
#1669=EDGE_LOOP('',(#355));
#1670=EDGE_LOOP('',(#356));
#1671=EDGE_LOOP('',(#357,#358,#359,#360,#361,#362,#363,#364,#365,#366));
#1672=EDGE_LOOP('',(#367,#368,#369,#370,#371,#372,#373,#374,#375,#376));
#1673=EDGE_LOOP('',(#377,#378,#379,#380,#381,#382,#383,#384,#385,#386));
#1674=EDGE_LOOP('',(#387,#388,#389,#390,#391,#392,#393,#394,#395,#396));
#1675=EDGE_LOOP('',(#397,#398,#399,#400,#401,#402,#403,#404));
#1676=EDGE_LOOP('',(#405,#406,#407,#408));
#1677=EDGE_LOOP('',(#409,#410,#411,#412));
#1678=EDGE_LOOP('',(#413,#414,#415,#416,#417,#418,#419,#420));
#1679=EDGE_LOOP('',(#421,#422,#423,#424,#425,#426,#427,#428));
#1680=EDGE_LOOP('',(#429));
#1681=EDGE_LOOP('',(#430));
#1682=EDGE_LOOP('',(#431));
#1683=EDGE_LOOP('',(#432));
#1684=EDGE_LOOP('',(#433));
#1685=EDGE_LOOP('',(#434));
#1686=EDGE_LOOP('',(#435));
#1687=EDGE_LOOP('',(#436));
#1688=EDGE_LOOP('',(#437,#438,#439,#440));
#1689=EDGE_LOOP('',(#441,#442,#443,#444));
#1690=EDGE_LOOP('',(#445,#446,#447,#448));
#1691=EDGE_LOOP('',(#449,#450,#451,#452));
#1692=EDGE_LOOP('',(#453,#454,#455,#456));
#1693=EDGE_LOOP('',(#457,#458,#459,#460));
#1694=EDGE_LOOP('',(#461,#462,#463,#464));
#1695=EDGE_LOOP('',(#465,#466,#467,#468));
#1696=EDGE_LOOP('',(#469));
#1697=EDGE_LOOP('',(#470));
#1698=EDGE_LOOP('',(#471));
#1699=EDGE_LOOP('',(#472));
#1700=EDGE_LOOP('',(#473));
#1701=EDGE_LOOP('',(#474));
#1702=EDGE_LOOP('',(#475));
#1703=EDGE_LOOP('',(#476));
#1704=EDGE_LOOP('',(#477));
#1705=EDGE_LOOP('',(#478));
#1706=EDGE_LOOP('',(#479));
#1707=EDGE_LOOP('',(#480));
#1708=EDGE_LOOP('',(#481,#482,#483,#484));
#1709=EDGE_LOOP('',(#485,#486));
#1710=EDGE_LOOP('',(#487,#488,#489,#490));
#1711=EDGE_LOOP('',(#491,#492));
#1712=EDGE_LOOP('',(#493,#494,#495,#496));
#1713=EDGE_LOOP('',(#497,#498));
#1714=EDGE_LOOP('',(#499,#500,#501,#502));
#1715=EDGE_LOOP('',(#503,#504));
#1716=EDGE_LOOP('',(#505,#506,#507,#508));
#1717=EDGE_LOOP('',(#509,#510,#511,#512));
#1718=EDGE_LOOP('',(#513,#514,#515,#516));
#1719=EDGE_LOOP('',(#517,#518,#519,#520,#521));
#1720=EDGE_LOOP('',(#522,#523,#524,#525));
#1721=EDGE_LOOP('',(#526,#527,#528,#529));
#1722=EDGE_LOOP('',(#530,#531,#532,#533,#534));
#1723=EDGE_LOOP('',(#535,#536,#537,#538));
#1724=EDGE_LOOP('',(#539));
#1725=EDGE_LOOP('',(#540));
#1726=EDGE_LOOP('',(#541));
#1727=EDGE_LOOP('',(#542));
#1728=EDGE_LOOP('',(#543));
#1729=EDGE_LOOP('',(#544));
#1730=EDGE_LOOP('',(#545));
#1731=EDGE_LOOP('',(#546));
#1732=EDGE_LOOP('',(#547,#548,#549,#550));
#1733=EDGE_LOOP('',(#551,#552,#553,#554));
#1734=EDGE_LOOP('',(#555,#556,#557,#558));
#1735=EDGE_LOOP('',(#559,#560,#561,#562,#563,#564,#565));
#1736=EDGE_LOOP('',(#566,#567,#568,#569));
#1737=EDGE_LOOP('',(#570,#571,#572,#573));
#1738=EDGE_LOOP('',(#574,#575,#576,#577));
#1739=EDGE_LOOP('',(#578,#579,#580,#581));
#1740=EDGE_LOOP('',(#582,#583,#584,#585));
#1741=EDGE_LOOP('',(#586,#587,#588,#589));
#1742=EDGE_LOOP('',(#590,#591,#592,#593));
#1743=EDGE_LOOP('',(#594,#595,#596,#597));
#1744=EDGE_LOOP('',(#598,#599,#600,#601));
#1745=EDGE_LOOP('',(#602,#603,#604,#605));
#1746=EDGE_LOOP('',(#606,#607,#608,#609,#610,#611,#612,#613,#614,#615,#616,#617,#618,#619,#620,#621,#622,#623,#624));
#1747=EDGE_LOOP('',(#625,#626,#627,#628));
#1748=EDGE_LOOP('',(#629,#630,#631,#632));
#1749=EDGE_LOOP('',(#633,#634,#635,#636));
#1750=EDGE_LOOP('',(#637,#638,#639,#640));
#1751=EDGE_LOOP('',(#641,#642,#643,#644));
#1752=EDGE_LOOP('',(#645,#646,#647,#648));
#1753=EDGE_LOOP('',(#649,#650,#651,#652));
#1754=EDGE_LOOP('',(#653,#654,#655,#656));
#1755=EDGE_LOOP('',(#657,#658,#659,#660));
#1756=EDGE_LOOP('',(#661,#662,#663,#664));
#1757=EDGE_LOOP('',(#665,#666,#667,#668));
#1758=EDGE_LOOP('',(#669,#670,#671,#672));
#1759=EDGE_LOOP('',(#673,#674,#675,#676));
#1760=EDGE_LOOP('',(#677,#678,#679,#680));
#1761=EDGE_LOOP('',(#681,#682,#683,#684));
#1762=EDGE_LOOP('',(#685,#686,#687,#688));
#1763=EDGE_LOOP('',(#689,#690,#691,#692));
#1764=EDGE_LOOP('',(#693,#694,#695,#696));
#1765=EDGE_LOOP('',(#697,#698,#699,#700));
#1766=EDGE_LOOP('',(#701,#702,#703,#704));
#1767=EDGE_LOOP('',(#705,#706,#707,#708));
#1768=EDGE_LOOP('',(#709,#710,#711,#712));
#1769=EDGE_LOOP('',(#713,#714,#715,#716));
#1770=EDGE_LOOP('',(#717,#718,#719,#720));
#1771=EDGE_LOOP('',(#721,#722,#723,#724));
#1772=EDGE_LOOP('',(#725,#726,#727,#728));
#1773=EDGE_LOOP('',(#729,#730,#731,#732));
#1774=EDGE_LOOP('',(#733,#734,#735,#736));
#1775=EDGE_LOOP('',(#737,#738,#739,#740));
#1776=EDGE_LOOP('',(#741,#742,#743,#744));
#1777=EDGE_LOOP('',(#745,#746,#747,#748));
#1778=EDGE_LOOP('',(#749,#750,#751,#752));
#1779=EDGE_LOOP('',(#753,#754,#755,#756));
#1780=EDGE_LOOP('',(#757,#758,#759,#760));
#1781=EDGE_LOOP('',(#761,#762,#763,#764));
#1782=EDGE_LOOP('',(#765,#766,#767,#768));
#1783=EDGE_LOOP('',(#769,#770,#771,#772));
#1784=EDGE_LOOP('',(#773,#774,#775,#776));
#1785=EDGE_LOOP('',(#777,#778,#779,#780));
#1786=EDGE_LOOP('',(#781,#782,#783,#784));
#1787=EDGE_LOOP('',(#785,#786,#787,#788));
#1788=EDGE_LOOP('',(#789,#790,#791,#792));
#1789=EDGE_LOOP('',(#793,#794,#795,#796));
#1790=EDGE_LOOP('',(#797,#798,#799,#800));
#1791=EDGE_LOOP('',(#801,#802,#803,#804,#805));
#1792=EDGE_LOOP('',(#806,#807,#808,#809));
#1793=EDGE_LOOP('',(#810,#811,#812,#813,#814));
#1794=EDGE_LOOP('',(#815));
#1795=EDGE_LOOP('',(#816));
#1796=EDGE_LOOP('',(#817,#818,#819,#820));
#1797=EDGE_LOOP('',(#821));
#1798=EDGE_LOOP('',(#822,#823,#824,#825));
#1799=EDGE_LOOP('',(#826,#827,#828,#829,#830));
#1800=EDGE_LOOP('',(#831));
#1801=EDGE_LOOP('',(#832));
#1802=EDGE_LOOP('',(#833,#834,#835,#836,#837));
#1803=EDGE_LOOP('',(#838));
#1804=EDGE_LOOP('',(#839,#840,#841,#842));
#1805=EDGE_LOOP('',(#843,#844,#845,#846));
#1806=EDGE_LOOP('',(#847,#848,#849,#850,#851,#852));
#1807=EDGE_LOOP('',(#853,#854,#855,#856));
#1808=EDGE_LOOP('',(#857,#858,#859,#860));
#1809=EDGE_LOOP('',(#861,#862,#863,#864,#865,#866));
#1810=EDGE_LOOP('',(#867,#868,#869,#870));
#1811=FACE_BOUND('',#1652,.T.);
#1812=FACE_BOUND('',#1653,.T.);
#1813=FACE_BOUND('',#1654,.T.);
#1814=FACE_BOUND('',#1655,.T.);
#1815=FACE_BOUND('',#1656,.T.);
#1816=FACE_BOUND('',#1657,.T.);
#1817=FACE_BOUND('',#1658,.T.);
#1818=FACE_BOUND('',#1659,.T.);
#1819=FACE_BOUND('',#1660,.T.);
#1820=FACE_BOUND('',#1661,.T.);
#1821=FACE_BOUND('',#1662,.T.);
#1822=FACE_BOUND('',#1663,.T.);
#1823=FACE_BOUND('',#1664,.T.);
#1824=FACE_BOUND('',#1665,.T.);
#1825=FACE_BOUND('',#1666,.T.);
#1826=FACE_BOUND('',#1667,.T.);
#1827=FACE_BOUND('',#1668,.T.);
#1828=FACE_BOUND('',#1669,.T.);
#1829=FACE_BOUND('',#1670,.T.);
#1830=FACE_BOUND('',#1671,.T.);
#1831=FACE_BOUND('',#1672,.T.);
#1832=FACE_BOUND('',#1673,.T.);
#1833=FACE_BOUND('',#1674,.T.);
#1834=FACE_BOUND('',#1675,.T.);
#1835=FACE_BOUND('',#1676,.T.);
#1836=FACE_BOUND('',#1677,.T.);
#1837=FACE_BOUND('',#1678,.T.);
#1838=FACE_BOUND('',#1679,.T.);
#1839=FACE_BOUND('',#1680,.T.);
#1840=FACE_BOUND('',#1681,.T.);
#1841=FACE_BOUND('',#1682,.T.);
#1842=FACE_BOUND('',#1683,.T.);
#1843=FACE_BOUND('',#1684,.T.);
#1844=FACE_BOUND('',#1685,.T.);
#1845=FACE_BOUND('',#1686,.T.);
#1846=FACE_BOUND('',#1687,.T.);
#1847=FACE_BOUND('',#1688,.T.);
#1848=FACE_BOUND('',#1689,.T.);
#1849=FACE_BOUND('',#1690,.T.);
#1850=FACE_BOUND('',#1691,.T.);
#1851=FACE_BOUND('',#1692,.T.);
#1852=FACE_BOUND('',#1693,.T.);
#1853=FACE_BOUND('',#1694,.T.);
#1854=FACE_BOUND('',#1695,.T.);
#1855=FACE_BOUND('',#1696,.T.);
#1856=FACE_BOUND('',#1697,.T.);
#1857=FACE_BOUND('',#1698,.T.);
#1858=FACE_BOUND('',#1699,.T.);
#1859=FACE_BOUND('',#1700,.T.);
#1860=FACE_BOUND('',#1701,.T.);
#1861=FACE_BOUND('',#1702,.T.);
#1862=FACE_BOUND('',#1703,.T.);
#1863=FACE_BOUND('',#1704,.T.);
#1864=FACE_BOUND('',#1705,.T.);
#1865=FACE_BOUND('',#1706,.T.);
#1866=FACE_BOUND('',#1707,.T.);
#1867=FACE_BOUND('',#1708,.T.);
#1868=FACE_BOUND('',#1709,.T.);
#1869=FACE_BOUND('',#1710,.T.);
#1870=FACE_BOUND('',#1711,.T.);
#1871=FACE_BOUND('',#1712,.T.);
#1872=FACE_BOUND('',#1713,.T.);
#1873=FACE_BOUND('',#1714,.T.);
#1874=FACE_BOUND('',#1715,.T.);
#1875=FACE_BOUND('',#1716,.T.);
#1876=FACE_BOUND('',#1717,.T.);
#1877=FACE_BOUND('',#1718,.T.);
#1878=FACE_BOUND('',#1719,.T.);
#1879=FACE_BOUND('',#1720,.T.);
#1880=FACE_BOUND('',#1721,.T.);
#1881=FACE_BOUND('',#1722,.T.);
#1882=FACE_BOUND('',#1723,.T.);
#1883=FACE_BOUND('',#1724,.T.);
#1884=FACE_BOUND('',#1725,.T.);
#1885=FACE_BOUND('',#1726,.T.);
#1886=FACE_BOUND('',#1727,.T.);
#1887=FACE_BOUND('',#1728,.T.);
#1888=FACE_BOUND('',#1729,.T.);
#1889=FACE_BOUND('',#1730,.T.);
#1890=FACE_BOUND('',#1731,.T.);
#1891=FACE_BOUND('',#1732,.T.);
#1892=FACE_BOUND('',#1733,.T.);
#1893=FACE_BOUND('',#1734,.T.);
#1894=FACE_BOUND('',#1735,.T.);
#1895=FACE_BOUND('',#1736,.T.);
#1896=FACE_BOUND('',#1737,.T.);
#1897=FACE_BOUND('',#1738,.T.);
#1898=FACE_BOUND('',#1739,.T.);
#1899=FACE_BOUND('',#1740,.T.);
#1900=FACE_BOUND('',#1741,.T.);
#1901=FACE_BOUND('',#1742,.T.);
#1902=FACE_BOUND('',#1743,.T.);
#1903=FACE_BOUND('',#1744,.T.);
#1904=FACE_BOUND('',#1745,.T.);
#1905=FACE_BOUND('',#1746,.T.);
#1906=FACE_BOUND('',#1747,.T.);
#1907=FACE_BOUND('',#1748,.T.);
#1908=FACE_BOUND('',#1749,.T.);
#1909=FACE_BOUND('',#1750,.T.);
#1910=FACE_BOUND('',#1751,.T.);
#1911=FACE_BOUND('',#1752,.T.);
#1912=FACE_BOUND('',#1753,.T.);
#1913=FACE_BOUND('',#1754,.T.);
#1914=FACE_BOUND('',#1755,.T.);
#1915=FACE_BOUND('',#1756,.T.);
#1916=FACE_BOUND('',#1757,.T.);
#1917=FACE_BOUND('',#1758,.T.);
#1918=FACE_BOUND('',#1759,.T.);
#1919=FACE_BOUND('',#1760,.T.);
#1920=FACE_BOUND('',#1761,.T.);
#1921=FACE_BOUND('',#1762,.T.);
#1922=FACE_BOUND('',#1763,.T.);
#1923=FACE_BOUND('',#1764,.T.);
#1924=FACE_BOUND('',#1765,.T.);
#1925=FACE_BOUND('',#1766,.T.);
#1926=FACE_BOUND('',#1767,.T.);
#1927=FACE_BOUND('',#1768,.T.);
#1928=FACE_BOUND('',#1769,.T.);
#1929=FACE_BOUND('',#1770,.T.);
#1930=FACE_BOUND('',#1771,.T.);
#1931=FACE_BOUND('',#1772,.T.);
#1932=FACE_BOUND('',#1773,.T.);
#1933=FACE_BOUND('',#1774,.T.);
#1934=FACE_BOUND('',#1775,.T.);
#1935=FACE_BOUND('',#1776,.T.);
#1936=FACE_BOUND('',#1777,.T.);
#1937=FACE_BOUND('',#1778,.T.);
#1938=FACE_BOUND('',#1779,.T.);
#1939=FACE_BOUND('',#1780,.T.);
#1940=FACE_BOUND('',#1781,.T.);
#1941=FACE_BOUND('',#1782,.T.);
#1942=FACE_BOUND('',#1783,.T.);
#1943=FACE_BOUND('',#1784,.T.);
#1944=FACE_BOUND('',#1785,.T.);
#1945=FACE_BOUND('',#1786,.T.);
#1946=FACE_BOUND('',#1787,.T.);
#1947=FACE_BOUND('',#1788,.T.);
#1948=FACE_BOUND('',#1789,.T.);
#1949=FACE_BOUND('',#1790,.T.);
#1950=FACE_BOUND('',#1791,.T.);
#1951=FACE_BOUND('',#1792,.T.);
#1952=FACE_BOUND('',#1793,.T.);
#1953=FACE_BOUND('',#1794,.T.);
#1954=FACE_BOUND('',#1795,.T.);
#1955=FACE_BOUND('',#1796,.T.);
#1956=FACE_BOUND('',#1797,.T.);
#1957=FACE_BOUND('',#1798,.T.);
#1958=FACE_BOUND('',#1799,.T.);
#1959=FACE_BOUND('',#1800,.T.);
#1960=FACE_BOUND('',#1801,.T.);
#1961=FACE_BOUND('',#1802,.T.);
#1962=FACE_BOUND('',#1803,.T.);
#1963=FACE_BOUND('',#1804,.T.);
#1964=FACE_BOUND('',#1805,.T.);
#1965=FACE_BOUND('',#1806,.T.);
#1966=FACE_BOUND('',#1807,.T.);
#1967=FACE_BOUND('',#1808,.T.);
#1968=FACE_BOUND('',#1809,.T.);
#1969=FACE_BOUND('',#1810,.T.);
#1970=PLANE('',#2149);
#1971=PLANE('',#2150);
#1972=PLANE('',#2189);
#1973=PLANE('',#2210);
#1974=PLANE('',#2211);
#1975=PLANE('',#2212);
#1976=PLANE('',#2213);
#1977=PLANE('',#2214);
#1978=PLANE('',#2215);
#1979=PLANE('',#2216);
#1980=PLANE('',#2217);
#1981=PLANE('',#2245);
#1982=PLANE('',#2249);
#1983=PLANE('',#2253);
#1984=PLANE('',#2257);
#1985=PLANE('',#2261);
#1986=PLANE('',#2265);
#1987=PLANE('',#2269);
#1988=PLANE('',#2273);
#1989=PLANE('',#2274);
#1990=PLANE('',#2275);
#1991=PLANE('',#2276);
#1992=PLANE('',#2277);
#1993=PLANE('',#2300);
#1994=PLANE('',#2303);
#1995=PLANE('',#2312);
#1996=PLANE('',#2386);
#1997=PLANE('',#2389);
#1998=PLANE('',#2390);
#1999=PLANE('',#2393);
#2000=PLANE('',#2394);
#2001=PLANE('',#2397);
#2002=PLANE('',#2398);
#2003=PLANE('',#2401);
#2004=PLANE('',#2402);
#2005=PLANE('',#2406);
#2006=PLANE('',#2410);
#2007=PLANE('',#2413);
#2008=PLANE('',#2417);
#2009=PLANE('',#2419);
#2010=ADVANCED_FACE('',(#1811),#1970,.F.);
#2011=ADVANCED_FACE('',(#1812,#1813,#1814,#1815,#1816,#1817,#1818,#1819,#1820,#1821),#1971,.T.);
#2012=ADVANCED_FACE('',(#1822,#1823,#1824,#1825,#1826,#1827,#1828,#1829),#1972,.F.);
#2013=ADVANCED_FACE('',(#1830),#1973,.F.);
#2014=ADVANCED_FACE('',(#1831),#1974,.F.);
#2015=ADVANCED_FACE('',(#1832),#1975,.T.);
#2016=ADVANCED_FACE('',(#1833),#1976,.T.);
#2017=ADVANCED_FACE('',(#1834),#1977,.T.);
#2018=ADVANCED_FACE('',(#1835),#1978,.F.);
#2019=ADVANCED_FACE('',(#1836),#1979,.T.);
#2020=ADVANCED_FACE('',(#1837,#1838),#1980,.T.);
#2021=ADVANCED_FACE('',(#1839,#1840),#53,.F.);
#2022=ADVANCED_FACE('',(#1841,#1842),#54,.F.);
#2023=ADVANCED_FACE('',(#1843,#1844),#55,.F.);
#2024=ADVANCED_FACE('',(#1845,#1846),#56,.F.);
#2025=ADVANCED_FACE('',(#1847),#57,.F.);
#2026=ADVANCED_FACE('',(#1848),#58,.F.);
#2027=ADVANCED_FACE('',(#1849),#59,.F.);
#2028=ADVANCED_FACE('',(#1850),#60,.F.);
#2029=ADVANCED_FACE('',(#1851),#61,.T.);
#2030=ADVANCED_FACE('',(#1852),#62,.T.);
#2031=ADVANCED_FACE('',(#1853),#63,.T.);
#2032=ADVANCED_FACE('',(#1854),#64,.T.);
#2033=ADVANCED_FACE('',(#1855,#1856),#65,.T.);
#2034=ADVANCED_FACE('',(#1857),#1981,.T.);
#2035=ADVANCED_FACE('',(#1858,#1859),#66,.T.);
#2036=ADVANCED_FACE('',(#1860),#1982,.T.);
#2037=ADVANCED_FACE('',(#1861,#1862),#67,.T.);
#2038=ADVANCED_FACE('',(#1863),#1983,.T.);
#2039=ADVANCED_FACE('',(#1864,#1865),#68,.T.);
#2040=ADVANCED_FACE('',(#1866),#1984,.T.);
#2041=ADVANCED_FACE('',(#1867),#69,.T.);
#2042=ADVANCED_FACE('',(#1868),#1985,.T.);
#2043=ADVANCED_FACE('',(#1869),#70,.T.);
#2044=ADVANCED_FACE('',(#1870),#1986,.T.);
#2045=ADVANCED_FACE('',(#1871),#71,.T.);
#2046=ADVANCED_FACE('',(#1872),#1987,.T.);
#2047=ADVANCED_FACE('',(#1873),#72,.T.);
#2048=ADVANCED_FACE('',(#1874),#1988,.T.);
#2049=ADVANCED_FACE('',(#1875),#1989,.T.);
#2050=ADVANCED_FACE('',(#1876),#1990,.F.);
#2051=ADVANCED_FACE('',(#1877),#1991,.F.);
#2052=ADVANCED_FACE('',(#1878),#1992,.T.);
#2053=ADVANCED_FACE('',(#1879),#73,.F.);
#2054=ADVANCED_FACE('',(#1880),#74,.F.);
#2055=ADVANCED_FACE('',(#1881),#75,.F.);
#2056=ADVANCED_FACE('',(#1882),#76,.F.);
#2057=ADVANCED_FACE('',(#1883,#1884),#28,.F.);
#2058=ADVANCED_FACE('',(#1885,#1886),#29,.F.);
#2059=ADVANCED_FACE('',(#1887,#1888),#30,.F.);
#2060=ADVANCED_FACE('',(#1889,#1890),#31,.F.);
#2061=ADVANCED_FACE('',(#1891),#32,.F.);
#2062=ADVANCED_FACE('',(#1892),#33,.F.);
#2063=ADVANCED_FACE('',(#1893),#34,.F.);
#2064=ADVANCED_FACE('',(#1894),#35,.F.);
#2065=ADVANCED_FACE('',(#1895),#77,.T.);
#2066=ADVANCED_FACE('',(#1896),#78,.T.);
#2067=ADVANCED_FACE('',(#1897),#79,.T.);
#2068=ADVANCED_FACE('',(#1898),#1993,.F.);
#2069=ADVANCED_FACE('',(#1899),#80,.T.);
#2070=ADVANCED_FACE('',(#1900),#1994,.F.);
#2071=ADVANCED_FACE('',(#1901),#81,.T.);
#2072=ADVANCED_FACE('',(#1902),#82,.T.);
#2073=ADVANCED_FACE('',(#1903),#83,.T.);
#2074=ADVANCED_FACE('',(#1904),#84,.T.);
#2075=ADVANCED_FACE('',(#1905),#1995,.T.);
#2076=ADVANCED_FACE('',(#1906),#85,.T.);
#2077=ADVANCED_FACE('',(#1907),#86,.F.);
#2078=ADVANCED_FACE('',(#1908),#87,.F.);
#2079=ADVANCED_FACE('',(#1909),#88,.F.);
#2080=ADVANCED_FACE('',(#1910),#89,.F.);
#2081=ADVANCED_FACE('',(#1911),#90,.F.);
#2082=ADVANCED_FACE('',(#1912),#91,.F.);
#2083=ADVANCED_FACE('',(#1913),#92,.F.);
#2084=ADVANCED_FACE('',(#1914),#93,.F.);
#2085=ADVANCED_FACE('',(#1915),#36,.F.);
#2086=ADVANCED_FACE('',(#1916),#37,.F.);
#2087=ADVANCED_FACE('',(#1917),#38,.F.);
#2088=ADVANCED_FACE('',(#1918),#39,.F.);
#2089=ADVANCED_FACE('',(#1919),#40,.F.);
#2090=ADVANCED_FACE('',(#1920),#94,.F.);
#2091=ADVANCED_FACE('',(#1921),#41,.F.);
#2092=ADVANCED_FACE('',(#1922),#42,.F.);
#2093=ADVANCED_FACE('',(#1923),#43,.F.);
#2094=ADVANCED_FACE('',(#1924),#95,.F.);
#2095=ADVANCED_FACE('',(#1925),#44,.F.);
#2096=ADVANCED_FACE('',(#1926),#45,.F.);
#2097=ADVANCED_FACE('',(#1927),#46,.F.);
#2098=ADVANCED_FACE('',(#1928),#47,.F.);
#2099=ADVANCED_FACE('',(#1929),#48,.F.);
#2100=ADVANCED_FACE('',(#1930),#49,.F.);
#2101=ADVANCED_FACE('',(#1931),#50,.F.);
#2102=ADVANCED_FACE('',(#1932),#51,.F.);
#2103=ADVANCED_FACE('',(#1933),#52,.F.);
#2104=ADVANCED_FACE('',(#1934),#1996,.T.);
#2105=ADVANCED_FACE('',(#1935),#20,.F.);
#2106=ADVANCED_FACE('',(#1936),#21,.F.);
#2107=ADVANCED_FACE('',(#1937),#1997,.F.);
#2108=ADVANCED_FACE('',(#1938),#1998,.T.);
#2109=ADVANCED_FACE('',(#1939),#22,.F.);
#2110=ADVANCED_FACE('',(#1940),#23,.F.);
#2111=ADVANCED_FACE('',(#1941),#1999,.F.);
#2112=ADVANCED_FACE('',(#1942),#2000,.F.);
#2113=ADVANCED_FACE('',(#1943),#24,.T.);
#2114=ADVANCED_FACE('',(#1944),#25,.T.);
#2115=ADVANCED_FACE('',(#1945),#2001,.T.);
#2116=ADVANCED_FACE('',(#1946),#2002,.F.);
#2117=ADVANCED_FACE('',(#1947),#26,.T.);
#2118=ADVANCED_FACE('',(#1948),#27,.T.);
#2119=ADVANCED_FACE('',(#1949),#2003,.T.);
#2120=ADVANCED_FACE('',(#1950),#2004,.T.);
#2121=ADVANCED_FACE('',(#1951),#96,.T.);
#2122=ADVANCED_FACE('',(#1952),#2005,.F.);
#2123=ADVANCED_FACE('',(#1953,#1954),#97,.F.);
#2124=ADVANCED_FACE('',(#1955,#1956),#2006,.F.);
#2125=ADVANCED_FACE('',(#1957),#98,.T.);
#2126=ADVANCED_FACE('',(#1958),#2007,.F.);
#2127=ADVANCED_FACE('',(#1959,#1960),#99,.F.);
#2128=ADVANCED_FACE('',(#1961),#2008,.T.);
#2129=ADVANCED_FACE('',(#1962,#1963),#2009,.F.);
#2130=ADVANCED_FACE('',(#1964),#100,.F.);
#2131=ADVANCED_FACE('',(#1965),#101,.F.);
#2132=ADVANCED_FACE('',(#1966),#102,.F.);
#2133=ADVANCED_FACE('',(#1967),#103,.F.);
#2134=ADVANCED_FACE('',(#1968),#104,.F.);
#2135=ADVANCED_FACE('',(#1969),#105,.F.);
#2136=CLOSED_SHELL('',(#2010,#2011,#2012,#2013,#2014,#2015,#2016,#2017,#2018,#2019,#2020,#2021,#2022,#2023,#2024,#2025,#2026,#2027,#2028,#2029,#2030,#2031,#2032,#2033,#2034,#2035,#2036,#2037,#2038,#2039,#2040,#2041,#2042,#2043,#2044,#2045,#2046,#2047,#2048,#2049,#2050,#2051,#2052,#2053,#2054,#2055,#2056,#2057,#2058,#2059,#2060,#2061,#2062,#2063,#2064,#2065,#2066,#2067,#2068,#2069,#2070,#2071,#2072,#2073,#2074,#2075,#2076,#2077,#2078,#2079,#2080,#2081,#2082,#2083,#2084,#2085,#2086,#2087,#2088,#2089,#2090,#2091,#2092,#2093,#2094,#2095,#2096,#2097,#2098,#2099,#2100,#2101,#2102,#2103,#2104,#2105,#2106,#2107,#2108,#2109,#2110,#2111,#2112,#2113,#2114,#2115,#2116,#2117,#2118,#2119,#2120,#2121,#2122,#2123,#2124,#2125,#2126,#2127,#2128,#2129,#2130,#2131,#2132,#2133,#2134,#2135));
#2137=STYLED_ITEM('',(#2138),#2145);
#2138=PRESENTATION_STYLE_ASSIGNMENT((#2139));
#2139=SURFACE_STYLE_USAGE(.BOTH.,#2140);
#2140=SURFACE_SIDE_STYLE('',(#2141));
#2141=SURFACE_STYLE_FILL_AREA(#2142);
#2142=FILL_AREA_STYLE('',(#2143));
#2143=FILL_AREA_STYLE_COLOUR('',#2144);
#2144=COLOUR_RGB('',0.615686274509804,0.811764705882353,0.929411764705882);
#2145=MANIFOLD_SOLID_BREP('Base',#2136);
#2146=SHAPE_DEFINITION_REPRESENTATION(#3815,#2147);
#2147=SHAPE_REPRESENTATION('Base',(#2148),#3810);
#2148=AXIS2_PLACEMENT_3D('',#3133,#2430,#2431);
#2149=AXIS2_PLACEMENT_3D('',#3134,#2432,#2433);
#2150=AXIS2_PLACEMENT_3D('',#3151,#2442,#2443);
#2151=AXIS2_PLACEMENT_3D('',#3152,#2444,#2445);
#2152=AXIS2_PLACEMENT_3D('',#3155,#2446,#2447);
#2153=AXIS2_PLACEMENT_3D('',#3157,#2448,#2449);
#2154=AXIS2_PLACEMENT_3D('',#3159,#2450,#2451);
#2155=AXIS2_PLACEMENT_3D('',#3161,#2452,#2453);
#2156=AXIS2_PLACEMENT_3D('',#3163,#2454,#2455);
#2157=AXIS2_PLACEMENT_3D('',#3165,#2456,#2457);
#2158=AXIS2_PLACEMENT_3D('',#3167,#2458,#2459);
#2159=AXIS2_PLACEMENT_3D('',#3169,#2460,#2461);
#2160=AXIS2_PLACEMENT_3D('',#3171,#2462,#2463);
#2161=AXIS2_PLACEMENT_3D('',#3173,#2464,#2465);
#2162=AXIS2_PLACEMENT_3D('',#3175,#2466,#2467);
#2163=AXIS2_PLACEMENT_3D('',#3177,#2468,#2469);
#2164=AXIS2_PLACEMENT_3D('',#3179,#2470,#2471);
#2165=AXIS2_PLACEMENT_3D('',#3181,#2472,#2473);
#2166=AXIS2_PLACEMENT_3D('',#3183,#2474,#2475);
#2167=AXIS2_PLACEMENT_3D('',#3187,#2477,#2478);
#2168=AXIS2_PLACEMENT_3D('',#3190,#2480,#2481);
#2169=AXIS2_PLACEMENT_3D('',#3192,#2482,#2483);
#2170=AXIS2_PLACEMENT_3D('',#3194,#2484,#2485);
#2171=AXIS2_PLACEMENT_3D('',#3196,#2486,#2487);
#2172=AXIS2_PLACEMENT_3D('',#3198,#2488,#2489);
#2173=AXIS2_PLACEMENT_3D('',#3200,#2490,#2491);
#2174=AXIS2_PLACEMENT_3D('',#3202,#2492,#2493);
#2175=AXIS2_PLACEMENT_3D('',#3204,#2494,#2495);
#2176=AXIS2_PLACEMENT_3D('',#3209,#2497,#2498);
#2177=AXIS2_PLACEMENT_3D('',#3213,#2500,#2501);
#2178=AXIS2_PLACEMENT_3D('',#3217,#2503,#2504);
#2179=AXIS2_PLACEMENT_3D('',#3221,#2506,#2507);
#2180=AXIS2_PLACEMENT_3D('',#3225,#2509,#2510);
#2181=AXIS2_PLACEMENT_3D('',#3229,#2512,#2513);
#2182=AXIS2_PLACEMENT_3D('',#3233,#2515,#2516);
#2183=AXIS2_PLACEMENT_3D('',#3237,#2518,#2519);
#2184=AXIS2_PLACEMENT_3D('',#3241,#2521,#2522);
#2185=AXIS2_PLACEMENT_3D('',#3245,#2524,#2525);
#2186=AXIS2_PLACEMENT_3D('',#3249,#2527,#2528);
#2187=AXIS2_PLACEMENT_3D('',#3251,#2529,#2530);
#2188=AXIS2_PLACEMENT_3D('',#3255,#2532,#2533);
#2189=AXIS2_PLACEMENT_3D('',#3256,#2534,#2535);
#2190=AXIS2_PLACEMENT_3D('',#3257,#2536,#2537);
#2191=AXIS2_PLACEMENT_3D('',#3262,#2539,#2540);
#2192=AXIS2_PLACEMENT_3D('',#3266,#2542,#2543);
#2193=AXIS2_PLACEMENT_3D('',#3270,#2545,#2546);
#2194=AXIS2_PLACEMENT_3D('',#3276,#2549,#2550);
#2195=AXIS2_PLACEMENT_3D('',#3280,#2552,#2553);
#2196=AXIS2_PLACEMENT_3D('',#3284,#2555,#2556);
#2197=AXIS2_PLACEMENT_3D('',#3288,#2558,#2559);
#2198=AXIS2_PLACEMENT_3D('',#3292,#2561,#2562);
#2199=AXIS2_PLACEMENT_3D('',#3296,#2564,#2565);
#2200=AXIS2_PLACEMENT_3D('',#3297,#2566,#2567);
#2201=AXIS2_PLACEMENT_3D('',#3301,#2569,#2570);
#2202=AXIS2_PLACEMENT_3D('',#3305,#2572,#2573);
#2203=AXIS2_PLACEMENT_3D('',#3306,#2574,#2575);
#2204=AXIS2_PLACEMENT_3D('',#3307,#2576,#2577);
#2205=AXIS2_PLACEMENT_3D('',#3309,#2578,#2579);
#2206=AXIS2_PLACEMENT_3D('',#3311,#2580,#2581);
#2207=AXIS2_PLACEMENT_3D('',#3313,#2582,#2583);
#2208=AXIS2_PLACEMENT_3D('',#3315,#2584,#2585);
#2209=AXIS2_PLACEMENT_3D('',#3317,#2586,#2587);
#2210=AXIS2_PLACEMENT_3D('',#3319,#2588,#2589);
#2211=AXIS2_PLACEMENT_3D('',#3344,#2596,#2597);
#2212=AXIS2_PLACEMENT_3D('',#3369,#2604,#2605);
#2213=AXIS2_PLACEMENT_3D('',#3394,#2612,#2613);
#2214=AXIS2_PLACEMENT_3D('',#3419,#2620,#2621);
#2215=AXIS2_PLACEMENT_3D('',#3430,#2628,#2629);
#2216=AXIS2_PLACEMENT_3D('',#3436,#2633,#2634);
#2217=AXIS2_PLACEMENT_3D('',#3442,#2638,#2639);
#2218=AXIS2_PLACEMENT_3D('',#3443,#2640,#2641);
#2219=AXIS2_PLACEMENT_3D('',#3448,#2643,#2644);
#2220=AXIS2_PLACEMENT_3D('',#3452,#2646,#2647);
#2221=AXIS2_PLACEMENT_3D('',#3456,#2649,#2650);
#2222=AXIS2_PLACEMENT_3D('',#3459,#2652,#2653);
#2223=AXIS2_PLACEMENT_3D('',#3460,#2654,#2655);
#2224=AXIS2_PLACEMENT_3D('',#3461,#2656,#2657);
#2225=AXIS2_PLACEMENT_3D('',#3462,#2658,#2659);
#2226=AXIS2_PLACEMENT_3D('',#3463,#2660,#2661);
#2227=AXIS2_PLACEMENT_3D('',#3464,#2662,#2663);
#2228=AXIS2_PLACEMENT_3D('',#3465,#2664,#2665);
#2229=AXIS2_PLACEMENT_3D('',#3466,#2666,#2667);
#2230=AXIS2_PLACEMENT_3D('',#3467,#2668,#2669);
#2231=AXIS2_PLACEMENT_3D('',#3468,#2670,#2671);
#2232=AXIS2_PLACEMENT_3D('',#3469,#2672,#2673);
#2233=AXIS2_PLACEMENT_3D('',#3470,#2674,#2675);
#2234=AXIS2_PLACEMENT_3D('',#3471,#2676,#2677);
#2235=AXIS2_PLACEMENT_3D('',#3472,#2678,#2679);
#2236=AXIS2_PLACEMENT_3D('',#3473,#2680,#2681);
#2237=AXIS2_PLACEMENT_3D('',#3474,#2682,#2683);
#2238=AXIS2_PLACEMENT_3D('',#3475,#2684,#2685);
#2239=AXIS2_PLACEMENT_3D('',#3476,#2686,#2687);
#2240=AXIS2_PLACEMENT_3D('',#3477,#2688,#2689);
#2241=AXIS2_PLACEMENT_3D('',#3478,#2690,#2691);
#2242=AXIS2_PLACEMENT_3D('',#3479,#2692,#2693);
#2243=AXIS2_PLACEMENT_3D('',#3480,#2694,#2695);
#2244=AXIS2_PLACEMENT_3D('',#3482,#2696,#2697);
#2245=AXIS2_PLACEMENT_3D('',#3484,#2698,#2699);
#2246=AXIS2_PLACEMENT_3D('',#3485,#2700,#2701);
#2247=AXIS2_PLACEMENT_3D('',#3486,#2702,#2703);
#2248=AXIS2_PLACEMENT_3D('',#3488,#2704,#2705);
#2249=AXIS2_PLACEMENT_3D('',#3490,#2706,#2707);
#2250=AXIS2_PLACEMENT_3D('',#3491,#2708,#2709);
#2251=AXIS2_PLACEMENT_3D('',#3492,#2710,#2711);
#2252=AXIS2_PLACEMENT_3D('',#3494,#2712,#2713);
#2253=AXIS2_PLACEMENT_3D('',#3496,#2714,#2715);
#2254=AXIS2_PLACEMENT_3D('',#3497,#2716,#2717);
#2255=AXIS2_PLACEMENT_3D('',#3498,#2718,#2719);
#2256=AXIS2_PLACEMENT_3D('',#3500,#2720,#2721);
#2257=AXIS2_PLACEMENT_3D('',#3502,#2722,#2723);
#2258=AXIS2_PLACEMENT_3D('',#3503,#2724,#2725);
#2259=AXIS2_PLACEMENT_3D('',#3504,#2726,#2727);
#2260=AXIS2_PLACEMENT_3D('',#3505,#2728,#2729);
#2261=AXIS2_PLACEMENT_3D('',#3506,#2730,#2731);
#2262=AXIS2_PLACEMENT_3D('',#3507,#2732,#2733);
#2263=AXIS2_PLACEMENT_3D('',#3508,#2734,#2735);
#2264=AXIS2_PLACEMENT_3D('',#3509,#2736,#2737);
#2265=AXIS2_PLACEMENT_3D('',#3510,#2738,#2739);
#2266=AXIS2_PLACEMENT_3D('',#3511,#2740,#2741);
#2267=AXIS2_PLACEMENT_3D('',#3512,#2742,#2743);
#2268=AXIS2_PLACEMENT_3D('',#3513,#2744,#2745);
#2269=AXIS2_PLACEMENT_3D('',#3514,#2746,#2747);
#2270=AXIS2_PLACEMENT_3D('',#3515,#2748,#2749);
#2271=AXIS2_PLACEMENT_3D('',#3516,#2750,#2751);
#2272=AXIS2_PLACEMENT_3D('',#3517,#2752,#2753);
#2273=AXIS2_PLACEMENT_3D('',#3518,#2754,#2755);
#2274=AXIS2_PLACEMENT_3D('',#3519,#2756,#2757);
#2275=AXIS2_PLACEMENT_3D('',#3525,#2761,#2762);
#2276=AXIS2_PLACEMENT_3D('',#3531,#2766,#2767);
#2277=AXIS2_PLACEMENT_3D('',#3537,#2771,#2772);
#2278=AXIS2_PLACEMENT_3D('',#3548,#2776,#2777);
#2279=AXIS2_PLACEMENT_3D('',#3549,#2778,#2779);
#2280=AXIS2_PLACEMENT_3D('',#3550,#2780,#2781);
#2281=AXIS2_PLACEMENT_3D('',#3551,#2782,#2783);
#2282=AXIS2_PLACEMENT_3D('',#3552,#2784,#2785);
#2283=AXIS2_PLACEMENT_3D('',#3553,#2786,#2787);
#2284=AXIS2_PLACEMENT_3D('',#3558,#2788,#2789);
#2285=AXIS2_PLACEMENT_3D('',#3559,#2790,#2791);
#2286=AXIS2_PLACEMENT_3D('',#3560,#2792,#2793);
#2287=AXIS2_PLACEMENT_3D('',#3561,#2794,#2795);
#2288=AXIS2_PLACEMENT_3D('',#3562,#2796,#2797);
#2289=AXIS2_PLACEMENT_3D('',#3563,#2798,#2799);
#2290=AXIS2_PLACEMENT_3D('',#3564,#2800,#2801);
#2291=AXIS2_PLACEMENT_3D('',#3565,#2802,#2803);
#2292=AXIS2_PLACEMENT_3D('',#3566,#2804,#2805);
#2293=AXIS2_PLACEMENT_3D('',#3567,#2806,#2807);
#2294=AXIS2_PLACEMENT_3D('',#3568,#2808,#2809);
#2295=AXIS2_PLACEMENT_3D('',#3571,#2811,#2812);
#2296=AXIS2_PLACEMENT_3D('',#3574,#2814,#2815);
#2297=AXIS2_PLACEMENT_3D('',#3577,#2817,#2818);
#2298=AXIS2_PLACEMENT_3D('',#3580,#2820,#2821);
#2299=AXIS2_PLACEMENT_3D('',#3583,#2823,#2824);
#2300=AXIS2_PLACEMENT_3D('',#3586,#2826,#2827);
#2301=AXIS2_PLACEMENT_3D('',#3590,#2830,#2831);
#2302=AXIS2_PLACEMENT_3D('',#3593,#2833,#2834);
#2303=AXIS2_PLACEMENT_3D('',#3594,#2835,#2836);
#2304=AXIS2_PLACEMENT_3D('',#3598,#2839,#2840);
#2305=AXIS2_PLACEMENT_3D('',#3601,#2842,#2843);
#2306=AXIS2_PLACEMENT_3D('',#3604,#2845,#2846);
#2307=AXIS2_PLACEMENT_3D('',#3607,#2848,#2849);
#2308=AXIS2_PLACEMENT_3D('',#3610,#2851,#2852);
#2309=AXIS2_PLACEMENT_3D('',#3613,#2854,#2855);
#2310=AXIS2_PLACEMENT_3D('',#3616,#2857,#2858);
#2311=AXIS2_PLACEMENT_3D('',#3619,#2860,#2861);
#2312=AXIS2_PLACEMENT_3D('',#3622,#2863,#2864);
#2313=AXIS2_PLACEMENT_3D('',#3623,#2865,#2866);
#2314=AXIS2_PLACEMENT_3D('',#3626,#2867,#2868);
#2315=AXIS2_PLACEMENT_3D('',#3628,#2869,#2870);
#2316=AXIS2_PLACEMENT_3D('',#3630,#2871,#2872);
#2317=AXIS2_PLACEMENT_3D('',#3632,#2873,#2874);
#2318=AXIS2_PLACEMENT_3D('',#3634,#2875,#2876);
#2319=AXIS2_PLACEMENT_3D('',#3636,#2877,#2878);
#2320=AXIS2_PLACEMENT_3D('',#3638,#2879,#2880);
#2321=AXIS2_PLACEMENT_3D('',#3640,#2881,#2882);
#2322=AXIS2_PLACEMENT_3D('',#3642,#2883,#2884);
#2323=AXIS2_PLACEMENT_3D('',#3644,#2885,#2886);
#2324=AXIS2_PLACEMENT_3D('',#3646,#2887,#2888);
#2325=AXIS2_PLACEMENT_3D('',#3648,#2889,#2890);
#2326=AXIS2_PLACEMENT_3D('',#3652,#2892,#2893);
#2327=AXIS2_PLACEMENT_3D('',#3656,#2895,#2896);
#2328=AXIS2_PLACEMENT_3D('',#3658,#2897,#2898);
#2329=AXIS2_PLACEMENT_3D('',#3660,#2899,#2900);
#2330=AXIS2_PLACEMENT_3D('',#3661,#2901,#2902);
#2331=AXIS2_PLACEMENT_3D('',#3664,#2904,#2905);
#2332=AXIS2_PLACEMENT_3D('',#3667,#2907,#2908);
#2333=AXIS2_PLACEMENT_3D('',#3668,#2909,#2910);
#2334=AXIS2_PLACEMENT_3D('',#3669,#2911,#2912);
#2335=AXIS2_PLACEMENT_3D('',#3670,#2913,#2914);
#2336=AXIS2_PLACEMENT_3D('',#3671,#2915,#2916);
#2337=AXIS2_PLACEMENT_3D('',#3672,#2917,#2918);
#2338=AXIS2_PLACEMENT_3D('',#3673,#2919,#2920);
#2339=AXIS2_PLACEMENT_3D('',#3674,#2921,#2922);
#2340=AXIS2_PLACEMENT_3D('',#3675,#2923,#2924);
#2341=AXIS2_PLACEMENT_3D('',#3676,#2925,#2926);
#2342=AXIS2_PLACEMENT_3D('',#3677,#2927,#2928);
#2343=AXIS2_PLACEMENT_3D('',#3678,#2929,#2930);
#2344=AXIS2_PLACEMENT_3D('',#3679,#2931,#2932);
#2345=AXIS2_PLACEMENT_3D('',#3680,#2933,#2934);
#2346=AXIS2_PLACEMENT_3D('',#3681,#2935,#2936);
#2347=AXIS2_PLACEMENT_3D('',#3682,#2937,#2938);
#2348=AXIS2_PLACEMENT_3D('',#3683,#2939,#2940);
#2349=AXIS2_PLACEMENT_3D('',#3684,#2941,#2942);
#2350=AXIS2_PLACEMENT_3D('',#3685,#2943,#2944);
#2351=AXIS2_PLACEMENT_3D('',#3686,#2945,#2946);
#2352=AXIS2_PLACEMENT_3D('',#3687,#2947,#2948);
#2353=AXIS2_PLACEMENT_3D('',#3688,#2949,#2950);
#2354=AXIS2_PLACEMENT_3D('',#3689,#2951,#2952);
#2355=AXIS2_PLACEMENT_3D('',#3690,#2953,#2954);
#2356=AXIS2_PLACEMENT_3D('',#3691,#2955,#2956);
#2357=AXIS2_PLACEMENT_3D('',#3692,#2957,#2958);
#2358=AXIS2_PLACEMENT_3D('',#3693,#2959,#2960);
#2359=AXIS2_PLACEMENT_3D('',#3694,#2961,#2962);
#2360=AXIS2_PLACEMENT_3D('',#3695,#2963,#2964);
#2361=AXIS2_PLACEMENT_3D('',#3696,#2965,#2966);
#2362=AXIS2_PLACEMENT_3D('',#3697,#2967,#2968);
#2363=AXIS2_PLACEMENT_3D('',#3698,#2969,#2970);
#2364=AXIS2_PLACEMENT_3D('',#3699,#2971,#2972);
#2365=AXIS2_PLACEMENT_3D('',#3700,#2973,#2974);
#2366=AXIS2_PLACEMENT_3D('',#3701,#2975,#2976);
#2367=AXIS2_PLACEMENT_3D('',#3702,#2977,#2978);
#2368=AXIS2_PLACEMENT_3D('',#3703,#2979,#2980);
#2369=AXIS2_PLACEMENT_3D('',#3704,#2981,#2982);
#2370=AXIS2_PLACEMENT_3D('',#3705,#2983,#2984);
#2371=AXIS2_PLACEMENT_3D('',#3706,#2985,#2986);
#2372=AXIS2_PLACEMENT_3D('',#3707,#2987,#2988);
#2373=AXIS2_PLACEMENT_3D('',#3708,#2989,#2990);
#2374=AXIS2_PLACEMENT_3D('',#3709,#2991,#2992);
#2375=AXIS2_PLACEMENT_3D('',#3710,#2993,#2994);
#2376=AXIS2_PLACEMENT_3D('',#3711,#2995,#2996);
#2377=AXIS2_PLACEMENT_3D('',#3712,#2997,#2998);
#2378=AXIS2_PLACEMENT_3D('',#3713,#2999,#3000);
#2379=AXIS2_PLACEMENT_3D('',#3714,#3001,#3002);
#2380=AXIS2_PLACEMENT_3D('',#3715,#3003,#3004);
#2381=AXIS2_PLACEMENT_3D('',#3716,#3005,#3006);
#2382=AXIS2_PLACEMENT_3D('',#3717,#3007,#3008);
#2383=AXIS2_PLACEMENT_3D('',#3718,#3009,#3010);
#2384=AXIS2_PLACEMENT_3D('',#3719,#3011,#3012);
#2385=AXIS2_PLACEMENT_3D('',#3720,#3013,#3014);
#2386=AXIS2_PLACEMENT_3D('',#3721,#3015,#3016);
#2387=AXIS2_PLACEMENT_3D('',#3724,#3019,#3020);
#2388=AXIS2_PLACEMENT_3D('',#3726,#3022,#3023);
#2389=AXIS2_PLACEMENT_3D('',#3728,#3025,#3026);
#2390=AXIS2_PLACEMENT_3D('',#3730,#3028,#3029);
#2391=AXIS2_PLACEMENT_3D('',#3732,#3031,#3032);
#2392=AXIS2_PLACEMENT_3D('',#3734,#3034,#3035);
#2393=AXIS2_PLACEMENT_3D('',#3736,#3037,#3038);
#2394=AXIS2_PLACEMENT_3D('',#3737,#3039,#3040);
#2395=AXIS2_PLACEMENT_3D('',#3740,#3043,#3044);
#2396=AXIS2_PLACEMENT_3D('',#3742,#3046,#3047);
#2397=AXIS2_PLACEMENT_3D('',#3744,#3049,#3050);
#2398=AXIS2_PLACEMENT_3D('',#3746,#3052,#3053);
#2399=AXIS2_PLACEMENT_3D('',#3748,#3055,#3056);
#2400=AXIS2_PLACEMENT_3D('',#3750,#3058,#3059);
#2401=AXIS2_PLACEMENT_3D('',#3752,#3061,#3062);
#2402=AXIS2_PLACEMENT_3D('',#3753,#3063,#3064);
#2403=AXIS2_PLACEMENT_3D('',#3756,#3066,#3067);
#2404=AXIS2_PLACEMENT_3D('',#3761,#3070,#3071);
#2405=AXIS2_PLACEMENT_3D('',#3762,#3072,#3073);
#2406=AXIS2_PLACEMENT_3D('',#3765,#3075,#3076);
#2407=AXIS2_PLACEMENT_3D('',#3768,#3078,#3079);
#2408=AXIS2_PLACEMENT_3D('',#3771,#3081,#3082);
#2409=AXIS2_PLACEMENT_3D('',#3772,#3083,#3084);
#2410=AXIS2_PLACEMENT_3D('',#3774,#3085,#3086);
#2411=AXIS2_PLACEMENT_3D('',#3776,#3088,#3089);
#2412=AXIS2_PLACEMENT_3D('',#3779,#3091,#3092);
#2413=AXIS2_PLACEMENT_3D('',#3782,#3094,#3095);
#2414=AXIS2_PLACEMENT_3D('',#3785,#3097,#3098);
#2415=AXIS2_PLACEMENT_3D('',#3788,#3100,#3101);
#2416=AXIS2_PLACEMENT_3D('',#3789,#3102,#3103);
#2417=AXIS2_PLACEMENT_3D('',#3791,#3104,#3105);
#2418=AXIS2_PLACEMENT_3D('',#3794,#3107,#3108);
#2419=AXIS2_PLACEMENT_3D('',#3797,#3110,#3111);
#2420=AXIS2_PLACEMENT_3D('',#3799,#3113,#3114);
#2421=AXIS2_PLACEMENT_3D('',#3800,#3115,#3116);
#2422=AXIS2_PLACEMENT_3D('',#3801,#3117,#3118);
#2423=AXIS2_PLACEMENT_3D('',#3802,#3119,#3120);
#2424=AXIS2_PLACEMENT_3D('',#3803,#3121,#3122);
#2425=AXIS2_PLACEMENT_3D('',#3804,#3123,#3124);
#2426=AXIS2_PLACEMENT_3D('',#3805,#3125,#3126);
#2427=AXIS2_PLACEMENT_3D('',#3806,#3127,#3128);
#2428=AXIS2_PLACEMENT_3D('',#3807,#3129,#3130);
#2429=AXIS2_PLACEMENT_3D('',#3808,#3131,#3132);
#2430=DIRECTION('',(0.,0.,1.));
#2431=DIRECTION('',(1.,0.,0.));
#2432=DIRECTION('',(1.,0.,0.));
#2433=DIRECTION('',(0.,0.,-1.));
#2434=DIRECTION('',(0.,-1.,0.));
#2435=DIRECTION('',(0.,0.,-1.));
#2436=DIRECTION('',(0.,-1.,0.));
#2437=DIRECTION('',(0.,0.,-1.));
#2438=DIRECTION('',(0.,-1.,0.));
#2439=DIRECTION('',(0.,0.,-1.));
#2440=DIRECTION('',(0.,1.,0.));
#2441=DIRECTION('',(0.,0.,-1.));
#2442=DIRECTION('',(0.,0.,1.));
#2443=DIRECTION('',(1.,0.,0.));
#2444=DIRECTION('',(0.,0.,1.));
#2445=DIRECTION('',(1.,0.,0.));
#2446=DIRECTION('',(0.,0.,1.));
#2447=DIRECTION('',(1.,0.,0.));
#2448=DIRECTION('',(0.,0.,1.));
#2449=DIRECTION('',(1.,0.,0.));
#2450=DIRECTION('',(0.,0.,1.));
#2451=DIRECTION('',(1.,0.,0.));
#2452=DIRECTION('',(0.,0.,1.));
#2453=DIRECTION('',(1.,0.,0.));
#2454=DIRECTION('',(0.,0.,1.));
#2455=DIRECTION('',(1.,0.,0.));
#2456=DIRECTION('',(0.,0.,1.));
#2457=DIRECTION('',(1.,0.,0.));
#2458=DIRECTION('',(0.,0.,1.));
#2459=DIRECTION('',(1.,0.,0.));
#2460=DIRECTION('',(0.,0.,1.));
#2461=DIRECTION('',(1.,0.,0.));
#2462=DIRECTION('',(0.,0.,1.));
#2463=DIRECTION('',(1.,0.,0.));
#2464=DIRECTION('',(0.,0.,1.));
#2465=DIRECTION('',(1.,0.,0.));
#2466=DIRECTION('',(0.,0.,1.));
#2467=DIRECTION('',(1.,0.,0.));
#2468=DIRECTION('',(0.,0.,1.));
#2469=DIRECTION('',(1.,0.,0.));
#2470=DIRECTION('',(0.,0.,1.));
#2471=DIRECTION('',(1.,0.,0.));
#2472=DIRECTION('',(0.,0.,1.));
#2473=DIRECTION('',(1.,0.,0.));
#2474=DIRECTION('',(0.,0.,1.));
#2475=DIRECTION('',(1.,0.,0.));
#2476=DIRECTION('',(-2.04888599524819E-16,-1.,0.));
#2477=DIRECTION('',(0.,0.,1.));
#2478=DIRECTION('',(1.,0.,0.));
#2479=DIRECTION('',(1.,0.,0.));
#2480=DIRECTION('',(0.,0.,1.));
#2481=DIRECTION('',(1.,0.,0.));
#2482=DIRECTION('',(0.,0.,1.));
#2483=DIRECTION('',(1.,0.,0.));
#2484=DIRECTION('',(0.,0.,1.));
#2485=DIRECTION('',(1.,0.,0.));
#2486=DIRECTION('',(0.,0.,1.));
#2487=DIRECTION('',(1.,0.,0.));
#2488=DIRECTION('',(0.,0.,1.));
#2489=DIRECTION('',(1.,0.,0.));
#2490=DIRECTION('',(0.,0.,1.));
#2491=DIRECTION('',(1.,0.,0.));
#2492=DIRECTION('',(0.,0.,1.));
#2493=DIRECTION('',(1.,0.,0.));
#2494=DIRECTION('',(0.,0.,1.));
#2495=DIRECTION('',(1.,0.,0.));
#2496=DIRECTION('',(0.,-1.,0.));
#2497=DIRECTION('',(0.,0.,1.));
#2498=DIRECTION('',(1.,0.,0.));
#2499=DIRECTION('',(0.,-1.,0.));
#2500=DIRECTION('',(0.,0.,1.));
#2501=DIRECTION('',(1.,0.,0.));
#2502=DIRECTION('',(-1.,0.,0.));
#2503=DIRECTION('',(0.,0.,1.));
#2504=DIRECTION('',(1.,0.,0.));
#2505=DIRECTION('',(-1.,0.,0.));
#2506=DIRECTION('',(0.,0.,1.));
#2507=DIRECTION('',(1.,0.,0.));
#2508=DIRECTION('',(0.,-1.,0.));
#2509=DIRECTION('',(0.,0.,1.));
#2510=DIRECTION('',(1.,0.,0.));
#2511=DIRECTION('',(0.,-1.,0.));
#2512=DIRECTION('',(0.,0.,1.));
#2513=DIRECTION('',(1.,0.,0.));
#2514=DIRECTION('',(-1.,0.,0.));
#2515=DIRECTION('',(0.,0.,1.));
#2516=DIRECTION('',(1.,0.,0.));
#2517=DIRECTION('',(1.,0.,0.));
#2518=DIRECTION('',(0.,0.,1.));
#2519=DIRECTION('',(1.,0.,0.));
#2520=DIRECTION('',(0.,-1.,0.));
#2521=DIRECTION('',(0.,0.,1.));
#2522=DIRECTION('',(1.,0.,0.));
#2523=DIRECTION('',(1.,0.,0.));
#2524=DIRECTION('',(0.,0.,1.));
#2525=DIRECTION('',(1.,0.,0.));
#2526=DIRECTION('',(-2.04888599524819E-16,-1.,0.));
#2527=DIRECTION('',(0.,0.,1.));
#2528=DIRECTION('',(1.,0.,0.));
#2529=DIRECTION('',(0.,0.,1.));
#2530=DIRECTION('',(1.,0.,0.));
#2531=DIRECTION('',(-1.,0.,0.));
#2532=DIRECTION('',(0.,0.,1.));
#2533=DIRECTION('',(1.,0.,0.));
#2534=DIRECTION('',(0.,0.,1.));
#2535=DIRECTION('',(1.,0.,0.));
#2536=DIRECTION('',(0.,0.,1.));
#2537=DIRECTION('',(1.,0.,0.));
#2538=DIRECTION('',(2.04888599524819E-16,1.,0.));
#2539=DIRECTION('',(0.,0.,1.));
#2540=DIRECTION('',(1.,0.,0.));
#2541=DIRECTION('',(-1.,0.,0.));
#2542=DIRECTION('',(0.,0.,1.));
#2543=DIRECTION('',(1.,0.,0.));
#2544=DIRECTION('',(0.,-1.,0.));
#2545=DIRECTION('',(0.,0.,1.));
#2546=DIRECTION('',(1.,0.,0.));
#2547=DIRECTION('',(1.,0.,0.));
#2548=DIRECTION('',(-1.,-1.56105599637958E-16,0.));
#2549=DIRECTION('',(0.,0.,1.));
#2550=DIRECTION('',(1.,0.,0.));
#2551=DIRECTION('',(0.,-1.,0.));
#2552=DIRECTION('',(0.,0.,1.));
#2553=DIRECTION('',(1.,0.,0.));
#2554=DIRECTION('',(0.964066760844532,-0.265660084760079,0.));
#2555=DIRECTION('',(0.,0.,-1.));
#2556=DIRECTION('',(-1.,0.,0.));
#2557=DIRECTION('',(0.964066760844532,0.265660084760079,0.));
#2558=DIRECTION('',(0.,0.,1.));
#2559=DIRECTION('',(1.,0.,0.));
#2560=DIRECTION('',(0.,-1.,0.));
#2561=DIRECTION('',(0.,0.,1.));
#2562=DIRECTION('',(1.,0.,0.));
#2563=DIRECTION('',(-1.,-1.56105599637958E-16,0.));
#2564=DIRECTION('',(0.,0.,1.));
#2565=DIRECTION('',(1.,0.,0.));
#2566=DIRECTION('',(0.,0.,1.));
#2567=DIRECTION('',(1.,0.,0.));
#2568=DIRECTION('',(-0.964066760844532,0.265660084760079,0.));
#2569=DIRECTION('',(0.,0.,1.));
#2570=DIRECTION('',(-1.,0.,0.));
#2571=DIRECTION('',(-0.964066760844532,-0.265660084760079,0.));
#2572=DIRECTION('',(0.,0.,1.));
#2573=DIRECTION('',(1.,0.,0.));
#2574=DIRECTION('',(0.,0.,1.));
#2575=DIRECTION('',(1.,0.,0.));
#2576=DIRECTION('',(0.,0.,1.));
#2577=DIRECTION('',(1.,0.,0.));
#2578=DIRECTION('',(0.,0.,1.));
#2579=DIRECTION('',(1.,0.,0.));
#2580=DIRECTION('',(0.,0.,1.));
#2581=DIRECTION('',(1.,0.,0.));
#2582=DIRECTION('',(0.,0.,1.));
#2583=DIRECTION('',(1.,0.,0.));
#2584=DIRECTION('',(0.,0.,1.));
#2585=DIRECTION('',(-1.,0.,0.));
#2586=DIRECTION('',(0.,0.,-1.));
#2587=DIRECTION('',(-1.,0.,0.));
#2588=DIRECTION('',(0.,-1.,0.));
#2589=DIRECTION('',(0.,0.,-1.));
#2590=DIRECTION('',(0.,0.,-1.));
#2591=DIRECTION('',(0.,0.,-1.));
#2592=DIRECTION('',(-1.,0.,0.));
#2593=DIRECTION('',(0.,0.,-1.));
#2594=DIRECTION('',(0.,0.,-1.));
#2595=DIRECTION('',(-1.,0.,0.));
#2596=DIRECTION('',(1.,0.,0.));
#2597=DIRECTION('',(0.,0.,-1.));
#2598=DIRECTION('',(0.,0.,-1.));
#2599=DIRECTION('',(0.,0.,-1.));
#2600=DIRECTION('',(0.,-1.,0.));
#2601=DIRECTION('',(0.,0.,-1.));
#2602=DIRECTION('',(0.,0.,-1.));
#2603=DIRECTION('',(0.,-1.,0.));
#2604=DIRECTION('',(1.,0.,0.));
#2605=DIRECTION('',(0.,0.,-1.));
#2606=DIRECTION('',(0.,0.,-1.));
#2607=DIRECTION('',(0.,0.,-1.));
#2608=DIRECTION('',(0.,-1.,0.));
#2609=DIRECTION('',(0.,0.,-1.));
#2610=DIRECTION('',(0.,0.,-1.));
#2611=DIRECTION('',(0.,-1.,0.));
#2612=DIRECTION('',(0.,-1.,0.));
#2613=DIRECTION('',(0.,0.,-1.));
#2614=DIRECTION('',(0.,0.,-1.));
#2615=DIRECTION('',(0.,0.,-1.));
#2616=DIRECTION('',(-1.,0.,0.));
#2617=DIRECTION('',(0.,0.,-1.));
#2618=DIRECTION('',(0.,0.,-1.));
#2619=DIRECTION('',(-1.,0.,0.));
#2620=DIRECTION('',(1.,0.,0.));
#2621=DIRECTION('',(0.,0.,-1.));
#2622=DIRECTION('',(0.,0.,-1.));
#2623=DIRECTION('',(0.,-1.,0.));
#2624=DIRECTION('',(0.,0.,-1.));
#2625=DIRECTION('',(0.,0.,-1.));
#2626=DIRECTION('',(0.,-1.,0.));
#2627=DIRECTION('',(0.,0.,-1.));
#2628=DIRECTION('',(1.56105599637958E-16,-1.,0.));
#2629=DIRECTION('',(1.,1.56105599637958E-16,0.));
#2630=DIRECTION('',(0.,0.,-1.));
#2631=DIRECTION('',(1.,1.56105599637958E-16,0.));
#2632=DIRECTION('',(0.,0.,-1.));
#2633=DIRECTION('',(1.56105599637958E-16,-1.,0.));
#2634=DIRECTION('',(1.,1.56105599637958E-16,0.));
#2635=DIRECTION('',(0.,0.,-1.));
#2636=DIRECTION('',(-1.,-1.56105599637958E-16,0.));
#2637=DIRECTION('',(0.,0.,-1.));
#2638=DIRECTION('',(0.,0.,1.));
#2639=DIRECTION('',(1.,0.,0.));
#2640=DIRECTION('',(0.,0.,1.));
#2641=DIRECTION('',(1.,0.,0.));
#2642=DIRECTION('',(0.,-1.,0.));
#2643=DIRECTION('',(0.,0.,1.));
#2644=DIRECTION('',(1.,0.,0.));
#2645=DIRECTION('',(1.,1.56105599637958E-16,0.));
#2646=DIRECTION('',(0.,0.,1.));
#2647=DIRECTION('',(1.,0.,0.));
#2648=DIRECTION('',(0.,1.,0.));
#2649=DIRECTION('',(0.,0.,1.));
#2650=DIRECTION('',(1.,0.,0.));
#2651=DIRECTION('',(-1.,-1.56105599637958E-16,0.));
#2652=DIRECTION('',(0.,0.,1.));
#2653=DIRECTION('',(1.,0.,0.));
#2654=DIRECTION('',(0.,0.,1.));
#2655=DIRECTION('',(1.,0.,0.));
#2656=DIRECTION('',(0.,0.,1.));
#2657=DIRECTION('',(1.,0.,0.));
#2658=DIRECTION('',(0.,0.,1.));
#2659=DIRECTION('',(1.,0.,0.));
#2660=DIRECTION('',(0.,0.,1.));
#2661=DIRECTION('',(1.,0.,0.));
#2662=DIRECTION('',(0.,0.,1.));
#2663=DIRECTION('',(1.,0.,0.));
#2664=DIRECTION('',(0.,0.,1.));
#2665=DIRECTION('',(1.,0.,0.));
#2666=DIRECTION('',(0.,0.,1.));
#2667=DIRECTION('',(1.,0.,0.));
#2668=DIRECTION('',(0.,0.,-1.));
#2669=DIRECTION('',(-1.,0.,0.));
#2670=DIRECTION('',(0.,0.,1.));
#2671=DIRECTION('',(1.,0.,0.));
#2672=DIRECTION('',(0.,0.,-1.));
#2673=DIRECTION('',(-1.,0.,0.));
#2674=DIRECTION('',(0.,0.,1.));
#2675=DIRECTION('',(1.,0.,0.));
#2676=DIRECTION('',(0.,0.,1.));
#2677=DIRECTION('',(1.,0.,0.));
#2678=DIRECTION('',(0.,0.,1.));
#2679=DIRECTION('',(1.,0.,0.));
#2680=DIRECTION('',(0.,0.,-1.));
#2681=DIRECTION('',(-1.,0.,0.));
#2682=DIRECTION('',(0.,0.,1.));
#2683=DIRECTION('',(1.,0.,0.));
#2684=DIRECTION('',(0.,0.,1.));
#2685=DIRECTION('',(1.,0.,0.));
#2686=DIRECTION('',(0.,0.,1.));
#2687=DIRECTION('',(1.,0.,0.));
#2688=DIRECTION('',(0.,0.,-1.));
#2689=DIRECTION('',(-1.,0.,0.));
#2690=DIRECTION('',(0.,0.,1.));
#2691=DIRECTION('',(1.,0.,0.));
#2692=DIRECTION('',(0.,0.,-1.));
#2693=DIRECTION('',(-1.,0.,0.));
#2694=DIRECTION('',(0.,0.,1.));
#2695=DIRECTION('',(1.,0.,0.));
#2696=DIRECTION('',(0.,0.,1.));
#2697=DIRECTION('',(1.,0.,0.));
#2698=DIRECTION('',(0.,0.,1.));
#2699=DIRECTION('',(1.,0.,0.));
#2700=DIRECTION('',(0.,0.,-1.));
#2701=DIRECTION('',(-1.,0.,0.));
#2702=DIRECTION('',(0.,0.,1.));
#2703=DIRECTION('',(1.,0.,0.));
#2704=DIRECTION('',(0.,0.,1.));
#2705=DIRECTION('',(1.,0.,0.));
#2706=DIRECTION('',(0.,0.,1.));
#2707=DIRECTION('',(1.,0.,0.));
#2708=DIRECTION('',(0.,0.,-1.));
#2709=DIRECTION('',(-1.,0.,0.));
#2710=DIRECTION('',(0.,0.,1.));
#2711=DIRECTION('',(1.,0.,0.));
#2712=DIRECTION('',(0.,0.,1.));
#2713=DIRECTION('',(1.,0.,0.));
#2714=DIRECTION('',(0.,0.,1.));
#2715=DIRECTION('',(1.,0.,0.));
#2716=DIRECTION('',(0.,0.,-1.));
#2717=DIRECTION('',(-1.,0.,0.));
#2718=DIRECTION('',(0.,0.,1.));
#2719=DIRECTION('',(1.,0.,0.));
#2720=DIRECTION('',(0.,0.,1.));
#2721=DIRECTION('',(1.,0.,0.));
#2722=DIRECTION('',(0.,0.,1.));
#2723=DIRECTION('',(1.,0.,0.));
#2724=DIRECTION('',(0.,0.,-1.));
#2725=DIRECTION('',(-1.,0.,0.));
#2726=DIRECTION('',(0.,0.,1.));
#2727=DIRECTION('',(1.,0.,0.));
#2728=DIRECTION('',(0.,0.,1.));
#2729=DIRECTION('',(1.,0.,0.));
#2730=DIRECTION('',(0.,0.,1.));
#2731=DIRECTION('',(1.,0.,0.));
#2732=DIRECTION('',(0.,0.,-1.));
#2733=DIRECTION('',(-1.,0.,0.));
#2734=DIRECTION('',(0.,0.,1.));
#2735=DIRECTION('',(1.,0.,0.));
#2736=DIRECTION('',(0.,0.,1.));
#2737=DIRECTION('',(1.,0.,0.));
#2738=DIRECTION('',(0.,0.,1.));
#2739=DIRECTION('',(1.,0.,0.));
#2740=DIRECTION('',(0.,0.,-1.));
#2741=DIRECTION('',(-1.,0.,0.));
#2742=DIRECTION('',(0.,0.,1.));
#2743=DIRECTION('',(1.,0.,0.));
#2744=DIRECTION('',(0.,0.,1.));
#2745=DIRECTION('',(1.,0.,0.));
#2746=DIRECTION('',(0.,0.,1.));
#2747=DIRECTION('',(1.,0.,0.));
#2748=DIRECTION('',(0.,0.,-1.));
#2749=DIRECTION('',(-1.,0.,0.));
#2750=DIRECTION('',(0.,0.,1.));
#2751=DIRECTION('',(1.,0.,0.));
#2752=DIRECTION('',(0.,0.,1.));
#2753=DIRECTION('',(1.,0.,0.));
#2754=DIRECTION('',(0.,0.,1.));
#2755=DIRECTION('',(1.,0.,0.));
#2756=DIRECTION('',(1.,0.,0.));
#2757=DIRECTION('',(0.,0.,-1.));
#2758=DIRECTION('',(0.,0.,-1.));
#2759=DIRECTION('',(0.,1.,0.));
#2760=DIRECTION('',(0.,0.,-1.));
#2761=DIRECTION('',(0.,1.,0.));
#2762=DIRECTION('',(0.,0.,1.));
#2763=DIRECTION('',(0.,0.,-1.));
#2764=DIRECTION('',(1.,0.,0.));
#2765=DIRECTION('',(0.,0.,-1.));
#2766=DIRECTION('',(1.,-2.04888599524819E-16,0.));
#2767=DIRECTION('',(2.04888599524819E-16,1.,0.));
#2768=DIRECTION('',(0.,0.,-1.));
#2769=DIRECTION('',(-2.04888599524819E-16,-1.,0.));
#2770=DIRECTION('',(0.,0.,-1.));
#2771=DIRECTION('',(0.,1.,0.));
#2772=DIRECTION('',(0.,0.,1.));
#2773=DIRECTION('',(0.,0.,-1.));
#2774=DIRECTION('',(-1.,0.,0.));
#2775=DIRECTION('',(0.,0.,-1.));
#2776=DIRECTION('',(0.,0.,1.));
#2777=DIRECTION('',(1.,0.,0.));
#2778=DIRECTION('',(0.,0.,1.));
#2779=DIRECTION('',(1.,0.,0.));
#2780=DIRECTION('',(0.,0.,-1.));
#2781=DIRECTION('',(-1.,0.,0.));
#2782=DIRECTION('',(0.,0.,1.));
#2783=DIRECTION('',(1.,0.,0.));
#2784=DIRECTION('',(0.,0.,-1.));
#2785=DIRECTION('',(-1.,0.,0.));
#2786=DIRECTION('',(0.,0.,1.));
#2787=DIRECTION('',(1.,0.,0.));
#2788=DIRECTION('',(0.,0.,1.));
#2789=DIRECTION('',(1.,0.,0.));
#2790=DIRECTION('',(0.,0.,1.));
#2791=DIRECTION('',(1.,0.,0.));
#2792=DIRECTION('',(0.,0.,1.));
#2793=DIRECTION('',(1.,0.,0.));
#2794=DIRECTION('',(0.,0.,1.));
#2795=DIRECTION('',(1.,0.,0.));
#2796=DIRECTION('',(0.,0.,1.));
#2797=DIRECTION('',(1.,0.,0.));
#2798=DIRECTION('',(0.,0.,1.));
#2799=DIRECTION('',(1.,0.,0.));
#2800=DIRECTION('',(0.,0.,1.));
#2801=DIRECTION('',(1.,0.,0.));
#2802=DIRECTION('',(0.,0.,1.));
#2803=DIRECTION('',(1.,0.,0.));
#2804=DIRECTION('',(0.,0.,1.));
#2805=DIRECTION('',(1.,0.,0.));
#2806=DIRECTION('',(0.,0.,1.));
#2807=DIRECTION('',(1.,0.,0.));
#2808=DIRECTION('',(0.,0.,1.));
#2809=DIRECTION('',(1.,0.,0.));
#2810=DIRECTION('',(0.,0.,1.));
#2811=DIRECTION('',(0.,0.,1.));
#2812=DIRECTION('',(1.,0.,0.));
#2813=DIRECTION('',(0.,0.,1.));
#2814=DIRECTION('',(0.,0.,1.));
#2815=DIRECTION('',(1.,0.,0.));
#2816=DIRECTION('',(0.,0.,1.));
#2817=DIRECTION('',(0.,0.,1.));
#2818=DIRECTION('',(1.,0.,0.));
#2819=DIRECTION('',(0.,0.,1.));
#2820=DIRECTION('',(0.,0.,1.));
#2821=DIRECTION('',(1.,0.,0.));
#2822=DIRECTION('',(0.,0.,1.));
#2823=DIRECTION('',(0.,0.,1.));
#2824=DIRECTION('',(1.,0.,0.));
#2825=DIRECTION('',(0.,0.,1.));
#2826=DIRECTION('',(0.,-1.,0.));
#2827=DIRECTION('',(0.,0.,-1.));
#2828=DIRECTION('',(0.,0.,-1.));
#2829=DIRECTION('',(-1.,0.,0.));
#2830=DIRECTION('',(0.,0.,1.));
#2831=DIRECTION('',(1.,0.,0.));
#2832=DIRECTION('',(0.,0.,1.));
#2833=DIRECTION('',(0.,0.,1.));
#2834=DIRECTION('',(1.,0.,0.));
#2835=DIRECTION('',(-1.,2.04888599524819E-16,0.));
#2836=DIRECTION('',(-2.04888599524819E-16,-1.,0.));
#2837=DIRECTION('',(0.,0.,1.));
#2838=DIRECTION('',(2.04888599524819E-16,1.,0.));
#2839=DIRECTION('',(0.,0.,1.));
#2840=DIRECTION('',(1.,0.,0.));
#2841=DIRECTION('',(0.,0.,1.));
#2842=DIRECTION('',(0.,0.,1.));
#2843=DIRECTION('',(1.,0.,0.));
#2844=DIRECTION('',(0.,0.,1.));
#2845=DIRECTION('',(0.,0.,1.));
#2846=DIRECTION('',(1.,0.,0.));
#2847=DIRECTION('',(0.,0.,1.));
#2848=DIRECTION('',(0.,0.,1.));
#2849=DIRECTION('',(1.,0.,0.));
#2850=DIRECTION('',(0.,0.,1.));
#2851=DIRECTION('',(0.,0.,1.));
#2852=DIRECTION('',(1.,0.,0.));
#2853=DIRECTION('',(0.,0.,1.));
#2854=DIRECTION('',(0.,0.,1.));
#2855=DIRECTION('',(1.,0.,0.));
#2856=DIRECTION('',(0.,0.,1.));
#2857=DIRECTION('',(0.,0.,1.));
#2858=DIRECTION('',(1.,0.,0.));
#2859=DIRECTION('',(0.,0.,1.));
#2860=DIRECTION('',(0.,0.,1.));
#2861=DIRECTION('',(1.,0.,0.));
#2862=DIRECTION('',(0.,0.,1.));
#2863=DIRECTION('',(0.,0.,1.));
#2864=DIRECTION('',(1.,0.,0.));
#2865=DIRECTION('',(0.,0.,1.));
#2866=DIRECTION('',(1.,0.,0.));
#2867=DIRECTION('',(0.,0.,1.));
#2868=DIRECTION('',(1.,0.,0.));
#2869=DIRECTION('',(0.,0.,1.));
#2870=DIRECTION('',(1.,0.,0.));
#2871=DIRECTION('',(0.,0.,1.));
#2872=DIRECTION('',(1.,0.,0.));
#2873=DIRECTION('',(0.,0.,1.));
#2874=DIRECTION('',(1.,0.,0.));
#2875=DIRECTION('',(0.,0.,1.));
#2876=DIRECTION('',(1.,0.,0.));
#2877=DIRECTION('',(0.,0.,1.));
#2878=DIRECTION('',(1.,0.,0.));
#2879=DIRECTION('',(0.,0.,1.));
#2880=DIRECTION('',(1.,0.,0.));
#2881=DIRECTION('',(0.,0.,1.));
#2882=DIRECTION('',(1.,0.,0.));
#2883=DIRECTION('',(0.,0.,1.));
#2884=DIRECTION('',(1.,0.,0.));
#2885=DIRECTION('',(0.,0.,1.));
#2886=DIRECTION('',(1.,0.,0.));
#2887=DIRECTION('',(0.,0.,1.));
#2888=DIRECTION('',(1.,0.,0.));
#2889=DIRECTION('',(0.,0.,1.));
#2890=DIRECTION('',(1.,0.,0.));
#2891=DIRECTION('',(-1.,0.,0.));
#2892=DIRECTION('',(0.,0.,1.));
#2893=DIRECTION('',(1.,0.,0.));
#2894=DIRECTION('',(2.04888599524819E-16,1.,0.));
#2895=DIRECTION('',(0.,0.,1.));
#2896=DIRECTION('',(1.,0.,0.));
#2897=DIRECTION('',(0.,0.,1.));
#2898=DIRECTION('',(1.,0.,0.));
#2899=DIRECTION('',(0.,0.,1.));
#2900=DIRECTION('',(1.,0.,0.));
#2901=DIRECTION('',(0.,0.,1.));
#2902=DIRECTION('',(1.,0.,0.));
#2903=DIRECTION('',(0.,0.,1.));
#2904=DIRECTION('',(0.,0.,1.));
#2905=DIRECTION('',(1.,0.,0.));
#2906=DIRECTION('',(0.,0.,1.));
#2907=DIRECTION('',(0.,0.,1.));
#2908=DIRECTION('',(1.,0.,0.));
#2909=DIRECTION('',(0.,0.,1.));
#2910=DIRECTION('',(1.,0.,0.));
#2911=DIRECTION('',(0.,0.,1.));
#2912=DIRECTION('',(1.,0.,0.));
#2913=DIRECTION('',(0.,0.,1.));
#2914=DIRECTION('',(1.,0.,0.));
#2915=DIRECTION('',(0.,0.,1.));
#2916=DIRECTION('',(1.,0.,0.));
#2917=DIRECTION('',(0.,0.,1.));
#2918=DIRECTION('',(1.,0.,0.));
#2919=DIRECTION('',(0.,0.,1.));
#2920=DIRECTION('',(1.,0.,0.));
#2921=DIRECTION('',(0.,0.,1.));
#2922=DIRECTION('',(1.,0.,0.));
#2923=DIRECTION('',(0.,0.,1.));
#2924=DIRECTION('',(1.,0.,0.));
#2925=DIRECTION('',(0.,0.,1.));
#2926=DIRECTION('',(1.,0.,0.));
#2927=DIRECTION('',(0.,0.,1.));
#2928=DIRECTION('',(1.,0.,0.));
#2929=DIRECTION('',(0.,0.,1.));
#2930=DIRECTION('',(1.,0.,0.));
#2931=DIRECTION('',(0.,0.,1.));
#2932=DIRECTION('',(1.,0.,0.));
#2933=DIRECTION('',(0.,0.,1.));
#2934=DIRECTION('',(1.,0.,0.));
#2935=DIRECTION('',(0.,0.,1.));
#2936=DIRECTION('',(1.,0.,0.));
#2937=DIRECTION('',(0.,0.,1.));
#2938=DIRECTION('',(1.,0.,0.));
#2939=DIRECTION('',(0.,0.,1.));
#2940=DIRECTION('',(1.,0.,0.));
#2941=DIRECTION('',(0.293893895035616,-0.955838050331119,1.60574689500645E-15));
#2942=DIRECTION('',(0.955838050331119,0.293893895035616,0.));
#2943=DIRECTION('',(0.235181974713476,0.971951356174716,0.));
#2944=DIRECTION('',(-0.971951356174716,0.235181974713476,0.));
#2945=DIRECTION('',(0.,0.,1.));
#2946=DIRECTION('',(1.,0.,0.));
#2947=DIRECTION('',(-0.883194577044703,-0.469006758031085,0.));
#2948=DIRECTION('',(0.469006758031085,-0.883194577044703,0.));
#2949=DIRECTION('',(0.,0.,1.));
#2950=DIRECTION('',(1.,0.,0.));
#2951=DIRECTION('',(-0.998978964266467,-0.0451777484288193,0.));
#2952=DIRECTION('',(0.0451777484288193,-0.998978964266467,0.));
#2953=DIRECTION('',(0.,0.,1.));
#2954=DIRECTION('',(1.,0.,0.));
#2955=DIRECTION('',(-1.,0.,0.));
#2956=DIRECTION('',(0.,0.,1.));
#2957=DIRECTION('',(0.,0.,1.));
#2958=DIRECTION('',(1.,0.,0.));
#2959=DIRECTION('',(-0.0451777484288193,-0.998978964266467,0.));
#2960=DIRECTION('',(0.998978964266467,-0.0451777484288193,0.));
#2961=DIRECTION('',(-1.,0.,0.));
#2962=DIRECTION('',(0.,0.,1.));
#2963=DIRECTION('',(-1.,0.,0.));
#2964=DIRECTION('',(0.,0.,1.));
#2965=DIRECTION('',(0.,0.,1.));
#2966=DIRECTION('',(1.,0.,0.));
#2967=DIRECTION('',(-0.955838050331119,0.293893895035616,-1.60574689500645E-15));
#2968=DIRECTION('',(-0.293893895035616,-0.955838050331119,0.));
#2969=DIRECTION('',(0.,0.,1.));
#2970=DIRECTION('',(1.,0.,0.));
#2971=DIRECTION('',(0.,1.,0.));
#2972=DIRECTION('',(0.,0.,1.));
#2973=DIRECTION('',(0.,0.,1.));
#2974=DIRECTION('',(1.,0.,0.));
#2975=DIRECTION('',(-0.955838050331119,-0.293893895035616,1.60574689500645E-15));
#2976=DIRECTION('',(0.293893895035616,-0.955838050331119,0.));
#2977=DIRECTION('',(2.04888599524819E-16,1.,0.));
#2978=DIRECTION('',(-1.,2.04888599524819E-16,0.));
#2979=DIRECTION('',(0.,1.,0.));
#2980=DIRECTION('',(0.,0.,1.));
#2981=DIRECTION('',(0.,0.,1.));
#2982=DIRECTION('',(1.,0.,0.));
#2983=DIRECTION('',(-0.0451777484288193,0.998978964266467,1.23418741403539E-16));
#2984=DIRECTION('',(-0.998978964266467,-0.0451777484288193,0.));
#2985=DIRECTION('',(0.,0.,1.));
#2986=DIRECTION('',(1.,0.,0.));
#2987=DIRECTION('',(-0.997715263474302,0.0675592556975238,0.));
#2988=DIRECTION('',(-0.0675592556975238,-0.997715263474302,0.));
#2989=DIRECTION('',(0.,0.,1.));
#2990=DIRECTION('',(1.,0.,0.));
#2991=DIRECTION('',(-0.998978964266466,0.045177748428822,-2.72905867924415E-15));
#2992=DIRECTION('',(-0.045177748428822,-0.998978964266466,0.));
#2993=DIRECTION('',(0.,0.,1.));
#2994=DIRECTION('',(1.,0.,0.));
#2995=DIRECTION('',(-0.955838050331119,0.293893895035617,0.));
#2996=DIRECTION('',(-0.293893895035617,-0.955838050331119,0.));
#2997=DIRECTION('',(0.,0.,1.));
#2998=DIRECTION('',(1.,0.,0.));
#2999=DIRECTION('',(0.293893895035616,0.955838050331119,0.));
#3000=DIRECTION('',(-0.955838050331119,0.293893895035616,0.));
#3001=DIRECTION('',(0.,0.,1.));
#3002=DIRECTION('',(1.,0.,0.));
#3003=DIRECTION('',(-0.0451777484288192,-0.998978964266466,0.));
#3004=DIRECTION('',(0.998978964266467,-0.0451777484288192,0.));
#3005=DIRECTION('',(0.,0.,1.));
#3006=DIRECTION('',(1.,0.,0.));
#3007=DIRECTION('',(-0.293893895035616,0.955838050331119,0.));
#3008=DIRECTION('',(-0.955838050331119,-0.293893895035616,0.));
#3009=DIRECTION('',(0.,0.,1.));
#3010=DIRECTION('',(1.,0.,0.));
#3011=DIRECTION('',(-0.998978964266467,-0.0451777484288193,0.));
#3012=DIRECTION('',(0.0451777484288193,-0.998978964266467,0.));
#3013=DIRECTION('',(0.,0.,1.));
#3014=DIRECTION('',(1.,0.,0.));
#3015=DIRECTION('',(0.707106781186547,0.,-0.707106781186549));
#3016=DIRECTION('',(0.,1.,0.));
#3017=DIRECTION('',(0.707106781186549,0.,0.707106781186547));
#3018=DIRECTION('',(-0.707106781186549,0.,-0.707106781186547));
#3019=DIRECTION('',(0.,0.,-1.));
#3020=DIRECTION('',(-1.,0.,0.));
#3021=DIRECTION('',(0.,0.707106781186549,-0.707106781186547));
#3022=DIRECTION('',(0.,0.,-1.));
#3023=DIRECTION('',(-1.,0.,0.));
#3024=DIRECTION('',(0.,0.707106781186549,0.707106781186547));
#3025=DIRECTION('',(0.,0.707106781186547,0.707106781186549));
#3026=DIRECTION('',(1.,0.,0.));
#3027=DIRECTION('',(0.,0.707106781186549,-0.707106781186547));
#3028=DIRECTION('',(0.,0.707106781186547,-0.707106781186549));
#3029=DIRECTION('',(-1.,0.,0.));
#3030=DIRECTION('',(0.,0.707106781186549,0.707106781186547));
#3031=DIRECTION('',(0.,0.,-1.));
#3032=DIRECTION('',(-1.,0.,0.));
#3033=DIRECTION('',(0.707106781186549,0.,-0.707106781186547));
#3034=DIRECTION('',(0.,0.,-1.));
#3035=DIRECTION('',(-1.,0.,0.));
#3036=DIRECTION('',(-0.707106781186549,0.,0.707106781186547));
#3037=DIRECTION('',(0.707106781186547,-1.44878118111815E-16,0.707106781186549));
#3038=DIRECTION('',(-2.04888599524819E-16,-1.,0.));
#3039=DIRECTION('',(-0.707106781186548,0.,-0.707106781186547));
#3040=DIRECTION('',(0.,-1.,0.));
#3041=DIRECTION('',(-0.707106781186547,0.,0.707106781186548));
#3042=DIRECTION('',(0.707106781186547,0.,-0.707106781186548));
#3043=DIRECTION('',(0.,0.,-1.));
#3044=DIRECTION('',(-1.,0.,0.));
#3045=DIRECTION('',(0.,0.707106781186547,-0.707106781186548));
#3046=DIRECTION('',(0.,0.,-1.));
#3047=DIRECTION('',(-1.,0.,0.));
#3048=DIRECTION('',(0.,0.707106781186547,0.707106781186548));
#3049=DIRECTION('',(-1.10383328085192E-16,0.707106781186548,0.707106781186547));
#3050=DIRECTION('',(1.,1.56105599637958E-16,0.));
#3051=DIRECTION('',(0.,0.707106781186547,-0.707106781186548));
#3052=DIRECTION('',(-1.10383328085192E-16,0.707106781186548,-0.707106781186547));
#3053=DIRECTION('',(-1.,-1.56105599637958E-16,0.));
#3054=DIRECTION('',(0.,0.707106781186547,0.707106781186548));
#3055=DIRECTION('',(0.,0.,-1.));
#3056=DIRECTION('',(-1.,0.,0.));
#3057=DIRECTION('',(-0.707106781186547,0.,-0.707106781186548));
#3058=DIRECTION('',(0.,0.,-1.));
#3059=DIRECTION('',(-1.,0.,0.));
#3060=DIRECTION('',(0.707106781186547,0.,0.707106781186548));
#3061=DIRECTION('',(-0.707106781186548,0.,0.707106781186547));
#3062=DIRECTION('',(0.,1.,0.));
#3063=DIRECTION('',(-0.265660084760079,-0.964066760844532,0.));
#3064=DIRECTION('',(0.964066760844532,-0.265660084760079,0.));
#3065=DIRECTION('',(0.,0.,-1.));
#3066=DIRECTION('',(-0.265660084760079,-0.964066760844532,0.));
#3067=DIRECTION('',(-0.964066760844532,0.265660084760079,0.));
#3068=DIRECTION('',(-0.964066760844532,0.265660084760079,0.));
#3069=DIRECTION('',(0.,0.,-1.));
#3070=DIRECTION('',(0.,0.,-1.));
#3071=DIRECTION('',(-1.,0.,0.));
#3072=DIRECTION('',(0.,0.,1.));
#3073=DIRECTION('',(-1.,0.,0.));
#3074=DIRECTION('',(0.,0.,-1.));
#3075=DIRECTION('',(0.265660084760079,-0.964066760844532,0.));
#3076=DIRECTION('',(0.964066760844532,0.265660084760079,0.));
#3077=DIRECTION('',(-0.964066760844532,-0.265660084760079,0.));
#3078=DIRECTION('',(0.265660084760079,-0.964066760844532,0.));
#3079=DIRECTION('',(0.964066760844532,0.265660084760079,0.));
#3080=DIRECTION('',(0.,0.,-1.));
#3081=DIRECTION('',(0.,0.,-1.));
#3082=DIRECTION('',(-1.,0.,0.));
#3083=DIRECTION('',(0.,0.,1.));
#3084=DIRECTION('',(-1.,0.,0.));
#3085=DIRECTION('',(0.,0.,-1.));
#3086=DIRECTION('',(1.,0.,0.));
#3087=DIRECTION('',(0.,-1.,0.));
#3088=DIRECTION('',(0.,0.,-1.));
#3089=DIRECTION('',(-1.,0.,0.));
#3090=DIRECTION('',(0.,0.,-1.));
#3091=DIRECTION('',(0.,0.,-1.));
#3092=DIRECTION('',(-1.,0.,0.));
#3093=DIRECTION('',(0.,0.,-1.));
#3094=DIRECTION('',(-0.265660084760079,0.964066760844532,0.));
#3095=DIRECTION('',(-0.964066760844532,-0.265660084760079,0.));
#3096=DIRECTION('',(0.964066760844532,0.265660084760079,0.));
#3097=DIRECTION('',(-0.265660084760079,0.964066760844532,0.));
#3098=DIRECTION('',(-0.964066760844532,-0.265660084760079,0.));
#3099=DIRECTION('',(0.,0.,-1.));
#3100=DIRECTION('',(0.,0.,-1.));
#3101=DIRECTION('',(-1.,0.,0.));
#3102=DIRECTION('',(0.,0.,-1.));
#3103=DIRECTION('',(-1.,0.,0.));
#3104=DIRECTION('',(0.265660084760079,0.964066760844532,0.));
#3105=DIRECTION('',(-0.964066760844532,0.265660084760079,0.));
#3106=DIRECTION('',(0.,0.,-1.));
#3107=DIRECTION('',(0.265660084760079,0.964066760844532,0.));
#3108=DIRECTION('',(0.964066760844532,-0.265660084760079,0.));
#3109=DIRECTION('',(0.964066760844532,-0.265660084760079,0.));
#3110=DIRECTION('',(0.,0.,-1.));
#3111=DIRECTION('',(1.,0.,0.));
#3112=DIRECTION('',(0.,-1.,0.));
#3113=DIRECTION('',(0.,0.,-1.));
#3114=DIRECTION('',(-1.,0.,0.));
#3115=DIRECTION('',(0.,0.707106781186548,0.707106781186548));
#3116=DIRECTION('',(0.,0.707106781186548,-0.707106781186548));
#3117=DIRECTION('',(0.,1.,0.));
#3118=DIRECTION('',(0.,0.,1.));
#3119=DIRECTION('',(0.,0.707106781186548,-0.707106781186548));
#3120=DIRECTION('',(0.,0.707106781186548,0.707106781186548));
#3121=DIRECTION('',(0.,0.,1.));
#3122=DIRECTION('',(1.,0.,0.));
#3123=DIRECTION('',(0.,0.,1.));
#3124=DIRECTION('',(1.,0.,0.));
#3125=DIRECTION('',(0.,-0.707106781186548,0.707106781186548));
#3126=DIRECTION('',(0.,-0.707106781186548,-0.707106781186548));
#3127=DIRECTION('',(0.,-1.,0.));
#3128=DIRECTION('',(0.,0.,-1.));
#3129=DIRECTION('',(0.,-0.707106781186548,-0.707106781186548));
#3130=DIRECTION('',(0.,-0.707106781186548,0.707106781186548));
#3131=DIRECTION('',(0.,0.,-1.));
#3132=DIRECTION('',(-1.,0.,0.));
#3133=CARTESIAN_POINT('',(0.,0.,0.));
#3134=CARTESIAN_POINT('',(-0.022225,0.,0.00635));
#3135=CARTESIAN_POINT('',(-0.022225,0.,-0.003175));
#3136=CARTESIAN_POINT('',(-0.022225,0.017145,-0.003175));
#3137=CARTESIAN_POINT('',(-0.022225,0.00668237252048574,-0.003175));
#3138=CARTESIAN_POINT('',(-0.022225,0.00668237252048574,0.00254));
#3139=CARTESIAN_POINT('',(-0.022225,0.00668237252048574,0.00381));
#3140=CARTESIAN_POINT('',(-0.022225,-0.005715,0.00381));
#3141=CARTESIAN_POINT('',(-0.022225,-0.00668237252048574,0.00381));
#3142=CARTESIAN_POINT('',(-0.022225,-0.00668237252048574,0.00635));
#3143=CARTESIAN_POINT('',(-0.022225,-0.00668237252048574,-0.003175));
#3144=CARTESIAN_POINT('',(-0.022225,0.,-0.003175));
#3145=CARTESIAN_POINT('',(-0.022225,-0.017145,-0.003175));
#3146=CARTESIAN_POINT('',(-0.022225,-0.017145,0.00635));
#3147=CARTESIAN_POINT('',(-0.022225,-0.017145,0.005969));
#3148=CARTESIAN_POINT('',(-0.022225,0.017145,0.005969));
#3149=CARTESIAN_POINT('',(-0.022225,0.017145,0.005969));
#3150=CARTESIAN_POINT('',(-0.022225,0.017145,0.00635));
#3151=CARTESIAN_POINT('',(0.,0.,0.));
#3152=CARTESIAN_POINT('',(-0.010795,-0.011811,0.));
#3153=CARTESIAN_POINT('',(-0.0117629126968866,-0.00998830719162399,0.));
#3154=CARTESIAN_POINT('',(-0.010795,-0.00974725,0.));
#3155=CARTESIAN_POINT('',(-0.0132520091536354,-0.00718416440950704,0.));
#3156=CARTESIAN_POINT('',(-0.0163379547094901,-0.00643746163979176,0.));
#3157=CARTESIAN_POINT('',(-0.042942457791587,5.20417042793042E-18,0.));
#3158=CARTESIAN_POINT('',(-0.0167790122709157,0.00804453945828847,0.));
#3159=CARTESIAN_POINT('',(-0.0137442264611144,0.00897765257502655,0.));
#3160=CARTESIAN_POINT('',(-0.0138876658123759,0.0121494107865726,0.));
#3161=CARTESIAN_POINT('',(-0.01397,0.01397,0.));
#3162=CARTESIAN_POINT('',(-0.0121494107865726,0.0138876658123759,0.));
#3163=CARTESIAN_POINT('',(-0.00897765257502656,0.0137442264611144,0.));
#3164=CARTESIAN_POINT('',(-0.00804453945828848,0.0167790122709157,0.));
#3165=CARTESIAN_POINT('',(-1.7347234759768E-18,0.042942457791587,0.));
#3166=CARTESIAN_POINT('',(0.00804453945828847,0.0167790122709157,0.));
#3167=CARTESIAN_POINT('',(0.00897765257502655,0.0137442264611144,0.));
#3168=CARTESIAN_POINT('',(0.0121494107865726,0.0138876658123759,0.));
#3169=CARTESIAN_POINT('',(0.01397,0.01397,0.));
#3170=CARTESIAN_POINT('',(0.0138876658123759,0.0121494107865726,0.));
#3171=CARTESIAN_POINT('',(0.0137442264611144,0.00897765257502653,0.));
#3172=CARTESIAN_POINT('',(0.0167790122709157,0.00804453945828846,0.));
#3173=CARTESIAN_POINT('',(0.042942457791587,8.67361737988404E-19,0.));
#3174=CARTESIAN_POINT('',(0.0167790122709157,-0.00804453945828847,0.));
#3175=CARTESIAN_POINT('',(0.0137442264611144,-0.00897765257502655,0.));
#3176=CARTESIAN_POINT('',(0.0138876658123759,-0.0121494107865726,0.));
#3177=CARTESIAN_POINT('',(0.01397,-0.01397,0.));
#3178=CARTESIAN_POINT('',(0.0121494107865726,-0.0138876658123759,0.));
#3179=CARTESIAN_POINT('',(0.00897765257502654,-0.0137442264611144,0.));
#3180=CARTESIAN_POINT('',(0.00804453945828846,-0.0167790122709157,0.));
#3181=CARTESIAN_POINT('',(-6.07153216591882E-18,-0.042942457791587,0.));
#3182=CARTESIAN_POINT('',(0.00184924936316036,-0.0156327383971673,0.));
#3183=CARTESIAN_POINT('',(0.00206375,-0.0124649924356363,0.));
#3184=CARTESIAN_POINT('',(-0.00111125,-0.0124649924356363,0.));
#3185=CARTESIAN_POINT('',(-0.00111125,2.27682456221955E-19,0.));
#3186=CARTESIAN_POINT('',(-0.00111125,-0.011811,0.));
#3187=CARTESIAN_POINT('',(-0.003175,-0.011811,0.));
#3188=CARTESIAN_POINT('',(-0.003175,-0.00974725,0.));
#3189=CARTESIAN_POINT('',(0.,-0.00974725,0.));
#3190=CARTESIAN_POINT('',(-0.01699895,-0.01699895,0.));
#3191=CARTESIAN_POINT('',(-0.015173325,-0.01699895,0.));
#3192=CARTESIAN_POINT('',(0.01699895,-0.01699895,0.));
#3193=CARTESIAN_POINT('',(0.018824575,-0.01699895,0.));
#3194=CARTESIAN_POINT('',(0.01699895,0.01699895,0.));
#3195=CARTESIAN_POINT('',(0.018824575,0.01699895,0.));
#3196=CARTESIAN_POINT('',(-0.01699895,0.01699895,0.));
#3197=CARTESIAN_POINT('',(-0.015173325,0.01699895,0.));
#3198=CARTESIAN_POINT('',(-0.01397,0.01397,0.));
#3199=CARTESIAN_POINT('',(-0.0129413,0.01397,0.));
#3200=CARTESIAN_POINT('',(-0.01397,-0.01397,0.));
#3201=CARTESIAN_POINT('',(-0.0129413,-0.01397,0.));
#3202=CARTESIAN_POINT('',(0.01397,-0.01397,0.));
#3203=CARTESIAN_POINT('',(0.0149987,-0.01397,0.));
#3204=CARTESIAN_POINT('',(0.01397,0.01397,0.));
#3205=CARTESIAN_POINT('',(0.0149987,0.01397,0.));
#3206=CARTESIAN_POINT('',(0.02032,0.01651,0.));
#3207=CARTESIAN_POINT('',(0.02032,-0.0139513970589083,0.));
#3208=CARTESIAN_POINT('',(0.02032,-0.01778,0.));
#3209=CARTESIAN_POINT('',(0.042942457791587,8.67361737988404E-19,0.));
#3210=CARTESIAN_POINT('',(0.02032,0.0139513970589083,0.));
#3211=CARTESIAN_POINT('',(0.02032,0.01651,0.));
#3212=CARTESIAN_POINT('',(0.02032,0.01778,0.));
#3213=CARTESIAN_POINT('',(0.01778,0.01778,0.));
#3214=CARTESIAN_POINT('',(0.01778,0.02032,0.));
#3215=CARTESIAN_POINT('',(-0.01651,0.02032,0.));
#3216=CARTESIAN_POINT('',(0.0139513970589083,0.02032,0.));
#3217=CARTESIAN_POINT('',(-1.7347234759768E-18,0.042942457791587,0.));
#3218=CARTESIAN_POINT('',(-0.0139513970589083,0.02032,0.));
#3219=CARTESIAN_POINT('',(-0.01651,0.02032,0.));
#3220=CARTESIAN_POINT('',(-0.01778,0.02032,0.));
#3221=CARTESIAN_POINT('',(-0.01778,0.01778,0.));
#3222=CARTESIAN_POINT('',(-0.02032,0.01778,0.));
#3223=CARTESIAN_POINT('',(-0.02032,-0.01651,0.));
#3224=CARTESIAN_POINT('',(-0.02032,0.0139513970589083,0.));
#3225=CARTESIAN_POINT('',(-0.042942457791587,5.20417042793042E-18,0.));
#3226=CARTESIAN_POINT('',(-0.02032,-0.0139513970589083,0.));
#3227=CARTESIAN_POINT('',(-0.02032,-0.01651,0.));
#3228=CARTESIAN_POINT('',(-0.02032,-0.01778,0.));
#3229=CARTESIAN_POINT('',(-0.01778,-0.01778,0.));
#3230=CARTESIAN_POINT('',(-0.01778,-0.02032,0.));
#3231=CARTESIAN_POINT('',(0.01651,-0.02032,0.));
#3232=CARTESIAN_POINT('',(-0.0139513970589083,-0.02032,0.));
#3233=CARTESIAN_POINT('',(-6.07153216591882E-18,-0.042942457791587,0.));
#3234=CARTESIAN_POINT('',(-0.0052667469429062,-0.016891,0.));
#3235=CARTESIAN_POINT('',(-0.006985,-0.016891,0.));
#3236=CARTESIAN_POINT('',(-0.010795,-0.016891,0.));
#3237=CARTESIAN_POINT('',(-0.010795,-0.015621,0.));
#3238=CARTESIAN_POINT('',(-0.012065,-0.015621,0.));
#3239=CARTESIAN_POINT('',(-0.012065,-0.013716,0.));
#3240=CARTESIAN_POINT('',(-0.012065,-0.011811,0.));
#3241=CARTESIAN_POINT('',(-0.010795,-0.011811,0.));
#3242=CARTESIAN_POINT('',(-0.010795,-0.010541,0.));
#3243=CARTESIAN_POINT('',(-0.006985,-0.010541,0.));
#3244=CARTESIAN_POINT('',(-0.003175,-0.010541,0.));
#3245=CARTESIAN_POINT('',(-0.003175,-0.011811,0.));
#3246=CARTESIAN_POINT('',(-0.001905,-0.011811,0.));
#3247=CARTESIAN_POINT('',(-0.001905,-0.013716,0.));
#3248=CARTESIAN_POINT('',(-0.001905,-0.015621,0.));
#3249=CARTESIAN_POINT('',(-0.003175,-0.015621,0.));
#3250=CARTESIAN_POINT('',(-0.00221871871815202,-0.0164567189180503,0.));
#3251=CARTESIAN_POINT('',(-6.07153216591882E-18,-0.042942457791587,0.));
#3252=CARTESIAN_POINT('',(0.0139513970589083,-0.02032,0.));
#3253=CARTESIAN_POINT('',(0.01651,-0.02032,0.));
#3254=CARTESIAN_POINT('',(0.01778,-0.02032,0.));
#3255=CARTESIAN_POINT('',(0.01778,-0.01778,0.));
#3256=CARTESIAN_POINT('',(0.,0.,-0.003175));
#3257=CARTESIAN_POINT('',(-0.003175,-0.015621,-0.003175));
#3258=CARTESIAN_POINT('',(-0.003175,-0.017399,-0.003175));
#3259=CARTESIAN_POINT('',(-0.001397,-0.015621,-0.003175));
#3260=CARTESIAN_POINT('',(-0.001397,2.86229373536172E-19,-0.003175));
#3261=CARTESIAN_POINT('',(-0.001397,-0.011811,-0.003175));
#3262=CARTESIAN_POINT('',(-0.003175,-0.011811,-0.003175));
#3263=CARTESIAN_POINT('',(-0.003175,-0.010033,-0.003175));
#3264=CARTESIAN_POINT('',(0.,-0.010033,-0.003175));
#3265=CARTESIAN_POINT('',(-0.010795,-0.010033,-0.003175));
#3266=CARTESIAN_POINT('',(-0.010795,-0.011811,-0.003175));
#3267=CARTESIAN_POINT('',(-0.012573,-0.011811,-0.003175));
#3268=CARTESIAN_POINT('',(-0.012573,-0.015621,-0.003175));
#3269=CARTESIAN_POINT('',(-0.012573,-0.015621,-0.003175));
#3270=CARTESIAN_POINT('',(-0.010795,-0.015621,-0.003175));
#3271=CARTESIAN_POINT('',(-0.010795,-0.017399,-0.003175));
#3272=CARTESIAN_POINT('',(-0.003175,-0.017399,-0.003175));
#3273=CARTESIAN_POINT('',(3.46944695195361E-18,0.022225,-0.003175));
#3274=CARTESIAN_POINT('',(0.017145,0.022225,-0.003175));
#3275=CARTESIAN_POINT('',(-0.017145,0.022225,-0.003175));
#3276=CARTESIAN_POINT('',(0.017145,0.017145,-0.003175));
#3277=CARTESIAN_POINT('',(0.022225,0.017145,-0.003175));
#3278=CARTESIAN_POINT('',(0.022225,0.,-0.003175));
#3279=CARTESIAN_POINT('',(0.022225,0.00668237252048574,-0.003175));
#3280=CARTESIAN_POINT('',(0.023495,0.00668237252048574,-0.003175));
#3281=CARTESIAN_POINT('',(0.0231576116923547,0.00545800773421319,-0.003175));
#3282=CARTESIAN_POINT('',(0.0259077694030062,0.0047001690033402,-0.003175));
#3283=CARTESIAN_POINT('',(0.0295905388060124,0.00368533800668039,-0.003175));
#3284=CARTESIAN_POINT('',(0.028575,2.38524477946811E-18,-0.003175));
#3285=CARTESIAN_POINT('',(0.0295905388060124,-0.00368533800668039,-0.003175));
#3286=CARTESIAN_POINT('',(0.0259077694030062,-0.0047001690033402,-0.003175));
#3287=CARTESIAN_POINT('',(0.0231576116923547,-0.00545800773421319,-0.003175));
#3288=CARTESIAN_POINT('',(0.023495,-0.00668237252048574,-0.003175));
#3289=CARTESIAN_POINT('',(0.022225,-0.00668237252048574,-0.003175));
#3290=CARTESIAN_POINT('',(0.022225,0.,-0.003175));
#3291=CARTESIAN_POINT('',(0.022225,-0.017145,-0.003175));
#3292=CARTESIAN_POINT('',(0.017145,-0.017145,-0.003175));
#3293=CARTESIAN_POINT('',(0.017145,-0.022225,-0.003175));
#3294=CARTESIAN_POINT('',(0.,-0.022225,-0.003175));
#3295=CARTESIAN_POINT('',(-0.017145,-0.022225,-0.003175));
#3296=CARTESIAN_POINT('',(-0.017145,-0.017145,-0.003175));
#3297=CARTESIAN_POINT('',(-0.023495,-0.00668237252048574,-0.003175));
#3298=CARTESIAN_POINT('',(-0.0231576116923547,-0.00545800773421318,-0.003175));
#3299=CARTESIAN_POINT('',(-0.0259077694030062,-0.0047001690033402,-0.003175));
#3300=CARTESIAN_POINT('',(-0.0295905388060124,-0.00368533800668039,-0.003175));
#3301=CARTESIAN_POINT('',(-0.028575,-2.38524477946811E-18,-0.003175));
#3302=CARTESIAN_POINT('',(-0.0295905388060124,0.00368533800668039,-0.003175));
#3303=CARTESIAN_POINT('',(-0.0259077694030061,0.0047001690033402,-0.003175));
#3304=CARTESIAN_POINT('',(-0.0231576116923547,0.00545800773421319,-0.003175));
#3305=CARTESIAN_POINT('',(-0.023495,0.00668237252048574,-0.003175));
#3306=CARTESIAN_POINT('',(-0.017145,0.017145,-0.003175));
#3307=CARTESIAN_POINT('',(0.01397,0.01397,-0.003175));
#3308=CARTESIAN_POINT('',(0.0149987,0.01397,-0.003175));
#3309=CARTESIAN_POINT('',(0.01397,-0.01397,-0.003175));
#3310=CARTESIAN_POINT('',(0.0149987,-0.01397,-0.003175));
#3311=CARTESIAN_POINT('',(-0.01397,-0.01397,-0.003175));
#3312=CARTESIAN_POINT('',(-0.0129413,-0.01397,-0.003175));
#3313=CARTESIAN_POINT('',(-0.01397,0.01397,-0.003175));
#3314=CARTESIAN_POINT('',(-0.0129413,0.01397,-0.003175));
#3315=CARTESIAN_POINT('',(-0.028575,1.43699357859174E-18,-0.003175));
#3316=CARTESIAN_POINT('',(-0.0311277,1.43699357859174E-18,-0.003175));
#3317=CARTESIAN_POINT('',(0.028575,-1.39856087789655E-19,-0.003175));
#3318=CARTESIAN_POINT('',(0.0260223,-1.39856087789655E-19,-0.003175));
#3319=CARTESIAN_POINT('',(0.01651,-0.02032,0.00635));
#3320=CARTESIAN_POINT('',(-0.0127,-0.02032,0.001905));
#3321=CARTESIAN_POINT('',(-0.0127,-0.02032,0.001905));
#3322=CARTESIAN_POINT('',(-0.0127,-0.02032,0.000635));
#3323=CARTESIAN_POINT('',(-0.0127,-0.02032,0.000635));
#3324=CARTESIAN_POINT('',(-0.0127,-0.02032,0.000506047454770013));
#3325=CARTESIAN_POINT('',(-0.0128634218851048,-0.02032,0.000284772029200953));
#3326=CARTESIAN_POINT('',(-0.0133193891829924,-0.02032,5.88944682682264E-05));
#3327=CARTESIAN_POINT('',(-0.0136976330539465,-0.02032,-6.8755837793E-19));
#3328=CARTESIAN_POINT('',(-0.0139513970589083,-0.02032,5.68630988909895E-21));
#3329=CARTESIAN_POINT('',(-0.01778,-0.02032,0.00635));
#3330=CARTESIAN_POINT('',(-0.01778,-0.02032,0.00635));
#3331=CARTESIAN_POINT('',(0.01651,-0.02032,0.00635));
#3332=CARTESIAN_POINT('',(0.01778,-0.02032,0.00635));
#3333=CARTESIAN_POINT('',(0.01778,-0.02032,0.));
#3334=CARTESIAN_POINT('',(0.0139513970589083,-0.02032,0.));
#3335=CARTESIAN_POINT('',(0.013697622239394,-0.02032,0.));
#3336=CARTESIAN_POINT('',(0.0133187928309824,-0.02032,5.91947817722559E-05));
#3337=CARTESIAN_POINT('',(0.0128639105696307,-0.02032,0.000284464650139779));
#3338=CARTESIAN_POINT('',(0.0127,-0.02032,0.000505893112115602));
#3339=CARTESIAN_POINT('',(0.0127,-0.02032,0.000635));
#3340=CARTESIAN_POINT('',(0.0127,-0.02032,0.000635));
#3341=CARTESIAN_POINT('',(0.0127,-0.02032,0.001905));
#3342=CARTESIAN_POINT('',(0.0127,-0.02032,0.001905));
#3343=CARTESIAN_POINT('',(-1.7347234759768E-18,-0.02032,0.001905));
#3344=CARTESIAN_POINT('',(0.02032,0.01651,0.00635));
#3345=CARTESIAN_POINT('',(0.02032,-0.0127,0.001905));
#3346=CARTESIAN_POINT('',(0.02032,-0.0127,0.001905));
#3347=CARTESIAN_POINT('',(0.02032,-0.0127,0.000635));
#3348=CARTESIAN_POINT('',(0.02032,-0.0127,0.000635));
#3349=CARTESIAN_POINT('',(0.02032,-0.0127,0.000506047454770015));
#3350=CARTESIAN_POINT('',(0.02032,-0.0128634218851048,0.000284772029200951));
#3351=CARTESIAN_POINT('',(0.02032,-0.0133193891829924,5.88944682682317E-05));
#3352=CARTESIAN_POINT('',(0.02032,-0.0136976330539465,1.39217568552728E-18));
#3353=CARTESIAN_POINT('',(0.02032,-0.0139513970589083,5.68630988909895E-21));
#3354=CARTESIAN_POINT('',(0.02032,-0.01778,0.00635));
#3355=CARTESIAN_POINT('',(0.02032,-0.01778,0.00635));
#3356=CARTESIAN_POINT('',(0.02032,0.01651,0.00635));
#3357=CARTESIAN_POINT('',(0.02032,0.01778,0.00635));
#3358=CARTESIAN_POINT('',(0.02032,0.01778,0.00635));
#3359=CARTESIAN_POINT('',(0.02032,0.0139513970589083,0.));
#3360=CARTESIAN_POINT('',(0.02032,0.013697622239394,2.07982269459805E-18));
#3361=CARTESIAN_POINT('',(0.02032,0.0133187928309824,5.91947817722538E-05));
#3362=CARTESIAN_POINT('',(0.02032,0.0128639105696307,0.000284464650139782));
#3363=CARTESIAN_POINT('',(0.02032,0.0127,0.000505893112115598));
#3364=CARTESIAN_POINT('',(0.02032,0.0127,0.000635));
#3365=CARTESIAN_POINT('',(0.02032,0.0127,0.000635));
#3366=CARTESIAN_POINT('',(0.02032,0.0127,0.001905));
#3367=CARTESIAN_POINT('',(0.02032,0.0127,0.001905));
#3368=CARTESIAN_POINT('',(0.02032,6.93889390390723E-18,0.001905));
#3369=CARTESIAN_POINT('',(-0.02032,-0.01651,0.00635));
#3370=CARTESIAN_POINT('',(-0.02032,0.0127,0.001905));
#3371=CARTESIAN_POINT('',(-0.02032,0.0127,0.001905));
#3372=CARTESIAN_POINT('',(-0.02032,0.0127,0.000635));
#3373=CARTESIAN_POINT('',(-0.02032,0.0127,0.000635));
#3374=CARTESIAN_POINT('',(-0.02032,0.0127,0.000506047454770015));
#3375=CARTESIAN_POINT('',(-0.02032,0.0128634218851048,0.00028477202920096));
#3376=CARTESIAN_POINT('',(-0.02032,0.0133193891829924,5.88944682682263E-05));
#3377=CARTESIAN_POINT('',(-0.02032,0.0136976330539465,2.0447627921306E-18));
#3378=CARTESIAN_POINT('',(-0.02032,0.0139513970589083,-3.4971271326672E-20));
#3379=CARTESIAN_POINT('',(-0.02032,0.01778,0.00635));
#3380=CARTESIAN_POINT('',(-0.02032,0.01778,0.00635));
#3381=CARTESIAN_POINT('',(-0.02032,-0.01651,0.00635));
#3382=CARTESIAN_POINT('',(-0.02032,-0.01778,0.00635));
#3383=CARTESIAN_POINT('',(-0.02032,-0.01778,0.00635));
#3384=CARTESIAN_POINT('',(-0.02032,-0.0139513970589083,0.));
#3385=CARTESIAN_POINT('',(-0.02032,-0.013697622239394,0.));
#3386=CARTESIAN_POINT('',(-0.02032,-0.0133187928309824,5.91947817722566E-05));
#3387=CARTESIAN_POINT('',(-0.02032,-0.0128639105696307,0.000284464650139779));
#3388=CARTESIAN_POINT('',(-0.02032,-0.0127,0.000505893112115602));
#3389=CARTESIAN_POINT('',(-0.02032,-0.0127,0.000635));
#3390=CARTESIAN_POINT('',(-0.02032,-0.0127,0.000635));
#3391=CARTESIAN_POINT('',(-0.02032,-0.0127,0.001905));
#3392=CARTESIAN_POINT('',(-0.02032,-0.0127,0.001905));
#3393=CARTESIAN_POINT('',(-0.02032,0.,0.001905));
#3394=CARTESIAN_POINT('',(-0.01651,0.02032,0.00635));
#3395=CARTESIAN_POINT('',(0.0127,0.02032,0.001905));
#3396=CARTESIAN_POINT('',(0.0127,0.02032,0.001905));
#3397=CARTESIAN_POINT('',(0.0127,0.02032,0.000635));
#3398=CARTESIAN_POINT('',(0.0127,0.02032,0.000635));
#3399=CARTESIAN_POINT('',(0.0127,0.02032,0.000506047454770015));
#3400=CARTESIAN_POINT('',(0.0128634218851048,0.02032,0.000284772029200959));
#3401=CARTESIAN_POINT('',(0.0133193891829924,0.02032,5.88944682682281E-05));
#3402=CARTESIAN_POINT('',(0.0136976330539465,0.02032,1.36520298011316E-18));
#3403=CARTESIAN_POINT('',(0.0139513970589083,0.02032,-2.12863955250302E-20));
#3404=CARTESIAN_POINT('',(0.01778,0.02032,0.00635));
#3405=CARTESIAN_POINT('',(0.01778,0.02032,0.00635));
#3406=CARTESIAN_POINT('',(-0.01651,0.02032,0.00635));
#3407=CARTESIAN_POINT('',(-0.01778,0.02032,0.00635));
#3408=CARTESIAN_POINT('',(-0.01778,0.02032,0.));
#3409=CARTESIAN_POINT('',(-0.0139513970589083,0.02032,0.));
#3410=CARTESIAN_POINT('',(-0.013697622239394,0.02032,2.07982269459807E-18));
#3411=CARTESIAN_POINT('',(-0.0133187928309824,0.02032,5.91947817722541E-05));
#3412=CARTESIAN_POINT('',(-0.0128639105696307,0.02032,0.00028446465013979));
#3413=CARTESIAN_POINT('',(-0.0127,0.02032,0.000505893112115603));
#3414=CARTESIAN_POINT('',(-0.0127,0.02032,0.000635));
#3415=CARTESIAN_POINT('',(-0.0127,0.02032,0.000635));
#3416=CARTESIAN_POINT('',(-0.0127,0.02032,0.001905));
#3417=CARTESIAN_POINT('',(-0.0127,0.02032,0.001905));
#3418=CARTESIAN_POINT('',(-2.60208521396521E-18,0.02032,0.001905));
#3419=CARTESIAN_POINT('',(0.022225,0.,0.00635));
#3420=CARTESIAN_POINT('',(0.022225,-0.00668237252048574,0.00635));
#3421=CARTESIAN_POINT('',(0.022225,-0.00668237252048574,0.00381));
#3422=CARTESIAN_POINT('',(0.022225,0.,0.00381));
#3423=CARTESIAN_POINT('',(0.022225,0.00668237252048574,0.00381));
#3424=CARTESIAN_POINT('',(0.022225,0.00668237252048574,-0.003175));
#3425=CARTESIAN_POINT('',(0.022225,0.017145,0.00635));
#3426=CARTESIAN_POINT('',(0.022225,0.017145,0.005969));
#3427=CARTESIAN_POINT('',(0.022225,0.,0.005969));
#3428=CARTESIAN_POINT('',(0.022225,-0.017145,0.005969));
#3429=CARTESIAN_POINT('',(0.022225,-0.017145,0.00635));
#3430=CARTESIAN_POINT('',(3.46944695195361E-18,0.022225,0.00635));
#3431=CARTESIAN_POINT('',(-0.017145,0.022225,0.00635));
#3432=CARTESIAN_POINT('',(-0.017145,0.022225,0.005969));
#3433=CARTESIAN_POINT('',(0.017145,0.022225,0.005969));
#3434=CARTESIAN_POINT('',(0.017145,0.022225,0.005969));
#3435=CARTESIAN_POINT('',(0.017145,0.022225,-0.003175));
#3436=CARTESIAN_POINT('',(0.,-0.022225,0.00635));
#3437=CARTESIAN_POINT('',(0.017145,-0.022225,0.00635));
#3438=CARTESIAN_POINT('',(0.017145,-0.022225,0.005969));
#3439=CARTESIAN_POINT('',(0.,-0.022225,0.005969));
#3440=CARTESIAN_POINT('',(-0.017145,-0.022225,0.005969));
#3441=CARTESIAN_POINT('',(-0.017145,-0.022225,-0.003175));
#3442=CARTESIAN_POINT('',(0.,0.,0.00635));
#3443=CARTESIAN_POINT('',(-0.017145,0.017145,0.00635));
#3444=CARTESIAN_POINT('',(-0.017145,0.021844,0.00635));
#3445=CARTESIAN_POINT('',(-0.021844,0.017145,0.00635));
#3446=CARTESIAN_POINT('',(-0.021844,-0.017145,0.00635));
#3447=CARTESIAN_POINT('',(-0.021844,-0.017145,0.00635));
#3448=CARTESIAN_POINT('',(-0.017145,-0.017145,0.00635));
#3449=CARTESIAN_POINT('',(-0.017145,-0.021844,0.00635));
#3450=CARTESIAN_POINT('',(3.40997071849155E-18,-0.021844,0.00635));
#3451=CARTESIAN_POINT('',(0.017145,-0.021844,0.00635));
#3452=CARTESIAN_POINT('',(0.017145,-0.017145,0.00635));
#3453=CARTESIAN_POINT('',(0.021844,-0.017145,0.00635));
#3454=CARTESIAN_POINT('',(0.021844,0.,0.00635));
#3455=CARTESIAN_POINT('',(0.021844,0.017145,0.00635));
#3456=CARTESIAN_POINT('',(0.017145,0.017145,0.00635));
#3457=CARTESIAN_POINT('',(0.017145,0.021844,0.00635));
#3458=CARTESIAN_POINT('',(-0.017145,0.021844,0.00635));
#3459=CARTESIAN_POINT('',(0.01778,-0.01778,0.00635));
#3460=CARTESIAN_POINT('',(-0.01778,-0.01778,0.00635));
#3461=CARTESIAN_POINT('',(-0.01778,0.01778,0.00635));
#3462=CARTESIAN_POINT('',(0.01778,0.01778,0.00635));
#3463=CARTESIAN_POINT('',(0.01397,0.01397,-0.003175));
#3464=CARTESIAN_POINT('',(0.01397,-0.01397,-0.003175));
#3465=CARTESIAN_POINT('',(-0.01397,-0.01397,-0.003175));
#3466=CARTESIAN_POINT('',(-0.01397,0.01397,-0.003175));
#3467=CARTESIAN_POINT('',(-0.01778,-0.01778,0.00635));
#3468=CARTESIAN_POINT('',(0.01778,-0.01778,0.00635));
#3469=CARTESIAN_POINT('',(0.01778,0.01778,0.00635));
#3470=CARTESIAN_POINT('',(-0.01778,0.01778,0.00635));
#3471=CARTESIAN_POINT('',(0.017145,0.017145,0.00635));
#3472=CARTESIAN_POINT('',(0.017145,0.017145,0.005969));
#3473=CARTESIAN_POINT('',(0.017145,-0.017145,0.00635));
#3474=CARTESIAN_POINT('',(0.017145,-0.017145,0.005969));
#3475=CARTESIAN_POINT('',(-0.017145,-0.017145,0.00635));
#3476=CARTESIAN_POINT('',(-0.017145,-0.017145,0.005969));
#3477=CARTESIAN_POINT('',(-0.017145,0.017145,0.00635));
#3478=CARTESIAN_POINT('',(-0.017145,0.017145,0.005969));
#3479=CARTESIAN_POINT('',(0.01699895,0.01699895,0.003175));
#3480=CARTESIAN_POINT('',(0.01699895,0.01699895,0.000635));
#3481=CARTESIAN_POINT('',(0.018189575,0.01699895,0.000635));
#3482=CARTESIAN_POINT('',(0.01699895,0.01699895,0.003175));
#3483=CARTESIAN_POINT('',(0.018189575,0.01699895,0.003175));
#3484=CARTESIAN_POINT('',(0.,0.,0.003175));
#3485=CARTESIAN_POINT('',(-0.01699895,0.01699895,0.003175));
#3486=CARTESIAN_POINT('',(-0.01699895,0.01699895,0.000635));
#3487=CARTESIAN_POINT('',(-0.015808325,0.01699895,0.000635));
#3488=CARTESIAN_POINT('',(-0.01699895,0.01699895,0.003175));
#3489=CARTESIAN_POINT('',(-0.015808325,0.01699895,0.003175));
#3490=CARTESIAN_POINT('',(0.,0.,0.003175));
#3491=CARTESIAN_POINT('',(-0.01699895,-0.01699895,0.003175));
#3492=CARTESIAN_POINT('',(-0.01699895,-0.01699895,0.000635));
#3493=CARTESIAN_POINT('',(-0.015808325,-0.01699895,0.000635));
#3494=CARTESIAN_POINT('',(-0.01699895,-0.01699895,0.003175));
#3495=CARTESIAN_POINT('',(-0.015808325,-0.01699895,0.003175));
#3496=CARTESIAN_POINT('',(0.,0.,0.003175));
#3497=CARTESIAN_POINT('',(0.01699895,-0.01699895,0.003175));
#3498=CARTESIAN_POINT('',(0.01699895,-0.01699895,0.000635));
#3499=CARTESIAN_POINT('',(0.018189575,-0.01699895,0.000635));
#3500=CARTESIAN_POINT('',(0.01699895,-0.01699895,0.003175));
#3501=CARTESIAN_POINT('',(0.018189575,-0.01699895,0.003175));
#3502=CARTESIAN_POINT('',(0.,0.,0.003175));
#3503=CARTESIAN_POINT('',(0.042942457791587,8.67361737988404E-19,0.001905));
#3504=CARTESIAN_POINT('',(0.042942457791587,8.67361737988404E-19,0.000635));
#3505=CARTESIAN_POINT('',(0.042942457791587,8.67361737988404E-19,0.001905));
#3506=CARTESIAN_POINT('',(0.,0.,0.001905));
#3507=CARTESIAN_POINT('',(-1.7347234759768E-18,0.042942457791587,0.001905));
#3508=CARTESIAN_POINT('',(-1.7347234759768E-18,0.042942457791587,0.000635));
#3509=CARTESIAN_POINT('',(-1.7347234759768E-18,0.042942457791587,0.001905));
#3510=CARTESIAN_POINT('',(0.,0.,0.001905));
#3511=CARTESIAN_POINT('',(-0.042942457791587,5.20417042793042E-18,0.001905));
#3512=CARTESIAN_POINT('',(-0.042942457791587,5.20417042793042E-18,0.000635));
#3513=CARTESIAN_POINT('',(-0.042942457791587,5.20417042793042E-18,0.001905));
#3514=CARTESIAN_POINT('',(0.,0.,0.001905));
#3515=CARTESIAN_POINT('',(-6.07153216591882E-18,-0.042942457791587,0.001905));
#3516=CARTESIAN_POINT('',(-6.07153216591882E-18,-0.042942457791587,0.000635));
#3517=CARTESIAN_POINT('',(-6.07153216591882E-18,-0.042942457791587,0.001905));
#3518=CARTESIAN_POINT('',(0.,0.,0.001905));
#3519=CARTESIAN_POINT('',(-0.012065,-0.013716,1.99999999999983E-06));
#3520=CARTESIAN_POINT('',(-0.012065,-0.015621,-0.003175));
#3521=CARTESIAN_POINT('',(-0.012065,-0.015621,-0.002667));
#3522=CARTESIAN_POINT('',(-0.012065,-0.011811,-0.002667));
#3523=CARTESIAN_POINT('',(-0.012065,-0.011811,-0.002667));
#3524=CARTESIAN_POINT('',(-0.012065,-0.011811,1.99999999999983E-06));
#3525=CARTESIAN_POINT('',(-0.006985,-0.010541,1.99999999999983E-06));
#3526=CARTESIAN_POINT('',(-0.010795,-0.010541,1.99999999999983E-06));
#3527=CARTESIAN_POINT('',(-0.010795,-0.010541,-0.002667));
#3528=CARTESIAN_POINT('',(-0.006985,-0.010541,-0.002667));
#3529=CARTESIAN_POINT('',(-0.003175,-0.010541,-0.002667));
#3530=CARTESIAN_POINT('',(-0.003175,-0.010541,0.));
#3531=CARTESIAN_POINT('',(-0.001905,-0.013716,1.99999999999983E-06));
#3532=CARTESIAN_POINT('',(-0.001905,-0.011811,-0.003175));
#3533=CARTESIAN_POINT('',(-0.001905,-0.011811,-0.002667));
#3534=CARTESIAN_POINT('',(-0.001905,-0.013716,-0.002667));
#3535=CARTESIAN_POINT('',(-0.001905,-0.015621,-0.002667));
#3536=CARTESIAN_POINT('',(-0.001905,-0.015621,1.99999999999983E-06));
#3537=CARTESIAN_POINT('',(-0.006985,-0.016891,1.99999999999983E-06));
#3538=CARTESIAN_POINT('',(-0.003175,-0.016891,1.99999999999983E-06));
#3539=CARTESIAN_POINT('',(-0.003175,-0.016891,9.51142673145278E-05));
#3540=CARTESIAN_POINT('',(-0.003175,-0.016891,-0.002667));
#3541=CARTESIAN_POINT('',(-0.010795,-0.016891,-0.002667));
#3542=CARTESIAN_POINT('',(-0.010795,-0.016891,-0.002667));
#3543=CARTESIAN_POINT('',(-0.010795,-0.016891,0.));
#3544=CARTESIAN_POINT('',(-0.0052667469429062,-0.016891,0.));
#3545=CARTESIAN_POINT('',(-0.0045683970847516,-0.016891,0.));
#3546=CARTESIAN_POINT('',(-0.00387125430448485,-0.016891,4.29591709210468E-05));
#3547=CARTESIAN_POINT('',(-0.003175,-0.016891,9.51142673145301E-05));
#3548=CARTESIAN_POINT('',(-0.003175,-0.011811,1.99999999999983E-06));
#3549=CARTESIAN_POINT('',(-0.003175,-0.011811,-0.002667));
#3550=CARTESIAN_POINT('',(-0.010795,-0.011811,1.99999999999983E-06));
#3551=CARTESIAN_POINT('',(-0.010795,-0.011811,-0.002667));
#3552=CARTESIAN_POINT('',(-0.003175,-0.015621,1.99999999999983E-06));
#3553=CARTESIAN_POINT('',(-0.003175,-0.015621,-0.002667));
#3554=CARTESIAN_POINT('',(-0.003175,-0.016891,9.51142673145278E-05));
#3555=CARTESIAN_POINT('',(-0.00280971543788069,-0.016891,0.000122477044715926));
#3556=CARTESIAN_POINT('',(-0.0024604300093063,-0.0167332999291412,-1.27716841039699E-17));
#3557=CARTESIAN_POINT('',(-0.00221871871815202,-0.0164567189180503,-1.00795342359255E-17));
#3558=CARTESIAN_POINT('',(-0.010795,-0.015621,1.99999999999983E-06));
#3559=CARTESIAN_POINT('',(-0.010795,-0.015621,-0.002667));
#3560=CARTESIAN_POINT('',(-0.01699895,-0.01699895,0.000635));
#3561=CARTESIAN_POINT('',(0.01699895,-0.01699895,0.000635));
#3562=CARTESIAN_POINT('',(0.01699895,0.01699895,0.000635));
#3563=CARTESIAN_POINT('',(-0.01699895,0.01699895,0.000635));
#3564=CARTESIAN_POINT('',(0.042942457791587,8.67361737988404E-19,0.000635));
#3565=CARTESIAN_POINT('',(-1.7347234759768E-18,0.042942457791587,0.000635));
#3566=CARTESIAN_POINT('',(-0.042942457791587,5.20417042793042E-18,0.000635));
#3567=CARTESIAN_POINT('',(-6.07153216591882E-18,-0.042942457791587,0.000635));
#3568=CARTESIAN_POINT('',(0.042942457791587,8.67361737988404E-19,-0.001272));
#3569=CARTESIAN_POINT('',(0.0167790122709157,0.00804453945828846,-0.00127));
#3570=CARTESIAN_POINT('',(0.0167790122709157,0.00804453945828846,-0.000635));
#3571=CARTESIAN_POINT('',(0.042942457791587,8.67361737988404E-19,-0.000635));
#3572=CARTESIAN_POINT('',(0.0167790122709157,-0.00804453945828847,-0.000635));
#3573=CARTESIAN_POINT('',(0.0167790122709157,-0.00804453945828847,0.));
#3574=CARTESIAN_POINT('',(-1.7347234759768E-18,0.042942457791587,-0.001272));
#3575=CARTESIAN_POINT('',(-0.00804453945828848,0.0167790122709157,-0.00127));
#3576=CARTESIAN_POINT('',(-0.00804453945828848,0.0167790122709157,-0.000635));
#3577=CARTESIAN_POINT('',(-1.7347234759768E-18,0.042942457791587,-0.000635));
#3578=CARTESIAN_POINT('',(0.00804453945828847,0.0167790122709157,-0.000635));
#3579=CARTESIAN_POINT('',(0.00804453945828847,0.0167790122709157,0.));
#3580=CARTESIAN_POINT('',(-0.010795,-0.011811,-0.001272));
#3581=CARTESIAN_POINT('',(-0.010795,-0.00974725,-0.001272));
#3582=CARTESIAN_POINT('',(-0.010795,-0.00974725,-0.000635));
#3583=CARTESIAN_POINT('',(-0.010795,-0.011811,-0.000635));
#3584=CARTESIAN_POINT('',(-0.0117629126968866,-0.00998830719162399,-0.000635));
#3585=CARTESIAN_POINT('',(-0.0117629126968866,-0.00998830719162399,0.));
#3586=CARTESIAN_POINT('',(-0.006985,-0.00974725,-0.001272));
#3587=CARTESIAN_POINT('',(-0.003175,-0.00974725,-0.001272));
#3588=CARTESIAN_POINT('',(-0.003175,-0.00974725,-0.000635));
#3589=CARTESIAN_POINT('',(-0.006985,-0.00974725,-0.000635));
#3590=CARTESIAN_POINT('',(-0.003175,-0.011811,-0.001272));
#3591=CARTESIAN_POINT('',(-0.00111125,-0.011811,-0.001272));
#3592=CARTESIAN_POINT('',(-0.00111125,-0.011811,-0.000635));
#3593=CARTESIAN_POINT('',(-0.003175,-0.011811,-0.000635));
#3594=CARTESIAN_POINT('',(-0.00111125,-0.013716,-0.001272));
#3595=CARTESIAN_POINT('',(-0.00111125,-0.0124649924356363,-0.001272));
#3596=CARTESIAN_POINT('',(-0.00111125,-0.0124649924356363,-0.000635));
#3597=CARTESIAN_POINT('',(-0.00111125,-0.013716,-0.000635));
#3598=CARTESIAN_POINT('',(-6.07153216591882E-18,-0.042942457791587,-0.001272));
#3599=CARTESIAN_POINT('',(0.00804453945828846,-0.0167790122709157,-0.00127));
#3600=CARTESIAN_POINT('',(0.00804453945828846,-0.0167790122709157,-0.000635));
#3601=CARTESIAN_POINT('',(-6.07153216591882E-18,-0.042942457791587,-0.000635));
#3602=CARTESIAN_POINT('',(0.00184924936316036,-0.0156327383971673,-0.000635));
#3603=CARTESIAN_POINT('',(0.00184924936316036,-0.0156327383971673,0.));
#3604=CARTESIAN_POINT('',(0.01397,0.01397,-0.001272));
#3605=CARTESIAN_POINT('',(0.0121494107865726,0.0138876658123759,-0.00127));
#3606=CARTESIAN_POINT('',(0.0121494107865726,0.0138876658123759,-0.000635));
#3607=CARTESIAN_POINT('',(0.01397,0.01397,-0.000635));
#3608=CARTESIAN_POINT('',(0.0138876658123759,0.0121494107865726,-0.000635));
#3609=CARTESIAN_POINT('',(0.0138876658123759,0.0121494107865726,0.));
#3610=CARTESIAN_POINT('',(0.01397,-0.01397,-0.001272));
#3611=CARTESIAN_POINT('',(0.0138876658123759,-0.0121494107865726,-0.00127));
#3612=CARTESIAN_POINT('',(0.0138876658123759,-0.0121494107865726,-0.000635));
#3613=CARTESIAN_POINT('',(0.01397,-0.01397,-0.000635));
#3614=CARTESIAN_POINT('',(0.0121494107865726,-0.0138876658123759,-0.000635));
#3615=CARTESIAN_POINT('',(0.0121494107865726,-0.0138876658123759,0.));
#3616=CARTESIAN_POINT('',(-0.01397,0.01397,-0.001272));
#3617=CARTESIAN_POINT('',(-0.0138876658123759,0.0121494107865726,-0.00127));
#3618=CARTESIAN_POINT('',(-0.0138876658123759,0.0121494107865726,-0.000635));
#3619=CARTESIAN_POINT('',(-0.01397,0.01397,-0.000635));
#3620=CARTESIAN_POINT('',(-0.0121494107865726,0.0138876658123759,-0.000635));
#3621=CARTESIAN_POINT('',(-0.0121494107865726,0.0138876658123759,0.));
#3622=CARTESIAN_POINT('',(1.7347234759768E-18,0.,-0.00127));
#3623=CARTESIAN_POINT('',(0.01397,-0.01397,-0.00127));
#3624=CARTESIAN_POINT('',(0.0115150591442634,-0.0138589779421236,-0.00127));
#3625=CARTESIAN_POINT('',(0.0138589779421236,-0.0115150591442634,-0.00127));
#3626=CARTESIAN_POINT('',(0.0137442264611144,-0.00897765257502655,-0.00127));
#3627=CARTESIAN_POINT('',(0.0161720551089554,-0.00823116208163609,-0.00127));
#3628=CARTESIAN_POINT('',(0.042942457791587,8.67361737988404E-19,-0.00127));
#3629=CARTESIAN_POINT('',(0.0161720551089554,0.00823116208163607,-0.00127));
#3630=CARTESIAN_POINT('',(0.0137442264611144,0.00897765257502653,-0.00127));
#3631=CARTESIAN_POINT('',(0.0138589779421236,0.0115150591442634,-0.00127));
#3632=CARTESIAN_POINT('',(0.01397,0.01397,-0.00127));
#3633=CARTESIAN_POINT('',(0.0115150591442634,0.0138589779421236,-0.00127));
#3634=CARTESIAN_POINT('',(0.00897765257502655,0.0137442264611144,-0.00127));
#3635=CARTESIAN_POINT('',(0.00823116208163609,0.0161720551089554,-0.00127));
#3636=CARTESIAN_POINT('',(-1.7347234759768E-18,0.042942457791587,-0.00127));
#3637=CARTESIAN_POINT('',(-0.00823116208163609,0.0161720551089554,-0.00127));
#3638=CARTESIAN_POINT('',(-0.00897765257502656,0.0137442264611144,-0.00127));
#3639=CARTESIAN_POINT('',(-0.0115150591442634,0.0138589779421236,-0.00127));
#3640=CARTESIAN_POINT('',(-0.01397,0.01397,-0.00127));
#3641=CARTESIAN_POINT('',(-0.0138589779421236,0.0115150591442634,-0.00127));
#3642=CARTESIAN_POINT('',(-0.0137442264611144,0.00897765257502655,-0.00127));
#3643=CARTESIAN_POINT('',(-0.0161720551089554,0.00823116208163609,-0.00127));
#3644=CARTESIAN_POINT('',(-0.042942457791587,5.20417042793042E-18,-0.00127));
#3645=CARTESIAN_POINT('',(-0.0157207655983192,-0.00658680219373482,-0.00127));
#3646=CARTESIAN_POINT('',(-0.0132520091536354,-0.00718416440950704,-0.00127));
#3647=CARTESIAN_POINT('',(-0.0120607319882364,-0.00942747863520061,-0.00127));
#3648=CARTESIAN_POINT('',(-0.010795,-0.011811,-0.00127));
#3649=CARTESIAN_POINT('',(-0.010795,-0.00911225,-0.00127));
#3650=CARTESIAN_POINT('',(1.7347234759768E-18,-0.00911225,-0.00127));
#3651=CARTESIAN_POINT('',(-0.003175,-0.00911225,-0.00127));
#3652=CARTESIAN_POINT('',(-0.003175,-0.011811,-0.00127));
#3653=CARTESIAN_POINT('',(-0.00047625,-0.011811,-0.00127));
#3654=CARTESIAN_POINT('',(-0.00047625,9.75781955236951E-20,-0.00127));
#3655=CARTESIAN_POINT('',(-0.00047625,-0.0124649924356363,-0.00127));
#3656=CARTESIAN_POINT('',(0.00206375,-0.0124649924356363,-0.00127));
#3657=CARTESIAN_POINT('',(0.00189214949052829,-0.0149991892048611,-0.00127));
#3658=CARTESIAN_POINT('',(-6.07153216591882E-18,-0.042942457791587,-0.00127));
#3659=CARTESIAN_POINT('',(0.00823116208163608,-0.0161720551089554,-0.00127));
#3660=CARTESIAN_POINT('',(0.00897765257502654,-0.0137442264611144,-0.00127));
#3661=CARTESIAN_POINT('',(-0.042942457791587,5.20417042793042E-18,-0.001272));
#3662=CARTESIAN_POINT('',(-0.0163379547094901,-0.00643746163979176,-0.00127));
#3663=CARTESIAN_POINT('',(-0.0163379547094901,-0.00643746163979176,-0.000635));
#3664=CARTESIAN_POINT('',(-0.042942457791587,5.20417042793042E-18,-0.000635));
#3665=CARTESIAN_POINT('',(-0.0167790122709157,0.00804453945828847,-0.000635));
#3666=CARTESIAN_POINT('',(-0.0167790122709157,0.00804453945828847,0.));
#3667=CARTESIAN_POINT('',(0.00206375,-0.0124649924356363,-0.001272));
#3668=CARTESIAN_POINT('',(0.00206375,-0.0124649924356363,-0.000635));
#3669=CARTESIAN_POINT('',(-0.0132520091536354,-0.00718416440950704,-0.001272));
#3670=CARTESIAN_POINT('',(-0.0132520091536354,-0.00718416440950704,-0.000635));
#3671=CARTESIAN_POINT('',(-0.0137442264611144,0.00897765257502655,-0.001272));
#3672=CARTESIAN_POINT('',(-0.0137442264611144,0.00897765257502655,-0.000635));
#3673=CARTESIAN_POINT('',(-0.00897765257502656,0.0137442264611144,-0.001272));
#3674=CARTESIAN_POINT('',(-0.00897765257502656,0.0137442264611144,-0.000635));
#3675=CARTESIAN_POINT('',(0.00897765257502654,-0.0137442264611144,-0.001272));
#3676=CARTESIAN_POINT('',(0.00897765257502654,-0.0137442264611144,-0.000635));
#3677=CARTESIAN_POINT('',(0.0137442264611144,-0.00897765257502655,-0.001272));
#3678=CARTESIAN_POINT('',(0.0137442264611144,-0.00897765257502655,-0.000635));
#3679=CARTESIAN_POINT('',(0.0137442264611144,0.00897765257502653,-0.001272));
#3680=CARTESIAN_POINT('',(0.0137442264611144,0.00897765257502653,-0.000635));
#3681=CARTESIAN_POINT('',(0.00897765257502655,0.0137442264611144,-0.001272));
#3682=CARTESIAN_POINT('',(0.00897765257502655,0.0137442264611144,-0.000635));
#3683=CARTESIAN_POINT('',(-0.042942457791587,5.20417042793042E-18,-0.000635));
#3684=CARTESIAN_POINT('',(-0.0161720551089554,0.00823116208163609,-0.000635));
#3685=CARTESIAN_POINT('',(-0.0157207655983192,-0.00658680219373482,-0.000635));
#3686=CARTESIAN_POINT('',(-0.0132520091536354,-0.00718416440950704,-0.000635));
#3687=CARTESIAN_POINT('',(-0.0120607319882364,-0.00942747863520059,-0.000635));
#3688=CARTESIAN_POINT('',(-0.0137442264611144,0.00897765257502655,-0.000635));
#3689=CARTESIAN_POINT('',(-0.0138589779421236,0.0115150591442634,-0.000635));
#3690=CARTESIAN_POINT('',(-0.010795,-0.011811,-0.000635));
#3691=CARTESIAN_POINT('',(-0.010795,-0.00911225,-0.000635));
#3692=CARTESIAN_POINT('',(-0.01397,0.01397,-0.000635));
#3693=CARTESIAN_POINT('',(-0.0115150591442634,0.0138589779421236,-0.000635));
#3694=CARTESIAN_POINT('',(-0.006985,-0.00911225,-0.000635));
#3695=CARTESIAN_POINT('',(-0.003175,-0.00911225,-0.000635));
#3696=CARTESIAN_POINT('',(-0.00897765257502656,0.0137442264611144,-0.000635));
#3697=CARTESIAN_POINT('',(-0.00823116208163609,0.0161720551089554,-0.000635));
#3698=CARTESIAN_POINT('',(-0.003175,-0.011811,-0.000635));
#3699=CARTESIAN_POINT('',(-0.00047625,-0.011811,-0.000635));
#3700=CARTESIAN_POINT('',(-1.7347234759768E-18,0.042942457791587,-0.000635));
#3701=CARTESIAN_POINT('',(0.00823116208163609,0.0161720551089554,-0.000635));
#3702=CARTESIAN_POINT('',(-0.00047625,-0.013716,-0.000635));
#3703=CARTESIAN_POINT('',(-0.00047625,-0.0124649924356363,-0.000635));
#3704=CARTESIAN_POINT('',(0.00897765257502655,0.0137442264611144,-0.000635));
#3705=CARTESIAN_POINT('',(0.0115150591442634,0.0138589779421236,-0.000635));
#3706=CARTESIAN_POINT('',(0.00206375,-0.0124649924356363,-0.000635));
#3707=CARTESIAN_POINT('',(0.00189214949052829,-0.0149991892048611,-0.000635));
#3708=CARTESIAN_POINT('',(0.01397,0.01397,-0.000635));
#3709=CARTESIAN_POINT('',(0.0138589779421236,0.0115150591442634,-0.000635));
#3710=CARTESIAN_POINT('',(-6.07153216591882E-18,-0.042942457791587,-0.000635));
#3711=CARTESIAN_POINT('',(0.00823116208163608,-0.0161720551089554,-0.000635));
#3712=CARTESIAN_POINT('',(0.0137442264611144,0.00897765257502653,-0.000635));
#3713=CARTESIAN_POINT('',(0.0161720551089554,0.00823116208163607,-0.000635));
#3714=CARTESIAN_POINT('',(0.00897765257502654,-0.0137442264611144,-0.000635));
#3715=CARTESIAN_POINT('',(0.0115150591442634,-0.0138589779421236,-0.000635));
#3716=CARTESIAN_POINT('',(0.042942457791587,8.67361737988404E-19,-0.000635));
#3717=CARTESIAN_POINT('',(0.0161720551089554,-0.00823116208163609,-0.000635));
#3718=CARTESIAN_POINT('',(0.01397,-0.01397,-0.000635));
#3719=CARTESIAN_POINT('',(0.0138589779421236,-0.0115150591442634,-0.000635));
#3720=CARTESIAN_POINT('',(0.0137442264611144,-0.00897765257502655,-0.000635));
#3721=CARTESIAN_POINT('',(-0.012573,0.,-0.003175));
#3722=CARTESIAN_POINT('',(-0.012573,-0.015621,-0.003175));
#3723=CARTESIAN_POINT('',(-0.012065,-0.011811,-0.002667));
#3724=CARTESIAN_POINT('',(-0.010795,-0.011811,-0.003175));
#3725=CARTESIAN_POINT('',(-0.010795,-0.010541,-0.002667));
#3726=CARTESIAN_POINT('',(-0.010795,-0.015621,-0.003175));
#3727=CARTESIAN_POINT('',(-0.010795,-0.017399,-0.003175));
#3728=CARTESIAN_POINT('',(-0.006985,-0.010541,-0.002667));
#3729=CARTESIAN_POINT('',(-0.003175,-0.010541,-0.002667));
#3730=CARTESIAN_POINT('',(0.,-0.017399,-0.003175));
#3731=CARTESIAN_POINT('',(-0.003175,-0.017399,-0.003175));
#3732=CARTESIAN_POINT('',(-0.003175,-0.011811,-0.003175));
#3733=CARTESIAN_POINT('',(-0.001905,-0.011811,-0.002667));
#3734=CARTESIAN_POINT('',(-0.003175,-0.015621,-0.003175));
#3735=CARTESIAN_POINT('',(-0.001397,-0.015621,-0.003175));
#3736=CARTESIAN_POINT('',(-0.001905,-0.013716,-0.002667));
#3737=CARTESIAN_POINT('',(0.022225,0.,0.005969));
#3738=CARTESIAN_POINT('',(0.022225,-0.017145,0.005969));
#3739=CARTESIAN_POINT('',(0.021844,0.017145,0.00635));
#3740=CARTESIAN_POINT('',(0.017145,0.017145,0.00635));
#3741=CARTESIAN_POINT('',(0.017145,0.021844,0.00635));
#3742=CARTESIAN_POINT('',(0.017145,-0.017145,0.00635));
#3743=CARTESIAN_POINT('',(0.017145,-0.022225,0.005969));
#3744=CARTESIAN_POINT('',(-3.40997071849155E-18,0.021844,0.00635));
#3745=CARTESIAN_POINT('',(-0.017145,0.021844,0.00635));
#3746=CARTESIAN_POINT('',(0.,-0.022225,0.005969));
#3747=CARTESIAN_POINT('',(-0.017145,-0.022225,0.005969));
#3748=CARTESIAN_POINT('',(-0.017145,0.017145,0.00635));
#3749=CARTESIAN_POINT('',(-0.021844,0.017145,0.00635));
#3750=CARTESIAN_POINT('',(-0.017145,-0.017145,0.00635));
#3751=CARTESIAN_POINT('',(-0.022225,-0.017145,0.005969));
#3752=CARTESIAN_POINT('',(-0.021844,0.,0.00635));
#3753=CARTESIAN_POINT('',(-0.0259077694030062,-0.0047001690033402,0.00254));
#3754=CARTESIAN_POINT('',(-0.0231576116923547,-0.00545800773421318,0.00254));
#3755=CARTESIAN_POINT('',(-0.0231576116923547,-0.00545800773421318,0.00258563521372744));
#3756=CARTESIAN_POINT('',(-0.023495,-0.00536503636537604,0.00381));
#3757=CARTESIAN_POINT('',(-0.023495,-0.00536503636537604,0.00254));
#3758=CARTESIAN_POINT('',(-0.0259077694030062,-0.0047001690033402,0.00254));
#3759=CARTESIAN_POINT('',(-0.0295905388060124,-0.00368533800668039,0.00254));
#3760=CARTESIAN_POINT('',(-0.0295905388060124,-0.00368533800668039,0.00254));
#3761=CARTESIAN_POINT('',(-0.028575,-2.38524477946811E-18,0.00254));
#3762=CARTESIAN_POINT('',(-0.028575,-2.38524477946811E-18,0.00254));
#3763=CARTESIAN_POINT('',(-0.0295905388060124,0.00368533800668039,0.00254));
#3764=CARTESIAN_POINT('',(-0.0295905388060124,0.00368533800668039,0.00254));
#3765=CARTESIAN_POINT('',(-0.0259077694030061,0.0047001690033402,0.00254));
#3766=CARTESIAN_POINT('',(-0.0259077694030061,0.0047001690033402,0.00254));
#3767=CARTESIAN_POINT('',(-0.023495,0.00536503636537604,0.00254));
#3768=CARTESIAN_POINT('',(-0.023495,0.00536503636537604,0.00381));
#3769=CARTESIAN_POINT('',(-0.0231576116923547,0.00545800773421319,0.00258563521372744));
#3770=CARTESIAN_POINT('',(-0.0231576116923547,0.00545800773421319,-0.003175));
#3771=CARTESIAN_POINT('',(-0.028575,1.43699357859174E-18,0.00254));
#3772=CARTESIAN_POINT('',(-0.028575,1.43699357859174E-18,0.00254));
#3773=CARTESIAN_POINT('',(-0.0311277,1.43699357859174E-18,0.00254));
#3774=CARTESIAN_POINT('',(0.,0.,0.00254));
#3775=CARTESIAN_POINT('',(-0.023495,0.005715,0.00254));
#3776=CARTESIAN_POINT('',(0.028575,2.38524477946811E-18,0.00254));
#3777=CARTESIAN_POINT('',(0.0295905388060124,0.00368533800668039,0.00254));
#3778=CARTESIAN_POINT('',(0.0295905388060124,0.00368533800668039,0.00254));
#3779=CARTESIAN_POINT('',(0.028575,2.38524477946811E-18,0.00254));
#3780=CARTESIAN_POINT('',(0.0295905388060124,-0.00368533800668039,0.00254));
#3781=CARTESIAN_POINT('',(0.0295905388060124,-0.00368533800668039,0.00254));
#3782=CARTESIAN_POINT('',(0.0259077694030062,-0.0047001690033402,0.00254));
#3783=CARTESIAN_POINT('',(0.0259077694030062,-0.0047001690033402,0.00254));
#3784=CARTESIAN_POINT('',(0.023495,-0.00536503636537604,0.00254));
#3785=CARTESIAN_POINT('',(0.023495,-0.00536503636537604,0.00381));
#3786=CARTESIAN_POINT('',(0.0231576116923547,-0.00545800773421319,0.00258563521372744));
#3787=CARTESIAN_POINT('',(0.0231576116923547,-0.00545800773421319,0.00254));
#3788=CARTESIAN_POINT('',(0.028575,-1.39856087789655E-19,0.00254));
#3789=CARTESIAN_POINT('',(0.028575,-1.39856087789655E-19,0.00254));
#3790=CARTESIAN_POINT('',(0.0260223,-1.39856087789655E-19,0.00254));
#3791=CARTESIAN_POINT('',(0.0259077694030062,0.0047001690033402,0.00254));
#3792=CARTESIAN_POINT('',(0.0231576116923547,0.00545800773421319,0.00254));
#3793=CARTESIAN_POINT('',(0.0231576116923547,0.00545800773421319,0.00258563521372744));
#3794=CARTESIAN_POINT('',(0.023495,0.00536503636537604,0.00381));
#3795=CARTESIAN_POINT('',(0.023495,0.00536503636537604,0.00254));
#3796=CARTESIAN_POINT('',(0.0259077694030062,0.0047001690033402,0.00254));
#3797=CARTESIAN_POINT('',(0.,0.,0.00254));
#3798=CARTESIAN_POINT('',(0.023495,0.,0.00254));
#3799=CARTESIAN_POINT('',(-0.023495,-0.00668237252048574,0.00635));
#3800=CARTESIAN_POINT('',(-0.023495,-0.00668237252048574,0.00381));
#3801=CARTESIAN_POINT('',(-0.023495,0.,0.00381));
#3802=CARTESIAN_POINT('',(-0.023495,0.00668237252048574,0.00381));
#3803=CARTESIAN_POINT('',(-0.023495,0.00668237252048574,0.00254));
#3804=CARTESIAN_POINT('',(0.023495,0.00668237252048574,0.00635));
#3805=CARTESIAN_POINT('',(0.023495,0.00668237252048574,0.00381));
#3806=CARTESIAN_POINT('',(0.023495,0.,0.00381));
#3807=CARTESIAN_POINT('',(0.023495,-0.00668237252048574,0.00381));
#3808=CARTESIAN_POINT('',(0.023495,-0.00668237252048574,0.00254));
#3809=MECHANICAL_DESIGN_GEOMETRIC_PRESENTATION_REPRESENTATION('',(#2137),#3810);
#3810=(
GEOMETRIC_REPRESENTATION_CONTEXT(3)
GLOBAL_UNCERTAINTY_ASSIGNED_CONTEXT((#3811))
GLOBAL_UNIT_ASSIGNED_CONTEXT((#3814,#3813,#3812))
REPRESENTATION_CONTEXT('Base','TOP_LEVEL_ASSEMBLY_PART')
);
#3811=UNCERTAINTY_MEASURE_WITH_UNIT(LENGTH_MEASURE(2.E-05),#3814,'DISTANCE_ACCURACY_VALUE','Maximum Tolerance applied to model');
#3812=(
NAMED_UNIT(*)
SI_UNIT($,.STERADIAN.)
SOLID_ANGLE_UNIT()
);
#3813=(
NAMED_UNIT(*)
PLANE_ANGLE_UNIT()
SI_UNIT($,.RADIAN.)
);
#3814=(
LENGTH_UNIT()
NAMED_UNIT(*)
SI_UNIT($,.METRE.)
);
#3815=PRODUCT_DEFINITION_SHAPE('','',#3816);
#3816=PRODUCT_DEFINITION('','',#3818,#3817);
#3817=PRODUCT_DEFINITION_CONTEXT('',#3824,'design');
#3818=PRODUCT_DEFINITION_FORMATION_WITH_SPECIFIED_SOURCE('','',#3820,.NOT_KNOWN.);
#3819=PRODUCT_RELATED_PRODUCT_CATEGORY('','',(#3820));
#3820=PRODUCT('Base','Base','Base',(#3822));
#3821=PRODUCT_CATEGORY('','');
#3822=PRODUCT_CONTEXT('',#3824,'mechanical');
#3823=APPLICATION_PROTOCOL_DEFINITION('international standard','ap242_managed_model_based_3d_engineering',2020,#3824);
#3824=APPLICATION_CONTEXT('managed model based 3d engineering');
#3825=COMPOSITE_SHAPE_ASPECT('hole_callout.FO19hJ7qP77koOg_1.JHD.0',$,#3815,$);
#3826=SHAPE_ASPECT('hole_callout.FO19hJ7qP77koOg_1.JHD.0',$,#3815,.T.);
#3827=GEOMETRIC_ITEM_SPECIFIC_USAGE('','',#3826,#11,#2023);
#3828=SHAPE_ASPECT_RELATIONSHIP('','',#3825,#3826);
#3829=SHAPE_ASPECT('hole_callout.FO19hJ7qP77koOg_1.JHD.0',$,#3815,.T.);
#3830=GEOMETRIC_ITEM_SPECIFIC_USAGE('','',#3829,#11,#2024);
#3831=SHAPE_ASPECT_RELATIONSHIP('','',#3825,#3829);
#3832=SHAPE_ASPECT('hole_callout.FO19hJ7qP77koOg_1.JHD.0',$,#3815,.T.);
#3833=GEOMETRIC_ITEM_SPECIFIC_USAGE('','',#3832,#11,#2021);
#3834=SHAPE_ASPECT_RELATIONSHIP('','',#3825,#3832);
#3835=SHAPE_ASPECT('hole_callout.FO19hJ7qP77koOg_1.JHD.0',$,#3815,.T.);
#3836=GEOMETRIC_ITEM_SPECIFIC_USAGE('','',#3835,#11,#2022);
#3837=SHAPE_ASPECT_RELATIONSHIP('','',#3825,#3835);
#3838=DIMENSIONAL_SIZE(#3825,'diameter');
#3840=(
LENGTH_UNIT()
NAMED_UNIT(*)
SI_UNIT($,.METRE.)
);
#3841=LENGTH_MEASURE_WITH_UNIT(LENGTH_MEASURE(39.3700787401575),#3840);
#3839=(
CONVERSION_BASED_UNIT('INCH',#3841)
LENGTH_UNIT()
NAMED_UNIT($)
);
#3843=PRECISION_QUALIFIER(3);
#3842=(
LENGTH_MEASURE_WITH_UNIT()
MEASURE_REPRESENTATION_ITEM()
MEASURE_WITH_UNIT(POSITIVE_LENGTH_MEASURE(0.081),#3839)
QUALIFIED_REPRESENTATION_ITEM((#3843))
REPRESENTATION_ITEM('nominal value')
);
#3844=COMPOUND_REPRESENTATION_ITEM('modifiers',SET_REPRESENTATION_ITEM((#3845)));
#3845=DESCRIPTIVE_REPRESENTATION_ITEM('dimensional note','diameter');
#3846=SHAPE_DIMENSION_REPRESENTATION('',(#3842,#3844),#3810);
#3847=DIMENSIONAL_CHARACTERISTIC_REPRESENTATION(#3838,#3846);
#3848=PRESENTATION_STYLE_ASSIGNMENT((NULL_STYLE(.NULL.)));
#3849=CARTESIAN_POINT('',(-0.01397,-0.01397,-0.003175));
#3850=DIRECTION('',(0.,0.,-1.));
#3851=DIRECTION('',(1.,0.,0.));
#3852=AXIS2_PLACEMENT_3D('',#3849,#3850,#3851);
#3853=PLANE('',#3852);
#3854=ANNOTATION_PLANE('',(#3848),#3853,(#3881));
#3855=CARTESIAN_POINT('',(0.,0.,0.));
#3856=DIRECTION('',(0.,0.,1.));
#3857=DIRECTION('',(1.,0.,0.));
#3858=AXIS2_PLACEMENT_3D('',#3855,#3856,#3857);
#3859=CARTESIAN_POINT('',(0.,0.,0.));
#3860=DIRECTION('',(0.,0.,1.));
#3861=DIRECTION('',(1.,0.,0.));
#3862=AXIS2_PLACEMENT_3D('',#3859,#3860,#3861);
#3863=SHAPE_REPRESENTATION('',(#3862,#2145),#3810);
#3864=REPRESENTATION_MAP(#3858,#3863);
#3865=MAPPED_ITEM('',#3864,#3858);
#3866=PRESENTATION_STYLE_ASSIGNMENT((NULL_STYLE(.NULL.)));
#3867=STYLED_ITEM('',(#3866),#3865);
#3868=DRAUGHTING_MODEL('',(#3854,#3858,#3865,#3867),#3810);
#3869=DRAUGHTING_PRE_DEFINED_CURVE_FONT('continuous');
#3870=COLOUR_RGB('',0.,0.,0.);
#3871=CURVE_STYLE('',#3869,POSITIVE_LENGTH_MEASURE(0.02),#3870);
#3872=PRESENTATION_STYLE_ASSIGNMENT((#3871));
#3873=COORDINATES_LIST('coordinates',2559,((-0.0132426,-0.0146974,-0.0031750),(-0.0118284,-0.0175258,-0.0031750),(-0.0104142,-0.0161116,-0.0031750),(-0.0039405,-0.0204672,-0.0031750),(-0.0038434,-0.0204266,-0.0031750),(-0.0037454,-0.0203913,-0.0031750),(-0.0039405,-0.0204672,-0.0031750),(-0.0037454,-0.0203913,-0.0031750),(-0.0036464,-0.0203615,-0.0031750),(-0.0039405,-0.0204672,-0.0031750),(-0.0036464,-0.0203615,-0.0031750),(-0.0035465,-0.0203371,-0.0031750),(-0.0039405,-0.0204672,-0.0031750),(-0.0035465,-0.0203371,-0.0031750),(-0.0034456,-0.0203181,-0.0031750),(-0.0039405,-0.0204672,-0.0031750),(-0.0034456,-0.0203181,-0.0031750),(-0.0033438,-0.0203045,-0.0031750),(-0.0039405,-0.0204672,-0.0031750),(-0.0033438,-0.0203045,-0.0031750),(-0.0032410,-0.0202964,-0.0031750),(-0.0039405,-0.0204672,-0.0031750),(-0.0032410,-0.0202964,-0.0031750),(-0.0031372,-0.0202937,-0.0031750),(-0.0039405,-0.0204672,-0.0031750),(-0.0031372,-0.0202937,-0.0031750),(-0.0030014,-0.0202980,-0.0031750),(-0.0039405,-0.0204672,-0.0031750),(-0.0030014,-0.0202980,-0.0031750),(-0.0028682,-0.0203109,-0.0031750),(-0.0039405,-0.0204672,-0.0031750),(-0.0028682,-0.0203109,-0.0031750),(-0.0027375,-0.0203325,-0.0031750),(-0.0039405,-0.0204672,-0.0031750),(-0.0027375,-0.0203325,-0.0031750),(-0.0026094,-0.0203627,-0.0031750),(-0.0039405,-0.0204672,-0.0031750),(-0.0026094,-0.0203627,-0.0031750),(-0.0024838,-0.0204016,-0.0031750),(-0.0039405,-0.0204672,-0.0031750),(-0.0024838,-0.0204016,-0.0031750),(-0.0023607,-0.0204490,-0.0031750),(-0.0039405,-0.0204672,-0.0031750),(-0.0023607,-0.0204490,-0.0031750),(-0.0022402,-0.0205052,-0.0031750),(-0.0039405,-0.0204672,-0.0031750),(-0.0022402,-0.0205052,-0.0031750),(-0.0021223,-0.0205699,-0.0031750),(-0.0039405,-0.0204672,-0.0031750),(-0.0021223,-0.0205699,-0.0031750),(-0.0020087,-0.0206423,-0.0031750),(-0.0039405,-0.0204672,-0.0031750),(-0.0020087,-0.0206423,-0.0031750),(-0.0019013,-0.0207208,-0.0031750),(-0.0039405,-0.0204672,-0.0031750),(-0.0019013,-0.0207208,-0.0031750),(-0.0018002,-0.0208055,-0.0031750),(-0.0039405,-0.0204672,-0.0031750),(-0.0018002,-0.0208055,-0.0031750),(-0.0017053,-0.0208964,-0.0031750),(-0.0039405,-0.0204672,-0.0031750),(-0.0017053,-0.0208964,-0.0031750),(-0.0016166,-0.0209934,-0.0031750),(-0.0016166,-0.0209934,-0.0031750),(-0.0015341,-0.0210965,-0.0031750),(-0.0014578,-0.0212059,-0.0031750),(-0.0016166,-0.0209934,-0.0031750),(-0.0014578,-0.0212059,-0.0031750),(-0.0013878,-0.0213213,-0.0031750),(-0.0016166,-0.0209934,-0.0031750),(-0.0013878,-0.0213213,-0.0031750),(-0.0013248,-0.0214411,-0.0031750),(-0.0016166,-0.0209934,-0.0031750),(-0.0013248,-0.0214411,-0.0031750),(-0.0012702,-0.0215633,-0.0031750),(-0.0016166,-0.0209934,-0.0031750),(-0.0012702,-0.0215633,-0.0031750),(-0.0012240,-0.0216881,-0.0031750),(-0.0016166,-0.0209934,-0.0031750),(-0.0012240,-0.0216881,-0.0031750),(-0.0011862,-0.0218153,-0.0031750),(-0.0016166,-0.0209934,-0.0031750),(-0.0011862,-0.0218153,-0.0031750),(-0.0011568,-0.0219450,-0.0031750),(-0.0016166,-0.0209934,-0.0031750),(-0.0011568,-0.0219450,-0.0031750),(-0.0011358,-0.0220772,-0.0031750),(-0.0016166,-0.0209934,-0.0031750),(-0.0011358,-0.0220772,-0.0031750),(-0.0011232,-0.0222118,-0.0031750),(-0.0016166,-0.0209934,-0.0031750),(-0.0011232,-0.0222118,-0.0031750),(-0.0011190,-0.0223490,-0.0031750),(-0.0016166,-0.0209934,-0.0031750),(-0.0011190,-0.0223490,-0.0031750),(-0.0011232,-0.0224806,-0.0031750),(-0.0016166,-0.0209934,-0.0031750),(-0.0011232,-0.0224806,-0.0031750),(-0.0011358,-0.0226114,-0.0031750),(-0.0016166,-0.0209934,-0.0031750),(-0.0011358,-0.0226114,-0.0031750),(-0.0011568,-0.0227415,-0.0031750),(-0.0016166,-0.0209934,-0.0031750),(-0.0011568,-0.0227415,-0.0031750),(-0.0011862,-0.0228707,-0.0031750),(-0.0016166,-0.0209934,-0.0031750),(-0.0011862,-0.0228707,-0.0031750),(-0.0012240,-0.0229992,-0.0031750),(-0.0016166,-0.0209934,-0.0031750),(-0.0012240,-0.0229992,-0.0031750),(-0.0012702,-0.0231268,-0.0031750),(-0.0012702,-0.0231268,-0.0031750),(-0.0016619,-0.0229853,-0.0031750),(-0.0016254,-0.0228875,-0.0031750),(-0.0012702,-0.0231268,-0.0031750),(-0.0016254,-0.0228875,-0.0031750),(-0.0015955,-0.0227863,-0.0031750),(-0.0012702,-0.0231268,-0.0031750),(-0.0015955,-0.0227863,-0.0031750),(-0.0015722,-0.0226819,-0.0031750),(-0.0012702,-0.0231268,-0.0031750),(-0.0015722,-0.0226819,-0.0031750),(-0.0015556,-0.0225742,-0.0031750),(-0.0012702,-0.0231268,-0.0031750),(-0.0015556,-0.0225742,-0.0031750),(-0.0015456,-0.0224632,-0.0031750),(-0.0012702,-0.0231268,-0.0031750),(-0.0015456,-0.0224632,-0.0031750),(-0.0015423,-0.0223490,-0.0031750),(-0.0012702,-0.0231268,-0.0031750),(-0.0015423,-0.0223490,-0.0031750),(-0.0015456,-0.0222389,-0.0031750),(-0.0016166,-0.0209934,-0.0031750),(-0.0012702,-0.0231268,-0.0031750),(-0.0015456,-0.0222389,-0.0031750),(-0.0016166,-0.0209934,-0.0031750),(-0.0015456,-0.0222389,-0.0031750),(-0.0015557,-0.0221311,-0.0031750),(-0.0016166,-0.0209934,-0.0031750),(-0.0015557,-0.0221311,-0.0031750),(-0.0015725,-0.0220254,-0.0031750),(-0.0016166,-0.0209934,-0.0031750),(-0.0015725,-0.0220254,-0.0031750),(-0.0015960,-0.0219219,-0.0031750),(-0.0016166,-0.0209934,-0.0031750),(-0.0015960,-0.0219219,-0.0031750),(-0.0016262,-0.0218206,-0.0031750),(-0.0016166,-0.0209934,-0.0031750),(-0.0016262,-0.0218206,-0.0031750),(-0.0016631,-0.0217215,-0.0031750),(-0.0016166,-0.0209934,-0.0031750),(-0.0016631,-0.0217215,-0.0031750),(-0.0017068,-0.0216246,-0.0031750),(-0.0016166,-0.0209934,-0.0031750),(-0.0017068,-0.0216246,-0.0031750),(-0.0017571,-0.0215298,-0.0031750),(-0.0016166,-0.0209934,-0.0031750),(-0.0017571,-0.0215298,-0.0031750),(-0.0018130,-0.0214386,-0.0031750),(-0.0016166,-0.0209934,-0.0031750),(-0.0018130,-0.0214386,-0.0031750),(-0.0018736,-0.0213523,-0.0031750),(-0.0016166,-0.0209934,-0.0031750),(-0.0018736,-0.0213523,-0.0031750),(-0.0019391,-0.0212708,-0.0031750),(-0.0016166,-0.0209934,-0.0031750),(-0.0019391,-0.0212708,-0.0031750),(-0.0020093,-0.0211943,-0.0031750),(-0.0016166,-0.0209934,-0.0031750),(-0.0020093,-0.0211943,-0.0031750),(-0.0020843,-0.0211227,-0.0031750),(-0.0016166,-0.0209934,-0.0031750),(-0.0020843,-0.0211227,-0.0031750),(-0.0021641,-0.0210559,-0.0031750),(-0.0016166,-0.0209934,-0.0031750),(-0.0021641,-0.0210559,-0.0031750),(-0.0022487,-0.0209941,-0.0031750),(-0.0016166,-0.0209934,-0.0031750),(-0.0022487,-0.0209941,-0.0031750),(-0.0023382,-0.0209371,-0.0031750),(-0.0016166,-0.0209934,-0.0031750),(-0.0023382,-0.0209371,-0.0031750),(-0.0024307,-0.0208860,-0.0031750),(-0.0016166,-0.0209934,-0.0031750),(-0.0024307,-0.0208860,-0.0031750),(-0.0025254,-0.0208418,-0.0031750),(-0.0016166,-0.0209934,-0.0031750),(-0.0025254,-0.0208418,-0.0031750),(-0.0026222,-0.0208043,-0.0031750),(-0.0016166,-0.0209934,-0.0031750),(-0.0026222,-0.0208043,-0.0031750),(-0.0027210,-0.0207736,-0.0031750),(-0.0039405,-0.0204672,-0.0031750),(-0.0016166,-0.0209934,-0.0031750),(-0.0027210,-0.0207736,-0.0031750),(-0.0039405,-0.0204672,-0.0031750),(-0.0027210,-0.0207736,-0.0031750),(-0.0028219,-0.0207498,-0.0031750),(-0.0039405,-0.0204672,-0.0031750),(-0.0028219,-0.0207498,-0.0031750),(-0.0029249,-0.0207327,-0.0031750),(-0.0039405,-0.0204672,-0.0031750),(-0.0029249,-0.0207327,-0.0031750),(-0.0030300,-0.0207225,-0.0031750),(-0.0039405,-0.0204672,-0.0031750),(-0.0030300,-0.0207225,-0.0031750),(-0.0031372,-0.0207191,-0.0031750),(-0.0039405,-0.0204672,-0.0031750),(-0.0031372,-0.0207191,-0.0031750),(-0.0032908,-0.0207262,-0.0031750),(-0.0039405,-0.0204672,-0.0031750),(-0.0032908,-0.0207262,-0.0031750),(-0.0034404,-0.0207474,-0.0031750),(-0.0039405,-0.0204672,-0.0031750),(-0.0034404,-0.0207474,-0.0031750),(-0.0035861,-0.0207828,-0.0031750),(-0.0039405,-0.0204672,-0.0031750),(-0.0035861,-0.0207828,-0.0031750),(-0.0037277,-0.0208324,-0.0031750),(-0.0039405,-0.0204672,-0.0031750),(-0.0037277,-0.0208324,-0.0031750),(-0.0021307,-0.0236158,-0.0031750),(-0.0045014,-0.0194925,-0.0031750),(-0.0039405,-0.0204672,-0.0031750),(-0.0021307,-0.0236158,-0.0031750),(-0.0017052,-0.0230799,-0.0031750),(-0.0016619,-0.0229853,-0.0031750),(-0.0012702,-0.0231268,-0.0031750),(-0.0017550,-0.0231713,-0.0031750),(-0.0017052,-0.0230799,-0.0031750),(-0.0012702,-0.0231268,-0.0031750),(-0.0018229,-0.0232753,-0.0031750),(-0.0017550,-0.0231713,-0.0031750),(-0.0012702,-0.0231268,-0.0031750),(-0.0019082,-0.0233840,-0.0031750),(-0.0018229,-0.0232753,-0.0031750),(-0.0012702,-0.0231268,-0.0031750),(-0.0019573,-0.0234402,-0.0031750),(-0.0019082,-0.0233840,-0.0031750),(-0.0012702,-0.0231268,-0.0031750),(-0.0020108,-0.0234975,-0.0031750),(-0.0019573,-0.0234402,-0.0031750),(-0.0012702,-0.0231268,-0.0031750),(-0.0020686,-0.0235560,-0.0031750),(-0.0020108,-0.0234975,-0.0031750),(-0.0012702,-0.0231268,-0.0031750),(-0.0021307,-0.0236158,-0.0031750),(-0.0020686,-0.0235560,-0.0031750),(-0.0012702,-0.0231268,-0.0031750),(-0.0021307,-0.0236158,-0.0031750),(-0.0012702,-0.0231268,-0.0031750),(-0.0013248,-0.0232537,-0.0031750),(-0.0021307,-0.0236158,-0.0031750),(-0.0013248,-0.0232537,-0.0031750),(-0.0013878,-0.0233798,-0.0031750),(-0.0021307,-0.0236158,-0.0031750),(-0.0013878,-0.0233798,-0.0031750),(-0.0014380,-0.0234665,-0.0031750),(-0.0021307,-0.0236158,-0.0031750),(-0.0014380,-0.0234665,-0.0031750),(-0.0014927,-0.0235499,-0.0031750),(-0.0021307,-0.0236158,-0.0031750),(-0.0014927,-0.0235499,-0.0031750),(-0.0015521,-0.0236300,-0.0031750),(-0.0021307,-0.0236158,-0.0031750),(-0.0015521,-0.0236300,-0.0031750),(-0.0016161,-0.0237068,-0.0031750),(-0.0021307,-0.0236158,-0.0031750),(-0.0016161,-0.0237068,-0.0031750),(-0.0016847,-0.0237803,-0.0031750),(-0.0021307,-0.0236158,-0.0031750),(-0.0016847,-0.0237803,-0.0031750),(-0.0017579,-0.0238505,-0.0031750),(-0.0021307,-0.0236158,-0.0031750),(-0.0017579,-0.0238505,-0.0031750),(-0.0018356,-0.0239173,-0.0031750),(-0.0021307,-0.0236158,-0.0031750),(-0.0018356,-0.0239173,-0.0031750),(-0.0019180,-0.0239809,-0.0031750),(-0.0021307,-0.0236158,-0.0031750),(-0.0019180,-0.0239809,-0.0031750),(-0.0013761,-0.0249334,-0.0031750),(-0.0045014,-0.0194925,-0.0031750),(-0.0021307,-0.0236158,-0.0031750),(-0.0013761,-0.0249334,-0.0031750),(-0.0045014,-0.0194925,-0.0031750),(-0.0013761,-0.0249334,-0.0031750),(-0.0013476,-0.0250371,-0.0031750),(-0.0045014,-0.0194925,-0.0031750),(-0.0013476,-0.0250371,-0.0031750),(-0.0013550,-0.0250974,-0.0031750),(-0.0045014,-0.0194925,-0.0031750),(-0.0013550,-0.0250974,-0.0031750),(-0.0013936,-0.0251726,-0.0031750),(-0.0045014,-0.0194925,-0.0031750),(-0.0013936,-0.0251726,-0.0031750),(-0.0014587,-0.0252266,-0.0031750),(-0.0045014,-0.0194925,-0.0031750),(-0.0014587,-0.0252266,-0.0031750),(-0.0015613,-0.0252573,-0.0031750),(-0.0045014,-0.0194925,-0.0031750),(-0.0015613,-0.0252573,-0.0031750),(-0.0016217,-0.0252498,-0.0031750),(-0.0045014,-0.0194925,-0.0031750),(-0.0016217,-0.0252498,-0.0031750),(-0.0016973,-0.0252112,-0.0031750),(-0.0045014,-0.0194925,-0.0031750),(-0.0016973,-0.0252112,-0.0031750),(-0.0017529,-0.0251461,-0.0031750),(-0.0045014,-0.0194925,-0.0031750),(-0.0017529,-0.0251461,-0.0031750),(-0.0022884,-0.0242180,-0.0031750),(-0.0022884,-0.0242180,-0.0031750),(-0.0023890,-0.0242624,-0.0031750),(-0.0024929,-0.0243008,-0.0031750),(-0.0022884,-0.0242180,-0.0031750),(-0.0024929,-0.0243008,-0.0031750),(-0.0026002,-0.0243334,-0.0031750),(-0.0022884,-0.0242180,-0.0031750),(-0.0026002,-0.0243334,-0.0031750),(-0.0027107,-0.0243600,-0.0031750),(-0.0022884,-0.0242180,-0.0031750),(-0.0027107,-0.0243600,-0.0031750),(-0.0028245,-0.0243808,-0.0031750),(-0.0022884,-0.0242180,-0.0031750),(-0.0028245,-0.0243808,-0.0031750),(-0.0029417,-0.0243956,-0.0031750),(-0.0022884,-0.0242180,-0.0031750),(-0.0029417,-0.0243956,-0.0031750),(-0.0030621,-0.0244044,-0.0031750),(-0.0022884,-0.0242180,-0.0031750),(-0.0030621,-0.0244044,-0.0031750),(-0.0031859,-0.0244074,-0.0031750),(-0.0022884,-0.0242180,-0.0031750),(-0.0031859,-0.0244074,-0.0031750),(-0.0033105,-0.0244031,-0.0031750),(-0.0022884,-0.0242180,-0.0031750),(-0.0033105,-0.0244031,-0.0031750),(-0.0034340,-0.0243901,-0.0031750),(-0.0022884,-0.0242180,-0.0031750),(-0.0034340,-0.0243901,-0.0031750),(-0.0035564,-0.0243684,-0.0031750),(-0.0022884,-0.0242180,-0.0031750),(-0.0035564,-0.0243684,-0.0031750),(-0.0036777,-0.0243381,-0.0031750),(-0.0022884,-0.0242180,-0.0031750),(-0.0036777,-0.0243381,-0.0031750),(-0.0037980,-0.0242991,-0.0031750),(-0.0022884,-0.0242180,-0.0031750),(-0.0037980,-0.0242991,-0.0031750),(-0.0039171,-0.0242514,-0.0031750),(-0.0022884,-0.0242180,-0.0031750),(-0.0039171,-0.0242514,-0.0031750),(-0.0040352,-0.0241951,-0.0031750),(-0.0022884,-0.0242180,-0.0031750),(-0.0040352,-0.0241951,-0.0031750),(-0.0041521,-0.0241301,-0.0031750),(-0.0022884,-0.0242180,-0.0031750),(-0.0041521,-0.0241301,-0.0031750),(-0.0042653,-0.0240580,-0.0031750),(-0.0022884,-0.0242180,-0.0031750),(-0.0042653,-0.0240580,-0.0031750),(-0.0043723,-0.0239796,-0.0031750),(-0.0022884,-0.0242180,-0.0031750),(-0.0043723,-0.0239796,-0.0031750),(-0.0044732,-0.0238950,-0.0031750),(-0.0022884,-0.0242180,-0.0031750),(-0.0044732,-0.0238950,-0.0031750),(-0.0045681,-0.0238042,-0.0031750),(-0.0022884,-0.0242180,-0.0031750),(-0.0045681,-0.0238042,-0.0031750),(-0.0046568,-0.0237071,-0.0031750),(-0.0046568,-0.0237071,-0.0031750),(-0.0047395,-0.0236039,-0.0031750),(-0.0048161,-0.0234944,-0.0031750),(-0.0046568,-0.0237071,-0.0031750),(-0.0048161,-0.0234944,-0.0031750),(-0.0048866,-0.0233787,-0.0031750),(-0.0046568,-0.0237071,-0.0031750),(-0.0048866,-0.0233787,-0.0031750),(-0.0049499,-0.0232589,-0.0031750),(-0.0046568,-0.0237071,-0.0031750),(-0.0049499,-0.0232589,-0.0031750),(-0.0050047,-0.0231365,-0.0031750),(-0.0046568,-0.0237071,-0.0031750),(-0.0050047,-0.0231365,-0.0031750),(-0.0050511,-0.0230116,-0.0031750),(-0.0046568,-0.0237071,-0.0031750),(-0.0050511,-0.0230116,-0.0031750),(-0.0050890,-0.0228842,-0.0031750),(-0.0046568,-0.0237071,-0.0031750),(-0.0050890,-0.0228842,-0.0031750),(-0.0051185,-0.0227542,-0.0031750),(-0.0046568,-0.0237071,-0.0031750),(-0.0051185,-0.0227542,-0.0031750),(-0.0051396,-0.0226217,-0.0031750),(-0.0046568,-0.0237071,-0.0031750),(-0.0051396,-0.0226217,-0.0031750),(-0.0051523,-0.0224866,-0.0031750),(-0.0046568,-0.0237071,-0.0031750),(-0.0051523,-0.0224866,-0.0031750),(-0.0051565,-0.0223490,-0.0031750),(-0.0046568,-0.0237071,-0.0031750),(-0.0051565,-0.0223490,-0.0031750),(-0.0051523,-0.0222109,-0.0031750),(-0.0046568,-0.0237071,-0.0031750),(-0.0051523,-0.0222109,-0.0031750),(-0.0051397,-0.0220756,-0.0031750),(-0.0046568,-0.0237071,-0.0031750),(-0.0051397,-0.0220756,-0.0031750),(-0.0051187,-0.0219430,-0.0031750),(-0.0046568,-0.0237071,-0.0031750),(-0.0051187,-0.0219430,-0.0031750),(-0.0050893,-0.0218132,-0.0031750),(-0.0046568,-0.0237071,-0.0031750),(-0.0050893,-0.0218132,-0.0031750),(-0.0050515,-0.0216861,-0.0031750),(-0.0046568,-0.0237071,-0.0031750),(-0.0050515,-0.0216861,-0.0031750),(-0.0050053,-0.0215617,-0.0031750),(-0.0046568,-0.0237071,-0.0031750),(-0.0050053,-0.0215617,-0.0031750),(-0.0049507,-0.0214402,-0.0031750),(-0.0046568,-0.0237071,-0.0031750),(-0.0049507,-0.0214402,-0.0031750),(-0.0048877,-0.0213213,-0.0031750),(-0.0048877,-0.0213213,-0.0031750),(-0.0045194,-0.0215298,-0.0031750),(-0.0045687,-0.0216245,-0.0031750),(-0.0048877,-0.0213213,-0.0031750),(-0.0045687,-0.0216245,-0.0031750),(-0.0046115,-0.0217214,-0.0031750),(-0.0048877,-0.0213213,-0.0031750),(-0.0046115,-0.0217214,-0.0031750),(-0.0046477,-0.0218205,-0.0031750),(-0.0048877,-0.0213213,-0.0031750),(-0.0046477,-0.0218205,-0.0031750),(-0.0046773,-0.0219216,-0.0031750),(-0.0048877,-0.0213213,-0.0031750),(-0.0046773,-0.0219216,-0.0031750),(-0.0047004,-0.0220250,-0.0031750),(-0.0048877,-0.0213213,-0.0031750),(-0.0047004,-0.0220250,-0.0031750),(-0.0047168,-0.0221305,-0.0031750),(-0.0048877,-0.0213213,-0.0031750),(-0.0047168,-0.0221305,-0.0031750),(-0.0047267,-0.0222381,-0.0031750),(-0.0048877,-0.0213213,-0.0031750),(-0.0047267,-0.0222381,-0.0031750),(-0.0047300,-0.0223479,-0.0031750),(-0.0048877,-0.0213213,-0.0031750),(-0.0047300,-0.0223479,-0.0031750),(-0.0047267,-0.0224577,-0.0031750),(-0.0046568,-0.0237071,-0.0031750),(-0.0048877,-0.0213213,-0.0031750),(-0.0047267,-0.0224577,-0.0031750),(-0.0046568,-0.0237071,-0.0031750),(-0.0047267,-0.0224577,-0.0031750),(-0.0047166,-0.0225654,-0.0031750),(-0.0046568,-0.0237071,-0.0031750),(-0.0047166,-0.0225654,-0.0031750),(-0.0046999,-0.0226711,-0.0031750),(-0.0046568,-0.0237071,-0.0031750),(-0.0046999,-0.0226711,-0.0031750),(-0.0046765,-0.0227747,-0.0031750),(-0.0046568,-0.0237071,-0.0031750),(-0.0046765,-0.0227747,-0.0031750),(-0.0046465,-0.0228761,-0.0031750),(-0.0046568,-0.0237071,-0.0031750),(-0.0046465,-0.0228761,-0.0031750),(-0.0046097,-0.0229756,-0.0031750),(-0.0046568,-0.0237071,-0.0031750),(-0.0046097,-0.0229756,-0.0031750),(-0.0045663,-0.0230729,-0.0031750),(-0.0046568,-0.0237071,-0.0031750),(-0.0045663,-0.0230729,-0.0031750),(-0.0045162,-0.0231681,-0.0031750),(-0.0046568,-0.0237071,-0.0031750),(-0.0045162,-0.0231681,-0.0031750),(-0.0044604,-0.0232600,-0.0031750),(-0.0046568,-0.0237071,-0.0031750),(-0.0044604,-0.0232600,-0.0031750),(-0.0043997,-0.0233470,-0.0031750),(-0.0046568,-0.0237071,-0.0031750),(-0.0043997,-0.0233470,-0.0031750),(-0.0043343,-0.0234288,-0.0031750),(-0.0046568,-0.0237071,-0.0031750),(-0.0043343,-0.0234288,-0.0031750),(-0.0042641,-0.0235057,-0.0031750),(-0.0046568,-0.0237071,-0.0031750),(-0.0042641,-0.0235057,-0.0031750),(-0.0041890,-0.0235775,-0.0031750),(-0.0046568,-0.0237071,-0.0031750),(-0.0041890,-0.0235775,-0.0031750),(-0.0041092,-0.0236444,-0.0031750),(-0.0046568,-0.0237071,-0.0031750),(-0.0041092,-0.0236444,-0.0031750),(-0.0040246,-0.0237061,-0.0031750),(-0.0046568,-0.0237071,-0.0031750),(-0.0040246,-0.0237061,-0.0031750),(-0.0039352,-0.0237629,-0.0031750),(-0.0046568,-0.0237071,-0.0031750),(-0.0039352,-0.0237629,-0.0031750),(-0.0038431,-0.0238140,-0.0031750),(-0.0046568,-0.0237071,-0.0031750),(-0.0038431,-0.0238140,-0.0031750),(-0.0037505,-0.0238583,-0.0031750),(-0.0046568,-0.0237071,-0.0031750),(-0.0037505,-0.0238583,-0.0031750),(-0.0036574,-0.0238957,-0.0031750),(-0.0046568,-0.0237071,-0.0031750),(-0.0036574,-0.0238957,-0.0031750),(-0.0035637,-0.0239264,-0.0031750),(-0.0046568,-0.0237071,-0.0031750),(-0.0035637,-0.0239264,-0.0031750),(-0.0034695,-0.0239502,-0.0031750),(-0.0022884,-0.0242180,-0.0031750),(-0.0046568,-0.0237071,-0.0031750),(-0.0034695,-0.0239502,-0.0031750),(-0.0022884,-0.0242180,-0.0031750),(-0.0034695,-0.0239502,-0.0031750),(-0.0033748,-0.0239673,-0.0031750),(-0.0022884,-0.0242180,-0.0031750),(-0.0033748,-0.0239673,-0.0031750),(-0.0032795,-0.0239775,-0.0031750),(-0.0022884,-0.0242180,-0.0031750),(-0.0032795,-0.0239775,-0.0031750),(-0.0031838,-0.0239809,-0.0031750),(-0.0022884,-0.0242180,-0.0031750),(-0.0031838,-0.0239809,-0.0031750),(-0.0031774,-0.0239809,-0.0031750),(-0.0022884,-0.0242180,-0.0031750),(-0.0031774,-0.0239809,-0.0031750),(-0.0030837,-0.0239788,-0.0031750),(-0.0022884,-0.0242180,-0.0031750),(-0.0030837,-0.0239788,-0.0031750),(-0.0029925,-0.0239726,-0.0031750),(-0.0022884,-0.0242180,-0.0031750),(-0.0029925,-0.0239726,-0.0031750),(-0.0029039,-0.0239621,-0.0031750),(-0.0022884,-0.0242180,-0.0031750),(-0.0029039,-0.0239621,-0.0031750),(-0.0028178,-0.0239476,-0.0031750),(-0.0022884,-0.0242180,-0.0031750),(-0.0028178,-0.0239476,-0.0031750),(-0.0027343,-0.0239288,-0.0031750),(-0.0022884,-0.0242180,-0.0031750),(-0.0027343,-0.0239288,-0.0031750),(-0.0026533,-0.0239059,-0.0031750),(-0.0022884,-0.0242180,-0.0031750),(-0.0026533,-0.0239059,-0.0031750),(-0.0025749,-0.0238788,-0.0031750),(-0.0022884,-0.0242180,-0.0031750),(-0.0025749,-0.0238788,-0.0031750),(-0.0024990,-0.0238476,-0.0031750),(-0.0045014,-0.0194925,-0.0031750),(-0.0022884,-0.0242180,-0.0031750),(-0.0024990,-0.0238476,-0.0031750),(-0.0045014,-0.0194925,-0.0031750),(-0.0024990,-0.0238476,-0.0031750),(-0.0041035,-0.0210525,-0.0031750),(-0.0045014,-0.0194925,-0.0031750),(-0.0041035,-0.0210525,-0.0031750),(-0.0042239,-0.0211553,-0.0031750),(-0.0044770,-0.0214605,-0.0031750),(-0.0045194,-0.0215298,-0.0031750),(-0.0048877,-0.0213213,-0.0031750),(-0.0044319,-0.0213940,-0.0031750),(-0.0044770,-0.0214605,-0.0031750),(-0.0048877,-0.0213213,-0.0031750),(-0.0043334,-0.0212692,-0.0031750),(-0.0044319,-0.0213940,-0.0031750),(-0.0048877,-0.0213213,-0.0031750),(-0.0042239,-0.0211553,-0.0031750),(-0.0043334,-0.0212692,-0.0031750),(-0.0048877,-0.0213213,-0.0031750),(-0.0042239,-0.0211553,-0.0031750),(-0.0048877,-0.0213213,-0.0031750),(-0.0048297,-0.0212263,-0.0031750),(-0.0042239,-0.0211553,-0.0031750),(-0.0048297,-0.0212263,-0.0031750),(-0.0047681,-0.0211353,-0.0031750),(-0.0042239,-0.0211553,-0.0031750),(-0.0047681,-0.0211353,-0.0031750),(-0.0047027,-0.0210485,-0.0031750),(-0.0042239,-0.0211553,-0.0031750),(-0.0047027,-0.0210485,-0.0031750),(-0.0046337,-0.0209657,-0.0031750),(-0.0042239,-0.0211553,-0.0031750),(-0.0046337,-0.0209657,-0.0031750),(-0.0045609,-0.0208871,-0.0031750),(-0.0042239,-0.0211553,-0.0031750),(-0.0045609,-0.0208871,-0.0031750),(-0.0044845,-0.0208125,-0.0031750),(-0.0042239,-0.0211553,-0.0031750),(-0.0044845,-0.0208125,-0.0031750),(-0.0044043,-0.0207421,-0.0031750),(-0.0042239,-0.0211553,-0.0031750),(-0.0044043,-0.0207421,-0.0031750),(-0.0043204,-0.0206757,-0.0031750),(-0.0045014,-0.0194925,-0.0031750),(-0.0042239,-0.0211553,-0.0031750),(-0.0043204,-0.0206757,-0.0031750),(-0.0045014,-0.0194925,-0.0031750),(-0.0043204,-0.0206757,-0.0031750),(-0.0048760,-0.0197052,-0.0031750),(-0.0045014,-0.0194925,-0.0031750),(-0.0048760,-0.0197052,-0.0031750),(-0.0049036,-0.0196036,-0.0031750),(-0.0045014,-0.0194925,-0.0031750),(-0.0049036,-0.0196036,-0.0031750),(-0.0048972,-0.0195433,-0.0031750),(-0.0045014,-0.0194925,-0.0031750),(-0.0048972,-0.0195433,-0.0031750),(-0.0048580,-0.0194663,-0.0031750),(-0.0045014,-0.0194925,-0.0031750),(-0.0048580,-0.0194663,-0.0031750),(-0.0047956,-0.0194110,-0.0031750),(-0.0045014,-0.0194925,-0.0031750),(-0.0047956,-0.0194110,-0.0031750),(-0.0046908,-0.0193835,-0.0031750),(-0.0045014,-0.0194925,-0.0031750),(-0.0046908,-0.0193835,-0.0031750),(-0.0046305,-0.0193909,-0.0031750),(-0.0045014,-0.0194925,-0.0031750),(-0.0046305,-0.0193909,-0.0031750),(-0.0045580,-0.0194264,-0.0031750),(0.0050511,-0.0214016,-0.0031750),(0.0050564,-0.0215340,-0.0031750),(0.0050564,-0.0232242,-0.0031750),(0.0050511,-0.0214016,-0.0031750),(0.0050564,-0.0232242,-0.0031750),(0.0050511,-0.0233548,-0.0031750),(0.0050511,-0.0214016,-0.0031750),(0.0050511,-0.0233548,-0.0031750),(0.0050352,-0.0234794,-0.0031750),(0.0050511,-0.0214016,-0.0031750),(0.0050352,-0.0234794,-0.0031750),(0.0050086,-0.0235981,-0.0031750),(0.0050511,-0.0214016,-0.0031750),(0.0050086,-0.0235981,-0.0031750),(0.0049715,-0.0237108,-0.0031750),(0.0050511,-0.0214016,-0.0031750),(0.0049715,-0.0237108,-0.0031750),(0.0049237,-0.0238174,-0.0031750),(0.0050511,-0.0214016,-0.0031750),(0.0049237,-0.0238174,-0.0031750),(0.0048653,-0.0239181,-0.0031750),(0.0050511,-0.0214016,-0.0031750),(0.0048653,-0.0239181,-0.0031750),(0.0047963,-0.0240128,-0.0031750),(0.0050511,-0.0214016,-0.0031750),(0.0047963,-0.0240128,-0.0031750),(0.0047167,-0.0241016,-0.0031750),(0.0050511,-0.0214016,-0.0031750),(0.0047167,-0.0241016,-0.0031750),(0.0046400,-0.0241732,-0.0031750),(0.0050511,-0.0214016,-0.0031750),(0.0046400,-0.0241732,-0.0031750),(0.0045603,-0.0242354,-0.0031750),(0.0050511,-0.0214016,-0.0031750),(0.0045603,-0.0242354,-0.0031750),(0.0044774,-0.0242879,-0.0031750),(0.0044774,-0.0242879,-0.0031750),(0.0043915,-0.0243309,-0.0031750),(0.0043025,-0.0243644,-0.0031750),(0.0044774,-0.0242879,-0.0031750),(0.0043025,-0.0243644,-0.0031750),(0.0042105,-0.0243883,-0.0031750),(0.0044774,-0.0242879,-0.0031750),(0.0042105,-0.0243883,-0.0031750),(0.0041153,-0.0244026,-0.0031750),(0.0044774,-0.0242879,-0.0031750),(0.0041153,-0.0244026,-0.0031750),(0.0040171,-0.0244074,-0.0031750),(0.0044774,-0.0242879,-0.0031750),(0.0040171,-0.0244074,-0.0031750),(0.0039200,-0.0244026,-0.0031750),(0.0044774,-0.0242879,-0.0031750),(0.0039200,-0.0244026,-0.0031750),(0.0038256,-0.0243883,-0.0031750),(0.0044774,-0.0242879,-0.0031750),(0.0038256,-0.0243883,-0.0031750),(0.0037339,-0.0243644,-0.0031750),(0.0044774,-0.0242879,-0.0031750),(0.0037339,-0.0243644,-0.0031750),(0.0036449,-0.0243309,-0.0031750),(0.0044774,-0.0242879,-0.0031750),(0.0036449,-0.0243309,-0.0031750),(0.0035585,-0.0242879,-0.0031750),(0.0044774,-0.0242879,-0.0031750),(0.0035585,-0.0242879,-0.0031750),(0.0034748,-0.0242354,-0.0031750),(0.0044774,-0.0242879,-0.0031750),(0.0034748,-0.0242354,-0.0031750),(0.0033938,-0.0241732,-0.0031750),(0.0044774,-0.0242879,-0.0031750),(0.0033938,-0.0241732,-0.0031750),(0.0033155,-0.0241016,-0.0031750),(0.0044774,-0.0242879,-0.0031750),(0.0033155,-0.0241016,-0.0031750),(0.0032358,-0.0240146,-0.0031750),(0.0044774,-0.0242879,-0.0031750),(0.0032358,-0.0240146,-0.0031750),(0.0031668,-0.0239214,-0.0031750),(0.0044774,-0.0242879,-0.0031750),(0.0031668,-0.0239214,-0.0031750),(0.0031084,-0.0238220,-0.0031750),(0.0044774,-0.0242879,-0.0031750),(0.0031084,-0.0238220,-0.0031750),(0.0030607,-0.0237163,-0.0031750),(0.0044774,-0.0242879,-0.0031750),(0.0030607,-0.0237163,-0.0031750),(0.0030235,-0.0236045,-0.0031750),(0.0030235,-0.0236045,-0.0031750),(0.0029970,-0.0234864,-0.0031750),(0.0029810,-0.0233621,-0.0031750),(0.0030235,-0.0236045,-0.0031750),(0.0029810,-0.0233621,-0.0031750),(0.0029757,-0.0232316,-0.0031750),(0.0030235,-0.0236045,-0.0031750),(0.0029757,-0.0232316,-0.0031750),(0.0029757,-0.0232242,-0.0031750),(0.0030235,-0.0236045,-0.0031750),(0.0029757,-0.0232242,-0.0031750),(0.0029757,-0.0215298,-0.0031750),(0.0030235,-0.0236045,-0.0031750),(0.0029757,-0.0215298,-0.0031750),(0.0029810,-0.0213985,-0.0031750),(0.0030235,-0.0236045,-0.0031750),(0.0029810,-0.0213985,-0.0031750),(0.0029970,-0.0212734,-0.0031750),(0.0030235,-0.0236045,-0.0031750),(0.0029970,-0.0212734,-0.0031750),(0.0030235,-0.0211544,-0.0031750),(0.0030235,-0.0236045,-0.0031750),(0.0030235,-0.0211544,-0.0031750),(0.0030607,-0.0210416,-0.0031750),(0.0030235,-0.0236045,-0.0031750),(0.0030607,-0.0210416,-0.0031750),(0.0031084,-0.0209351,-0.0031750),(0.0030235,-0.0236045,-0.0031750),(0.0031084,-0.0209351,-0.0031750),(0.0031668,-0.0208347,-0.0031750),(0.0030235,-0.0236045,-0.0031750),(0.0031668,-0.0208347,-0.0031750),(0.0032358,-0.0207405,-0.0031750),(0.0030235,-0.0236045,-0.0031750),(0.0032358,-0.0207405,-0.0031750),(0.0033155,-0.0206524,-0.0031750),(0.0033155,-0.0206524,-0.0031750),(0.0036192,-0.0209488,-0.0031750),(0.0035252,-0.0210651,-0.0031750),(0.0033155,-0.0206524,-0.0031750),(0.0035252,-0.0210651,-0.0031750),(0.0034581,-0.0212015,-0.0031750),(0.0033155,-0.0206524,-0.0031750),(0.0034581,-0.0212015,-0.0031750),(0.0034178,-0.0213578,-0.0031750),(0.0030235,-0.0236045,-0.0031750),(0.0033155,-0.0206524,-0.0031750),(0.0034178,-0.0213578,-0.0031750),(0.0030235,-0.0236045,-0.0031750),(0.0034178,-0.0213578,-0.0031750),(0.0034077,-0.0214434,-0.0031750),(0.0030235,-0.0236045,-0.0031750),(0.0034077,-0.0214434,-0.0031750),(0.0034044,-0.0215340,-0.0031750),(0.0030235,-0.0236045,-0.0031750),(0.0034044,-0.0215340,-0.0031750),(0.0034044,-0.0232316,-0.0031750),(0.0030235,-0.0236045,-0.0031750),(0.0034044,-0.0232316,-0.0031750),(0.0034077,-0.0233199,-0.0031750),(0.0030235,-0.0236045,-0.0031750),(0.0034077,-0.0233199,-0.0031750),(0.0034177,-0.0234033,-0.0031750),(0.0030235,-0.0236045,-0.0031750),(0.0034177,-0.0234033,-0.0031750),(0.0034343,-0.0234818,-0.0031750),(0.0030235,-0.0236045,-0.0031750),(0.0034343,-0.0234818,-0.0031750),(0.0034575,-0.0235555,-0.0031750),(0.0030235,-0.0236045,-0.0031750),(0.0034575,-0.0235555,-0.0031750),(0.0035240,-0.0236880,-0.0031750),(0.0030235,-0.0236045,-0.0031750),(0.0035240,-0.0236880,-0.0031750),(0.0036171,-0.0238010,-0.0031750),(0.0030235,-0.0236045,-0.0031750),(0.0036171,-0.0238010,-0.0031750),(0.0037123,-0.0238797,-0.0031750),(0.0030235,-0.0236045,-0.0031750),(0.0037123,-0.0238797,-0.0031750),(0.0038108,-0.0239359,-0.0031750),(0.0044774,-0.0242879,-0.0031750),(0.0030235,-0.0236045,-0.0031750),(0.0038108,-0.0239359,-0.0031750),(0.0044774,-0.0242879,-0.0031750),(0.0038108,-0.0239359,-0.0031750),(0.0039124,-0.0239697,-0.0031750),(0.0044774,-0.0242879,-0.0031750),(0.0039124,-0.0239697,-0.0031750),(0.0040171,-0.0239809,-0.0031750),(0.0044774,-0.0242879,-0.0031750),(0.0040171,-0.0239809,-0.0031750),(0.0041262,-0.0239697,-0.0031750),(0.0044774,-0.0242879,-0.0031750),(0.0041262,-0.0239697,-0.0031750),(0.0042291,-0.0239359,-0.0031750),(0.0044774,-0.0242879,-0.0031750),(0.0042291,-0.0239359,-0.0031750),(0.0043257,-0.0238797,-0.0031750),(0.0044774,-0.0242879,-0.0031750),(0.0043257,-0.0238797,-0.0031750),(0.0044161,-0.0238010,-0.0031750),(0.0044774,-0.0242879,-0.0031750),(0.0044161,-0.0238010,-0.0031750),(0.0045092,-0.0236824,-0.0031750),(0.0044774,-0.0242879,-0.0031750),(0.0045092,-0.0236824,-0.0031750),(0.0045757,-0.0235467,-0.0031750),(0.0044774,-0.0242879,-0.0031750),(0.0045757,-0.0235467,-0.0031750),(0.0046156,-0.0233940,-0.0031750),(0.0050511,-0.0214016,-0.0031750),(0.0044774,-0.0242879,-0.0031750),(0.0046156,-0.0233940,-0.0031750),(0.0050511,-0.0214016,-0.0031750),(0.0046156,-0.0233940,-0.0031750),(0.0046255,-0.0233112,-0.0031750),(0.0050511,-0.0214016,-0.0031750),(0.0046255,-0.0233112,-0.0031750),(0.0046289,-0.0232242,-0.0031750),(0.0050511,-0.0214016,-0.0031750),(0.0046289,-0.0232242,-0.0031750),(0.0046289,-0.0215340,-0.0031750),(0.0050511,-0.0214016,-0.0031750),(0.0046289,-0.0215340,-0.0031750),(0.0046255,-0.0214444,-0.0031750),(0.0050511,-0.0214016,-0.0031750),(0.0046255,-0.0214444,-0.0031750),(0.0046156,-0.0213596,-0.0031750),(0.0050511,-0.0214016,-0.0031750),(0.0046156,-0.0213596,-0.0031750),(0.0045989,-0.0212797,-0.0031750),(0.0050511,-0.0214016,-0.0031750),(0.0045989,-0.0212797,-0.0031750),(0.0045757,-0.0212046,-0.0031750),(0.0050511,-0.0214016,-0.0031750),(0.0045757,-0.0212046,-0.0031750),(0.0045092,-0.0210691,-0.0031750),(0.0050511,-0.0214016,-0.0031750),(0.0045092,-0.0210691,-0.0031750),(0.0044161,-0.0209530,-0.0031750),(0.0050511,-0.0214016,-0.0031750),(0.0044161,-0.0209530,-0.0031750),(0.0043249,-0.0208752,-0.0031750),(0.0037107,-0.0208728,-0.0031750),(0.0036192,-0.0209488,-0.0031750),(0.0033155,-0.0206524,-0.0031750),(0.0038076,-0.0208186,-0.0031750),(0.0037107,-0.0208728,-0.0031750),(0.0033155,-0.0206524,-0.0031750),(0.0039097,-0.0207861,-0.0031750),(0.0038076,-0.0208186,-0.0031750),(0.0033155,-0.0206524,-0.0031750),(0.0040171,-0.0207752,-0.0031750),(0.0039097,-0.0207861,-0.0031750),(0.0033155,-0.0206524,-0.0031750),(0.0041254,-0.0207863,-0.0031750),(0.0040171,-0.0207752,-0.0031750),(0.0033155,-0.0206524,-0.0031750),(0.0041254,-0.0207863,-0.0031750),(0.0033155,-0.0206524,-0.0031750),(0.0033923,-0.0205817,-0.0031750),(0.0041254,-0.0207863,-0.0031750),(0.0033923,-0.0205817,-0.0031750),(0.0034722,-0.0205205,-0.0031750),(0.0042280,-0.0208197,-0.0031750),(0.0041254,-0.0207863,-0.0031750),(0.0034722,-0.0205205,-0.0031750),(0.0042280,-0.0208197,-0.0031750),(0.0034722,-0.0205205,-0.0031750),(0.0035549,-0.0204686,-0.0031750),(0.0042280,-0.0208197,-0.0031750),(0.0035549,-0.0204686,-0.0031750),(0.0036406,-0.0204262,-0.0031750),(0.0043249,-0.0208752,-0.0031750),(0.0042280,-0.0208197,-0.0031750),(0.0036406,-0.0204262,-0.0031750),(0.0043249,-0.0208752,-0.0031750),(0.0036406,-0.0204262,-0.0031750),(0.0037293,-0.0203932,-0.0031750),(0.0050511,-0.0214016,-0.0031750),(0.0043249,-0.0208752,-0.0031750),(0.0037293,-0.0203932,-0.0031750),(0.0050511,-0.0214016,-0.0031750),(0.0037293,-0.0203932,-0.0031750),(0.0038209,-0.0203697,-0.0031750),(0.0050511,-0.0214016,-0.0031750),(0.0038209,-0.0203697,-0.0031750),(0.0039154,-0.0203555,-0.0031750),(0.0050511,-0.0214016,-0.0031750),(0.0039154,-0.0203555,-0.0031750),(0.0040129,-0.0203508,-0.0031750),(0.0050511,-0.0214016,-0.0031750),(0.0040129,-0.0203508,-0.0031750),(0.0041121,-0.0203554,-0.0031750),(0.0050511,-0.0214016,-0.0031750),(0.0041121,-0.0203554,-0.0031750),(0.0042080,-0.0203693,-0.0031750),(0.0050511,-0.0214016,-0.0031750),(0.0042080,-0.0203693,-0.0031750),(0.0043006,-0.0203925,-0.0031750),(0.0050511,-0.0214016,-0.0031750),(0.0043006,-0.0203925,-0.0031750),(0.0043899,-0.0204249,-0.0031750),(0.0050511,-0.0214016,-0.0031750),(0.0043899,-0.0204249,-0.0031750),(0.0044760,-0.0204666,-0.0031750),(0.0050511,-0.0214016,-0.0031750),(0.0044760,-0.0204666,-0.0031750),(0.0045588,-0.0205175,-0.0031750),(0.0050511,-0.0214016,-0.0031750),(0.0045588,-0.0205175,-0.0031750),(0.0046383,-0.0205777,-0.0031750),(0.0050511,-0.0214016,-0.0031750),(0.0046383,-0.0205777,-0.0031750),(0.0047146,-0.0206472,-0.0031750),(0.0050511,-0.0214016,-0.0031750),(0.0047146,-0.0206472,-0.0031750),(0.0047947,-0.0207365,-0.0031750),(0.0050511,-0.0214016,-0.0031750),(0.0047947,-0.0207365,-0.0031750),(0.0048641,-0.0208320,-0.0031750),(0.0050511,-0.0214016,-0.0031750),(0.0048641,-0.0208320,-0.0031750),(0.0049229,-0.0209336,-0.0031750),(0.0050511,-0.0214016,-0.0031750),(0.0049229,-0.0209336,-0.0031750),(0.0049710,-0.0210414,-0.0031750),(0.0050511,-0.0214016,-0.0031750),(0.0049710,-0.0210414,-0.0031750),(0.0050083,-0.0211553,-0.0031750),(0.0050511,-0.0214016,-0.0031750),(0.0050083,-0.0211553,-0.0031750),(0.0050351,-0.0212754,-0.0031750),(0.0014612,-0.0214016,-0.0031750),(0.0014666,-0.0215340,-0.0031750),(0.0014666,-0.0232242,-0.0031750),(0.0014612,-0.0214016,-0.0031750),(0.0014666,-0.0232242,-0.0031750),(0.0014612,-0.0233548,-0.0031750),(0.0014612,-0.0214016,-0.0031750),(0.0014612,-0.0233548,-0.0031750),(0.0014453,-0.0234794,-0.0031750),(0.0014612,-0.0214016,-0.0031750),(0.0014453,-0.0234794,-0.0031750),(0.0014188,-0.0235981,-0.0031750),(0.0014612,-0.0214016,-0.0031750),(0.0014188,-0.0235981,-0.0031750),(0.0013816,-0.0237108,-0.0031750),(0.0014612,-0.0214016,-0.0031750),(0.0013816,-0.0237108,-0.0031750),(0.0013338,-0.0238174,-0.0031750),(0.0014612,-0.0214016,-0.0031750),(0.0013338,-0.0238174,-0.0031750),(0.0012755,-0.0239181,-0.0031750),(0.0014612,-0.0214016,-0.0031750),(0.0012755,-0.0239181,-0.0031750),(0.0012064,-0.0240128,-0.0031750),(0.0014612,-0.0214016,-0.0031750),(0.0012064,-0.0240128,-0.0031750),(0.0011268,-0.0241016,-0.0031750),(0.0014612,-0.0214016,-0.0031750),(0.0011268,-0.0241016,-0.0031750),(0.0010501,-0.0241732,-0.0031750),(0.0014612,-0.0214016,-0.0031750),(0.0010501,-0.0241732,-0.0031750),(0.0009704,-0.0242354,-0.0031750),(0.0014612,-0.0214016,-0.0031750),(0.0009704,-0.0242354,-0.0031750),(0.0008876,-0.0242879,-0.0031750),(0.0008876,-0.0242879,-0.0031750),(0.0008017,-0.0243309,-0.0031750),(0.0007127,-0.0243644,-0.0031750),(0.0008876,-0.0242879,-0.0031750),(0.0007127,-0.0243644,-0.0031750),(0.0006206,-0.0243883,-0.0031750),(0.0008876,-0.0242879,-0.0031750),(0.0006206,-0.0243883,-0.0031750),(0.0005255,-0.0244026,-0.0031750),(0.0008876,-0.0242879,-0.0031750),(0.0005255,-0.0244026,-0.0031750),(0.0004273,-0.0244074,-0.0031750),(0.0008876,-0.0242879,-0.0031750),(0.0004273,-0.0244074,-0.0031750),(0.0003302,-0.0244026,-0.0031750),(0.0008876,-0.0242879,-0.0031750),(0.0003302,-0.0244026,-0.0031750),(0.0002358,-0.0243883,-0.0031750),(0.0008876,-0.0242879,-0.0031750),(0.0002358,-0.0243883,-0.0031750),(0.0001440,-0.0243644,-0.0031750),(0.0008876,-0.0242879,-0.0031750),(0.0001440,-0.0243644,-0.0031750),(0.0000550,-0.0243309,-0.0031750),(0.0008876,-0.0242879,-0.0031750),(0.0000550,-0.0243309,-0.0031750),(-0.0000314,-0.0242879,-0.0031750),(0.0008876,-0.0242879,-0.0031750),(-0.0000314,-0.0242879,-0.0031750),(-0.0001151,-0.0242354,-0.0031750),(0.0008876,-0.0242879,-0.0031750),(-0.0001151,-0.0242354,-0.0031750),(-0.0001961,-0.0241732,-0.0031750),(0.0008876,-0.0242879,-0.0031750),(-0.0001961,-0.0241732,-0.0031750),(-0.0002744,-0.0241016,-0.0031750),(0.0008876,-0.0242879,-0.0031750),(-0.0002744,-0.0241016,-0.0031750),(-0.0003540,-0.0240146,-0.0031750),(0.0008876,-0.0242879,-0.0031750),(-0.0003540,-0.0240146,-0.0031750),(-0.0004230,-0.0239214,-0.0031750),(0.0008876,-0.0242879,-0.0031750),(-0.0004230,-0.0239214,-0.0031750),(-0.0004814,-0.0238220,-0.0031750),(0.0008876,-0.0242879,-0.0031750),(-0.0004814,-0.0238220,-0.0031750),(-0.0005292,-0.0237163,-0.0031750),(0.0008876,-0.0242879,-0.0031750),(-0.0005292,-0.0237163,-0.0031750),(-0.0005664,-0.0236045,-0.0031750),(-0.0005664,-0.0236045,-0.0031750),(-0.0005929,-0.0234864,-0.0031750),(-0.0006088,-0.0233621,-0.0031750),(-0.0005664,-0.0236045,-0.0031750),(-0.0006088,-0.0233621,-0.0031750),(-0.0006141,-0.0232316,-0.0031750),(-0.0005664,-0.0236045,-0.0031750),(-0.0006141,-0.0232316,-0.0031750),(-0.0006141,-0.0232242,-0.0031750),(-0.0005664,-0.0236045,-0.0031750),(-0.0006141,-0.0232242,-0.0031750),(-0.0006141,-0.0215298,-0.0031750),(-0.0005664,-0.0236045,-0.0031750),(-0.0006141,-0.0215298,-0.0031750),(-0.0006088,-0.0213985,-0.0031750),(-0.0005664,-0.0236045,-0.0031750),(-0.0006088,-0.0213985,-0.0031750),(-0.0005929,-0.0212734,-0.0031750),(-0.0005664,-0.0236045,-0.0031750),(-0.0005929,-0.0212734,-0.0031750),(-0.0005664,-0.0211544,-0.0031750),(-0.0005664,-0.0236045,-0.0031750),(-0.0005664,-0.0211544,-0.0031750),(-0.0005292,-0.0210416,-0.0031750),(-0.0005664,-0.0236045,-0.0031750),(-0.0005292,-0.0210416,-0.0031750),(-0.0004814,-0.0209351,-0.0031750),(-0.0005664,-0.0236045,-0.0031750),(-0.0004814,-0.0209351,-0.0031750),(-0.0004230,-0.0208347,-0.0031750),(-0.0005664,-0.0236045,-0.0031750),(-0.0004230,-0.0208347,-0.0031750),(-0.0003540,-0.0207405,-0.0031750),(-0.0005664,-0.0236045,-0.0031750),(-0.0003540,-0.0207405,-0.0031750),(-0.0002744,-0.0206524,-0.0031750),(-0.0002744,-0.0206524,-0.0031750),(0.0000293,-0.0209488,-0.0031750),(-0.0000647,-0.0210651,-0.0031750),(-0.0002744,-0.0206524,-0.0031750),(-0.0000647,-0.0210651,-0.0031750),(-0.0001318,-0.0212015,-0.0031750),(-0.0002744,-0.0206524,-0.0031750),(-0.0001318,-0.0212015,-0.0031750),(-0.0001721,-0.0213578,-0.0031750),(-0.0005664,-0.0236045,-0.0031750),(-0.0002744,-0.0206524,-0.0031750),(-0.0001721,-0.0213578,-0.0031750),(-0.0005664,-0.0236045,-0.0031750),(-0.0001721,-0.0213578,-0.0031750),(-0.0001822,-0.0214434,-0.0031750),(-0.0005664,-0.0236045,-0.0031750),(-0.0001822,-0.0214434,-0.0031750),(-0.0001855,-0.0215340,-0.0031750),(-0.0005664,-0.0236045,-0.0031750),(-0.0001855,-0.0215340,-0.0031750),(-0.0001855,-0.0232316,-0.0031750),(-0.0005664,-0.0236045,-0.0031750),(-0.0001855,-0.0232316,-0.0031750),(-0.0001822,-0.0233199,-0.0031750),(-0.0005664,-0.0236045,-0.0031750),(-0.0001822,-0.0233199,-0.0031750),(-0.0001722,-0.0234033,-0.0031750),(-0.0005664,-0.0236045,-0.0031750),(-0.0001722,-0.0234033,-0.0031750),(-0.0001556,-0.0234818,-0.0031750),(-0.0005664,-0.0236045,-0.0031750),(-0.0001556,-0.0234818,-0.0031750),(-0.0001323,-0.0235555,-0.0031750),(-0.0005664,-0.0236045,-0.0031750),(-0.0001323,-0.0235555,-0.0031750),(-0.0000658,-0.0236880,-0.0031750),(-0.0005664,-0.0236045,-0.0031750),(-0.0000658,-0.0236880,-0.0031750),(0.0000272,-0.0238010,-0.0031750),(-0.0005664,-0.0236045,-0.0031750),(0.0000272,-0.0238010,-0.0031750),(0.0001225,-0.0238797,-0.0031750),(-0.0005664,-0.0236045,-0.0031750),(0.0001225,-0.0238797,-0.0031750),(0.0002209,-0.0239359,-0.0031750),(0.0008876,-0.0242879,-0.0031750),(-0.0005664,-0.0236045,-0.0031750),(0.0002209,-0.0239359,-0.0031750),(0.0008876,-0.0242879,-0.0031750),(0.0002209,-0.0239359,-0.0031750),(0.0003225,-0.0239697,-0.0031750),(0.0008876,-0.0242879,-0.0031750),(0.0003225,-0.0239697,-0.0031750),(0.0004273,-0.0239809,-0.0031750),(0.0008876,-0.0242879,-0.0031750),(0.0004273,-0.0239809,-0.0031750),(0.0005363,-0.0239697,-0.0031750),(0.0008876,-0.0242879,-0.0031750),(0.0005363,-0.0239697,-0.0031750),(0.0006392,-0.0239359,-0.0031750),(0.0008876,-0.0242879,-0.0031750),(0.0006392,-0.0239359,-0.0031750),(0.0007358,-0.0238797,-0.0031750),(0.0008876,-0.0242879,-0.0031750),(0.0007358,-0.0238797,-0.0031750),(0.0008263,-0.0238010,-0.0031750),(0.0008876,-0.0242879,-0.0031750),(0.0008263,-0.0238010,-0.0031750),(0.0009193,-0.0236824,-0.0031750),(0.0008876,-0.0242879,-0.0031750),(0.0009193,-0.0236824,-0.0031750),(0.0009858,-0.0235467,-0.0031750),(0.0008876,-0.0242879,-0.0031750),(0.0009858,-0.0235467,-0.0031750),(0.0010257,-0.0233940,-0.0031750),(0.0014612,-0.0214016,-0.0031750),(0.0008876,-0.0242879,-0.0031750),(0.0010257,-0.0233940,-0.0031750),(0.0014612,-0.0214016,-0.0031750),(0.0010257,-0.0233940,-0.0031750),(0.0010357,-0.0233112,-0.0031750),(0.0014612,-0.0214016,-0.0031750),(0.0010357,-0.0233112,-0.0031750),(0.0010390,-0.0232242,-0.0031750),(0.0014612,-0.0214016,-0.0031750),(0.0010390,-0.0232242,-0.0031750),(0.0010390,-0.0215340,-0.0031750),(0.0014612,-0.0214016,-0.0031750),(0.0010390,-0.0215340,-0.0031750),(0.0010357,-0.0214444,-0.0031750),(0.0014612,-0.0214016,-0.0031750),(0.0010357,-0.0214444,-0.0031750),(0.0010257,-0.0213596,-0.0031750),(0.0014612,-0.0214016,-0.0031750),(0.0010257,-0.0213596,-0.0031750),(0.0010091,-0.0212797,-0.0031750),(0.0014612,-0.0214016,-0.0031750),(0.0010091,-0.0212797,-0.0031750),(0.0009858,-0.0212046,-0.0031750),(0.0014612,-0.0214016,-0.0031750),(0.0009858,-0.0212046,-0.0031750),(0.0009193,-0.0210691,-0.0031750),(0.0014612,-0.0214016,-0.0031750),(0.0009193,-0.0210691,-0.0031750),(0.0008263,-0.0209530,-0.0031750),(0.0014612,-0.0214016,-0.0031750),(0.0008263,-0.0209530,-0.0031750),(0.0007350,-0.0208752,-0.0031750),(0.0001209,-0.0208728,-0.0031750),(0.0000293,-0.0209488,-0.0031750),(-0.0002744,-0.0206524,-0.0031750),(0.0002177,-0.0208186,-0.0031750),(0.0001209,-0.0208728,-0.0031750),(-0.0002744,-0.0206524,-0.0031750),(0.0003198,-0.0207861,-0.0031750),(0.0002177,-0.0208186,-0.0031750),(-0.0002744,-0.0206524,-0.0031750),(0.0004273,-0.0207752,-0.0031750),(0.0003198,-0.0207861,-0.0031750),(-0.0002744,-0.0206524,-0.0031750),(0.0005355,-0.0207863,-0.0031750),(0.0004273,-0.0207752,-0.0031750),(-0.0002744,-0.0206524,-0.0031750),(0.0005355,-0.0207863,-0.0031750),(-0.0002744,-0.0206524,-0.0031750),(-0.0001975,-0.0205817,-0.0031750),(0.0005355,-0.0207863,-0.0031750),(-0.0001975,-0.0205817,-0.0031750),(-0.0001177,-0.0205205,-0.0031750),(0.0006381,-0.0208197,-0.0031750),(0.0005355,-0.0207863,-0.0031750),(-0.0001177,-0.0205205,-0.0031750),(0.0006381,-0.0208197,-0.0031750),(-0.0001177,-0.0205205,-0.0031750),(-0.0000349,-0.0204686,-0.0031750),(0.0006381,-0.0208197,-0.0031750),(-0.0000349,-0.0204686,-0.0031750),(0.0000508,-0.0204262,-0.0031750),(0.0007350,-0.0208752,-0.0031750),(0.0006381,-0.0208197,-0.0031750),(0.0000508,-0.0204262,-0.0031750),(0.0007350,-0.0208752,-0.0031750),(0.0000508,-0.0204262,-0.0031750),(0.0001394,-0.0203932,-0.0031750),(0.0014612,-0.0214016,-0.0031750),(0.0007350,-0.0208752,-0.0031750),(0.0001394,-0.0203932,-0.0031750),(0.0014612,-0.0214016,-0.0031750),(0.0001394,-0.0203932,-0.0031750),(0.0002310,-0.0203697,-0.0031750),(0.0014612,-0.0214016,-0.0031750),(0.0002310,-0.0203697,-0.0031750),(0.0003256,-0.0203555,-0.0031750),(0.0014612,-0.0214016,-0.0031750),(0.0003256,-0.0203555,-0.0031750),(0.0004230,-0.0203508,-0.0031750),(0.0014612,-0.0214016,-0.0031750),(0.0004230,-0.0203508,-0.0031750),(0.0005222,-0.0203554,-0.0031750),(0.0014612,-0.0214016,-0.0031750),(0.0005222,-0.0203554,-0.0031750),(0.0006181,-0.0203693,-0.0031750),(0.0014612,-0.0214016,-0.0031750),(0.0006181,-0.0203693,-0.0031750),(0.0007107,-0.0203925,-0.0031750),(0.0014612,-0.0214016,-0.0031750),(0.0007107,-0.0203925,-0.0031750),(0.0008001,-0.0204249,-0.0031750),(0.0014612,-0.0214016,-0.0031750),(0.0008001,-0.0204249,-0.0031750),(0.0008861,-0.0204666,-0.0031750),(0.0014612,-0.0214016,-0.0031750),(0.0008861,-0.0204666,-0.0031750),(0.0009689,-0.0205175,-0.0031750),(0.0014612,-0.0214016,-0.0031750),(0.0009689,-0.0205175,-0.0031750),(0.0010485,-0.0205777,-0.0031750),(0.0014612,-0.0214016,-0.0031750),(0.0010485,-0.0205777,-0.0031750),(0.0011247,-0.0206472,-0.0031750),(0.0014612,-0.0214016,-0.0031750),(0.0011247,-0.0206472,-0.0031750),(0.0012048,-0.0207365,-0.0031750),(0.0014612,-0.0214016,-0.0031750),(0.0012048,-0.0207365,-0.0031750),(0.0012743,-0.0208320,-0.0031750),(0.0014612,-0.0214016,-0.0031750),(0.0012743,-0.0208320,-0.0031750),(0.0013330,-0.0209336,-0.0031750),(0.0014612,-0.0214016,-0.0031750),(0.0013330,-0.0209336,-0.0031750),(0.0013811,-0.0210414,-0.0031750),(0.0014612,-0.0214016,-0.0031750),(0.0013811,-0.0210414,-0.0031750),(0.0014185,-0.0211553,-0.0031750),(0.0014612,-0.0214016,-0.0031750),(0.0014185,-0.0211553,-0.0031750),(0.0014452,-0.0212754,-0.0031750),(0.0061558,-0.0241876,-0.0031750),(0.0060936,-0.0241217,-0.0031750),(0.0060375,-0.0240490,-0.0031750),(0.0061558,-0.0241876,-0.0031750),(0.0060375,-0.0240490,-0.0031750),(0.0059889,-0.0239719,-0.0031750),(0.0061558,-0.0241876,-0.0031750),(0.0059889,-0.0239719,-0.0031750),(0.0059478,-0.0238903,-0.0031750),(0.0061558,-0.0241876,-0.0031750),(0.0059478,-0.0238903,-0.0031750),(0.0059142,-0.0238042,-0.0031750),(0.0061558,-0.0241876,-0.0031750),(0.0059142,-0.0238042,-0.0031750),(0.0058880,-0.0237135,-0.0031750),(0.0061558,-0.0241876,-0.0031750),(0.0058880,-0.0237135,-0.0031750),(0.0058693,-0.0236184,-0.0031750),(0.0061558,-0.0241876,-0.0031750),(0.0058693,-0.0236184,-0.0031750),(0.0058581,-0.0235188,-0.0031750),(0.0061558,-0.0241876,-0.0031750),(0.0058581,-0.0235188,-0.0031750),(0.0058544,-0.0234147,-0.0031750),(0.0061558,-0.0241876,-0.0031750),(0.0058544,-0.0234147,-0.0031750),(0.0058581,-0.0233105,-0.0031750),(0.0061558,-0.0241876,-0.0031750),(0.0058581,-0.0233105,-0.0031750),(0.0058693,-0.0232101,-0.0031750),(0.0061558,-0.0241876,-0.0031750),(0.0058693,-0.0232101,-0.0031750),(0.0058879,-0.0231135,-0.0031750),(0.0061558,-0.0241876,-0.0031750),(0.0058879,-0.0231135,-0.0031750),(0.0059139,-0.0230207,-0.0031750),(0.0061558,-0.0241876,-0.0031750),(0.0059139,-0.0230207,-0.0031750),(0.0059474,-0.0229317,-0.0031750),(0.0061558,-0.0241876,-0.0031750),(0.0059474,-0.0229317,-0.0031750),(0.0059883,-0.0228466,-0.0031750),(0.0059883,-0.0228466,-0.0031750),(0.0063489,-0.0230686,-0.0031750),(0.0063105,-0.0231713,-0.0031750),(0.0059883,-0.0228466,-0.0031750),(0.0063105,-0.0231713,-0.0031750),(0.0062875,-0.0232866,-0.0031750),(0.0061558,-0.0241876,-0.0031750),(0.0059883,-0.0228466,-0.0031750),(0.0062875,-0.0232866,-0.0031750),(0.0061558,-0.0241876,-0.0031750),(0.0062875,-0.0232866,-0.0031750),(0.0062799,-0.0234147,-0.0031750),(0.0061558,-0.0241876,-0.0031750),(0.0062799,-0.0234147,-0.0031750),(0.0062876,-0.0235402,-0.0031750),(0.0061558,-0.0241876,-0.0031750),(0.0062876,-0.0235402,-0.0031750),(0.0063108,-0.0236510,-0.0031750),(0.0061558,-0.0241876,-0.0031750),(0.0063108,-0.0236510,-0.0031750),(0.0063495,-0.0237471,-0.0031750),(0.0061558,-0.0241876,-0.0031750),(0.0063495,-0.0237471,-0.0031750),(0.0064037,-0.0238285,-0.0031750),(0.0061558,-0.0241876,-0.0031750),(0.0064037,-0.0238285,-0.0031750),(0.0064702,-0.0238933,-0.0031750),(0.0061558,-0.0241876,-0.0031750),(0.0064702,-0.0238933,-0.0031750),(0.0065460,-0.0239396,-0.0031750),(0.0061558,-0.0241876,-0.0031750),(0.0065460,-0.0239396,-0.0031750),(0.0066311,-0.0239674,-0.0031750),(0.0061558,-0.0241876,-0.0031750),(0.0066311,-0.0239674,-0.0031750),(0.0067254,-0.0239767,-0.0031750),(0.0061558,-0.0241876,-0.0031750),(0.0067254,-0.0239767,-0.0031750),(0.0068197,-0.0239674,-0.0031750),(0.0061558,-0.0241876,-0.0031750),(0.0068197,-0.0239674,-0.0031750),(0.0069048,-0.0239396,-0.0031750),(0.0064026,-0.0229787,-0.0031750),(0.0063489,-0.0230686,-0.0031750),(0.0059883,-0.0228466,-0.0031750),(0.0064653,-0.0229138,-0.0031750),(0.0064026,-0.0229787,-0.0031750),(0.0059883,-0.0228466,-0.0031750),(0.0065349,-0.0228675,-0.0031750),(0.0064653,-0.0229138,-0.0031750),(0.0059883,-0.0228466,-0.0031750),(0.0066114,-0.0228398,-0.0031750),(0.0065349,-0.0228675,-0.0031750),(0.0059883,-0.0228466,-0.0031750),(0.0066947,-0.0228305,-0.0031750),(0.0066114,-0.0228398,-0.0031750),(0.0059883,-0.0228466,-0.0031750),(0.0066947,-0.0228305,-0.0031750),(0.0059883,-0.0228466,-0.0031750),(0.0060367,-0.0227652,-0.0031750),(0.0067572,-0.0228305,-0.0031750),(0.0066947,-0.0228305,-0.0031750),(0.0060367,-0.0227652,-0.0031750),(0.0067572,-0.0228305,-0.0031750),(0.0060367,-0.0227652,-0.0031750),(0.0060925,-0.0226876,-0.0031750),(0.0068420,-0.0228398,-0.0031750),(0.0067572,-0.0228305,-0.0031750),(0.0060925,-0.0226876,-0.0031750),(0.0068420,-0.0228398,-0.0031750),(0.0060925,-0.0226876,-0.0031750),(0.0061412,-0.0226389,-0.0031750),(0.0068420,-0.0228398,-0.0031750),(0.0061412,-0.0226389,-0.0031750),(0.0060560,-0.0225627,-0.0031750),(0.0068420,-0.0228398,-0.0031750),(0.0060560,-0.0225627,-0.0031750),(0.0059719,-0.0224696,-0.0031750),(0.0069188,-0.0228675,-0.0031750),(0.0068420,-0.0228398,-0.0031750),(0.0059719,-0.0224696,-0.0031750),(0.0069188,-0.0228675,-0.0031750),(0.0059719,-0.0224696,-0.0031750),(0.0059047,-0.0223773,-0.0031750),(0.0069188,-0.0228675,-0.0031750),(0.0059047,-0.0223773,-0.0031750),(0.0058464,-0.0222796,-0.0031750),(0.0069188,-0.0228675,-0.0031750),(0.0058464,-0.0222796,-0.0031750),(0.0057971,-0.0221767,-0.0031750),(0.0069188,-0.0228675,-0.0031750),(0.0057971,-0.0221767,-0.0031750),(0.0057568,-0.0220685,-0.0031750),(0.0069875,-0.0229138,-0.0031750),(0.0069188,-0.0228675,-0.0031750),(0.0057568,-0.0220685,-0.0031750),(0.0069875,-0.0229138,-0.0031750),(0.0057568,-0.0220685,-0.0031750),(0.0057254,-0.0219550,-0.0031750),(0.0069875,-0.0229138,-0.0031750),(0.0057254,-0.0219550,-0.0031750),(0.0057030,-0.0218362,-0.0031750),(0.0069875,-0.0229138,-0.0031750),(0.0057030,-0.0218362,-0.0031750),(0.0056895,-0.0217121,-0.0031750),(0.0069875,-0.0229138,-0.0031750),(0.0056895,-0.0217121,-0.0031750),(0.0056851,-0.0215827,-0.0031750),(0.0056851,-0.0215827,-0.0031750),(0.0056896,-0.0214546,-0.0031750),(0.0057031,-0.0213318,-0.0031750),(0.0056851,-0.0215827,-0.0031750),(0.0057031,-0.0213318,-0.0031750),(0.0057257,-0.0212143,-0.0031750),(0.0056851,-0.0215827,-0.0031750),(0.0057257,-0.0212143,-0.0031750),(0.0057573,-0.0211020,-0.0031750),(0.0056851,-0.0215827,-0.0031750),(0.0057573,-0.0211020,-0.0031750),(0.0057979,-0.0209949,-0.0031750),(0.0056851,-0.0215827,-0.0031750),(0.0057979,-0.0209949,-0.0031750),(0.0058476,-0.0208931,-0.0031750),(0.0056851,-0.0215827,-0.0031750),(0.0058476,-0.0208931,-0.0031750),(0.0059063,-0.0207966,-0.0031750),(0.0056851,-0.0215827,-0.0031750),(0.0059063,-0.0207966,-0.0031750),(0.0059740,-0.0207054,-0.0031750),(0.0056851,-0.0215827,-0.0031750),(0.0059740,-0.0207054,-0.0031750),(0.0060487,-0.0206230,-0.0031750),(0.0056851,-0.0215827,-0.0031750),(0.0060487,-0.0206230,-0.0031750),(0.0061289,-0.0205516,-0.0031750),(0.0056851,-0.0215827,-0.0031750),(0.0061289,-0.0205516,-0.0031750),(0.0062146,-0.0204912,-0.0031750),(0.0056851,-0.0215827,-0.0031750),(0.0062146,-0.0204912,-0.0031750),(0.0063058,-0.0204418,-0.0031750),(0.0056851,-0.0215827,-0.0031750),(0.0063058,-0.0204418,-0.0031750),(0.0064025,-0.0204034,-0.0031750),(0.0056851,-0.0215827,-0.0031750),(0.0064025,-0.0204034,-0.0031750),(0.0065046,-0.0203760,-0.0031750),(0.0056851,-0.0215827,-0.0031750),(0.0065046,-0.0203760,-0.0031750),(0.0066123,-0.0203595,-0.0031750),(0.0056851,-0.0215827,-0.0031750),(0.0066123,-0.0203595,-0.0031750),(0.0067254,-0.0203540,-0.0031750),(0.0056851,-0.0215827,-0.0031750),(0.0067254,-0.0203540,-0.0031750),(0.0068388,-0.0203595,-0.0031750),(0.0068388,-0.0203595,-0.0031750),(0.0069466,-0.0203760,-0.0031750),(0.0070489,-0.0204034,-0.0031750),(0.0068388,-0.0203595,-0.0031750),(0.0070489,-0.0204034,-0.0031750),(0.0071456,-0.0204418,-0.0031750),(0.0068388,-0.0203595,-0.0031750),(0.0071456,-0.0204418,-0.0031750),(0.0072367,-0.0204912,-0.0031750),(0.0068388,-0.0203595,-0.0031750),(0.0072367,-0.0204912,-0.0031750),(0.0073223,-0.0205516,-0.0031750),(0.0068388,-0.0203595,-0.0031750),(0.0073223,-0.0205516,-0.0031750),(0.0074023,-0.0206230,-0.0031750),(0.0068388,-0.0203595,-0.0031750),(0.0074023,-0.0206230,-0.0031750),(0.0074768,-0.0207054,-0.0031750),(0.0068388,-0.0203595,-0.0031750),(0.0074768,-0.0207054,-0.0031750),(0.0075445,-0.0207966,-0.0031750),(0.0068388,-0.0203595,-0.0031750),(0.0075445,-0.0207966,-0.0031750),(0.0076032,-0.0208931,-0.0031750),(0.0068388,-0.0203595,-0.0031750),(0.0076032,-0.0208931,-0.0031750),(0.0076529,-0.0209949,-0.0031750),(0.0068388,-0.0203595,-0.0031750),(0.0076529,-0.0209949,-0.0031750),(0.0076935,-0.0211020,-0.0031750),(0.0068388,-0.0203595,-0.0031750),(0.0076935,-0.0211020,-0.0031750),(0.0077251,-0.0212143,-0.0031750),(0.0068388,-0.0203595,-0.0031750),(0.0077251,-0.0212143,-0.0031750),(0.0077477,-0.0213318,-0.0031750),(0.0068388,-0.0203595,-0.0031750),(0.0077477,-0.0213318,-0.0031750),(0.0077612,-0.0214546,-0.0031750),(0.0068388,-0.0203595,-0.0031750),(0.0077612,-0.0214546,-0.0031750),(0.0077658,-0.0215827,-0.0031750),(0.0068388,-0.0203595,-0.0031750),(0.0077658,-0.0215827,-0.0031750),(0.0077613,-0.0217121,-0.0031750),(0.0068388,-0.0203595,-0.0031750),(0.0077613,-0.0217121,-0.0031750),(0.0077478,-0.0218362,-0.0031750),(0.0068388,-0.0203595,-0.0031750),(0.0077478,-0.0218362,-0.0031750),(0.0077254,-0.0219550,-0.0031750),(0.0077254,-0.0219550,-0.0031750),(0.0076940,-0.0220685,-0.0031750),(0.0076537,-0.0221767,-0.0031750),(0.0077254,-0.0219550,-0.0031750),(0.0076537,-0.0221767,-0.0031750),(0.0076044,-0.0222796,-0.0031750),(0.0077254,-0.0219550,-0.0031750),(0.0076044,-0.0222796,-0.0031750),(0.0072406,-0.0220600,-0.0031750),(0.0077254,-0.0219550,-0.0031750),(0.0072406,-0.0220600,-0.0031750),(0.0072948,-0.0219190,-0.0031750),(0.0077254,-0.0219550,-0.0031750),(0.0072948,-0.0219190,-0.0031750),(0.0073273,-0.0217599,-0.0031750),(0.0077254,-0.0219550,-0.0031750),(0.0073273,-0.0217599,-0.0031750),(0.0073355,-0.0216736,-0.0031750),(0.0077254,-0.0219550,-0.0031750),(0.0073355,-0.0216736,-0.0031750),(0.0073382,-0.0215827,-0.0031750),(0.0077254,-0.0219550,-0.0031750),(0.0073382,-0.0215827,-0.0031750),(0.0073354,-0.0214920,-0.0031750),(0.0077254,-0.0219550,-0.0031750),(0.0073354,-0.0214920,-0.0031750),(0.0073271,-0.0214062,-0.0031750),(0.0077254,-0.0219550,-0.0031750),(0.0073271,-0.0214062,-0.0031750),(0.0073132,-0.0213253,-0.0031750),(0.0077254,-0.0219550,-0.0031750),(0.0073132,-0.0213253,-0.0031750),(0.0072937,-0.0212493,-0.0031750),(0.0077254,-0.0219550,-0.0031750),(0.0072937,-0.0212493,-0.0031750),(0.0072382,-0.0211120,-0.0031750),(0.0068388,-0.0203595,-0.0031750),(0.0077254,-0.0219550,-0.0031750),(0.0072382,-0.0211120,-0.0031750),(0.0068388,-0.0203595,-0.0031750),(0.0072382,-0.0211120,-0.0031750),(0.0071604,-0.0209943,-0.0031750),(0.0068388,-0.0203595,-0.0031750),(0.0071604,-0.0209943,-0.0031750),(0.0070669,-0.0209003,-0.0031750),(0.0068388,-0.0203595,-0.0031750),(0.0070669,-0.0209003,-0.0031750),(0.0069633,-0.0208332,-0.0031750),(0.0068388,-0.0203595,-0.0031750),(0.0069633,-0.0208332,-0.0031750),(0.0068494,-0.0207929,-0.0031750),(0.0068388,-0.0203595,-0.0031750),(0.0068494,-0.0207929,-0.0031750),(0.0067254,-0.0207794,-0.0031750),(0.0068388,-0.0203595,-0.0031750),(0.0067254,-0.0207794,-0.0031750),(0.0066014,-0.0207929,-0.0031750),(0.0068388,-0.0203595,-0.0031750),(0.0066014,-0.0207929,-0.0031750),(0.0064875,-0.0208332,-0.0031750),(0.0068388,-0.0203595,-0.0031750),(0.0064875,-0.0208332,-0.0031750),(0.0063839,-0.0209003,-0.0031750),(0.0056851,-0.0215827,-0.0031750),(0.0068388,-0.0203595,-0.0031750),(0.0063839,-0.0209003,-0.0031750),(0.0056851,-0.0215827,-0.0031750),(0.0063839,-0.0209003,-0.0031750),(0.0062904,-0.0209943,-0.0031750),(0.0056851,-0.0215827,-0.0031750),(0.0062904,-0.0209943,-0.0031750),(0.0062131,-0.0211120,-0.0031750),(0.0056851,-0.0215827,-0.0031750),(0.0062131,-0.0211120,-0.0031750),(0.0061579,-0.0212493,-0.0031750),(0.0056851,-0.0215827,-0.0031750),(0.0061579,-0.0212493,-0.0031750),(0.0061247,-0.0214062,-0.0031750),(0.0056851,-0.0215827,-0.0031750),(0.0061247,-0.0214062,-0.0031750),(0.0061165,-0.0214920,-0.0031750),(0.0056851,-0.0215827,-0.0031750),(0.0061165,-0.0214920,-0.0031750),(0.0061137,-0.0215827,-0.0031750),(0.0056851,-0.0215827,-0.0031750),(0.0061137,-0.0215827,-0.0031750),(0.0061164,-0.0216736,-0.0031750),(0.0056851,-0.0215827,-0.0031750),(0.0061164,-0.0216736,-0.0031750),(0.0061245,-0.0217599,-0.0031750),(0.0056851,-0.0215827,-0.0031750),(0.0061245,-0.0217599,-0.0031750),(0.0061381,-0.0218417,-0.0031750),(0.0056851,-0.0215827,-0.0031750),(0.0061381,-0.0218417,-0.0031750),(0.0061571,-0.0219190,-0.0031750),(0.0056851,-0.0215827,-0.0031750),(0.0061571,-0.0219190,-0.0031750),(0.0062113,-0.0220600,-0.0031750),(0.0056851,-0.0215827,-0.0031750),(0.0062113,-0.0220600,-0.0031750),(0.0062873,-0.0221828,-0.0031750),(0.0056851,-0.0215827,-0.0031750),(0.0062873,-0.0221828,-0.0031750),(0.0063797,-0.0222800,-0.0031750),(0.0069875,-0.0229138,-0.0031750),(0.0056851,-0.0215827,-0.0031750),(0.0063797,-0.0222800,-0.0031750),(0.0069875,-0.0229138,-0.0031750),(0.0063797,-0.0222800,-0.0031750),(0.0064836,-0.0223495,-0.0031750),(0.0070482,-0.0229787,-0.0031750),(0.0069875,-0.0229138,-0.0031750),(0.0064836,-0.0223495,-0.0031750),(0.0070482,-0.0229787,-0.0031750),(0.0064836,-0.0223495,-0.0031750),(0.0065988,-0.0223912,-0.0031750),(0.0070482,-0.0229787,-0.0031750),(0.0065988,-0.0223912,-0.0031750),(0.0067254,-0.0224050,-0.0031750),(0.0071019,-0.0230686,-0.0031750),(0.0070482,-0.0229787,-0.0031750),(0.0067254,-0.0224050,-0.0031750),(0.0071019,-0.0230686,-0.0031750),(0.0067254,-0.0224050,-0.0031750),(0.0068525,-0.0223912,-0.0031750),(0.0071403,-0.0231713,-0.0031750),(0.0071019,-0.0230686,-0.0031750),(0.0068525,-0.0223912,-0.0031750),(0.0071403,-0.0231713,-0.0031750),(0.0068525,-0.0223912,-0.0031750),(0.0069680,-0.0223495,-0.0031750),(0.0071403,-0.0231713,-0.0031750),(0.0069680,-0.0223495,-0.0031750),(0.0070721,-0.0222800,-0.0031750),(0.0071633,-0.0232866,-0.0031750),(0.0071403,-0.0231713,-0.0031750),(0.0070721,-0.0222800,-0.0031750),(0.0071633,-0.0232866,-0.0031750),(0.0070721,-0.0222800,-0.0031750),(0.0071646,-0.0221828,-0.0031750),(0.0071710,-0.0234147,-0.0031750),(0.0071633,-0.0232866,-0.0031750),(0.0071646,-0.0221828,-0.0031750),(0.0071710,-0.0234147,-0.0031750),(0.0071646,-0.0221828,-0.0031750),(0.0072406,-0.0220600,-0.0031750),(0.0072406,-0.0220600,-0.0031750),(0.0076044,-0.0222796,-0.0031750),(0.0075462,-0.0223773,-0.0031750),(0.0072406,-0.0220600,-0.0031750),(0.0075462,-0.0223773,-0.0031750),(0.0074789,-0.0224696,-0.0031750),(0.0072406,-0.0220600,-0.0031750),(0.0074789,-0.0224696,-0.0031750),(0.0073951,-0.0225627,-0.0031750),(0.0072406,-0.0220600,-0.0031750),(0.0073951,-0.0225627,-0.0031750),(0.0073107,-0.0226389,-0.0031750),(0.0071710,-0.0234147,-0.0031750),(0.0072406,-0.0220600,-0.0031750),(0.0073107,-0.0226389,-0.0031750),(0.0071632,-0.0235402,-0.0031750),(0.0071710,-0.0234147,-0.0031750),(0.0073107,-0.0226389,-0.0031750),(0.0071632,-0.0235402,-0.0031750),(0.0073107,-0.0226389,-0.0031750),(0.0073583,-0.0226876,-0.0031750),(0.0071400,-0.0236510,-0.0031750),(0.0071632,-0.0235402,-0.0031750),(0.0073583,-0.0226876,-0.0031750),(0.0071400,-0.0236510,-0.0031750),(0.0073583,-0.0226876,-0.0031750),(0.0074144,-0.0227652,-0.0031750),(0.0071400,-0.0236510,-0.0031750),(0.0074144,-0.0227652,-0.0031750),(0.0074629,-0.0228466,-0.0031750),(0.0071400,-0.0236510,-0.0031750),(0.0074629,-0.0228466,-0.0031750),(0.0075040,-0.0229317,-0.0031750),(0.0071013,-0.0237471,-0.0031750),(0.0071400,-0.0236510,-0.0031750),(0.0075040,-0.0229317,-0.0031750),(0.0071013,-0.0237471,-0.0031750),(0.0075040,-0.0229317,-0.0031750),(0.0075377,-0.0230207,-0.0031750),(0.0071013,-0.0237471,-0.0031750),(0.0075377,-0.0230207,-0.0031750),(0.0075638,-0.0231135,-0.0031750),(0.0070471,-0.0238285,-0.0031750),(0.0071013,-0.0237471,-0.0031750),(0.0075638,-0.0231135,-0.0031750),(0.0070471,-0.0238285,-0.0031750),(0.0075638,-0.0231135,-0.0031750),(0.0075825,-0.0232101,-0.0031750),(0.0070471,-0.0238285,-0.0031750),(0.0075825,-0.0232101,-0.0031750),(0.0075937,-0.0233105,-0.0031750),(0.0069806,-0.0238933,-0.0031750),(0.0070471,-0.0238285,-0.0031750),(0.0075937,-0.0233105,-0.0031750),(0.0069806,-0.0238933,-0.0031750),(0.0075937,-0.0233105,-0.0031750),(0.0075975,-0.0234147,-0.0031750),(0.0069806,-0.0238933,-0.0031750),(0.0075975,-0.0234147,-0.0031750),(0.0075937,-0.0235188,-0.0031750),(0.0069806,-0.0238933,-0.0031750),(0.0075937,-0.0235188,-0.0031750),(0.0075825,-0.0236184,-0.0031750),(0.0069048,-0.0239396,-0.0031750),(0.0069806,-0.0238933,-0.0031750),(0.0075825,-0.0236184,-0.0031750),(0.0069048,-0.0239396,-0.0031750),(0.0075825,-0.0236184,-0.0031750),(0.0075637,-0.0237135,-0.0031750),(0.0069048,-0.0239396,-0.0031750),(0.0075637,-0.0237135,-0.0031750),(0.0075374,-0.0238042,-0.0031750),(0.0061558,-0.0241876,-0.0031750),(0.0069048,-0.0239396,-0.0031750),(0.0075374,-0.0238042,-0.0031750),(0.0061558,-0.0241876,-0.0031750),(0.0075374,-0.0238042,-0.0031750),(0.0075036,-0.0238903,-0.0031750),(0.0061558,-0.0241876,-0.0031750),(0.0075036,-0.0238903,-0.0031750),(0.0074623,-0.0239719,-0.0031750),(0.0061558,-0.0241876,-0.0031750),(0.0074623,-0.0239719,-0.0031750),(0.0074135,-0.0240490,-0.0031750),(0.0061558,-0.0241876,-0.0031750),(0.0074135,-0.0240490,-0.0031750),(0.0073572,-0.0241217,-0.0031750),(0.0061558,-0.0241876,-0.0031750),(0.0073572,-0.0241217,-0.0031750),(0.0072950,-0.0241876,-0.0031750),(0.0061558,-0.0241876,-0.0031750),(0.0072950,-0.0241876,-0.0031750),(0.0072281,-0.0242448,-0.0031750),(0.0061558,-0.0241876,-0.0031750),(0.0072281,-0.0242448,-0.0031750),(0.0071563,-0.0242932,-0.0031750),(0.0061558,-0.0241876,-0.0031750),(0.0071563,-0.0242932,-0.0031750),(0.0070797,-0.0243328,-0.0031750),(0.0061558,-0.0241876,-0.0031750),(0.0070797,-0.0243328,-0.0031750),(0.0069983,-0.0243636,-0.0031750),(0.0061558,-0.0241876,-0.0031750),(0.0069983,-0.0243636,-0.0031750),(0.0069121,-0.0243856,-0.0031750),(0.0061558,-0.0241876,-0.0031750),(0.0069121,-0.0243856,-0.0031750),(0.0068212,-0.0243988,-0.0031750),(0.0061558,-0.0241876,-0.0031750),(0.0068212,-0.0243988,-0.0031750),(0.0067254,-0.0244032,-0.0031750),(0.0061558,-0.0241876,-0.0031750),(0.0067254,-0.0244032,-0.0031750),(0.0066296,-0.0243988,-0.0031750),(0.0061558,-0.0241876,-0.0031750),(0.0066296,-0.0243988,-0.0031750),(0.0065387,-0.0243856,-0.0031750),(0.0061558,-0.0241876,-0.0031750),(0.0065387,-0.0243856,-0.0031750),(0.0064525,-0.0243636,-0.0031750),(0.0061558,-0.0241876,-0.0031750),(0.0064525,-0.0243636,-0.0031750),(0.0063711,-0.0243328,-0.0031750),(0.0061558,-0.0241876,-0.0031750),(0.0063711,-0.0243328,-0.0031750),(0.0062946,-0.0242932,-0.0031750),(0.0061558,-0.0241876,-0.0031750),(0.0062946,-0.0242932,-0.0031750),(0.0062228,-0.0242448,-0.0031750),(0.0097300,-0.0244095,-0.0031750),(0.0096125,-0.0243630,-0.0031750),(0.0090051,-0.0238613,-0.0031750),(0.0097300,-0.0244095,-0.0031750),(0.0090051,-0.0238613,-0.0031750),(0.0089474,-0.0237936,-0.0031750),(0.0097300,-0.0244095,-0.0031750),(0.0089474,-0.0237936,-0.0031750),(0.0089225,-0.0237216,-0.0031750),(0.0097300,-0.0244095,-0.0031750),(0.0089225,-0.0237216,-0.0031750),(0.0089225,-0.0236877,-0.0031750),(0.0097300,-0.0244095,-0.0031750),(0.0089225,-0.0236877,-0.0031750),(0.0089564,-0.0235597,-0.0031750),(0.0097300,-0.0244095,-0.0031750),(0.0089564,-0.0235597,-0.0031750),(0.0090156,-0.0235028,-0.0031750),(0.0097300,-0.0244095,-0.0031750),(0.0090156,-0.0235028,-0.0031750),(0.0090961,-0.0234740,-0.0031750),(0.0097300,-0.0244095,-0.0031750),(0.0090961,-0.0234740,-0.0031750),(0.0091374,-0.0234718,-0.0031750),(0.0097300,-0.0244095,-0.0031750),(0.0091374,-0.0234718,-0.0031750),(0.0092527,-0.0235089,-0.0031750),(0.0097300,-0.0244095,-0.0031750),(0.0092527,-0.0235089,-0.0031750),(0.0095236,-0.0237481,-0.0031750),(0.0097300,-0.0244095,-0.0031750),(0.0095236,-0.0237481,-0.0031750),(0.0095236,-0.0205625,-0.0031750),(0.0097300,-0.0244095,-0.0031750),(0.0095236,-0.0205625,-0.0031750),(0.0095390,-0.0204805,-0.0031750),(0.0097300,-0.0244095,-0.0031750),(0.0095390,-0.0204805,-0.0031750),(0.0095850,-0.0204122,-0.0031750),(0.0097300,-0.0244095,-0.0031750),(0.0095850,-0.0204122,-0.0031750),(0.0096533,-0.0203662,-0.0031750),(0.0097300,-0.0244095,-0.0031750),(0.0096533,-0.0203662,-0.0031750),(0.0097353,-0.0203508,-0.0031750),(0.0097300,-0.0244095,-0.0031750),(0.0097353,-0.0203508,-0.0031750),(0.0098181,-0.0203662,-0.0031750),(0.0097300,-0.0244095,-0.0031750),(0.0098181,-0.0203662,-0.0031750),(0.0098867,-0.0204122,-0.0031750),(0.0097300,-0.0244095,-0.0031750),(0.0098867,-0.0204122,-0.0031750),(0.0099327,-0.0204805,-0.0031750),(0.0097300,-0.0244095,-0.0031750),(0.0099327,-0.0204805,-0.0031750),(0.0099480,-0.0205625,-0.0031750),(0.0097300,-0.0244095,-0.0031750),(0.0099480,-0.0205625,-0.0031750),(0.0099480,-0.0241894,-0.0031750),(0.0097300,-0.0244095,-0.0031750),(0.0099480,-0.0241894,-0.0031750),(0.0099197,-0.0243026,-0.0031750),(0.0097300,-0.0244095,-0.0031750),(0.0099197,-0.0243026,-0.0031750),(0.0098348,-0.0243778,-0.0031750),(0.0019248,-0.0203812,-0.0031750),(0.0019978,-0.0202746,-0.0031750),(0.0021045,-0.0202016,-0.0031750),(0.0019248,-0.0203812,-0.0031750),(0.0021045,-0.0202016,-0.0031750),(0.0022296,-0.0201773,-0.0031750),(0.0019248,-0.0203812,-0.0031750),(0.0022296,-0.0201773,-0.0031750),(0.0023545,-0.0202016,-0.0031750),(0.0019248,-0.0203812,-0.0031750),(0.0023545,-0.0202016,-0.0031750),(0.0024603,-0.0202746,-0.0031750),(0.0019248,-0.0203812,-0.0031750),(0.0024603,-0.0202746,-0.0031750),(0.0025334,-0.0203812,-0.0031750),(0.0019248,-0.0203812,-0.0031750),(0.0025334,-0.0203812,-0.0031750),(0.0025577,-0.0205064,-0.0031750),(0.0019248,-0.0203812,-0.0031750),(0.0025577,-0.0205064,-0.0031750),(0.0025334,-0.0206315,-0.0031750),(0.0019248,-0.0203812,-0.0031750),(0.0025334,-0.0206315,-0.0031750),(0.0024603,-0.0207382,-0.0031750),(0.0019248,-0.0203812,-0.0031750),(0.0024603,-0.0207382,-0.0031750),(0.0023545,-0.0208112,-0.0031750),(0.0019248,-0.0203812,-0.0031750),(0.0023545,-0.0208112,-0.0031750),(0.0022296,-0.0208355,-0.0031750),(0.0019248,-0.0203812,-0.0031750),(0.0022296,-0.0208355,-0.0031750),(0.0021045,-0.0208112,-0.0031750),(0.0019248,-0.0203812,-0.0031750),(0.0021045,-0.0208112,-0.0031750),(0.0019978,-0.0207382,-0.0031750),(0.0019248,-0.0203812,-0.0031750),(0.0019978,-0.0207382,-0.0031750),(0.0019248,-0.0206315,-0.0031750),(0.0019248,-0.0203812,-0.0031750),(0.0019248,-0.0206315,-0.0031750),(0.0019005,-0.0205064,-0.0031750),(0.0203358,-0.0221336,-0.0031750),(0.0217179,-0.0203439,-0.0031750),(0.0217902,-0.0202820,-0.0031750),(0.0203358,-0.0221336,-0.0031750),(0.0217902,-0.0202820,-0.0031750),(0.0218820,-0.0202614,-0.0031750),(0.0203358,-0.0221336,-0.0031750),(0.0218820,-0.0202614,-0.0031750),(0.0220143,-0.0203069,-0.0031750),(0.0203358,-0.0221336,-0.0031750),(0.0220143,-0.0203069,-0.0031750),(0.0220786,-0.0203805,-0.0031750),(0.0203358,-0.0221336,-0.0031750),(0.0220786,-0.0203805,-0.0031750),(0.0221000,-0.0204762,-0.0031750),(0.0203358,-0.0221336,-0.0031750),(0.0221000,-0.0204762,-0.0031750),(0.0220556,-0.0206085,-0.0031750),(0.0203358,-0.0221336,-0.0031750),(0.0220556,-0.0206085,-0.0031750),(0.0208797,-0.0221336,-0.0031750),(0.0208797,-0.0221336,-0.0031750),(0.0209655,-0.0221336,-0.0031750),(0.0210847,-0.0221387,-0.0031750),(0.0203358,-0.0221336,-0.0031750),(0.0208797,-0.0221336,-0.0031750),(0.0210847,-0.0221387,-0.0031750),(0.0194722,-0.0221336,-0.0031750),(0.0203358,-0.0221336,-0.0031750),(0.0210847,-0.0221387,-0.0031750),(0.0194722,-0.0221336,-0.0031750),(0.0210847,-0.0221387,-0.0031750),(0.0211985,-0.0221540,-0.0031750),(0.0194722,-0.0221336,-0.0031750),(0.0211985,-0.0221540,-0.0031750),(0.0213068,-0.0221796,-0.0031750),(0.0194722,-0.0221336,-0.0031750),(0.0213068,-0.0221796,-0.0031750),(0.0214097,-0.0222153,-0.0031750),(0.0194722,-0.0221336,-0.0031750),(0.0214097,-0.0222153,-0.0031750),(0.0215071,-0.0222613,-0.0031750),(0.0194722,-0.0221336,-0.0031750),(0.0215071,-0.0222613,-0.0031750),(0.0215991,-0.0223175,-0.0031750),(0.0194722,-0.0221336,-0.0031750),(0.0215991,-0.0223175,-0.0031750),(0.0216856,-0.0223840,-0.0031750),(0.0194722,-0.0221336,-0.0031750),(0.0216856,-0.0223840,-0.0031750),(0.0217666,-0.0224606,-0.0031750),(0.0194722,-0.0221336,-0.0031750),(0.0217666,-0.0224606,-0.0031750),(0.0218430,-0.0225503,-0.0031750),(0.0194722,-0.0221336,-0.0031750),(0.0218430,-0.0225503,-0.0031750),(0.0219092,-0.0226428,-0.0031750),(0.0194722,-0.0221336,-0.0031750),(0.0219092,-0.0226428,-0.0031750),(0.0219653,-0.0227379,-0.0031750),(0.0219653,-0.0227379,-0.0031750),(0.0220111,-0.0228358,-0.0031750),(0.0216155,-0.0229850,-0.0031750),(0.0219653,-0.0227379,-0.0031750),(0.0216155,-0.0229850,-0.0031750),(0.0215511,-0.0228674,-0.0031750),(0.0219653,-0.0227379,-0.0031750),(0.0215511,-0.0228674,-0.0031750),(0.0214608,-0.0227612,-0.0031750),(0.0219653,-0.0227379,-0.0031750),(0.0214608,-0.0227612,-0.0031750),(0.0213508,-0.0226732,-0.0031750),(0.0219653,-0.0227379,-0.0031750),(0.0213508,-0.0226732,-0.0031750),(0.0212316,-0.0226104,-0.0031750),(0.0219653,-0.0227379,-0.0031750),(0.0212316,-0.0226104,-0.0031750),(0.0211032,-0.0225727,-0.0031750),(0.0194722,-0.0221336,-0.0031750),(0.0219653,-0.0227379,-0.0031750),(0.0211032,-0.0225727,-0.0031750),(0.0194722,-0.0221336,-0.0031750),(0.0211032,-0.0225727,-0.0031750),(0.0209655,-0.0225601,-0.0031750),(0.0194722,-0.0221336,-0.0031750),(0.0209655,-0.0225601,-0.0031750),(0.0194722,-0.0225601,-0.0031750),(0.0216542,-0.0231140,-0.0031750),(0.0216155,-0.0229850,-0.0031750),(0.0220111,-0.0228358,-0.0031750),(0.0216671,-0.0232544,-0.0031750),(0.0216542,-0.0231140,-0.0031750),(0.0220111,-0.0228358,-0.0031750),(0.0216542,-0.0233934,-0.0031750),(0.0216671,-0.0232544,-0.0031750),(0.0220111,-0.0228358,-0.0031750),(0.0216155,-0.0235216,-0.0031750),(0.0216542,-0.0233934,-0.0031750),(0.0220111,-0.0228358,-0.0031750),(0.0215511,-0.0236389,-0.0031750),(0.0216155,-0.0235216,-0.0031750),(0.0220111,-0.0228358,-0.0031750),(0.0215511,-0.0236389,-0.0031750),(0.0220111,-0.0228358,-0.0031750),(0.0220468,-0.0229364,-0.0031750),(0.0215511,-0.0236389,-0.0031750),(0.0220468,-0.0229364,-0.0031750),(0.0220722,-0.0230396,-0.0031750),(0.0214608,-0.0237454,-0.0031750),(0.0215511,-0.0236389,-0.0031750),(0.0220722,-0.0230396,-0.0031750),(0.0214608,-0.0237454,-0.0031750),(0.0220722,-0.0230396,-0.0031750),(0.0220875,-0.0231456,-0.0031750),(0.0214608,-0.0237454,-0.0031750),(0.0220875,-0.0231456,-0.0031750),(0.0220926,-0.0232544,-0.0031750),(0.0213536,-0.0238334,-0.0031750),(0.0214608,-0.0237454,-0.0031750),(0.0220926,-0.0232544,-0.0031750),(0.0213536,-0.0238334,-0.0031750),(0.0220926,-0.0232544,-0.0031750),(0.0220875,-0.0233670,-0.0031750),(0.0213536,-0.0238334,-0.0031750),(0.0220875,-0.0233670,-0.0031750),(0.0220722,-0.0234757,-0.0031750),(0.0212364,-0.0238962,-0.0031750),(0.0213536,-0.0238334,-0.0031750),(0.0220722,-0.0234757,-0.0031750),(0.0212364,-0.0238962,-0.0031750),(0.0220722,-0.0234757,-0.0031750),(0.0220468,-0.0235805,-0.0031750),(0.0212364,-0.0238962,-0.0031750),(0.0220468,-0.0235805,-0.0031750),(0.0220111,-0.0236814,-0.0031750),(0.0211091,-0.0239339,-0.0031750),(0.0212364,-0.0238962,-0.0031750),(0.0220111,-0.0236814,-0.0031750),(0.0211091,-0.0239339,-0.0031750),(0.0220111,-0.0236814,-0.0031750),(0.0219653,-0.0237784,-0.0031750),(0.0211091,-0.0239339,-0.0031750),(0.0219653,-0.0237784,-0.0031750),(0.0219092,-0.0238715,-0.0031750),(0.0209718,-0.0239465,-0.0031750),(0.0211091,-0.0239339,-0.0031750),(0.0219092,-0.0238715,-0.0031750),(0.0209718,-0.0239465,-0.0031750),(0.0219092,-0.0238715,-0.0031750),(0.0218430,-0.0239607,-0.0031750),(0.0194722,-0.0239465,-0.0031750),(0.0209718,-0.0239465,-0.0031750),(0.0218430,-0.0239607,-0.0031750),(0.0194722,-0.0239465,-0.0031750),(0.0218430,-0.0239607,-0.0031750),(0.0217666,-0.0240460,-0.0031750),(0.0194722,-0.0239465,-0.0031750),(0.0217666,-0.0240460,-0.0031750),(0.0216796,-0.0241241,-0.0031750),(0.0194722,-0.0239465,-0.0031750),(0.0216796,-0.0241241,-0.0031750),(0.0215888,-0.0241918,-0.0031750),(0.0194722,-0.0239465,-0.0031750),(0.0215888,-0.0241918,-0.0031750),(0.0214942,-0.0242491,-0.0031750),(0.0194722,-0.0239465,-0.0031750),(0.0214942,-0.0242491,-0.0031750),(0.0213959,-0.0242960,-0.0031750),(0.0194722,-0.0239465,-0.0031750),(0.0213959,-0.0242960,-0.0031750),(0.0212939,-0.0243325,-0.0031750),(0.0194722,-0.0239465,-0.0031750),(0.0212939,-0.0243325,-0.0031750),(0.0211882,-0.0243585,-0.0031750),(0.0194722,-0.0239465,-0.0031750),(0.0211882,-0.0243585,-0.0031750),(0.0210787,-0.0243742,-0.0031750),(0.0194722,-0.0239465,-0.0031750),(0.0210787,-0.0243742,-0.0031750),(0.0209655,-0.0243794,-0.0031750),(0.0194722,-0.0239465,-0.0031750),(0.0209655,-0.0243794,-0.0031750),(0.0192594,-0.0243794,-0.0031750),(0.0194722,-0.0225601,-0.0031750),(0.0194722,-0.0239465,-0.0031750),(0.0192594,-0.0243794,-0.0031750),(0.0194722,-0.0221336,-0.0031750),(0.0194722,-0.0225601,-0.0031750),(0.0192594,-0.0243794,-0.0031750),(0.0194722,-0.0221336,-0.0031750),(0.0192594,-0.0243794,-0.0031750),(0.0191734,-0.0243627,-0.0031750),(0.0194722,-0.0221336,-0.0031750),(0.0191734,-0.0243627,-0.0031750),(0.0191017,-0.0243127,-0.0031750),(0.0194722,-0.0221336,-0.0031750),(0.0191017,-0.0243127,-0.0031750),(0.0190597,-0.0242383,-0.0031750),(0.0194722,-0.0221336,-0.0031750),(0.0190597,-0.0242383,-0.0031750),(0.0190457,-0.0241592,-0.0031750),(0.0194722,-0.0221336,-0.0031750),(0.0190457,-0.0241592,-0.0031750),(0.0190457,-0.0205323,-0.0031750),(0.0194722,-0.0221336,-0.0031750),(0.0190457,-0.0205323,-0.0031750),(0.0190685,-0.0204490,-0.0031750),(0.0194722,-0.0221336,-0.0031750),(0.0190685,-0.0204490,-0.0031750),(0.0191118,-0.0203894,-0.0031750),(0.0194722,-0.0221336,-0.0031750),(0.0191118,-0.0203894,-0.0031750),(0.0192594,-0.0203418,-0.0031750),(0.0194722,-0.0221336,-0.0031750),(0.0192594,-0.0203418,-0.0031750),(0.0193335,-0.0203537,-0.0031750),(0.0194722,-0.0221336,-0.0031750),(0.0193335,-0.0203537,-0.0031750),(0.0193936,-0.0203894,-0.0031750),(0.0194722,-0.0221336,-0.0031750),(0.0193936,-0.0203894,-0.0031750),(0.0194722,-0.0205323,-0.0031750),(0.0180836,-0.0221389,-0.0031750),(0.0180815,-0.0205323,-0.0031750),(0.0180976,-0.0204503,-0.0031750),(0.0180836,-0.0221389,-0.0031750),(0.0180976,-0.0204503,-0.0031750),(0.0181461,-0.0203820,-0.0031750),(0.0180836,-0.0221389,-0.0031750),(0.0181461,-0.0203820,-0.0031750),(0.0182149,-0.0203360,-0.0031750),(0.0180836,-0.0221389,-0.0031750),(0.0182149,-0.0203360,-0.0031750),(0.0182921,-0.0203207,-0.0031750),(0.0180836,-0.0221389,-0.0031750),(0.0182921,-0.0203207,-0.0031750),(0.0183749,-0.0203360,-0.0031750),(0.0180836,-0.0221389,-0.0031750),(0.0183749,-0.0203360,-0.0031750),(0.0184435,-0.0203820,-0.0031750),(0.0180836,-0.0221389,-0.0031750),(0.0184435,-0.0203820,-0.0031750),(0.0184895,-0.0204503,-0.0031750),(0.0180836,-0.0221389,-0.0031750),(0.0184895,-0.0204503,-0.0031750),(0.0185048,-0.0205323,-0.0031750),(0.0180836,-0.0221389,-0.0031750),(0.0185048,-0.0205323,-0.0031750),(0.0185048,-0.0241592,-0.0031750),(0.0180836,-0.0221389,-0.0031750),(0.0185048,-0.0241592,-0.0031750),(0.0184895,-0.0242407,-0.0031750),(0.0180836,-0.0221389,-0.0031750),(0.0184895,-0.0242407,-0.0031750),(0.0184435,-0.0243095,-0.0031750),(0.0180836,-0.0221389,-0.0031750),(0.0184435,-0.0243095,-0.0031750),(0.0183760,-0.0243571,-0.0031750),(0.0180836,-0.0221389,-0.0031750),(0.0183760,-0.0243571,-0.0031750),(0.0182964,-0.0243730,-0.0031750),(0.0180836,-0.0221389,-0.0031750),(0.0182964,-0.0243730,-0.0031750),(0.0182143,-0.0243566,-0.0031750),(0.0180836,-0.0221389,-0.0031750),(0.0182143,-0.0243566,-0.0031750),(0.0181440,-0.0243074,-0.0031750),(0.0180836,-0.0221389,-0.0031750),(0.0181440,-0.0243074,-0.0031750),(0.0180971,-0.0242428,-0.0031750),(0.0180836,-0.0221389,-0.0031750),(0.0180971,-0.0242428,-0.0031750),(0.0180815,-0.0241592,-0.0031750),(0.0180836,-0.0221389,-0.0031750),(0.0180815,-0.0241592,-0.0031750),(0.0180815,-0.0225601,-0.0031750),(0.0158823,-0.0221389,-0.0031750),(0.0180836,-0.0221389,-0.0031750),(0.0180815,-0.0225601,-0.0031750),(0.0158823,-0.0221389,-0.0031750),(0.0180815,-0.0225601,-0.0031750),(0.0158886,-0.0225601,-0.0031750),(0.0158823,-0.0221389,-0.0031750),(0.0158886,-0.0225601,-0.0031750),(0.0158886,-0.0241592,-0.0031750),(0.0158823,-0.0221389,-0.0031750),(0.0158886,-0.0241592,-0.0031750),(0.0158722,-0.0242407,-0.0031750),(0.0158823,-0.0221389,-0.0031750),(0.0158722,-0.0242407,-0.0031750),(0.0158230,-0.0243095,-0.0031750),(0.0158823,-0.0221389,-0.0031750),(0.0158230,-0.0243095,-0.0031750),(0.0157534,-0.0243571,-0.0031750),(0.0158823,-0.0221389,-0.0031750),(0.0157534,-0.0243571,-0.0031750),(0.0156759,-0.0243730,-0.0031750),(0.0158823,-0.0221389,-0.0031750),(0.0156759,-0.0243730,-0.0031750),(0.0155936,-0.0243571,-0.0031750),(0.0158823,-0.0221389,-0.0031750),(0.0155936,-0.0243571,-0.0031750),(0.0155225,-0.0243095,-0.0031750),(0.0158823,-0.0221389,-0.0031750),(0.0155225,-0.0243095,-0.0031750),(0.0154740,-0.0242407,-0.0031750),(0.0158823,-0.0221389,-0.0031750),(0.0154740,-0.0242407,-0.0031750),(0.0154579,-0.0241592,-0.0031750),(0.0158823,-0.0221389,-0.0031750),(0.0154579,-0.0241592,-0.0031750),(0.0154579,-0.0205323,-0.0031750),(0.0158823,-0.0221389,-0.0031750),(0.0154579,-0.0205323,-0.0031750),(0.0154735,-0.0204503,-0.0031750),(0.0158823,-0.0221389,-0.0031750),(0.0154735,-0.0204503,-0.0031750),(0.0155203,-0.0203820,-0.0031750),(0.0158823,-0.0221389,-0.0031750),(0.0155203,-0.0203820,-0.0031750),(0.0155899,-0.0203360,-0.0031750),(0.0158823,-0.0221389,-0.0031750),(0.0155899,-0.0203360,-0.0031750),(0.0156717,-0.0203207,-0.0031750),(0.0158823,-0.0221389,-0.0031750),(0.0156717,-0.0203207,-0.0031750),(0.0157495,-0.0203357,-0.0031750),(0.0158823,-0.0221389,-0.0031750),(0.0157495,-0.0203357,-0.0031750),(0.0158220,-0.0203810,-0.0031750),(0.0158823,-0.0221389,-0.0031750),(0.0158220,-0.0203810,-0.0031750),(0.0158672,-0.0204458,-0.0031750),(0.0158823,-0.0221389,-0.0031750),(0.0158672,-0.0204458,-0.0031750),(0.0158823,-0.0205323,-0.0031750),(0.0230641,-0.0218510,-0.0031750),(0.0230641,-0.0241592,-0.0031750),(0.0230488,-0.0242407,-0.0031750),(0.0230641,-0.0218510,-0.0031750),(0.0230488,-0.0242407,-0.0031750),(0.0230028,-0.0243095,-0.0031750),(0.0230641,-0.0218510,-0.0031750),(0.0230028,-0.0243095,-0.0031750),(0.0229353,-0.0243571,-0.0031750),(0.0230691,-0.0217385,-0.0031750),(0.0230641,-0.0218510,-0.0031750),(0.0229353,-0.0243571,-0.0031750),(0.0230691,-0.0217385,-0.0031750),(0.0229353,-0.0243571,-0.0031750),(0.0228557,-0.0243730,-0.0031750),(0.0230691,-0.0217385,-0.0031750),(0.0228557,-0.0243730,-0.0031750),(0.0227723,-0.0243566,-0.0031750),(0.0230691,-0.0217385,-0.0031750),(0.0227723,-0.0243566,-0.0031750),(0.0226980,-0.0243074,-0.0031750),(0.0230691,-0.0217385,-0.0031750),(0.0226980,-0.0243074,-0.0031750),(0.0226527,-0.0242428,-0.0031750),(0.0230691,-0.0217385,-0.0031750),(0.0226527,-0.0242428,-0.0031750),(0.0226376,-0.0241592,-0.0031750),(0.0230691,-0.0217385,-0.0031750),(0.0226376,-0.0241592,-0.0031750),(0.0226376,-0.0218510,-0.0031750),(0.0230691,-0.0217385,-0.0031750),(0.0226376,-0.0218510,-0.0031750),(0.0226446,-0.0216959,-0.0031750),(0.0230691,-0.0217385,-0.0031750),(0.0226446,-0.0216959,-0.0031750),(0.0226654,-0.0215465,-0.0031750),(0.0230691,-0.0217385,-0.0031750),(0.0226654,-0.0215465,-0.0031750),(0.0227001,-0.0214029,-0.0031750),(0.0230691,-0.0217385,-0.0031750),(0.0227001,-0.0214029,-0.0031750),(0.0227488,-0.0212650,-0.0031750),(0.0230691,-0.0217385,-0.0031750),(0.0227488,-0.0212650,-0.0031750),(0.0228113,-0.0211327,-0.0031750),(0.0230691,-0.0217385,-0.0031750),(0.0228113,-0.0211327,-0.0031750),(0.0228877,-0.0210063,-0.0031750),(0.0230691,-0.0217385,-0.0031750),(0.0228877,-0.0210063,-0.0031750),(0.0229780,-0.0208855,-0.0031750),(0.0230691,-0.0217385,-0.0031750),(0.0229780,-0.0208855,-0.0031750),(0.0230821,-0.0207704,-0.0031750),(0.0230691,-0.0217385,-0.0031750),(0.0230821,-0.0207704,-0.0031750),(0.0231947,-0.0206650,-0.0031750),(0.0231947,-0.0206650,-0.0031750),(0.0233134,-0.0205737,-0.0031750),(0.0234381,-0.0204964,-0.0031750),(0.0231947,-0.0206650,-0.0031750),(0.0234381,-0.0204964,-0.0031750),(0.0235690,-0.0204331,-0.0031750),(0.0231947,-0.0206650,-0.0031750),(0.0235690,-0.0204331,-0.0031750),(0.0237059,-0.0203839,-0.0031750),(0.0231947,-0.0206650,-0.0031750),(0.0237059,-0.0203839,-0.0031750),(0.0238489,-0.0203488,-0.0031750),(0.0231947,-0.0206650,-0.0031750),(0.0238489,-0.0203488,-0.0031750),(0.0239980,-0.0203277,-0.0031750),(0.0231947,-0.0206650,-0.0031750),(0.0239980,-0.0203277,-0.0031750),(0.0241532,-0.0203207,-0.0031750),(0.0231947,-0.0206650,-0.0031750),(0.0241532,-0.0203207,-0.0031750),(0.0243086,-0.0203277,-0.0031750),(0.0231947,-0.0206650,-0.0031750),(0.0243086,-0.0203277,-0.0031750),(0.0244583,-0.0203488,-0.0031750),(0.0231947,-0.0206650,-0.0031750),(0.0244583,-0.0203488,-0.0031750),(0.0246024,-0.0203839,-0.0031750),(0.0231947,-0.0206650,-0.0031750),(0.0246024,-0.0203839,-0.0031750),(0.0247408,-0.0204331,-0.0031750),(0.0231947,-0.0206650,-0.0031750),(0.0247408,-0.0204331,-0.0031750),(0.0248736,-0.0204964,-0.0031750),(0.0231947,-0.0206650,-0.0031750),(0.0248736,-0.0204964,-0.0031750),(0.0250007,-0.0205737,-0.0031750),(0.0231947,-0.0206650,-0.0031750),(0.0250007,-0.0205737,-0.0031750),(0.0251222,-0.0206650,-0.0031750),(0.0231947,-0.0206650,-0.0031750),(0.0251222,-0.0206650,-0.0031750),(0.0252380,-0.0207704,-0.0031750),(0.0252380,-0.0207704,-0.0031750),(0.0253426,-0.0208842,-0.0031750),(0.0254334,-0.0210041,-0.0031750),(0.0252380,-0.0207704,-0.0031750),(0.0254334,-0.0210041,-0.0031750),(0.0255101,-0.0211302,-0.0031750),(0.0252380,-0.0207704,-0.0031750),(0.0255101,-0.0211302,-0.0031750),(0.0255729,-0.0212626,-0.0031750),(0.0252380,-0.0207704,-0.0031750),(0.0255729,-0.0212626,-0.0031750),(0.0256218,-0.0214011,-0.0031750),(0.0252380,-0.0207704,-0.0031750),(0.0256218,-0.0214011,-0.0031750),(0.0256567,-0.0215459,-0.0031750),(0.0252380,-0.0207704,-0.0031750),(0.0256567,-0.0215459,-0.0031750),(0.0256776,-0.0216970,-0.0031750),(0.0252380,-0.0207704,-0.0031750),(0.0256776,-0.0216970,-0.0031750),(0.0256846,-0.0218542,-0.0031750),(0.0252380,-0.0207704,-0.0031750),(0.0256846,-0.0218542,-0.0031750),(0.0256846,-0.0241592,-0.0031750),(0.0252380,-0.0207704,-0.0031750),(0.0256846,-0.0241592,-0.0031750),(0.0256692,-0.0242407,-0.0031750),(0.0252380,-0.0207704,-0.0031750),(0.0256692,-0.0242407,-0.0031750),(0.0256232,-0.0243095,-0.0031750),(0.0252380,-0.0207704,-0.0031750),(0.0256232,-0.0243095,-0.0031750),(0.0255549,-0.0243571,-0.0031750),(0.0252380,-0.0207704,-0.0031750),(0.0255549,-0.0243571,-0.0031750),(0.0254729,-0.0243730,-0.0031750),(0.0252380,-0.0207704,-0.0031750),(0.0254729,-0.0243730,-0.0031750),(0.0253909,-0.0243571,-0.0031750),(0.0252380,-0.0207704,-0.0031750),(0.0253909,-0.0243571,-0.0031750),(0.0253226,-0.0243095,-0.0031750),(0.0253226,-0.0243095,-0.0031750),(0.0252766,-0.0242407,-0.0031750),(0.0252612,-0.0241592,-0.0031750),(0.0253226,-0.0243095,-0.0031750),(0.0252612,-0.0241592,-0.0031750),(0.0252612,-0.0218542,-0.0031750),(0.0252380,-0.0207704,-0.0031750),(0.0253226,-0.0243095,-0.0031750),(0.0252612,-0.0218542,-0.0031750),(0.0252380,-0.0207704,-0.0031750),(0.0252612,-0.0218542,-0.0031750),(0.0252561,-0.0217422,-0.0031750),(0.0252380,-0.0207704,-0.0031750),(0.0252561,-0.0217422,-0.0031750),(0.0252408,-0.0216342,-0.0031750),(0.0252380,-0.0207704,-0.0031750),(0.0252408,-0.0216342,-0.0031750),(0.0252153,-0.0215302,-0.0031750),(0.0252380,-0.0207704,-0.0031750),(0.0252153,-0.0215302,-0.0031750),(0.0251795,-0.0214303,-0.0031750),(0.0252380,-0.0207704,-0.0031750),(0.0251795,-0.0214303,-0.0031750),(0.0251335,-0.0213344,-0.0031750),(0.0252380,-0.0207704,-0.0031750),(0.0251335,-0.0213344,-0.0031750),(0.0250773,-0.0212426,-0.0031750),(0.0252380,-0.0207704,-0.0031750),(0.0250773,-0.0212426,-0.0031750),(0.0250109,-0.0211548,-0.0031750),(0.0252380,-0.0207704,-0.0031750),(0.0250109,-0.0211548,-0.0031750),(0.0249342,-0.0210710,-0.0031750),(0.0252380,-0.0207704,-0.0031750),(0.0249342,-0.0210710,-0.0031750),(0.0248523,-0.0209946,-0.0031750),(0.0252380,-0.0207704,-0.0031750),(0.0248523,-0.0209946,-0.0031750),(0.0247660,-0.0209284,-0.0031750),(0.0252380,-0.0207704,-0.0031750),(0.0247660,-0.0209284,-0.0031750),(0.0246752,-0.0208724,-0.0031750),(0.0252380,-0.0207704,-0.0031750),(0.0246752,-0.0208724,-0.0031750),(0.0245799,-0.0208265,-0.0031750),(0.0252380,-0.0207704,-0.0031750),(0.0245799,-0.0208265,-0.0031750),(0.0244802,-0.0207909,-0.0031750),(0.0252380,-0.0207704,-0.0031750),(0.0244802,-0.0207909,-0.0031750),(0.0243760,-0.0207654,-0.0031750),(0.0252380,-0.0207704,-0.0031750),(0.0243760,-0.0207654,-0.0031750),(0.0242674,-0.0207501,-0.0031750),(0.0231947,-0.0206650,-0.0031750),(0.0252380,-0.0207704,-0.0031750),(0.0242674,-0.0207501,-0.0031750),(0.0231947,-0.0206650,-0.0031750),(0.0242674,-0.0207501,-0.0031750),(0.0241542,-0.0207450,-0.0031750),(0.0231947,-0.0206650,-0.0031750),(0.0241542,-0.0207450,-0.0031750),(0.0240431,-0.0207501,-0.0031750),(0.0231947,-0.0206650,-0.0031750),(0.0240431,-0.0207501,-0.0031750),(0.0239361,-0.0207653,-0.0031750),(0.0231947,-0.0206650,-0.0031750),(0.0239361,-0.0207653,-0.0031750),(0.0238334,-0.0207906,-0.0031750),(0.0231947,-0.0206650,-0.0031750),(0.0238334,-0.0207906,-0.0031750),(0.0237349,-0.0208260,-0.0031750),(0.0231947,-0.0206650,-0.0031750),(0.0237349,-0.0208260,-0.0031750),(0.0236405,-0.0208716,-0.0031750),(0.0231947,-0.0206650,-0.0031750),(0.0236405,-0.0208716,-0.0031750),(0.0235504,-0.0209272,-0.0031750),(0.0231947,-0.0206650,-0.0031750),(0.0235504,-0.0209272,-0.0031750),(0.0234644,-0.0209930,-0.0031750),(0.0231947,-0.0206650,-0.0031750),(0.0234644,-0.0209930,-0.0031750),(0.0233827,-0.0210689,-0.0031750),(0.0231947,-0.0206650,-0.0031750),(0.0233827,-0.0210689,-0.0031750),(0.0233080,-0.0211520,-0.0031750),(0.0231947,-0.0206650,-0.0031750),(0.0233080,-0.0211520,-0.0031750),(0.0232433,-0.0212392,-0.0031750),(0.0231947,-0.0206650,-0.0031750),(0.0232433,-0.0212392,-0.0031750),(0.0231886,-0.0213307,-0.0031750),(0.0231947,-0.0206650,-0.0031750),(0.0231886,-0.0213307,-0.0031750),(0.0231438,-0.0214263,-0.0031750),(0.0231947,-0.0206650,-0.0031750),(0.0231438,-0.0214263,-0.0031750),(0.0231089,-0.0215262,-0.0031750),(0.0231947,-0.0206650,-0.0031750),(0.0231089,-0.0215262,-0.0031750),(0.0230841,-0.0216303,-0.0031750),(0.0230691,-0.0217385,-0.0031750),(0.0231947,-0.0206650,-0.0031750),(0.0230841,-0.0216303,-0.0031750),(0.0148618,-0.0239997,-0.0031750),(0.0149150,-0.0241592,-0.0031750),(0.0148999,-0.0242391,-0.0031750),(0.0148618,-0.0239997,-0.0031750),(0.0148999,-0.0242391,-0.0031750),(0.0148547,-0.0243074,-0.0031750),(0.0148618,-0.0239997,-0.0031750),(0.0148547,-0.0243074,-0.0031750),(0.0147864,-0.0243566,-0.0031750),(0.0148618,-0.0239997,-0.0031750),(0.0147864,-0.0243566,-0.0031750),(0.0147023,-0.0243730,-0.0031750),(0.0148618,-0.0239997,-0.0031750),(0.0147023,-0.0243730,-0.0031750),(0.0120818,-0.0243730,-0.0031750),(0.0148618,-0.0239997,-0.0031750),(0.0120818,-0.0243730,-0.0031750),(0.0119887,-0.0243526,-0.0031750),(0.0148618,-0.0239997,-0.0031750),(0.0119887,-0.0243526,-0.0031750),(0.0119146,-0.0242915,-0.0031750),(0.0148618,-0.0239997,-0.0031750),(0.0119146,-0.0242915,-0.0031750),(0.0118680,-0.0241592,-0.0031750),(0.0148618,-0.0239997,-0.0031750),(0.0118680,-0.0241592,-0.0031750),(0.0118680,-0.0241434,-0.0031750),(0.0148618,-0.0239997,-0.0031750),(0.0118680,-0.0241434,-0.0031750),(0.0119284,-0.0240142,-0.0031750),(0.0148618,-0.0239997,-0.0031750),(0.0119284,-0.0240142,-0.0031750),(0.0119995,-0.0239634,-0.0031750),(0.0148618,-0.0239997,-0.0031750),(0.0119995,-0.0239634,-0.0031750),(0.0120818,-0.0239465,-0.0031750),(0.0148618,-0.0239997,-0.0031750),(0.0120818,-0.0239465,-0.0031750),(0.0131814,-0.0239465,-0.0031750),(0.0131814,-0.0239465,-0.0031750),(0.0131814,-0.0205323,-0.0031750),(0.0131968,-0.0204503,-0.0031750),(0.0131814,-0.0239465,-0.0031750),(0.0131968,-0.0204503,-0.0031750),(0.0132428,-0.0203820,-0.0031750),(0.0131814,-0.0239465,-0.0031750),(0.0132428,-0.0203820,-0.0031750),(0.0133111,-0.0203360,-0.0031750),(0.0131814,-0.0239465,-0.0031750),(0.0133111,-0.0203360,-0.0031750),(0.0133931,-0.0203207,-0.0031750),(0.0131814,-0.0239465,-0.0031750),(0.0133931,-0.0203207,-0.0031750),(0.0134751,-0.0203360,-0.0031750),(0.0131814,-0.0239465,-0.0031750),(0.0134751,-0.0203360,-0.0031750),(0.0135434,-0.0203820,-0.0031750),(0.0131814,-0.0239465,-0.0031750),(0.0135434,-0.0203820,-0.0031750),(0.0135894,-0.0204503,-0.0031750),(0.0131814,-0.0239465,-0.0031750),(0.0135894,-0.0204503,-0.0031750),(0.0136048,-0.0205323,-0.0031750),(0.0131814,-0.0239465,-0.0031750),(0.0136048,-0.0205323,-0.0031750),(0.0136048,-0.0239465,-0.0031750),(0.0148618,-0.0239997,-0.0031750),(0.0131814,-0.0239465,-0.0031750),(0.0136048,-0.0239465,-0.0031750),(0.0148618,-0.0239997,-0.0031750),(0.0136048,-0.0239465,-0.0031750),(0.0147023,-0.0239465,-0.0031750),(0.0148618,-0.0239997,-0.0031750),(0.0147023,-0.0239465,-0.0031750),(0.0147953,-0.0239598,-0.0031750)));
#3874=COMPLEX_TRIANGULATED_SURFACE_SET('surface set',#3873,2559,(),(),(),((1,2,3),(4,5,6),(7,8,9),(10,11,12),(13,14,15),(16,17,18),(19,20,21),(22,23,24),(25,26,27),(28,29,30),(31,32,33),(34,35,36),(37,38,39),(40,41,42),(43,44,45),(46,47,48),(49,50,51),(52,53,54),(55,56,57),(58,59,60),(61,62,63),(64,65,66),(67,68,69),(70,71,72),(73,74,75),(76,77,78),(79,80,81),(82,83,84),(85,86,87),(88,89,90),(91,92,93),(94,95,96),(97,98,99),(100,101,102),(103,104,105),(106,107,108),(109,110,111),(112,113,114),(115,116,117),(118,119,120),(121,122,123),(124,125,126),(127,128,129),(130,131,132),(133,134,135),(136,137,138),(139,140,141),(142,143,144),(145,146,147),(148,149,150),(151,152,153),(154,155,156),(157,158,159),(160,161,162),(163,164,165),(166,167,168),(169,170,171),(172,173,174),(175,176,177),(178,179,180),(181,182,183),(184,185,186),(187,188,189),(190,191,192),(193,194,195),(196,197,198),(199,200,201),(202,203,204),(205,206,207),(208,209,210),(211,212,213),(214,215,216),(217,218,219),(220,221,222),(223,224,225),(226,227,228),(229,230,231),(232,233,234),(235,236,237),(238,239,240),(241,242,243),(244,245,246),(247,248,249),(250,251,252),(253,254,255),(256,257,258),(259,260,261),(262,263,264),(265,266,267),(268,269,270),(271,272,273),(274,275,276),(277,278,279),(280,281,282),(283,284,285),(286,287,288),(289,290,291),(292,293,294),(295,296,297),(298,299,300),(301,302,303),(304,305,306),(307,308,309),(310,311,312),(313,314,315),(316,317,318),(319,320,321),(322,323,324),(325,326,327),(328,329,330),(331,332,333),(334,335,336),(337,338,339),(340,341,342),(343,344,345),(346,347,348),(349,350,351),(352,353,354),(355,356,357),(358,359,360),(361,362,363),(364,365,366),(367,368,369),(370,371,372),(373,374,375),(376,377,378),(379,380,381),(382,383,384),(385,386,387),(388,389,390),(391,392,393),(394,395,396),(397,398,399),(400,401,402),(403,404,405),(406,407,408),(409,410,411),(412,413,414),(415,416,417),(418,419,420),(421,422,423),(424,425,426),(427,428,429),(430,431,432),(433,434,435),(436,437,438),(439,440,441),(442,443,444),(445,446,447),(448,449,450),(451,452,453),(454,455,456),(457,458,459),(460,461,462),(463,464,465),(466,467,468),(469,470,471),(472,473,474),(475,476,477),(478,479,480),(481,482,483),(484,485,486),(487,488,489),(490,491,492),(493,494,495),(496,497,498),(499,500,501),(502,503,504),(505,506,507),(508,509,510),(511,512,513),(514,515,516),(517,518,519),(520,521,522),(523,524,525),(526,527,528),(529,530,531),(532,533,534),(535,536,537),(538,539,540),(541,542,543),(544,545,546),(547,548,549),(550,551,552),(553,554,555),(556,557,558),(559,560,561),(562,563,564),(565,566,567),(568,569,570),(571,572,573),(574,575,576),(577,578,579),(580,581,582),(583,584,585),(586,587,588),(589,590,591),(592,593,594),(595,596,597),(598,599,600),(601,602,603),(604,605,606),(607,608,609),(610,611,612),(613,614,615),(616,617,618),(619,620,621),(622,623,624),(625,626,627),(628,629,630),(631,632,633),(634,635,636),(637,638,639),(640,641,642),(643,644,645),(646,647,648),(649,650,651),(652,653,654),(655,656,657),(658,659,660),(661,662,663),(664,665,666),(667,668,669),(670,671,672),(673,674,675),(676,677,678),(679,680,681),(682,683,684),(685,686,687),(688,689,690),(691,692,693),(694,695,696),(697,698,699),(700,701,702),(703,704,705),(706,707,708),(709,710,711),(712,713,714),(715,716,717),(718,719,720),(721,722,723),(724,725,726),(727,728,729),(730,731,732),(733,734,735),(736,737,738),(739,740,741),(742,743,744),(745,746,747),(748,749,750),(751,752,753),(754,755,756),(757,758,759),(760,761,762),(763,764,765),(766,767,768),(769,770,771),(772,773,774),(775,776,777),(778,779,780),(781,782,783),(784,785,786),(787,788,789),(790,791,792),(793,794,795),(796,797,798),(799,800,801),(802,803,804),(805,806,807),(808,809,810),(811,812,813),(814,815,816),(817,818,819),(820,821,822),(823,824,825),(826,827,828),(829,830,831),(832,833,834),(835,836,837),(838,839,840),(841,842,843),(844,845,846),(847,848,849),(850,851,852),(853,854,855),(856,857,858),(859,860,861),(862,863,864),(865,866,867),(868,869,870),(871,872,873),(874,875,876),(877,878,879),(880,881,882),(883,884,885),(886,887,888),(889,890,891),(892,893,894),(895,896,897),(898,899,900),(901,902,903),(904,905,906),(907,908,909),(910,911,912),(913,914,915),(916,917,918),(919,920,921),(922,923,924),(925,926,927),(928,929,930),(931,932,933),(934,935,936),(937,938,939),(940,941,942),(943,944,945),(946,947,948),(949,950,951),(952,953,954),(955,956,957),(958,959,960),(961,962,963),(964,965,966),(967,968,969),(970,971,972),(973,974,975),(976,977,978),(979,980,981),(982,983,984),(985,986,987),(988,989,990),(991,992,993),(994,995,996),(997,998,999),(1000,1001,1002),(1003,1004,1005),(1006,1007,1008),(1009,1010,1011),(1012,1013,1014),(1015,1016,1017),(1018,1019,1020),(1021,1022,1023),(1024,1025,1026),(1027,1028,1029),(1030,1031,1032),(1033,1034,1035),(1036,1037,1038),(1039,1040,1041),(1042,1043,1044),(1045,1046,1047),(1048,1049,1050),(1051,1052,1053),(1054,1055,1056),(1057,1058,1059),(1060,1061,1062),(1063,1064,1065),(1066,1067,1068),(1069,1070,1071),(1072,1073,1074),(1075,1076,1077),(1078,1079,1080),(1081,1082,1083),(1084,1085,1086),(1087,1088,1089),(1090,1091,1092),(1093,1094,1095),(1096,1097,1098),(1099,1100,1101),(1102,1103,1104),(1105,1106,1107),(1108,1109,1110),(1111,1112,1113),(1114,1115,1116),(1117,1118,1119),(1120,1121,1122),(1123,1124,1125),(1126,1127,1128),(1129,1130,1131),(1132,1133,1134),(1135,1136,1137),(1138,1139,1140),(1141,1142,1143),(1144,1145,1146),(1147,1148,1149),(1150,1151,1152),(1153,1154,1155),(1156,1157,1158),(1159,1160,1161),(1162,1163,1164),(1165,1166,1167),(1168,1169,1170),(1171,1172,1173),(1174,1175,1176),(1177,1178,1179),(1180,1181,1182),(1183,1184,1185),(1186,1187,1188),(1189,1190,1191),(1192,1193,1194),(1195,1196,1197),(1198,1199,1200),(1201,1202,1203),(1204,1205,1206),(1207,1208,1209),(1210,1211,1212),(1213,1214,1215),(1216,1217,1218),(1219,1220,1221),(1222,1223,1224),(1225,1226,1227),(1228,1229,1230),(1231,1232,1233),(1234,1235,1236),(1237,1238,1239),(1240,1241,1242),(1243,1244,1245),(1246,1247,1248),(1249,1250,1251),(1252,1253,1254),(1255,1256,1257),(1258,1259,1260),(1261,1262,1263),(1264,1265,1266),(1267,1268,1269),(1270,1271,1272),(1273,1274,1275),(1276,1277,1278),(1279,1280,1281),(1282,1283,1284),(1285,1286,1287),(1288,1289,1290),(1291,1292,1293),(1294,1295,1296),(1297,1298,1299),(1300,1301,1302),(1303,1304,1305),(1306,1307,1308),(1309,1310,1311),(1312,1313,1314),(1315,1316,1317),(1318,1319,1320),(1321,1322,1323),(1324,1325,1326),(1327,1328,1329),(1330,1331,1332),(1333,1334,1335),(1336,1337,1338),(1339,1340,1341),(1342,1343,1344),(1345,1346,1347),(1348,1349,1350),(1351,1352,1353),(1354,1355,1356),(1357,1358,1359),(1360,1361,1362),(1363,1364,1365),(1366,1367,1368),(1369,1370,1371),(1372,1373,1374),(1375,1376,1377),(1378,1379,1380),(1381,1382,1383),(1384,1385,1386),(1387,1388,1389),(1390,1391,1392),(1393,1394,1395),(1396,1397,1398),(1399,1400,1401),(1402,1403,1404),(1405,1406,1407),(1408,1409,1410),(1411,1412,1413),(1414,1415,1416),(1417,1418,1419),(1420,1421,1422),(1423,1424,1425),(1426,1427,1428),(1429,1430,1431),(1432,1433,1434),(1435,1436,1437),(1438,1439,1440),(1441,1442,1443),(1444,1445,1446),(1447,1448,1449),(1450,1451,1452),(1453,1454,1455),(1456,1457,1458),(1459,1460,1461),(1462,1463,1464),(1465,1466,1467),(1468,1469,1470),(1471,1472,1473),(1474,1475,1476),(1477,1478,1479),(1480,1481,1482),(1483,1484,1485),(1486,1487,1488),(1489,1490,1491),(1492,1493,1494),(1495,1496,1497),(1498,1499,1500),(1501,1502,1503),(1504,1505,1506),(1507,1508,1509),(1510,1511,1512),(1513,1514,1515),(1516,1517,1518),(1519,1520,1521),(1522,1523,1524),(1525,1526,1527),(1528,1529,1530),(1531,1532,1533),(1534,1535,1536),(1537,1538,1539),(1540,1541,1542),(1543,1544,1545),(1546,1547,1548),(1549,1550,1551),(1552,1553,1554),(1555,1556,1557),(1558,1559,1560),(1561,1562,1563),(1564,1565,1566),(1567,1568,1569),(1570,1571,1572),(1573,1574,1575),(1576,1577,1578),(1579,1580,1581),(1582,1583,1584),(1585,1586,1587),(1588,1589,1590),(1591,1592,1593),(1594,1595,1596),(1597,1598,1599),(1600,1601,1602),(1603,1604,1605),(1606,1607,1608),(1609,1610,1611),(1612,1613,1614),(1615,1616,1617),(1618,1619,1620),(1621,1622,1623),(1624,1625,1626),(1627,1628,1629),(1630,1631,1632),(1633,1634,1635),(1636,1637,1638),(1639,1640,1641),(1642,1643,1644),(1645,1646,1647),(1648,1649,1650),(1651,1652,1653),(1654,1655,1656),(1657,1658,1659),(1660,1661,1662),(1663,1664,1665),(1666,1667,1668),(1669,1670,1671),(1672,1673,1674),(1675,1676,1677),(1678,1679,1680),(1681,1682,1683),(1684,1685,1686),(1687,1688,1689),(1690,1691,1692),(1693,1694,1695),(1696,1697,1698),(1699,1700,1701),(1702,1703,1704),(1705,1706,1707),(1708,1709,1710),(1711,1712,1713),(1714,1715,1716),(1717,1718,1719),(1720,1721,1722),(1723,1724,1725),(1726,1727,1728),(1729,1730,1731),(1732,1733,1734),(1735,1736,1737),(1738,1739,1740),(1741,1742,1743),(1744,1745,1746),(1747,1748,1749),(1750,1751,1752),(1753,1754,1755),(1756,1757,1758),(1759,1760,1761),(1762,1763,1764),(1765,1766,1767),(1768,1769,1770),(1771,1772,1773),(1774,1775,1776),(1777,1778,1779),(1780,1781,1782),(1783,1784,1785),(1786,1787,1788),(1789,1790,1791),(1792,1793,1794),(1795,1796,1797),(1798,1799,1800),(1801,1802,1803),(1804,1805,1806),(1807,1808,1809),(1810,1811,1812),(1813,1814,1815),(1816,1817,1818),(1819,1820,1821),(1822,1823,1824),(1825,1826,1827),(1828,1829,1830),(1831,1832,1833),(1834,1835,1836),(1837,1838,1839),(1840,1841,1842),(1843,1844,1845),(1846,1847,1848),(1849,1850,1851),(1852,1853,1854),(1855,1856,1857),(1858,1859,1860),(1861,1862,1863),(1864,1865,1866),(1867,1868,1869),(1870,1871,1872),(1873,1874,1875),(1876,1877,1878),(1879,1880,1881),(1882,1883,1884),(1885,1886,1887),(1888,1889,1890),(1891,1892,1893),(1894,1895,1896),(1897,1898,1899),(1900,1901,1902),(1903,1904,1905),(1906,1907,1908),(1909,1910,1911),(1912,1913,1914),(1915,1916,1917),(1918,1919,1920),(1921,1922,1923),(1924,1925,1926),(1927,1928,1929),(1930,1931,1932),(1933,1934,1935),(1936,1937,1938),(1939,1940,1941),(1942,1943,1944),(1945,1946,1947),(1948,1949,1950),(1951,1952,1953),(1954,1955,1956),(1957,1958,1959),(1960,1961,1962),(1963,1964,1965),(1966,1967,1968),(1969,1970,1971),(1972,1973,1974),(1975,1976,1977),(1978,1979,1980),(1981,1982,1983),(1984,1985,1986),(1987,1988,1989),(1990,1991,1992),(1993,1994,1995),(1996,1997,1998),(1999,2000,2001),(2002,2003,2004),(2005,2006,2007),(2008,2009,2010),(2011,2012,2013),(2014,2015,2016),(2017,2018,2019),(2020,2021,2022),(2023,2024,2025),(2026,2027,2028),(2029,2030,2031),(2032,2033,2034),(2035,2036,2037),(2038,2039,2040),(2041,2042,2043),(2044,2045,2046),(2047,2048,2049),(2050,2051,2052),(2053,2054,2055),(2056,2057,2058),(2059,2060,2061),(2062,2063,2064),(2065,2066,2067),(2068,2069,2070),(2071,2072,2073),(2074,2075,2076),(2077,2078,2079),(2080,2081,2082),(2083,2084,2085),(2086,2087,2088),(2089,2090,2091),(2092,2093,2094),(2095,2096,2097),(2098,2099,2100),(2101,2102,2103),(2104,2105,2106),(2107,2108,2109),(2110,2111,2112),(2113,2114,2115),(2116,2117,2118),(2119,2120,2121),(2122,2123,2124),(2125,2126,2127),(2128,2129,2130),(2131,2132,2133),(2134,2135,2136),(2137,2138,2139),(2140,2141,2142),(2143,2144,2145),(2146,2147,2148),(2149,2150,2151),(2152,2153,2154),(2155,2156,2157),(2158,2159,2160),(2161,2162,2163),(2164,2165,2166),(2167,2168,2169),(2170,2171,2172),(2173,2174,2175),(2176,2177,2178),(2179,2180,2181),(2182,2183,2184),(2185,2186,2187),(2188,2189,2190),(2191,2192,2193),(2194,2195,2196),(2197,2198,2199),(2200,2201,2202),(2203,2204,2205),(2206,2207,2208),(2209,2210,2211),(2212,2213,2214),(2215,2216,2217),(2218,2219,2220),(2221,2222,2223),(2224,2225,2226),(2227,2228,2229),(2230,2231,2232),(2233,2234,2235),(2236,2237,2238),(2239,2240,2241),(2242,2243,2244),(2245,2246,2247),(2248,2249,2250),(2251,2252,2253),(2254,2255,2256),(2257,2258,2259),(2260,2261,2262),(2263,2264,2265),(2266,2267,2268),(2269,2270,2271),(2272,2273,2274),(2275,2276,2277),(2278,2279,2280),(2281,2282,2283),(2284,2285,2286),(2287,2288,2289),(2290,2291,2292),(2293,2294,2295),(2296,2297,2298),(2299,2300,2301),(2302,2303,2304),(2305,2306,2307),(2308,2309,2310),(2311,2312,2313),(2314,2315,2316),(2317,2318,2319),(2320,2321,2322),(2323,2324,2325),(2326,2327,2328),(2329,2330,2331),(2332,2333,2334),(2335,2336,2337),(2338,2339,2340),(2341,2342,2343),(2344,2345,2346),(2347,2348,2349),(2350,2351,2352),(2353,2354,2355),(2356,2357,2358),(2359,2360,2361),(2362,2363,2364),(2365,2366,2367),(2368,2369,2370),(2371,2372,2373),(2374,2375,2376),(2377,2378,2379),(2380,2381,2382),(2383,2384,2385),(2386,2387,2388),(2389,2390,2391),(2392,2393,2394),(2395,2396,2397),(2398,2399,2400),(2401,2402,2403),(2404,2405,2406),(2407,2408,2409),(2410,2411,2412),(2413,2414,2415),(2416,2417,2418),(2419,2420,2421),(2422,2423,2424),(2425,2426,2427),(2428,2429,2430),(2431,2432,2433),(2434,2435,2436),(2437,2438,2439),(2440,2441,2442),(2443,2444,2445),(2446,2447,2448),(2449,2450,2451),(2452,2453,2454),(2455,2456,2457),(2458,2459,2460),(2461,2462,2463),(2464,2465,2466),(2467,2468,2469),(2470,2471,2472),(2473,2474,2475),(2476,2477,2478),(2479,2480,2481),(2482,2483,2484),(2485,2486,2487),(2488,2489,2490),(2491,2492,2493),(2494,2495,2496),(2497,2498,2499),(2500,2501,2502),(2503,2504,2505),(2506,2507,2508),(2509,2510,2511),(2512,2513,2514),(2515,2516,2517),(2518,2519,2520),(2521,2522,2523),(2524,2525,2526),(2527,2528,2529),(2530,2531,2532),(2533,2534,2535),(2536,2537,2538),(2539,2540,2541),(2542,2543,2544),(2545,2546,2547),(2548,2549,2550),(2551,2552,2553),(2554,2555,2556),(2557,2558,2559)));
#3875=TESSELLATED_GEOMETRIC_SET('hole callout',(#3874));
#3876=COORDINATES_LIST('coordinates',5,((-0.0051565,-0.0177835,-0.0031750),(0.0256846,-0.0177835,-0.0031750),(-0.0132426,-0.0146974,-0.0031750),(-0.0101565,-0.0177835,-0.0031750),(-0.0051565,-0.0177835,-0.0031750)));
#3877=TESSELLATED_CURVE_SET('curve set',#3876,((1,2),(3,4,5)));
#3878=TESSELLATED_GEOMETRIC_SET('hole callout',(#3877));
#3879=TESSELLATED_ANNOTATION_OCCURRENCE('hole callout',(#3872),#3875);
#3880=TESSELLATED_ANNOTATION_OCCURRENCE('hole callout',(#3872),#3878);
#3881=DRAUGHTING_CALLOUT('hole callout',(#3879,#3880));
#3882=DRAUGHTING_MODEL_ITEM_ASSOCIATION('','',#3838,#3868,#3881);
#3883=DRAUGHTING_MODEL_ITEM_ASSOCIATION('','',#3825,#3868,#3881);
ENDSEC;
END-ISO-10303-21;
